dup_group,group_size,row_index,Catalog,FIRST_ID,RA,Dec,z,Flux_FIRST_1400MHz,Host_name
1,2,51,Lao,J001522.6+000922,3.84514,0.15604,0.44015,82.3,WISEA J001522.83+000921.7
1,2,2,Mirabest,J001522.8+000922,3.84517,0.15609,0.4401,15.2,
2,2,5,Lao,J000115.3-082639,0.31298,-8.44618,0.32871,154.89,SDSS J000115.11-082646.2
2,2,4,Sasmal,J000115.1-082646,0.3129583333,-8.446166667,0.33,156.0,
3,2,634,Lao,J005701.8-005236,14.25861,-0.87518,0.04416,101.81,UGC 00588
3,2,15,Mirabest,J005702.1-005231,14.25857,-0.87518,0.0442,32.3,
4,2,820,Lao,J010455.6+000434,16.23559,0.07312,0.27966,82.45,WISEA J010456.54+000423.2
4,2,17,Mirabest,J010456.6+000423,16.23564,0.0731,0.2797,6.0,
5,2,877,Lao,J011425.6+002942,18.60669,0.49247,0.35461,93.1,WISEA J011425.60+002932.8
5,2,21,Mirabest,J011425.6+002933,18.60663,0.49241,0.3546,4.9,
6,2,925,Lao,J013134.8+003328,22.88716,0.55598,0.07926,539.26,DESI J013132.92+003321.5
6,2,26,Mirabest,J013132.9+003321,22.887171,0.55597,0.0792,126.4,
7,2,931,Lao,J013246.8+011602,23.19652,1.26271,0.1256,254.43,WISEA J013247.16+011545.7
7,2,29,Mirabest,J013247.2+011546,23.19653,1.26271,0.1256,1.6,
8,2,1075,Lao,J023026.6+010848,37.61692,1.14716,0.2673,141.02,WISEA J023028.06+010849.7
8,2,40,Mirabest,J023028.1+010850,37.616908,1.14716,0.2673,2.0,
9,2,1099,Lao,J024558.3-064844,41.49392,-6.81688,0.13857,119.17,WISEA J024558.53-064900.7
9,2,41,Mirabest,J024558.5-064901,41.493932,-6.81686,0.1386,5.3,
10,2,48,Lao,J001248.7-060652,3.2027,-6.11754,0.202,66.27,WISEA J001248.64-060703.1
10,2,47,Sasmal,J001248.6-060703,3.202583333,-6.117527778,0.2,66.0,
11,2,71,Lao,J002346.8+071759,5.94192,7.29874,0.25119,74.44,WISEA J002346.06+071755.4
11,2,70,Sasmal,J002346.0+071755,5.941916667,7.29875,0.25,74.0,
12,2,80,Lao,J002719.3+022433,6.82955,2.40798,0.1583,132.31,WISEA J002719.09+022428.7
12,2,79,Sasmal,J002719.1+022428,6.829625,2.408027778,0.13,133.0,
13,2,1354,Lao,J073658.1+432856,114.24206,43.48393,0.2731,85.74,WISEA J073658.09+432902.1
13,2,93,Mirabest,J073658.1+432902,114.242081,43.4839,0.2731,4.4,
14,2,1438,Lao,J075240.5+455636,118.18418,45.9493,0.05174,622.43,DESI J075244.21+455657.4
14,2,97,Mirabest,J075244.2+455657,118.184159,45.94927,0.0517,50.1,
15,2,1447,Lao,J075347.2+230206,118.44817,23.03195,0.50159,61.03,WISEA J075347.56+230155.0
15,2,99,Mirabest,J075347.6+230155,118.44822,23.03191,0.5016,3.4,
16,2,1451,Lao,J075506.2+262105,118.77781,26.35444,0.1228,46.7,WISEA J075506.67+262115.9
16,2,101,Mirabest,J075506.7+262116,118.777809,26.35443,0.1228,3.2,
17,2,1508,Lao,J080601.5+190606,121.50642,19.10406,0.09788,178.62,WISEA J080601.54+190614.6
17,2,115,Mirabest,J080601.5+190615,121.506316,19.10409,0.0979,113.3,
18,2,1535,Lao,J081139.0+401452,122.91874,40.24925,0.12183,66.64,WISEA J081140.49+401457.3
18,2,119,Mirabest,J081140.5+401457,122.918739,40.24926,0.1218,4.3,
19,2,1540,Lao,J081243.9+250247,123.1824,25.0465,0.24102,55.39,WISEA J081243.77+250247.3
19,2,121,Mirabest,J081243.8+250247,123.182373,25.04646,0.241,13.9,
20,2,123,Mirabest,J081300.1+434749,123.25055,43.7969,0.1281,86.2,
20,2,1542,Sasmal,J081300.1+434748,123.2504583,43.79683333,0.13,337.0,
21,2,1574,Lao,J081653.9+391117,124.22395,39.18784,0.46538,79.57,DESI J081653.74+391116.1
21,2,129,Mirabest,J081653.7+391116,124.223907,39.18779,0.4654,0.7,
22,2,1591,Lao,J081805.3+543733,124.51617,54.61902,0.11743,516.72,DESI J081803.86+543708.4
22,2,130,Mirabest,J081803.9+543709,124.51612,54.61903,0.1174,12.6,
23,2,1636,Lao,J082247.7+041757,125.69849,4.29722,0.09541,170.29,WISEA J082247.63+041750.0
23,2,135,Mirabest,J082247.6+041750,125.698479,4.29722,0.0954,2.4,
24,2,1643,Lao,J082400.9+153454,126.00117,15.57964,0.09306,295.45,SDSS J082400.28+153446.7
24,2,137,Mirabest,J082400.3+153447,126.001167,15.57964,0.093,42.2,
25,3,1655,Lao,J082608.2+035856,126.53553,3.98439,0.20131,59.63,WISEA J082608.52+035903.7
25,3,143,Mirabest,J082608.5+035904,126.535468,3.98433,0.2013,3.1,
25,3,1656,Sasmal,J082608.5+035903,126.5354583,3.984333333,0.2,57.0,
26,2,1667,Lao,J082717.9+463533,126.82636,46.58638,0.12487,101.15,WISEA J082718.32+463510.9
26,2,145,Mirabest,J082718.3+463511,126.826302,46.58636,0.1249,11.2,
27,2,1678,Lao,J082834.7+322829,127.14655,32.47377,0.27974,46.45,WISEA J082835.17+322825.5
27,2,147,Mirabest,J082835.2+322825,127.146667,32.47367,0.2797,2.4,
28,2,1706,Lao,J083106.8+391404,127.78202,39.23893,0.2066,74.36,WISEA J083107.68+391420.1
28,2,150,Mirabest,J083107.7+391421,127.782044,39.23904,0.2066,2.2,
29,2,1717,Lao,J083231.4+351719,128.13001,35.28709,0.26881,84.68,SDSS J083231.19+351713.5
29,2,155,Mirabest,J083231.2+351714,128.130004,35.28709,0.2688,6.0,
30,2,1764,Lao,J083841.5+044414,129.67253,4.73584,0.45537,48.79,SDSS J083841.40+044409.0
30,2,165,Mirabest,J083841.4+044409,129.672531,4.73584,0.4554,7.7,
31,2,1765,Lao,J083844.5+325307,129.68588,32.88663,0.21275,119.65,SDSS J083844.61+325311.8
31,2,166,Mirabest,J083844.6+325312,129.685882,32.88662,0.2128,11.4,
32,2,1778,Lao,J084001.0+294848,130.00982,29.81739,0.06484,720.51,CGCG 150-014
32,2,169,Mirabest,J084002.4+294903,130.009857,29.8174,0.0648,75.0,
33,2,1899,Lao,J085242.5+154416,133.17724,15.73515,0.09988,70.76,WISEA J085242.53+154406.5
33,2,184,Mirabest,J085242.5+154407,133.177246,15.73515,0.09988,26.9,
34,2,1982,Lao,J090118.6+400645,135.32727,40.11377,0.09617,58.39,SDSS J090118.54+400649.5
34,2,191,Mirabest,J090118.5+400650,135.32727,40.11377,0.0962,11.8,
35,2,2003,Lao,J090235.0+204412,135.64543,20.73832,0.08343,135.1,WISEA J090234.90+204417.9
35,2,194,Mirabest,J090234.9+204418,135.645432,20.73831,0.0834,11.3,
36,2,2049,Lao,J090835.7+483916,137.15195,48.65509,0.11675,101.05,WISEA J090836.46+483918.3
36,2,202,Mirabest,J090836.5+483918,137.151947,48.65507,0.1168,13.4,
37,2,2061,Lao,J091011.6+013915,137.54822,1.65107,0.2842,118.75,WISEA J091011.57+013903.8
37,2,204,Mirabest,J091011.6+013904,137.548126,1.65105,0.2842,2.3,
38,2,2114,Lao,J091507.2+362228,138.78203,36.37565,0.19125,70.62,WISEA J091507.68+362232.3
38,2,211,Mirabest,J091507.7+362232,138.782013,36.37565,0.1912,22.8,
39,3,2132,Lao,J091648.0+381811,139.199,38.30165,0.07106,332.91,DESI J091647.76+381805.8
39,3,212,Mirabest,J091647.8+381806,139.198974,38.30163,0.0711,104.4,
39,3,2131,Sasmal,J091648.0+381806,139.2001667,38.30172222,,336.0,
40,2,2198,Lao,J092538.9+362740,141.4128,36.45156,0.11212,737.56,DESI J092539.07+362705.6
40,2,219,Mirabest,J092539.1+362706,141.41275,36.45155,0.1121,5.8,
41,2,2205,Lao,J092615.1+165114,141.56336,16.85353,0.21196,77.7,WISEA J092615.20+165112.7
41,2,221,Mirabest,J092615.2+165113,141.56337,16.85353,0.212,20.7,
42,2,2256,Lao,J093308.2+051450,143.28248,5.24408,0.42134,78.6,WISEA J093307.79+051438.6
42,2,228,Mirabest,J093307.8+051439,143.282517,5.24404,0.4213,4.8,
43,2,2385,Lao,J094818.7+561908,147.07657,56.31646,0.13892,134.54,2MASX J09481838+5618589
43,2,244,Mirabest,J094818.4+561859,147.076584,56.31644,0.1389,19.2,
44,2,2394,Lao,J094942.7-005026,147.42827,-0.84006,0.08097,180.61,WISEA J094942.78-005024.2
44,2,245,Mirabest,J094942.8-005024,147.428283,-0.84008,0.081,11.5,
45,2,2425,Lao,J095351.6+221537,148.46413,22.25882,0.26421,89.01,WISEA J095351.39+221531.7
45,2,249,Mirabest,J095351.4+221532,148.464051,22.25892,0.2642,18.7,
46,2,2440,Lao,J095539.1+013526,148.91459,1.59681,0.09874,162.71,WISEA J095539.50+013548.5
46,2,251,Mirabest,J095539.5+013548,148.914474,1.59678,0.0986,33.1,
47,2,2447,Lao,J095641.9+183540,149.17376,18.59656,0.16577,68.28,2MASX J09564172+1835470
47,2,253,Mirabest,J095641.7+183548,149.173797,18.59654,0.1658,1.8,
48,2,2465,Lao,J095838.9+264141,149.66411,26.69456,0.48434,79.66,SDSS J095839.38+264140.4
48,2,258,Mirabest,J095839.4+264140,149.664108,26.69457,0.4843,1.6,
49,2,2493,Lao,J100140.2+135903,150.41771,13.98583,0.38736,74.66,WISEA J100140.24+135909.0
49,2,260,Mirabest,J100140.3+135909,150.41778,13.98585,0.3874,1.7,
50,2,2503,Lao,J100322.5+101651,150.8422,10.28078,0.16186,64.25,WISEA J100322.12+101650.8
50,2,262,Mirabest,J100322.1+101651,150.84222,10.28089,0.1619,20.6,
51,2,2536,Lao,J100813.8+121231,152.05999,12.20724,0.16346,59.31,WISEA J100814.39+121226.0
51,2,269,Mirabest,J100814.4+121226,152.059965,12.2072,0.1635,1.5,
52,2,2548,Lao,J100935.2+182620,152.39892,18.43384,0.11648,161.47,WISEA J100935.73+182601.8
52,2,271,Mirabest,J100935.7+182602,152.39877,18.43376,0.1165,58.7,
53,2,2568,Lao,J101206.4+084146,153.02669,8.69265,0.09844,208.02,WISEA J101206.40+084133.5
53,2,274,Mirabest,J101206.4+084133,153.026655,8.69253,0.0984,34.3,
54,2,2575,Lao,J101417.8+342636,153.56994,34.44022,0.15702,35.79,SDSS J101416.78+342624.7
54,2,277,Mirabest,J101416.8+342625,153.56994,34.44022,0.157,5.8,
55,2,2647,Lao,J102238.2+383449,155.65595,38.57916,0.05175,116.3,NGC 3219
55,2,286,Mirabest,J102237.4+383445,155.65587,38.57916,0.0518,18.3,
56,2,292,Lao,J004150.7-092547,10.45903,-9.42986,0.05779,116.74,GIN 009
56,2,291,Sasmal,J004149.9-092548,10.458125,-9.430166667,,35.0,
57,3,293,Lao,J004151.4+002833,10.46734,0.47637,0.15199,93.56,WISEA J004152.16+002834.9
57,3,6339,Mirabest,,10.467379,0.47639,0.152,,
57,3,294,Sasmal,J004152.1+002834,10.46733333,0.4763611111,0.15,94.0,
58,2,2698,Lao,J102857.5+030734,157.24594,3.12435,0.07256,127.84,WISEA J102859.02+030727.6
58,2,295,Mirabest,J102859.0+030728,157.245975,3.12434,0.07256,13.8,
59,2,2706,Lao,J102945.4+252327,157.4374,25.38634,0.2368,245.23,WISEA J102944.97+252310.8
59,2,297,Mirabest,J102945.0+252311,157.437375,25.38633,0.2368,7.6,
60,2,2757,Lao,J103502.7+425538,158.76097,42.93007,0.13602,100.08,WISEA J103502.63+425548.2
60,2,307,Mirabest,J103502.6+425548,158.760915,42.9301,0.136,3.7,
61,2,2767,Lao,J103637.5+383457,159.15108,38.58563,0.14489,155.1,DESI J103636.25+383508.2
61,2,311,Mirabest,J103636.2+383508,159.15102,38.58561,0.1449,20.6,
62,2,2810,Lao,J104113.6+564837,160.30481,56.80873,0.1854,52.59,WISEA J104113.15+564831.4
62,2,316,Mirabest,J104113.1+564831,160.304775,56.80872,0.1854,9.9,
63,2,2834,Lao,J104416.3+524045,161.06794,52.68211,0.18684,57.26,WISEA J104416.30+524055.6
63,2,320,Mirabest,J104416.3+524056,161.06802,52.68209,0.1868,2.4,
64,2,2851,Lao,J104645.7+314422,161.69111,31.74079,0.11386,134.95,SDSS J104645.86+314426.8
64,2,323,Mirabest,J104645.9+314427,161.69112,31.7408,0.1139,30.3,
65,2,2865,Lao,J104742.6+434706,161.92842,43.78133,0.08582,127.36,DESI J104742.83+434652.7
65,2,324,Mirabest,J104742.8+434653,161.928465,43.78131,0.0858,13.3,
66,2,2879,Lao,J104914.4+005957,162.30867,0.99595,0.10648,104.75,WISEA J104914.08+005945.4
66,2,326,Mirabest,J104914.1+005945,162.308715,0.99589,0.1065,3.1,
67,2,333,Lao,J004326.7-105413,10.86172,-10.90608,0.12732,88.69,WISEA J004326.81-105421.9
67,2,6439,Mirabest,,10.861721,-10.90606,0.1275,,
68,2,2922,Lao,J105545.0+452402,163.93744,45.40043,0.0636,154.72,DESI J105544.98+452401.5
68,2,343,Mirabest,J105545.0+452402,163.9374,45.40042,0.0636,34.9,
69,2,2929,Lao,J105626.3+164432,164.10325,16.74148,0.09456,181.89,WISEA J105624.78+164429.3
69,2,344,Mirabest,J105624.8+164429,164.103225,16.74149,0.0946,26.4,
70,2,2941,Lao,J105720.2+301233,164.33514,30.20843,0.2453,79.67,SDSS J105720.44+301230.4
70,2,348,Mirabest,J105720.4+301230,164.335155,30.20844,0.2453,30.0,
71,2,2969,Lao,J110215.9+290725,165.5653,29.1237,0.10598,164.51,2MASS J11021567+2907253
71,2,357,Mirabest,J110215.7+290725,165.565335,29.12368,0.1059,24.5,
72,2,3026,Lao,J110922.3+235512,167.34195,23.91861,0.18694,132.21,2MASX J11092205+2355065
72,2,368,Mirabest,J110922.1+235507,167.34195,23.91861,0.1869,18.6,
73,2,3044,Lao,J111205.0+373537,168.02101,37.59185,0.21368,65.66,WISEA J111205.04+373530.6
73,2,371,Mirabest,J111205.1+373531,168.02106,37.59185,0.2137,9.5,
74,2,3097,Lao,J111934.4+631727,169.88818,63.28792,0.15334,113.72,WISEA J111933.16+631716.5
74,2,379,Mirabest,J111933.2+631717,169.888215,63.28793,0.1533,15.5,
75,2,3112,Lao,J112303.7+434801,170.7653,43.79865,0.19411,81.87,WISEA J112303.67+434755.1
75,2,381,Mirabest,J112303.7+434755,170.76531,43.79869,0.1941,14.5,
76,2,3124,Lao,J112501.5+091002,171.25894,9.16758,0.26388,97.99,SDSS J112502.14+091003.2
76,2,382,Mirabest,J112502.1+091003,171.258915,9.16757,0.2639,3.1,
77,2,3161,Lao,J112923.6+210123,172.35054,21.02049,0.10765,285.86,WISEA J112924.12+210113.7
77,2,391,Mirabest,J112924.1+210114,172.35057,21.02052,0.1076,37.0,
78,2,3171,Lao,J113043.9+345449,172.68311,34.91322,0.1985,50.35,DESI J113043.95+345447.6
78,2,392,Mirabest,J113043.9+345448,172.683105,34.91322,0.2047,4.1,
79,2,3195,Lao,J113226.2+234518,173.10903,23.75376,0.15014,91.54,SDSS J113226.16+234513.5
79,2,400,Mirabest,J113226.2+234514,173.10903,23.75376,0.1501,25.3,
80,2,3200,Lao,J113249.7+244858,173.20893,24.81591,0.30119,59.84,WISEA J113250.14+244857.2
80,2,401,Mirabest,J113250.1+244857,173.208885,24.81592,0.3012,11.3,
81,3,3208,Lao,J113355.8+490400,173.49674,49.06206,0.03165,871.93,IC 0708
81,3,403,Mirabest,J113359.2+490343,173.49681,49.06205,0.0316,166.7,
81,3,3210,Sasmal,J113359.3+490345,173.49725,49.06263889,,427.0,
82,2,404,Mirabest,J113850.2+203918,174.709365,20.65511,0.1806,24.4,
82,2,3247,Sasmal,J113850.2+203918,174.709375,20.65511111,0.18,67.0,
83,2,3261,Lao,J114018.8+535028,175.0843,53.84143,0.14799,126.78,WISEA J114020.23+535029.1
83,2,408,Mirabest,J114020.2+535029,175.08426,53.84145,0.148,19.2,
84,2,3262,Lao,J114034.3+440544,175.14324,44.09678,0.38366,110.21,DESI J114034.40+440548.0
84,2,410,Mirabest,J114034.4+440548,175.14336,44.0967,0.3837,1.8,
85,2,3267,Lao,J114127.3+080218,175.35831,8.03784,0.22821,138.23,WISEA J114125.99+080216.2
85,2,411,Mirabest,J114126.0+080217,175.35825,8.03792,0.2282,11.6,
86,2,3291,Lao,J114404.2+440025,176.01618,44.0061,0.29905,49.96,WISEA J114403.88+440021.9
86,2,416,Mirabest,J114403.9+440022,176.016165,44.0061,0.2991,6.4,
87,2,3328,Lao,J114810.4+215326,177.04437,21.88666,0.17427,96.64,WISEA J114810.64+215311.9
87,2,427,Mirabest,J114810.6+215312,177.04437,21.88669,0.1743,15.6,
88,2,3345,Lao,J114948.3+435417,177.45045,43.90348,0.07091,65.89,2MASS J11494810+4354125
88,2,430,Mirabest,J114948.1+435413,177.450465,43.9035,0.0709,2.2,
89,2,3354,Lao,J115125.7+545008,177.85699,54.8353,0.1433,62.49,WISEA J115125.67+545007.0
89,2,435,Mirabest,J115125.7+545007,177.856965,54.83526,0.1433,6.7,
90,2,3469,Lao,J120312.4+145157,180.80076,14.86487,0.20056,79.08,WISEA J120312.18+145153.5
90,2,447,Mirabest,J120312.2+145153,180.800715,14.86486,0.2006,19.1,
91,2,3509,Lao,J120813.1+440345,182.05731,44.06192,0.34048,83.97,WISEA J120813.75+440342.9
91,2,454,Mirabest,J120813.7+440343,182.057265,44.06194,0.3405,1.4,
92,2,3537,Lao,J121104.5+154653,182.76711,15.78203,0.26829,41.54,WISEA J121104.10+154655.2
92,2,459,Mirabest,J121104.1+154655,182.76711,15.78204,0.2683,3.6,
93,2,3565,Lao,J121440.0+052755,183.66475,5.46775,0.0778,65.13,WISEA J121439.54+052803.9
93,2,462,Mirabest,J121439.5+052804,183.66474,5.46776,0.0778,20.7,
94,2,3571,Lao,J121544.1+170921,183.93261,17.15481,0.09517,487.82,WISEA J121543.82+170917.3
94,2,463,Mirabest,J121543.8+170918,183.93261,17.15491,0.09517,117.2,
95,2,3579,Lao,J121620.1+155417,184.08318,15.90493,0.09303,80.98,WISEA J121619.96+155417.7
95,2,464,Mirabest,J121620.0+155418,184.083165,15.90493,0.09303,68.0,
96,2,3654,Lao,J122413.4+160601,186.05582,16.10025,0.23369,98.15,WISEA J122413.39+160600.8
96,2,475,Mirabest,J122413.4+160601,186.0558,16.1002,0.2338,4.2,
97,2,3688,Lao,J122822.1+264347,187.0927,26.72894,0.19567,41.5,WISEA J122822.24+264344.1
97,2,483,Mirabest,J122822.3+264344,187.0929,26.72893,0.1957,4.5,
98,2,3689,Lao,J122849.6+215648,187.2068,21.94671,0.20021,84.59,DESI J122849.63+215648.2
98,2,485,Mirabest,J122849.6+215648,187.20684,21.9467,0.1804,7.2,
99,2,3724,Lao,J123423.2+575321,188.60148,57.89086,0.15291,79.37,WISEA J123424.35+575327.0
99,2,488,Mirabest,J123424.4+575327,188.601495,57.89088,0.1529,3.4,
100,2,3759,Lao,J123821.9+582203,189.59149,58.36772,0.24232,131.87,DESI J123821.96+582203.8
100,2,491,Mirabest,J123821.9+582204,189.59145,58.36771,0.2361,4.3,
101,2,3768,Lao,J123922.2+171156,189.84107,17.19933,0.07023,121.46,WISEA J123921.85+171157.5
101,2,494,Mirabest,J123921.9+171157,189.841065,17.1993,0.0702,31.9,
102,2,3777,Lao,J124037.7+265450,190.15656,26.91503,0.26922,45.85,SDSS J124037.57+265454.1
102,2,496,Mirabest,J124037.6+265454,190.15656,26.91503,0.2692,5.2,
103,2,3791,Lao,J124209.9+502157,190.53084,50.36295,0.14789,107.61,WISEA J124207.40+502146.6
103,2,499,Mirabest,J124207.4+502147,190.53078,50.36295,0.1479,36.0,
104,2,3792,Lao,J124212.2+092928,190.55244,9.49077,0.08233,109.21,WISEA J124212.58+092926.7
104,2,501,Mirabest,J124212.6+092927,190.55244,9.49077,0.08233,18.7,
105,2,3816,Lao,J124542.3+332427,191.42484,33.40793,0.13136,291.38,DESI J124541.96+332428.5
105,2,507,Mirabest,J124542.0+332429,191.42484,33.40794,0.1323,6.8,
106,3,3848,Lao,J124917.7+500503,192.32778,50.08049,0.24928,219.97,WISEA J124918.66+500449.7
106,3,509,Mirabest,J124918.7+500449,192.32787,50.08041,0.2493,22.4,
106,3,3849,Sasmal,J124918.6+500449,192.327875,50.08041667,0.25,220.0,
107,2,3909,Lao,J125623.0+012522,194.0921,1.42641,0.33445,165.87,WISEA J125622.10+012535.0
107,2,515,Mirabest,J125622.1+012535,194.09211,1.42643,0.3345,4.2,
108,2,3959,Lao,J130405.1+205246,196.01847,20.8766,0.27952,52.64,WISEA J130404.43+205235.7
108,2,523,Mirabest,J130404.4+205236,196.01847,20.87658,0.2795,3.7,
109,2,3964,Lao,J130422.5+201551,196.0928,20.26568,0.19207,65.74,WISEA J130422.27+201556.4
109,2,524,Mirabest,J130422.3+201556,196.09284,20.26566,0.1921,12.6,
110,2,3976,Lao,J130619.8+111345,196.5802,11.22772,0.08571,433.02,WISEA J130619.25+111339.8
110,2,525,Mirabest,J130619.2+111340,196.58019,11.22771,0.0857,117.9,
111,2,4000,Lao,J130906.0+363651,197.27037,36.61588,0.35697,141.54,SDSS J130904.88+363657.1
111,2,530,Mirabest,J130904.9+363657,197.27037,36.61588,0.357,7.8,
112,2,4009,Lao,J131036.9+241840,197.65294,24.31251,0.28189,69.57,WISEA J131036.70+241845.0
112,2,533,Mirabest,J131036.7+241845,197.652945,24.31251,0.2819,8.7,
113,2,4041,Lao,J131459.3+061622,198.74762,6.27201,0.26209,61.16,WISEA J131459.42+061619.2
113,2,540,Mirabest,J131459.4+061619,198.74766,6.27201,0.2621,13.0,
114,2,4072,Lao,J131858.9+161906,199.74405,16.31617,0.08507,176.11,WISEA J131858.55+161859.2
114,2,545,Mirabest,J131858.6+161858,199.744005,16.31616,0.0851,22.0,
115,2,4073,Lao,J131903.9+293841,199.76732,29.643,0.082,1374.48,DESI J131904.16+293834.8
115,2,546,Mirabest,J131904.2+293835,199.76733,29.64301,0.0728,34.7,
116,2,4080,Lao,J131950.5+253148,199.95902,25.53025,0.13562,64.96,WISEA J131950.16+253148.8
116,2,548,Mirabest,J131950.2+253149,199.959075,25.53025,0.1356,8.6,
117,2,4147,Lao,J132644.3+031201,201.68598,3.19866,0.17615,160.93,WISEA J132644.63+031155.1
117,2,554,Mirabest,J132644.6+031155,201.68598,3.19863,0.1761,27.7,
118,2,4180,Lao,J133038.7+381609,202.65998,38.26935,0.10978,168.12,DESI J133038.39+381609.6
118,2,559,Mirabest,J133038.4+381610,202.65996,38.26938,0.1098,12.6,
119,3,4238,Lao,J133605.5+004721,204.02279,0.79074,0.26953,63.17,WISEA J133605.46+004726.6
119,3,562,Mirabest,J133605.5+004727,204.022905,0.79072,0.2695,31.2,
119,3,4237,Sasmal,J133605.4+004726,204.022875,0.7907222222,0.27,59.0,
120,2,4272,Lao,J133903.8+162043,204.7673,16.34778,0.22765,61.41,WISEA J133904.15+162052.0
120,2,568,Mirabest,J133904.1+162052,204.76728,16.3478,0.2277,4.0,
121,2,571,Lao,J005443.5+030211,13.68266,3.03626,0.41337,50.81,WISEA J005443.83+030210.5
121,2,572,Sasmal,J005443.8+030210,13.682625,3.03625,0.41,18.0,
122,2,4294,Lao,J134133.5+534443,205.3952,53.74551,0.14094,1260.91,WISEA J134134.84+534443.8
122,2,573,Mirabest,J134134.9+534444,205.39521,53.74548,0.1409,455.2,
123,3,4369,Lao,J135301.0+330529,208.25857,33.09128,0.06098,123.63,WISEA J135302.05+330528.6
123,3,595,Mirabest,J135302.0+330529,208.25853,33.09126,0.061,31.1,
123,3,4370,Sasmal,J135302.0+330528,208.2585417,33.09125,0.06,48.0,
124,2,4390,Lao,J135450.4+332438,208.70849,33.40979,0.15279,66.05,DESI J135450.04+332435.2
124,2,598,Mirabest,J135450.0+332435,208.708455,33.40975,0.1703,3.5,
125,2,4403,Lao,J135620.5+312622,209.08656,31.44092,0.14984,110.45,DESI J135620.77+312627.3
125,2,601,Mirabest,J135620.8+312627,209.08656,31.44092,0.1505,18.6,
126,2,4422,Lao,J135822.7+181800,209.5926,18.30005,0.16163,45.49,WISEA J135822.22+181800.1
126,2,605,Mirabest,J135822.2+181800,209.592705,18.3,0.1616,6.5,
127,2,4430,Lao,J135855.4+145843,209.73039,14.97751,0.36596,104.04,WISEA J135855.29+145839.0
127,2,606,Mirabest,J135855.3+145839,209.730375,14.97748,0.366,2.2,
128,2,609,Lao,J005601.1-012044,14.01125,-1.33442,0.04299,924.69,CGCG 384-032
128,2,611,Sasmal,J005602.7-012003,14.01125,-1.334305556,0.04,370.0,
129,3,4473,Lao,J140313.9+061024,210.80539,6.16899,0.08284,329.16,2MASX J14031331+0610081
129,3,614,Mirabest,J140313.3+061008,210.80538,6.16896,0.08283,125.0,
129,3,4472,Sasmal,J140313.2+061008,210.805375,6.168972222,0.08,355.0,
130,2,4498,Lao,J140617.8+275614,211.5746,27.93697,0.38584,92.42,WISEA J140617.90+275613.0
130,2,616,Mirabest,J140617.9+275613,211.574595,27.93695,0.3858,6.8,
131,2,621,Lao,J005630.7-011919,14.12829,-1.32215,,14.24,
131,2,620,Sasmal,J005630.5-011919,14.12729167,-1.322194444,,162.0,
132,2,4553,Lao,J141251.7+283125,213.21384,28.52347,0.26177,51.52,SDSS J141251.32+283124.4
132,2,628,Mirabest,J141251.3+283124,213.21384,28.52347,0.2618,8.8,
133,2,4572,Lao,J141457.4+001218,213.73577,0.20637,0.12709,111.56,WISEA J141456.58+001222.9
133,2,633,Mirabest,J141456.6+001223,213.735795,0.20639,0.127,10.9,
134,2,4626,Lao,J142041.2+065055,215.17019,6.84995,0.23754,538.38,WISEA J142040.84+065059.8
134,2,641,Mirabest,J142040.9+065100,215.170275,6.84987,0.2375,31.0,
135,2,4635,Lao,J142118.2+431109,215.32653,43.18622,0.17909,168.67,WISEA J142118.36+431110.3
135,2,642,Mirabest,J142118.3+431110,215.326245,43.18621,0.1791,42.6,
136,2,648,Lao,J005733.9-033604,14.39045,-3.60265,0.16487,85.54,WISEA J005733.70-033609.5
136,2,647,Sasmal,J005733.7-033609,14.39045833,-3.602666667,0.16,86.0,
137,2,4722,Lao,J143136.4+522724,217.90412,52.45693,0.29217,86.02,WISEA J143136.98+522724.9
137,2,658,Mirabest,J143137.0+522725,217.90416,52.45693,0.292,42.3,
138,2,4724,Lao,J143149.5+605056,217.94811,60.85262,0.11657,175.59,DESI J143147.55+605109.4
138,2,659,Mirabest,J143147.6+605109,217.94814,60.85263,0.113,8.8,
139,2,4742,Lao,J143352.4+184521,218.47288,18.75594,0.07586,71.44,WISEA J143353.49+184521.3
139,2,662,Mirabest,J143353.5+184521,218.472945,18.75582,0.0759,14.9,
140,2,4754,Lao,J143449.0-021509,218.70433,-2.24987,0.29061,112.48,WISEA J143449.03-021459.5
140,2,664,Mirabest,J143449.0-021459,218.704335,-2.24986,0.2906,4.1,
141,2,4759,Lao,J143525.8+275337,218.85931,27.89321,0.17598,124.03,SDSS J143526.23+275335.5
141,2,666,Mirabest,J143526.2+275336,218.859315,27.89322,0.176,3.3,
142,2,4772,Lao,J143716.5+245201,219.3201,24.86923,0.08959,214.53,WISEA J143716.82+245209.2
142,2,669,Mirabest,J143716.8+245209,219.320085,24.86923,0.0896,25.8,
143,2,4790,Lao,J143848.7+004106,219.70163,0.68241,0.15028,168.74,WISEA J143848.39+004056.6
143,2,670,Mirabest,J143848.4+004057,219.701625,0.6824,0.1503,20.0,
144,2,4809,Lao,J144018.1+055630,220.07494,5.9428,0.06111,204.24,2MASX J14401795+0556341
144,2,673,Mirabest,J144018.0+055634,220.07493,5.94279,0.06111,134.0,
145,2,4810,Lao,J144019.7+112452,220.08656,11.41864,0.31093,149.57,WISEA J144020.77+112507.1
145,2,674,Mirabest,J144020.8+112507,220.0866,11.41864,0.3109,4.9,
146,2,4865,Lao,J144642.1+035612,221.67571,3.93523,0.26907,53.18,WISEA J144642.17+035606.8
146,2,680,Mirabest,J144642.2+035607,221.675715,3.93529,0.2691,1.3,
147,2,4884,Lao,J144926.2+065047,222.36106,6.84359,0.14005,79.35,WISEA J144926.65+065036.9
147,2,683,Mirabest,J144926.7+065037,222.361095,6.84352,0.14,12.8,
148,3,4888,Lao,J145001.4+144749,222.50626,14.79661,0.29955,87.6,WISEA J145001.50+144747.7
148,3,686,Mirabest,J145001.5+144748,222.50625,14.79665,0.2995,1.1,
148,3,4889,Sasmal,J145001.5+144747,222.50625,14.79658333,0.3,90.0,
149,3,4909,Lao,J145216.3+502238,223.06445,50.37363,0.0943,148.03,WISEA J145215.46+502225.0
149,3,689,Mirabest,J145215.5+502225,223.06443,50.37363,0.0943,19.5,
149,3,4908,Sasmal,J145215.4+502224,223.0641667,50.37361111,0.09,150.0,
150,3,4954,Lao,J145723.0+023254,224.34442,2.54906,0.15184,79.74,WISEA J145722.65+023256.6
150,3,700,Mirabest,J145722.7+023256,224.34441,2.54901,0.1518,17.4,
150,3,4953,Sasmal,J145722.6+023256,224.3444167,2.549,0.15,78.0,
151,2,4995,Lao,J150228.0+524405,225.62106,52.73396,0.13307,204.69,WISEA J150229.05+524402.2
151,2,709,Mirabest,J150229.1+524402,225.621045,52.73391,0.1331,45.7,
152,2,4996,Lao,J150230.1+230805,225.62594,23.13364,0.18024,61.22,WISEA J150230.22+230801.1
152,2,710,Mirabest,J150230.2+230801,225.62601,23.13359,0.1802,7.1,
153,2,5023,Lao,J150539.4+470612,226.40854,47.10478,0.26646,65.68,WISEA J150538.04+470617.2
153,2,717,Mirabest,J150538.1+470617,226.40856,47.10485,0.2665,5.1,
154,3,5047,Lao,J150956.7+332701,227.48906,33.45417,0.11723,163.26,WISEA J150957.37+332715.0
154,3,724,Mirabest,J150957.4+332715,227.48907,33.45417,0.1172,9.0,
154,3,5048,Sasmal,J150957.3+332715,227.4890417,33.45416667,0.12,59.0,
155,3,5080,Lao,J151448.3+101648,228.7057,10.28428,0.05724,473.04,WISEA J151449.36+101703.3
155,3,733,Mirabest,J151449.4+101703,228.70566,10.28423,0.0572,51.6,
155,3,5081,Sasmal,J151449.3+101703,228.7056667,10.28422222,0.06,192.0,
156,2,5124,Lao,J152127.7+483956,230.36259,48.66206,0.07416,75.66,WISEA J152127.02+483943.4
156,2,745,Mirabest,J152127.0+483943,230.362485,48.66205,0.07416,12.6,
157,2,5158,Lao,J152642.0+005331,231.67517,0.89143,0.11607,236.44,WISEA J152642.04+005329.1
157,2,753,Mirabest,J152642.1+005329,231.67521,0.89136,0.116,86.0,
158,2,5159,Lao,J152649.2+372036,231.704,37.34281,0.39671,50.38,WISEA J152648.96+372034.1
158,2,754,Mirabest,J152649.0+372034,231.70398,37.34276,0.3967,6.2,
159,2,5173,Lao,J152945.3+304229,232.44006,30.70993,0.11381,101.09,DESI J152945.61+304235.6
159,2,756,Mirabest,J152945.6+304236,232.440015,30.7099,0.1138,30.0,
160,2,5187,Lao,J153200.9+405359,233.00394,40.89512,0.27736,117.27,DESI J153200.94+405342.4
160,2,759,Mirabest,J153200.9+405342,233.003925,40.8951,0.2721,16.9,
161,2,5234,Lao,J153813.2+075716,234.55663,7.95386,0.35659,62.29,WISEA J153813.59+075713.9
161,2,766,Mirabest,J153813.6+075714,234.55662,7.95388,0.3566,19.0,
162,2,5254,Lao,J154042.4+422137,235.17664,42.36004,0.14215,62.89,WISEA J154042.39+422136.1
162,2,771,Mirabest,J154042.4+422136,235.176675,42.36008,0.1422,13.9,
163,2,5278,Lao,J154429.8+295352,236.12719,29.90018,0.35164,79.44,WISEA J154430.52+295400.6
163,2,774,Mirabest,J154430.5+295401,236.127195,29.90037,0.3516,1.5,
164,2,5298,Lao,J154729.0+145655,236.87328,14.94915,0.08501,212.64,WISEA J154729.58+145656.9
164,2,776,Mirabest,J154729.6+145657,236.87331,14.94916,0.085,9.6,
165,3,5309,Lao,J154848.5+361045,237.20556,36.17637,0.23339,107.6,WISEA J154849.33+361034.9
165,3,777,Mirabest,J154849.3+361035,237.20562,36.17649,0.2334,29.7,
165,3,5310,Sasmal,J154849.3+361035,237.205625,36.1765,0.23,120.0,
166,2,5312,Lao,J154858.1+085432,237.24793,8.90991,0.06827,382.56,WISEA J154859.50+085435.6
166,2,778,Mirabest,J154859.5+085436,237.24795,8.90991,0.0683,40.7,
167,2,5323,Lao,J155009.5+080844,237.54005,8.14409,0.23199,84.3,WISEA J155009.61+080838.7
167,2,780,Mirabest,J155009.6+080839,237.539955,8.14411,0.232,4.7,
168,3,5328,Lao,J155034.9+120038,237.64517,12.01136,0.30399,53.2,WISEA J155034.84+120040.8
168,3,781,Mirabest,J155034.8+120041,237.645165,12.01135,0.304,25.0,
168,3,5327,Sasmal,J155034.8+120040,237.6451667,12.01133333,0.3,57.0,
169,2,786,Lao,J010329.5+004104,15.8732,0.68449,,115.14,
169,2,787,Sasmal,J010329.6+004101,15.87354167,0.6838333333,,155.0,
170,3,5351,Lao,J155346.4+153016,238.43974,15.50377,0.13093,140.81,WISEA J155345.53+153013.5
170,3,791,Mirabest,J155345.5+153014,238.439715,15.50378,0.1309,12.6,
170,3,5350,Sasmal,J155345.5+153013,238.4397083,15.50377778,0.13,141.0,
171,2,5377,Lao,J155750.2+534336,239.45941,53.72619,0.31207,212.24,WISEA J155750.25+534334.2
171,2,797,Mirabest,J155750.3+534334,239.4594,53.72615,0.3121,12.4,
172,2,5419,Lao,J160400.3+234008,241.00338,23.66565,0.33467,48.72,WISEA J160400.81+233956.3
172,2,806,Mirabest,J160400.8+233956,241.003365,23.66566,0.3347,1.8,
173,2,5446,Lao,J160804.8+430951,242.01888,43.16345,0.08492,76.94,DESI J242.0188+43.1634
173,2,810,Mirabest,J160804.5+430948,242.018865,43.16347,0.0849,28.3,
174,2,5448,Lao,J160821.7+282841,242.0881,28.47868,0.05018,225.47,SDSS J160821.14+282843.2
174,2,812,Mirabest,J160821.1+282843,242.088105,28.47868,0.0502,78.2,
175,2,5471,Lao,J161139.0+153240,242.91176,15.54865,0.34587,51.35,WISEA J161138.82+153255.1
175,2,816,Mirabest,J161138.8+153255,242.91183,15.54861,0.3459,3.4,
176,2,5475,Lao,J161247.5+052007,243.19774,5.33301,0.14692,94.11,WISEA J161247.45+051958.0
176,2,818,Mirabest,J161247.5+051959,243.19773,5.33301,0.1469,16.9,
177,2,5495,Lao,J161544.0+471128,243.92174,47.18663,0.19862,580.04,DESI J161541.22+471111.8
177,2,824,Mirabest,J161541.2+471112,243.921735,47.18661,0.1986,98.1,
178,2,5514,Lao,J161803.9+121130,244.51492,12.1924,0.39339,82.84,WISEA J161803.58+121132.6
178,2,825,Mirabest,J161803.6+121133,244.514895,12.19239,0.3934,4.2,
179,2,5595,Lao,J163017.2+143508,247.56906,14.58643,0.27895,491.24,DESI J163016.56+143511.1
179,2,837,Mirabest,J163016.6+143511,247.569015,14.58639,0.279,41.1,
180,2,5629,Lao,J163516.3+431004,248.81294,43.1678,0.22576,45.52,WISEA J163515.10+431004.0
180,2,843,Mirabest,J163515.1+431004,248.81295,43.16777,0.2258,15.4,
181,2,5645,Lao,J163822.3+325120,249.59383,32.85327,0.1589,89.18,SDSS J163822.51+325111.7
181,2,846,Mirabest,J163822.5+325112,249.593835,32.85327,0.1589,7.8,
182,2,5833,Lao,J171138.1+580324,257.90824,58.05838,0.15595,63.14,DESI J171137.98+580330.2
182,2,858,Mirabest,J171138.0+580330,257.9082,58.05838,0.1466,7.6,
183,2,5836,Lao,J171227.3+640222,258.0965,64.03256,0.07981,330.13,VII Zw 694
183,2,859,Mirabest,J171223.2+640157,258.096555,64.03252,0.0798,14.3,
184,3,5899,Lao,J172920.4+541518,262.33826,54.25728,0.08386,161.25,WISEA J172921.18+541526.1
184,3,865,Mirabest,J172921.2+541526,262.338285,54.25722,0.0839,16.4,
184,3,5900,Sasmal,J172921.1+541526,262.3382917,54.25725,0.08,64.0,
185,2,872,Lao,J011140.8+114131,17.91726,11.69275,0.2471,27.47,DESI J011140.14+114133.9
185,2,871,Sasmal,J011140.1+114134,17.91720833,11.69280556,,13.0,
186,2,5964,Lao,J211447.6-075036,318.69815,-7.8446,0.21453,68.84,WISEA J211447.55-075040.5
186,2,900,Mirabest,J211447.6-075040,318.698205,-7.84454,0.2145,3.8,
187,3,6025,Lao,J214801.5-082519,327.00539,-8.42429,0.1346,90.57,WISEA J214801.28-082528.4
187,3,906,Mirabest,J214801.3-082528,327.00534,-8.42431,0.1346,8.9,
187,3,6024,Sasmal,J214801.2-082527,327.0053333,-8.424305556,0.13,92.0,
188,2,6095,Lao,J221842.2-092123,334.67829,-9.36075,0.18635,151.97,WISEA J221842.78-092138.6
188,2,911,Mirabest,J221842.8-092139,334.67832,-9.36079,0.1864,6.0,
189,2,6125,Lao,J223113.5-092625,337.80499,-9.44203,0.25206,53.29,WISEA J223113.19-092631.2
189,2,917,Mirabest,J223113.2-092632,337.805055,-9.44214,0.2521,16.2,
190,2,6158,Lao,J225122.7+003511,342.84398,0.58677,0.15152,67.33,WISEA J225122.55+003512.3
190,2,924,Mirabest,J225122.6+003512,342.84396,0.58671,0.1515,6.8,
191,2,6168,Lao,J225721.1-010837,344.3381,-1.1381,0.18102,85.77,WISEA J225721.14-010817.1
191,2,926,Mirabest,J225721.1-010818,344.337915,-1.1382,0.181,7.7,
192,2,933,Lao,J013325.0-082357,23.36354,-8.40461,0.14906,224.1,2MASX J01332723-0824160
192,2,6444,Mirabest,,23.363529,-8.40458,0.1488,,
193,2,6275,Lao,J233746.0-004151,354.4407,-0.70308,0.28721,61.83,WISEA J233745.76-004211.0
193,2,936,Mirabest,J233745.8-004211,354.4407,-0.70307,0.2872,7.5,
194,2,1009,Lao,J015830.1-021537,29.62561,-2.25855,0.44125,22.05,WISEA J015830.14-021530.7
194,2,1008,Sasmal,J015830.1-021530,29.62566667,-2.258444444,0.44,23.0,
195,2,1062,Lao,J022332.5-085741,35.88655,-8.96078,0.41446,87.53,WISEA J022332.77-085738.7
195,2,6358,Mirabest,,35.886533,-8.96087,0.4145,,
196,2,1064,Lao,J022428.4+065929,36.11845,6.98982,1.31018,777.32,DESI J022428.43+065923.3
196,2,1065,Sasmal,J022428.6+065923,36.11933333,6.989777778,,776.0,
197,2,1072,Lao,J022902.1+042859,37.25866,4.4842,0.19545,144.76,WISEA J022902.07+042903.1
197,2,1071,Sasmal,J022902.0+042903,37.25870833,4.48425,0.19,34.0,
198,2,1077,Lao,J023117.4+053107,37.82091,5.51942,0.294,74.92,DESI J023117.02+053109.9
198,2,1076,Sasmal,J023117.0+053109,37.82091667,5.519361111,,31.0,
199,2,1091,Lao,J024204.6-054411,40.52055,-5.73807,0.13641,62.59,WISEA J024204.93-054417.0
199,2,1092,Sasmal,J024204.9-054416,40.52045833,-5.738055556,0.14,65.0,
200,2,1107,Lao,J024808.6-011338,42.03575,-1.22907,0.27558,24.51,WISEA J024808.57-011344.6
200,2,1106,Sasmal,J024808.5-011344,42.03570833,-1.228944444,0.28,23.0,
201,2,1124,Lao,J025619.6-054250,44.08352,-5.71374,0.70206,98.94,DESI J025620.04-054249.5
201,2,1125,Sasmal,J025620.0-054249,44.08341667,-5.71375,,38.0,
202,2,1142,Lao,J030849.9-060731,47.20955,-6.1269,0.18896,87.01,DESI J030850.29-060736.8
202,2,1143,Sasmal,J030850.2-060737,47.20954167,-6.127,,88.0,
203,2,1153,Lao,J031742.0-081634,49.42491,-8.27681,0.47344,73.68,DESI J031741.98-081636.5
203,2,1152,Sasmal,J031741.9-081639,49.424875,-8.277722222,,73.0,
204,2,1155,Lao,J031800.7-081022,49.50222,-8.1715,0.48697,8.4,SDSS J031800.53-081017.4
204,2,1154,Sasmal,J031800.4-081020,49.50179167,-8.172361111,,24.0,
205,2,1166,Lao,J033131.3-072958,52.88055,-7.49967,,56.9,
205,2,1167,Sasmal,J033131.4-073001,52.88116667,-7.5005,,56.0,
206,2,1169,Lao,J033236.2+002454,53.14997,0.41638,0.41914,14.53,DESI J033235.99+002459.0
206,2,1170,Sasmal,J033236.2+002457,53.15104167,0.4158888889,,15.0,
207,2,1172,Lao,J033400.4+010219,53.50269,1.03784,0.37642,6.35,WISEA J033400.64+010216.2
207,2,1173,Sasmal,J033400.6+010215,53.50266667,1.03775,0.38,6.0,
208,2,1177,Lao,J033434.4-010957,53.64208,-1.16434,0.13895,89.4,WISEA J033434.09-010951.6
208,2,1176,Sasmal,J033434.0-010952,53.64204167,-1.164527778,0.14,87.0,
209,2,1180,Lao,J033506.1+042013,53.7741,4.33799,,32.65,DESI J033505.78+042016.8
209,2,1179,Sasmal,J033505.7+042017,53.77383333,4.338083333,,33.0,
210,2,1181,Lao,J033548.1-071913,53.95066,-7.32039,,86.87,
210,2,1182,Sasmal,J033548.2-071912,53.95095833,-7.320138889,,84.0,
211,2,1186,Lao,J034031.5-011141,55.13144,-1.19459,1.08679,4.36,DESI J034031.55-011140.5
211,2,1185,Sasmal,J034031.4-011140,55.131125,-1.194611111,,6.0,
212,2,1210,Lao,J070335.6+514712,105.90074,51.78857,0.50301,64.25,DESI J070336.18+514718.9
212,2,1211,Sasmal,J070336.3+514717,105.9015,51.78808333,,64.0,
213,2,1225,Lao,J070906.3+433135,107.27662,43.5265,,12.03,
213,2,1226,Sasmal,J070906.5+433135,107.2772083,43.5265,,14.0,
214,2,1254,Lao,J071727.3+440504,109.36107,44.08398,0.0652,226.27,2MASX J07172666+4405020
214,2,1253,Sasmal,J071726.6+440502,109.3610833,44.08397222,,223.0,
215,2,1257,Lao,J071826.4+482033,109.60753,48.33882,0.41637,94.19,DESI J071825.81+482019.8
215,2,1256,Sasmal,J071825.5+482020,109.6063333,48.33905556,,95.0,
216,2,1263,Lao,J071936.6+551940,109.90248,55.32785,,64.45,
216,2,1264,Sasmal,J071936.6+551942,109.9026667,55.32855556,,62.0,
217,2,1291,Lao,J072649.8+310204,111.70825,31.0345,0.16719,145.83,DESI J072649.98+310204.2
217,2,1292,Sasmal,J072649.9+310204,111.7081667,31.03444444,,143.0,
218,2,1308,Lao,J072929.8+594948,112.37673,59.83111,0.27452,54.27,DESI J072930.41+594952.0
218,2,1309,Sasmal,J072930.3+594951,112.376625,59.83111111,,54.0,
219,2,1324,Lao,J073201.8+420835,113.00552,42.14163,0.28625,31.59,SDSS J073201.32+420829.8
219,2,1323,Sasmal,J073201.3+420829,113.0055,42.14163889,0.29,16.0,
220,2,1325,Lao,J073209.2+435817,113.03441,43.97146,0.36358,60.3,DESI J073208.32+435817.3
220,2,6769,Mirabest,,113.034683,43.9715,0.3636,,
221,2,1327,Lao,J073220.2+615007,113.08147,61.83442,0.16893,100.79,DESI J073219.55+615003.9
221,2,1326,Sasmal,J073219.5+615003,113.081375,61.83441667,,102.0,
222,2,1340,Lao,J073406.0+293312,113.52532,29.55355,,105.63,
222,2,1341,Sasmal,J073406.2+293316,113.525875,29.55458333,,106.0,
223,2,1350,Lao,J073617.0+185701,114.07133,18.95283,,467.79,DESI J073617.12+185710.2
223,2,1351,Sasmal,J073617.1+185710,114.0713333,18.95283333,,139.0,
224,3,1363,Lao,J073848.3+415925,114.7065,41.98546,0.17945,103.33,WISEA J073849.56+415907.6
224,3,6726,Mirabest,,114.706307,41.98543,0.1795,,
224,3,1365,Sasmal,J073849.5+415907,114.7062917,41.98541667,0.18,104.0,
225,2,1378,Lao,J074101.4+262035,115.25618,26.34313,,10.34,
225,2,1377,Sasmal,J074101.2+262036,115.255,26.3435,,10.0,
226,2,1399,Lao,J074459.8+165859,116.24758,16.98314,0.30149,43.28,DESI J074459.42+165859.3
226,2,1398,Sasmal,J074459.3+165859,116.247125,16.98325,,41.0,
227,2,1411,Lao,J074830.3+484953,117.12561,48.83199,0.60717,11.01,WISEA J074830.14+484955.1
227,2,1412,Sasmal,J074830.5+484955,117.1271667,48.83197222,,12.0,
228,2,1415,Lao,J074845.3+232445,117.18795,23.4127,0.1901,514.01,WISEA J074845.10+232445.7
228,2,1414,Sasmal,J074845.0+232445,117.187875,23.41269444,0.19,515.0,
229,2,1424,Lao,J075018.5+584137,117.57628,58.69341,0.2336,45.54,DESI J075018.31+584136.3
229,2,1423,Sasmal,J075018.3+584136,117.57625,58.69341667,,46.0,
230,2,1428,Lao,J075050.3+174143,117.7072,17.69436,0.18226,78.75,WISEA J075049.72+174139.6
230,2,1427,Sasmal,J075049.8+174141,117.7075,17.69497222,,79.0,
231,2,1433,Lao,J075221.4+333342,118.09102,33.56363,0.1403,78.96,WISEA J075221.84+333349.0
231,2,6455,Mirabest,,118.09098,33.56359,0.1403,,
232,2,1436,Lao,J075228.6+375058,118.11899,37.84823,1.20739,380.26,[HB89] 0749+379
232,2,1435,Sasmal,J075228.2+375056,118.1177083,37.84908333,,380.0,
233,2,1450,Lao,J075442.7+395137,118.67772,39.86077,0.28909,35.94,WISEA J075442.65+395138.7
233,2,1449,Sasmal,J075442.6+395139,118.677875,39.86086111,0.29,37.0,
234,2,1453,Lao,J075511.7+190946,118.79703,19.1603,0.31434,28.58,2MASS J07551128+1909370
234,2,1452,Sasmal,J075511.2+190936,118.7970417,19.16025,0.31,35.0,
235,2,1463,Lao,J075643.0+603042,119.17928,60.51178,,54.89,
235,2,1462,Sasmal,J075642.4+603040,119.1767917,60.51116667,,13.0,
236,2,1471,Lao,J075737.8+582442,119.40955,58.41041,0.19593,18.63,DESI J075738.29+582437.5
236,2,1472,Sasmal,J075738.2+582437,119.4095833,58.41041667,,19.0,
237,2,1488,Lao,J080107.9+435032,120.28292,43.84182,0.25535,80.53,2MASX J08010789+4350305
237,2,6347,Mirabest,,120.282921,43.84182,0.2553,,
238,2,1493,Lao,J080223.6+390416,120.59565,39.07309,0.36432,71.79,WISEA J080222.95+390423.1
238,2,1492,Sasmal,J080222.9+390421,120.595625,39.07258333,,30.0,
239,2,1497,Lao,J080336.7+105043,120.90703,10.84524,0.14234,132.63,WISEA J080337.68+105042.8
239,2,6917,Mirabest,,120.906998,10.84514,0.1423,,
240,2,1524,Lao,J080926.4+093405,122.35901,9.56778,0.23233,16.9,WISEA J080926.16+093404.0
240,2,1523,Sasmal,J080926.1+093403,122.35875,9.567722222,0.23,16.0,
241,2,1536,Lao,J081140.7+102920,122.92035,10.4909,0.28524,82.73,DESI J081140.88+102927.2
241,2,1537,Sasmal,J081140.8+102927,122.9203333,10.49091667,,81.0,
242,2,1543,Lao,J081303.4+132617,123.26379,13.43536,0.18804,76.06,WISEA J081303.31+132607.3
242,2,6889,Mirabest,,123.263787,13.4352,0.188,,
243,2,1549,Lao,J081403.1+430010,123.51316,43.00292,,81.07,
243,2,1550,Sasmal,J081403.3+430012,123.5139167,43.00358333,,64.0,
244,2,6456,Mirabest,,123.801429,38.6793,0.1253,,
244,2,1557,Sasmal,J081512.3+384045,123.8014167,38.67927778,0.13,500.0,
245,2,1576,Lao,J081659.7+571636,124.24707,57.27457,0.19983,141.65,WISEA J081659.29+571628.4
245,2,1575,Sasmal,J081659.3+571628,124.2472083,57.27466667,0.2,143.0,
246,3,1590,Lao,J081801.2+495605,124.5031,49.93666,0.28021,120.93,WISEA J081800.74+495611.9
246,3,6351,Mirabest,,124.503097,49.93665,0.2802,,
246,3,1589,Sasmal,J081800.7+495611,124.5030417,49.93661111,0.28,125.0,
247,2,1594,Lao,J081811.3+233212,124.54437,23.53637,0.24449,54.58,WISEA J081810.64+233210.9
247,2,6669,Mirabest,,124.544274,23.53637,0.2445,,
248,2,1596,Lao,J081822.4+385838,124.59363,38.97746,,52.53,
248,2,1595,Sasmal,J081822.1+385840,124.5923333,38.97788889,,52.0,
249,2,1609,Lao,J081939.6+574603,124.91433,57.76884,0.3237,31.59,SDSS J081939.43+574607.8
249,2,1608,Sasmal,J081939.2+574606,124.9135417,57.7685,,32.0,
250,2,1617,Lao,J082032.7+303449,125.13479,30.5805,0.3629,446.76,SDSS J082032.34+303449.8
250,2,1616,Sasmal,J082032.5+303449,125.1354583,30.5805,,446.0,
251,2,1625,Lao,J082121.1+251908,125.3386,25.31753,0.26757,146.42,DESI J082121.27+251903.1
251,2,6671,Mirabest,,125.338623,25.31751,0.2676,,
252,2,1640,Lao,J082258.3+143547,125.74293,14.59653,,7.52,
252,2,1641,Sasmal,J082258.4+143547,125.7435,14.59652778,,7.0,
253,2,1648,Lao,J082443.0+520027,126.18603,52.00928,0.30419,54.85,WISEA J082444.64+520033.4
253,2,1649,Sasmal,J082444.6+520033,126.1861667,52.00938889,0.3,54.0,
254,2,1663,Lao,J082708.6+092303,126.78641,9.38434,0.37214,110.51,WISEA J082708.73+092303.6
254,2,6949,Mirabest,,126.786361,9.3843,0.3721,,
255,2,1665,Lao,J082713.1+381954,126.80315,38.33344,0.34336,143.75,2MASX J08271270+3820008
255,2,1664,Sasmal,J082712.9+382002,126.8037917,38.33397222,,152.0,
256,2,1670,Lao,J082730.0+081625,126.87503,8.27381,,20.16,
256,2,1671,Sasmal,J082730.0+081626,126.875125,8.273916667,,21.0,
257,2,1689,Lao,J082910.7+632240,127.29403,63.37458,0.18707,36.35,DESI J082910.57+632228.5
257,2,1688,Sasmal,J082910.5+632228,127.2939583,63.37458333,,36.0,
258,2,1704,Lao,J083050.5+215606,127.70914,21.93249,0.80609,16.21,DESI J083050.19+215557.0
258,2,1703,Sasmal,J083050.2+215557,127.7094583,21.93272222,,17.0,
259,2,1724,Lao,J083310.5+494004,128.29237,49.66815,0.05263,42.05,SDSS J083310.16+494005.3
259,2,1723,Sasmal,J083310.1+494005,128.292375,49.66813889,0.05,43.0,
260,2,1727,Lao,J083345.2+102808,128.43933,10.4648,0.29031,94.19,WISEA J083345.44+102753.2
260,2,1728,Sasmal,J083345.4+102753,128.439375,10.46475,0.29,42.0,
261,2,1733,Lao,J083409.5+001956,128.54011,0.33026,0.4468,29.32,DESI J083409.63+001948.9
261,2,1732,Sasmal,J083409.5+001948,128.5399167,0.3301666667,,28.0,
262,2,1771,Lao,J083913.6+060940,129.80804,6.16252,0.40883,28.26,WISEA J083913.93+060945.0
262,2,1772,Sasmal,J083913.9+060944,129.8080833,6.162472222,0.41,26.0,
263,2,1783,Lao,J084101.9+525852,130.25915,52.98161,0.52539,27.99,WISEA J084102.19+525853.8
263,2,1784,Sasmal,J084102.1+525854,130.259,52.98169444,0.52,27.0,
264,2,1788,Lao,J084131.8-020300,130.38335,-2.05548,0.21661,69.3,DESI J084132.00-020319.7
264,2,1789,Sasmal,J084131.9-020319,130.3833333,-2.055472222,,35.0,
265,2,1796,Lao,J084158.8+123519,130.49428,12.58675,0.30656,12.72,WISEA J084158.62+123512.3
265,2,1795,Sasmal,J084158.6+123512,130.4942917,12.58677778,0.31,15.0,
266,2,1816,Lao,J084433.8+260613,131.13921,26.10423,0.10836,145.31,WISEA J084433.41+260615.2
266,2,1815,Sasmal,J084433.3+260615,131.1391667,26.10419444,0.11,100.0,
267,3,1818,Lao,J084445.2+212924,131.1894,21.49242,0.27201,122.0,SDSS J084445.45+212932.6
267,3,6893,Mirabest,,131.189408,21.49241,0.272,,
267,3,1819,Sasmal,J084445.3+212930,131.188875,21.49186111,,120.0,
268,2,1841,Lao,J084654.6-013145,131.73004,-1.52905,0.44808,28.78,GAMAJ084655.21-013144.5
268,2,1842,Sasmal,J084655.0-013142,131.729375,-1.528527778,,28.0,
269,2,1878,Lao,J085053.4+475355,132.72255,47.89771,0.18448,68.02,WISEA J085053.41+475351.7
269,2,6459,Mirabest,,132.72258,47.89767,0.1845,,
270,2,1879,Lao,J085053.5+134921,132.72262,13.81625,0.1923,136.45,WISEA J085053.42+134858.5
270,2,1880,Sasmal,J085053.7+134900,132.7238333,13.81675,,137.0,
271,2,1883,Lao,J085110.1+161541,132.79312,16.25854,0.65759,20.65,WISEA J085110.34+161530.7
271,2,1884,Sasmal,J085110.3+161530,132.7930833,16.2585,0.66,27.0,
272,2,1888,Lao,J085116.8+082726,132.81766,8.45659,0.06354,166.01,WISEA J085116.23+082723.7
272,2,6738,Mirabest,,132.817672,8.45644,0.0635,,
273,2,1891,Lao,J085159.0+622801,132.99625,62.46602,0.05246,281.91,DESI J085159.10+622757.7
273,2,1890,Sasmal,J085159.0+622757,132.9962083,62.46597222,0.92,281.0,
274,2,1894,Lao,J085207.9+245049,133.03761,24.84652,0.25855,59.77,WISEA J085209.02+245047.4
274,2,6777,Mirabest,,133.037598,24.84644,0.2585,,
275,2,1896,Lao,J085216.3+563915,133.06563,56.65422,0.414,23.16,DESI J085215.75+563915.2
275,2,1895,Sasmal,J085215.7+563915,133.0656667,56.65422222,0.4,22.0,
276,2,1916,Lao,J085534.8+345431,133.89463,34.90863,0.21147,67.08,DESI J085534.71+345431.1
276,2,1915,Sasmal,J085534.7+345430,133.894625,34.90858333,,66.0,
277,2,1922,Lao,J085618.6+495111,134.07791,49.8517,0.62495,36.37,WISEA J085618.69+495106.1
277,2,1923,Sasmal,J085618.7+495106,134.0779583,49.85177778,0.62,37.0,
278,3,1936,Lao,J085756.6+170433,134.4876,17.07988,0.32276,105.72,WISEA J085757.02+170447.5
278,3,6920,Mirabest,,134.487762,17.07981,0.3228,,
278,3,1937,Sasmal,J085757.0+170447,134.48775,17.07980556,0.33,63.0,
279,2,1950,Lao,J085840.4+162008,134.6659,16.33546,0.45129,19.35,DESI J085839.82+162007.7
279,2,1948,Sasmal,J085839.9+162008,134.66625,16.33577778,,30.0,
280,2,1951,Lao,J085844.5+170957,134.68785,17.16741,0.33025,67.84,WISEA J085845.08+171002.6
280,2,1952,Sasmal,J085845.1+171003,134.6879583,17.16752778,0.33,66.0,
281,2,1965,Lao,J085950.6+320754,134.9622,32.13018,0.26899,50.29,WISEA J085950.92+320748.6
281,2,6589,Mirabest,,134.96222,32.13011,0.269,,
282,2,1973,Lao,J090031.3+161431,135.13321,16.24041,0.06975,113.2,DESI J090031.97+161425.5
282,2,1976,Sasmal,J090031.9+161425,135.1332083,16.24044444,,48.0,
283,3,1978,Lao,J090051.1+505626,135.21909,50.9396,0.20168,220.87,WISEA J090052.58+505622.5
283,3,6388,Mirabest,,135.21907,50.93962,0.2017,,
283,3,1979,Sasmal,J090052.5+505622,135.2190417,50.93961111,0.2,224.0,
284,2,1985,Lao,J090124.2+025859,135.35756,2.99133,0.19324,281.82,WISEA J090125.81+025928.7
284,2,1986,Sasmal,J090125.8+025928,135.3575417,2.991333333,0.19,281.0,
285,2,2001,Lao,J090230.6+350514,135.62621,35.08638,0.08475,15.26,DESI J090230.29+350511.0
285,2,2000,Sasmal,J090230.3+350511,135.62625,35.08638889,,15.0,
286,2,2009,Lao,J090304.5+450945,135.77244,45.16657,0.21096,128.66,WISEA J090305.38+450959.6
286,2,2010,Sasmal,J090305.3+450959,135.7724167,45.16658333,0.21,130.0,
287,2,2011,Lao,J090311.1+540353,135.79645,54.06434,0.08313,80.03,WISEA J090311.14+540351.6
287,2,6355,Mirabest,,135.796432,54.06435,0.0831,,
288,2,2037,Lao,J090704.3+023437,136.76788,2.5775,0.85012,41.7,DESI J090704.29+023439.0
288,2,2036,Sasmal,J090704.2+023438,136.767625,2.57725,,40.0,
289,2,2053,Lao,J090847.4+343737,137.19653,34.62773,0.36302,14.44,SDSS J090847.16+343739.8
289,2,2052,Sasmal,J090847.1+343739,137.1965417,34.62772222,0.36,16.0,
290,2,2066,Lao,J091041.8+384123,137.67612,38.69019,0.53355,83.4,DESI J091042.27+384124.7
290,2,2067,Sasmal,J091042.2+384125,137.6759583,38.69044444,,85.0,
291,2,2087,Lao,J091235.8+053400,138.14949,5.56529,0.91126,17.55,DESI J091235.88+053355.0
291,2,2086,Sasmal,J091235.8+053355,138.14925,5.565333333,,17.0,
292,3,2093,Lao,J091314.4+520853,138.31577,52.14856,0.18998,224.02,WISEA J091315.78+520854.8
292,3,6389,Mirabest,,138.315688,52.14857,0.19,,
292,3,2095,Sasmal,J091315.7+520854,138.31575,52.14861111,0.19,227.0,
293,2,2094,Lao,J091315.7+004449,138.31529,0.74564,0.22531,44.13,WISEA J091315.66+004444.3
293,2,6360,Mirabest,,138.315323,0.74567,0.2253,,
294,2,2106,Lao,J091419.9+172607,138.58351,17.43635,0.32837,79.92,SDSS J091420.04+172610.8
294,2,6923,Mirabest,,138.583512,17.43635,0.3284,,
295,2,2113,Lao,J091450.9+082440,138.71232,8.41133,,76.81,
295,2,2112,Sasmal,J091450.7+082442,138.7112917,8.411861111,,77.0,
296,2,2130,Lao,J091647.8+080851,139.19804,8.14664,0.22306,35.85,DESI J091647.53+080847.9
296,2,2129,Sasmal,J091647.5+080847,139.1980417,8.146638889,,38.0,
297,2,2134,Lao,J091710.3+550853,139.2833,55.15228,0.18202,222.21,WISEA J091707.99+550908.2
297,2,6354,Mirabest,,139.283264,55.15227,0.182,,
298,2,2137,Lao,J091724.2+035009,139.35002,3.83418,0.40689,33.33,SDSS J091724.00+035003.0
298,2,2136,Sasmal,J091723.8+035004,139.3492083,3.834555556,,32.0,
299,2,2150,Lao,J091940.7-012952,139.91777,-1.49773,0.29146,33.61,2MASS J09194033-0129519
299,2,2149,Sasmal,J091940.4-012950,139.9184583,-1.497305556,,25.0,
300,2,2158,Lao,J092105.1+072345,140.27001,7.39393,0.29731,41.18,WISEA J092104.80+072338.1
300,2,2157,Sasmal,J092104.7+072338,140.2699583,7.393972222,0.3,41.0,
301,2,2189,Lao,J092431.3+075656,141.12844,7.94893,0.10429,63.71,WISEA J092430.82+075656.1
301,2,6572,Mirabest,,141.128479,7.9489,0.1043,,
302,2,2200,Lao,J092600.6+190310,141.50215,19.05205,0.33073,77.59,WISEA J092600.51+190307.3
302,2,6908,Mirabest,,141.502167,19.05206,0.3307,,
303,2,2203,Lao,J092613.1+324712,141.55148,32.78919,0.13953,270.82,WISEA J092612.35+324721.0
303,2,6673,Mirabest,,141.551452,32.78923,0.1395,,
304,2,2207,Lao,J092631.2+105856,141.62627,10.98683,0.24724,201.76,WISEA J092630.30+105912.5
304,2,6729,Mirabest,,141.626282,10.98684,0.2472,,
305,2,2209,Lao,J092635.5+293423,141.64785,29.57281,0.28904,87.59,WISEA J092635.48+293422.1
305,2,6780,Mirabest,,141.647813,29.57282,0.289,,
306,2,2212,Lao,J092644.9+030928,141.68411,3.15552,0.22556,110.07,WISEA J092644.18+030919.8
306,2,2211,Sasmal,J092644.1+030919,141.684125,3.155472222,0.23,112.0,
307,3,2218,Lao,J092703.4+542352,141.76782,54.39632,0.12425,165.98,WISEA J092704.27+542346.7
307,3,6393,Mirabest,,141.767838,54.39627,0.1243,,
307,3,2219,Sasmal,J092704.2+542346,141.7677917,54.39627778,0.12,199.0,
308,2,2258,Lao,J093324.6+060042,143.35279,6.01182,,95.86,
308,2,2259,Sasmal,J093324.8+060040,143.3535,6.011138889,,102.0,
309,2,2265,Lao,J093350.1+452008,143.45765,45.33277,0.13387,305.15,DESI J093349.83+451957.8
309,2,6575,Mirabest,,143.457642,45.33273,0.1339,,
310,2,2273,Lao,J093434.3+182937,143.64294,18.4918,0.2487,52.76,WISEA J093434.30+182930.4
310,2,2272,Sasmal,J093434.2+182930,143.642875,18.49180556,0.25,54.0,
311,2,2283,Lao,J093602.7-062757,144.0091,-6.46723,0.24621,105.63,DESI J093602.18-062802.0
311,2,2282,Sasmal,J093602.1-062759,144.009125,-6.466416667,,106.0,
312,2,2293,Lao,J093644.1+034047,144.18176,3.67891,0.26687,36.43,DESI J093643.62+034044.1
312,2,2291,Sasmal,J093643.6+034044,144.18175,3.678916667,,14.0,
313,2,2292,Lao,J093644.0+084948,144.18184,8.83083,0.13708,198.14,WISEA J093643.64+084950.9
313,2,6600,Mirabest,,144.181839,8.83086,0.1371,,
314,2,2315,Lao,J094006.3+482652,145.02883,48.44702,0.41767,25.97,WISEA J094006.92+482649.2
314,2,2316,Sasmal,J094006.9+482649,145.0287917,48.447,0.42,22.0,
315,2,2318,Lao,J094013.5+151058,145.05648,15.18143,0.62819,25.89,WISEA J094013.55+151053.1
315,2,2317,Sasmal,J094013.5+151053,145.0564583,15.18144444,0.63,26.0,
316,2,2357,Lao,J094444.4+024810,146.17993,2.79839,0.22041,355.15,WISEA J094443.18+024754.1
316,2,6363,Mirabest,,146.179947,2.79836,0.2204,,
317,2,2378,Lao,J094707.0+004415,146.78162,0.738,0.26188,50.93,2MASX J09470758+0044167
317,2,2379,Sasmal,J094707.5+004416,146.7815,0.7379444444,0.26,57.0,
318,3,2381,Lao,J094716.2+525112,146.81377,52.84959,0.33399,51.69,WISEA J094715.30+525058.5
318,3,6461,Mirabest,,146.813797,52.84959,0.334,,
318,3,2380,Sasmal,J094715.3+525057,146.814125,52.84941667,,52.0,
319,2,2404,Lao,J095102.3+102219,147.76083,10.37041,0.22806,61.54,WISEA J095102.59+102213.4
319,2,6603,Mirabest,,147.760833,10.3704,0.2281,,
320,2,2423,Lao,J095328.5+292438,148.36593,29.40518,1.56007,162.66,WISEA J095327.82+292418.6
320,2,2422,Sasmal,J095327.8+292419,148.3661667,29.4055,,159.0,
321,2,2429,Lao,J095426.2+430421,148.60779,43.07114,0.48112,55.97,WISEA J095425.87+430416.1
321,2,2428,Sasmal,J095425.8+430416,148.6077917,43.07113889,0.48,57.0,
322,2,2432,Lao,J095455.9+624134,148.73123,62.69187,0.22856,93.78,WISEA J095455.49+624130.7
322,2,2431,Sasmal,J095455.4+624130,148.7310417,62.69172222,0.23,93.0,
323,2,2435,Lao,J095513.3-024720,148.80626,-2.78769,0.308,58.4,DESI J095513.50-024715.7
323,2,2436,Sasmal,J095513.5-024715,148.80625,-2.787666667,,61.0,
324,2,2437,Lao,J095528.0+034517,148.86572,3.7547,0.09097,53.59,WISEA J095527.77+034516.9
324,2,6404,Mirabest,,148.865678,3.75467,0.091,,
325,2,2441,Lao,J095551.5+110235,148.96506,11.0426,0.28087,32.06,WISEA J095551.61+110233.3
325,2,2442,Sasmal,J095551.6+110233,148.9650417,11.04261111,0.28,33.0,
326,2,2459,Lao,J095800.1+032722,149.49721,3.45717,0.16533,704.93,DESI J095759.33+032725.9
326,2,6405,Mirabest,,149.497193,3.45717,0.1653,,
327,2,2474,Lao,J095938.4+575155,149.90724,57.86587,0.08024,51.88,WISEA J095937.73+575157.1
327,2,2473,Sasmal,J095937.6+575157,149.906875,57.86588889,0.08,51.0,
328,2,2477,Lao,J095956.6+564117,149.98617,56.68797,0.58776,20.25,DESI J095956.68+564116.7
328,2,2478,Sasmal,J095956.8+564114,149.986875,56.68738889,,21.0,
329,2,2489,Lao,J100112.5+550818,150.29718,55.13938,0.21446,123.34,WISEA J100111.32+550821.7
329,2,6522,Mirabest,,150.297105,55.13937,0.2145,,
330,2,2491,Lao,J100129.5+043439,150.3698,4.577,0.22153,110.81,WISEA J100128.75+043437.2
330,2,6406,Mirabest,,150.36981,4.57699,0.2215,,
331,2,2494,Lao,J100153.4+492026,150.47321,49.34256,0.17593,40.49,DESI J100153.57+492033.2
331,2,2495,Sasmal,J100153.5+492033,150.4732083,49.34255556,,41.0,
332,2,2500,Lao,J100243.8+475622,150.68349,47.93893,0.06006,10.58,DESI J100244.04+475620.2
332,2,2501,Sasmal,J100244.0+475620,150.6833333,47.93894444,,10.0,
333,2,2517,Lao,J100515.3+221037,151.31666,22.17946,0.4671,34.64,WISEA J100515.99+221046.0
333,2,2519,Sasmal,J100515.9+221047,151.3162917,22.17986111,,23.0,
334,2,2522,Lao,J100600.5+354408,151.49901,35.73475,0.39705,63.73,WISEA J100559.76+354405.1
334,2,6784,Mirabest,,151.49895,35.73466,0.3971,,
335,2,2542,Lao,J100844.6+014215,152.18634,1.7031,1.10061,179.71,DESI J100844.72+014211.2
335,2,2541,Sasmal,J100844.5+014211,152.1857917,1.703166667,,178.0,
336,2,2547,Lao,J100925.8+281754,152.35699,28.29991,0.45925,51.62,WISEA J100925.67+281759.6
336,2,6904,Mirabest,,152.35704,28.29997,0.4593,,
337,2,2549,Lao,J100942.6+033709,152.43122,3.62298,0.10513,183.97,2MASX J10094349+0337229
337,2,2550,Sasmal,J100943.5+033722,152.43125,3.622972222,0.11,185.0,
338,2,2554,Lao,J101042.9+214558,152.67713,21.76463,0.3913,21.02,WISEA J101042.51+214552.6
338,2,2553,Sasmal,J101042.6+214557,152.6775417,21.76591667,,20.0,
339,2,2560,Lao,J101058.3-060122,152.74096,-6.02288,1.10328,31.13,DESI J101057.83-060122.4
339,2,2559,Sasmal,J101057.7-060125,152.7404583,-6.023666667,,31.0,
340,2,2570,Lao,J101306.9+553206,153.27985,55.53397,0.54486,21.76,DESI J101307.17+553202.3
340,2,2571,Sasmal,J101307.1+553201,153.2798333,55.53377778,,27.0,
341,2,2576,Lao,J101423.8+501820,153.60006,50.30554,0.38167,66.87,WISEA J101424.01+501819.9
341,2,6551,Mirabest,,153.6003,50.30557,0.3817,,
342,3,2577,Lao,J101436.1+494510,153.65082,49.75906,0.209,413.43,DESI J101436.20+494532.6
342,3,6550,Mirabest,,153.650805,49.75906,0.2091,,
342,3,2578,Sasmal,J101436.1+494532,153.6508333,49.75905556,0.21,412.0,
343,3,2599,Lao,J101605.8+093018,154.02482,9.50343,0.20229,89.54,WISEA J101605.95+093012.3
343,3,6583,Mirabest,,154.02486,9.50343,0.2023,,
343,3,2600,Sasmal,J101605.9+093012,154.024875,9.503416667,0.2,85.0,
344,2,2616,Lao,J101801.5+635227,154.50786,63.87499,0.2336,223.83,2MASX J10180179+6352298
344,2,2617,Sasmal,J101801.8+635230,154.507875,63.87502778,0.23,222.0,
345,2,2625,Lao,J101919.8+422737,154.83341,42.45955,0.17393,64.47,SDSS J101920.01+422734.2
345,2,6579,Mirabest,,154.83273,42.45968,0.3608,,
346,2,2626,Lao,J101931.6+140251,154.88475,14.0506,0.14558,327.46,WISEA J101932.34+140302.1
346,2,6733,Mirabest,,154.884735,14.05052,0.1456,,
347,2,2638,Lao,J102141.3+002449,155.42168,0.41323,0.37998,25.69,DESI J102141.20+002447.6
347,2,2637,Sasmal,J102141.1+002447,155.421625,0.4132222222,,26.0,
348,2,2650,Lao,J102254.7+375815,155.72614,37.97132,0.23451,38.56,WISEA J102254.27+375816.7
348,2,2649,Sasmal,J102254.2+375816,155.7261667,37.97127778,0.23,40.0,
349,2,2666,Lao,J102501.5+040158,156.25667,4.03405,0.21123,108.56,WISEA J102501.59+040202.5
349,2,6408,Mirabest,,156.25668,4.03401,0.2112,,
350,2,2676,Lao,J102622.8+325909,156.59296,32.98655,0.23788,56.37,WISEA J102622.31+325911.5
350,2,2675,Sasmal,J102622.3+325911,156.5930417,32.98655556,0.24,76.0,
351,2,2720,Lao,J103201.0+350247,158.00675,35.04804,0.12082,49.93,WISEA J103201.61+350252.9
351,2,2723,Sasmal,J103201.6+350252,158.00675,35.04802778,0.12,30.0,
352,2,2722,Lao,J103201.2+550556,158.00513,55.09869,0.97318,10.0,DESI J103201.23+550555.3
352,2,2721,Sasmal,J103201.0+550554,158.0045417,55.09844444,,10.0,
353,3,2729,Lao,J103215.9+315231,158.06617,31.87662,0.33417,119.69,WISEA J103215.88+315235.8
353,3,6789,Mirabest,,158.066145,31.8766,0.3342,,
353,3,2728,Sasmal,J103215.8+315235,158.066125,31.87658333,0.33,56.0,
354,2,2732,Lao,J103221.4+051432,158.08972,5.24011,0.24468,54.09,SDSS J103221.53+051424.3
354,2,2731,Sasmal,J103221.4+051421,158.0892917,5.239388889,,19.0,
355,2,2737,Lao,J103241.3+014432,158.17086,1.74175,0.73165,36.03,WISEA J103241.02+014430.4
355,2,2736,Sasmal,J103240.9+014430,158.1706667,1.74175,,37.0,
356,2,2739,Lao,J103258.8+304544,158.24481,30.76089,0.41944,23.24,SDSS J103258.75+304539.2
356,2,2738,Sasmal,J103258.7+304539,158.2447917,30.76094444,0.42,23.0,
357,2,2741,Lao,J103307.6+192355,158.28384,19.39875,0.19162,35.36,WISEA J103308.12+192355.5
357,2,2742,Sasmal,J103308.1+192355,158.2837917,19.39877778,0.19,30.0,
358,2,2759,Lao,J103511.4+340619,158.79857,34.10701,0.67881,128.36,SDSS J103511.65+340625.2
358,2,2758,Sasmal,J103511.3+340624,158.7974167,34.10683333,0.53,129.0,
359,2,2761,Lao,J103540.9+590713,158.92306,59.11891,0.47403,18.6,WISEA J103541.53+590708.0
359,2,2762,Sasmal,J103541.5+590707,158.923,59.11880556,0.47,9.0,
360,2,2768,Lao,J103638.2+140128,159.15895,14.02408,0.20071,79.11,WISEA J103638.14+140126.6
360,2,6734,Mirabest,,159.158985,14.0241,0.2007,,
361,2,2771,Lao,J103649.5+484956,159.20451,48.83028,0.37892,69.46,SDSS J103649.08+484949.0
361,2,6499,Mirabest,,159.204495,48.83027,0.3789,,
362,2,2784,Lao,J103828.0+414848,159.6126,41.8147,0.12464,48.69,WISEA J103827.02+414852.9
362,2,6623,Mirabest,,159.61257,41.81469,0.1246,,
363,2,2785,Lao,J103837.0+011751,159.65261,1.29689,0.12853,327.28,WISEA J103836.62+011748.8
363,2,6366,Mirabest,,159.652635,1.29708,0.1285,,
364,2,2790,Lao,J103916.2+333835,159.81799,33.64163,0.36461,8.01,WISEA J103916.31+333829.8
364,2,2791,Sasmal,J103916.3+333829,159.8180833,33.6415,0.36,10.0,
365,2,2797,Lao,J103955.4+141901,159.98033,14.31516,0.38057,127.22,WISEA J103955.27+141854.5
365,2,6735,Mirabest,,159.98034,14.31518,0.3806,,
366,2,2799,Lao,J104020.0+154835,160.08412,15.80852,0.79468,11.17,DESI J104020.19+154830.7
366,2,2798,Sasmal,J104020.0+154833,160.083625,15.80927778,,18.0,
367,2,2819,Lao,J104254.1+290719,160.72821,29.12213,1.07195,29.35,DESI J104254.77+290719.7
367,2,2820,Sasmal,J104254.7+290717,160.728,29.12152778,,64.0,
368,2,2824,Lao,J104323.7+083316,160.8508,8.55132,0.28494,99.87,WISEA J104324.19+083304.7
368,2,6585,Mirabest,,160.85082,8.5514,0.2849,,
369,2,2826,Lao,J104326.3+094719,160.85901,9.78661,0.44716,18.67,DESI J104326.16+094711.8
369,2,2825,Sasmal,J104326.1+094711,160.859,9.786611111,0.43,18.0,
370,3,2837,Lao,J104501.2+125807,161.25633,12.96742,0.3056,56.32,WISEA J104501.51+125802.7
370,3,6736,Mirabest,,161.256165,12.96745,0.3056,,
370,3,2838,Sasmal,J104501.4+125802,161.2561667,12.96744444,0.3,56.0,
371,2,2843,Lao,J104544.0+525018,161.43358,52.83812,0.25726,235.43,WISEA J104544.05+525017.2
371,2,2842,Sasmal,J104544.0+525017,161.4335417,52.83808333,0.26,29.0,
372,2,2850,Lao,J104643.9+053842,161.68091,5.64419,0.30487,53.58,WISEA J104643.41+053839.0
372,2,2849,Sasmal,J104643.4+053838,161.6809167,5.644111111,0.3,51.0,
373,2,2871,Lao,J104845.8+185759,162.18861,18.9661,0.13536,85.15,2MASS J10484526+1857579
373,2,2870,Sasmal,J104845.2+185757,162.1885833,18.96605556,0.13,88.0,
374,2,2885,Lao,J104954.9+461928,162.48074,46.31988,0.35079,105.56,DESI J104955.37+461911.5
374,2,6645,Mirabest,,162.48075,46.31988,0.3508,,
375,2,2898,Lao,J105130.7+050310,162.8747,5.05671,0.22279,90.13,WISEA J105129.92+050324.1
375,2,2897,Sasmal,J105129.9+050324,162.874625,5.056722222,0.22,89.0,
376,2,2900,Lao,J105135.5+005131,162.89718,0.85934,2.23359,22.52,DESI J105135.32+005133.6
376,2,2899,Sasmal,J105135.3+005133,162.8971667,0.8593888889,2.01,21.0,
377,2,2926,Lao,J105614.3+112841,164.06155,11.47857,0.41918,20.88,WISEA J105614.77+112842.8
377,2,2927,Sasmal,J105614.7+112842,164.0615417,11.47852778,0.42,22.0,
378,2,2945,Lao,J105755.0+083802,164.4794,8.63451,0.2196,122.73,WISEA J105755.05+083804.2
378,2,7021,Mirabest,,164.479395,8.63448,0.2196,,
379,2,2978,Lao,J110332.6+035618,165.88521,3.93983,0.30444,100.55,WISEA J110332.44+035623.3
379,2,2977,Sasmal,J110332.4+035623,165.8851667,3.939944444,,101.0,
380,2,2987,Lao,J110443.7+472654,166.18548,47.44942,0.21767,102.75,DESI J110444.51+472657.8
380,2,2988,Sasmal,J110444.4+472656,166.18525,47.44911111,,67.0,
381,3,2992,Lao,J110523.9+594337,166.35068,59.72814,0.35945,88.4,WISEA J110524.16+594341.2
381,3,6523,Mirabest,,166.35105,59.72832,0.3595,,
381,3,2993,Sasmal,J110524.2+594341,166.3510833,59.72830556,0.36,89.0,
382,2,2998,Lao,J110531.2+410550,166.38297,41.09731,0.15207,81.53,WISEA J110531.91+410550.3
382,2,6647,Mirabest,,166.382985,41.09727,0.1521,,
383,2,3008,Lao,J110649.3+295353,166.70468,29.89812,0.46481,131.77,WISEA J110649.12+295353.2
383,2,6868,Mirabest,,166.70469,29.89809,0.4648,,
384,2,3019,Lao,J110812.4+261041,167.05191,26.17626,0.17515,120.97,WISEA J110812.45+261034.5
384,2,3018,Sasmal,J110812.4+261033,167.0519167,26.17605556,0.17,122.0,
385,2,3033,Lao,J111007.0+115940,167.52582,11.99523,0.12479,124.07,WISEA J111006.19+115942.8
385,2,3032,Sasmal,J111006.1+115943,167.5256667,11.99533333,0.13,122.0,
386,2,3062,Lao,J111401.4+342508,168.50755,34.41775,0.57161,11.78,WISEA J111401.81+342503.9
386,2,3063,Sasmal,J111401.7+342503,168.5074167,34.41755556,0.57,82.0,
387,2,3067,Lao,J111500.9+025910,168.75334,2.98558,0.25923,65.9,WISEA J111500.80+025908.0
387,2,6371,Mirabest,,168.75336,2.98561,0.2592,,
388,2,3069,Lao,J111508.8+283347,168.78523,28.56291,0.42866,57.51,SDSS J111508.45+283346.4
388,2,6870,Mirabest,,168.78525,28.56292,0.4287,,
389,2,3071,Lao,J111522.8+495635,168.84665,49.94472,0.31167,286.73,WISEA J111523.19+495640.9
389,2,6530,Mirabest,,168.846495,49.94469,0.3115,,
390,4,3089,Lao,J111834.5+311525,169.63977,31.25319,0.21976,324.24,2MASS J11183354+3115114
390,4,6795,Mirabest,,169.640895,31.25475,0.2181,,
390,4,6825,Mirabest,,169.639845,31.25322,0.2198,,
390,4,3088,Sasmal,J111833.5+311516,169.6396667,31.25452778,,324.0,
391,2,3127,Lao,J112508.8+031455,171.28668,3.24797,0.35533,11.33,WISEA J112508.80+031452.6
391,2,3126,Sasmal,J112508.7+031452,171.2866667,3.247833333,,12.0,
392,2,3131,Lao,J112524.4+361822,171.3489,36.30678,0.28532,44.05,WISEA J112523.73+361824.4
392,2,3130,Sasmal,J112523.7+361824,171.348875,36.30675,0.28,45.0,
393,2,3156,Lao,J112903.0+055048,172.26141,5.84722,0.3339,20.12,DESI J112902.74+055050.0
393,2,3155,Sasmal,J112902.7+055049,172.2614167,5.847194444,0.32,19.0,
394,3,3174,Lao,J113049.2+252433,172.70346,25.40989,0.14465,95.98,2MASX J11304881+2524360
394,3,6933,Mirabest,,172.703475,25.4099,0.1446,,
394,3,3172,Sasmal,J113048.8+252435,172.7034583,25.40988889,0.14,96.0,
395,2,3178,Lao,J113122.9+212616,172.84531,21.43119,0.13951,185.82,DESI J113122.87+212552.3
395,2,3177,Sasmal,J113122.8+212556,172.8453333,21.43236111,,193.0,
396,2,3182,Lao,J113131.7+012837,172.87942,1.47453,0.24139,91.63,WISEA J113131.06+012828.2
396,2,3181,Sasmal,J113131.0+012827,172.8794583,1.474388889,0.24,55.0,
397,2,3189,Lao,J113156.8-060006,172.98544,-6.0039,0.43559,89.3,DESI J113156.51-060014.0
397,2,3188,Sasmal,J113156.4-060012,172.9852917,-6.003361111,,88.0,
398,2,3191,Lao,J113157.3+390806,172.98777,39.13336,0.23284,20.09,WISEA J113157.06+390800.1
398,2,3190,Sasmal,J113157.0+390800,172.9877083,39.13336111,0.23,30.0,
399,2,3197,Lao,J113240.1+134423,173.16805,13.74041,1.06817,11.14,DESI J113240.33+134425.5
399,2,3198,Sasmal,J113240.2+134426,173.167625,13.74061111,,11.0,
400,2,3199,Lao,J113241.7+121322,173.175,12.21994,0.17355,50.91,WISEA J113242.00+121311.7
400,2,6678,Mirabest,,173.17512,12.21997,0.1735,,
401,2,3217,Lao,J113525.2+065440,173.85388,6.91149,,276.59,DESI J113524.93+065441.4
401,2,6683,Mirabest,,173.85387,6.91149,0.1585,,
402,2,3266,Lao,J114111.4+054343,175.29923,5.73476,0.09743,498.77,DESI J114111.81+054405.0
402,2,6487,Mirabest,,175.29924,5.73474,0.0974,,
403,2,3282,Lao,J114312.2+164146,175.80115,16.69426,0.43653,12.71,DESI J114312.28+164139.3
403,2,3281,Sasmal,J114312.2+164139,175.801125,16.69425,,11.0,
404,3,3289,Lao,J114340.4+072951,175.91604,7.49989,0.09642,158.17,WISEA J114339.84+072959.6
404,3,6685,Mirabest,,175.91601,7.49989,0.0964,,
404,3,3288,Sasmal,J114339.8+072959,175.9160417,7.499888889,0.1,70.0,
405,2,3292,Lao,J114423.3+035849,176.09605,3.97995,0.12763,111.8,WISEA J114423.05+035847.8
405,2,6489,Mirabest,,176.096055,3.97991,0.1276,,
406,2,3298,Lao,J114447.7+583358,176.20028,58.56401,0.33687,74.88,WISEA J114448.06+583350.4
406,2,3299,Sasmal,J114448.0+583350,176.2003333,58.564,0.34,47.0,
407,3,3301,Lao,J114522.2+152941,176.34249,15.49537,0.06822,359.86,MCG +03-30-100
407,3,6739,Mirabest,,176.342445,15.49535,0.0682,,
407,3,3302,Sasmal,J114522.2+152942,176.3425,15.49527778,,34.0,
408,2,3325,Lao,J114729.2+542142,176.87072,54.36035,0.58418,68.55,DESI J114728.97+542137.3
408,2,3324,Sasmal,J114728.9+542137,176.8707083,54.36036111,,70.0,
409,2,3331,Lao,J114833.4+233230,177.13815,23.54061,0.17605,39.53,WISEA J114833.15+233226.1
409,2,3330,Sasmal,J114833.1+233225,177.1380833,23.54052778,0.18,40.0,
410,2,3343,Lao,J114936.2+313637,177.40102,31.61027,,8.84,
410,2,3344,Sasmal,J114936.3+313632,177.4013333,31.60902778,,10.0,
411,2,3366,Lao,J115243.4+340539,178.18253,34.09334,0.44683,98.38,WISEA J115243.80+340536.0
411,2,3367,Sasmal,J115243.6+340533,178.1819167,34.09275,,35.0,
412,2,3369,Lao,J115307.5+460234,178.28355,46.04567,0.36266,55.25,WISEA J115308.05+460244.3
412,2,6651,Mirabest,,178.28355,46.04567,0.3627,,
413,2,3382,Lao,J115416.5+100943,178.56924,10.16109,0.21761,45.29,WISEA J115416.61+100939.9
413,2,3381,Sasmal,J115416.5+100940,178.5690417,10.16122222,,46.0,
414,2,3386,Lao,J115424.4+020649,178.60244,2.11477,0.13242,74.5,WISEA J115424.58+020653.1
414,2,6375,Mirabest,,178.60236,2.11471,0.1324,,
415,2,3388,Lao,J115434.1+363542,178.64504,36.59439,0.11556,43.73,WISEA J115434.80+363539.8
415,2,3389,Sasmal,J115434.8+363539,178.6450833,36.59441667,0.11,42.0,
416,2,3394,Lao,J115500.6-012548,178.75198,-1.43107,0.16348,142.11,DESI J115500.48-012552.0
416,2,3393,Sasmal,J115500.4-012552,178.752,-1.431111111,,112.0,
417,2,3398,Lao,J115513.3-003147,178.80694,-0.52607,0.13215,163.86,WISEA J115513.66-003133.8
417,2,6314,Mirabest,,178.806885,-0.5261,0.1322,,
418,2,3414,Lao,J115638.4+204853,179.16058,20.81313,0.14638,20.16,WISEA J115638.53+204847.2
418,2,3415,Sasmal,J115638.8+204847,179.1617917,20.81319444,0.15,19.0,
419,2,3423,Lao,J115821.1+003713,179.58877,0.6184,0.27193,20.93,WISEA J115821.30+003706.2
419,2,3424,Sasmal,J115821.3+003708,179.5889167,0.6189166667,,22.0,
420,2,3430,Lao,J115853.8+094632,179.72388,9.77518,0.22647,19.7,DESI J115853.73+094630.7
420,2,3431,Sasmal,J115854.0+094631,179.7250417,9.775527778,,20.0,
421,2,3447,Lao,J120118.0+061859,180.3258,6.31648,0.13505,54.85,WISEA J120118.19+061859.3
421,2,6687,Mirabest,,180.325815,6.31648,0.135,,
422,2,3450,Lao,J120126.7-070312,180.35724,-7.05313,0.23634,206.89,DESI J120125.74-070311.3
422,2,3449,Sasmal,J120125.7-070310,180.3572083,-7.053027778,,207.0,
423,2,3473,Lao,J120402.9+201325,181.00607,20.23235,0.02445,406.03,NGC 4061
423,2,3472,Sasmal,J120401.7+201355,181.0070833,20.23213889,,76.0,
424,2,3485,Lao,J120459.4+455941,181.24427,45.99365,0.21299,103.26,WISEA J120458.62+455937.1
424,2,6626,Mirabest,,181.244295,45.99361,0.213,,
425,2,3489,Lao,J120515.1+320428,181.31043,32.07145,0.16616,176.13,WISEA J120514.50+320417.2
425,2,6827,Mirabest,,181.31043,32.07143,0.1662,,
426,2,3498,Lao,J120649.9+272944,181.708,27.493,0.44367,79.41,WISEA J120649.92+272934.7
426,2,6879,Mirabest,,181.708155,27.493,0.4437,,
427,2,3513,Lao,J120828.9+342517,182.11946,34.41932,0.55386,79.62,SDSS J120828.67+342509.5
427,2,3512,Sasmal,J120828.5+342509,182.119,34.41927778,,80.0,
428,2,3521,Lao,J120923.9+370855,182.3502,37.14698,0.03868,101.05,DESI J120924.05+370849.1
428,2,3522,Sasmal,J120924.0+370849,182.3503333,37.14708333,,101.0,
429,2,3523,Lao,J120938.0+242040,182.40998,24.34398,0.25032,34.02,WISEA J120938.39+242038.3
429,2,3524,Sasmal,J120938.2+242038,182.4095417,24.344,,35.0,
430,2,3530,Lao,J121012.8+112113,182.54998,11.35086,0.19626,134.18,WISEA J121011.99+112103.0
430,2,6679,Mirabest,,182.54997,11.35077,0.1963,,
431,2,3533,Lao,J121028.0+481255,182.61726,48.21585,0.48159,36.72,WISEA J121028.14+481257.0
431,2,3534,Sasmal,J121028.2+481257,182.61775,48.21597222,,38.0,
432,2,3539,Lao,J121111.2+060740,182.79579,6.12892,0.13859,112.3,WISEA J121110.99+060744.1
432,2,3538,Sasmal,J121110.9+060744,182.7957917,6.128944444,0.14,36.0,
433,2,3543,Lao,J121151.1+484915,182.9629,48.81976,0.29429,142.24,WISEA J121151.09+484911.1
433,2,6534,Mirabest,,182.962815,48.81978,0.2943,,
434,2,3544,Lao,J121156.0+070741,182.98451,7.12475,0.13548,164.06,WISEA J121156.28+070729.0
434,2,3545,Sasmal,J121156.2+070729,182.9845,7.124777778,0.14,164.0,
435,2,3558,Lao,J121319.5+561253,183.32943,56.21512,0.34547,13.0,WISEA J121319.06+561254.4
435,2,3557,Sasmal,J121318.9+561254,183.3289583,56.21502778,,13.0,
436,2,3560,Lao,J121345.8-032708,183.43978,-3.45203,0.44963,25.75,WISEA J121345.54-032707.3
436,2,3559,Sasmal,J121345.4-032709,183.4392917,-3.452638889,,26.0,
437,3,3583,Lao,J121640.4+034226,184.16716,3.70854,0.08002,171.7,WISEA J121640.11+034230.7
437,3,6376,Mirabest,,184.167195,3.70872,0.08,,
437,3,3582,Sasmal,J121640.1+034231,184.1672083,3.70875,0.08,20.0,
438,2,3593,Lao,J121729.0+033635,184.38098,3.61569,0.07725,1299.34,DESI J121731.43+033656.4
438,2,3596,Sasmal,J121731.3+033656,184.3808333,3.615833333,0.08,22.0,
439,2,3615,Lao,J121943.1+043340,184.92903,4.55951,0.29457,96.78,WISEA J121942.96+043334.2
439,2,6490,Mirabest,,184.928985,4.55948,0.2946,,
440,2,3620,Lao,J122013.3+475958,185.05489,47.9964,0.29925,55.71,WISEA J122013.17+475947.0
440,2,3619,Sasmal,J122013.1+475946,185.0547917,47.99633333,0.3,56.0,
441,2,3634,Lao,J122149.4+321742,185.45688,32.29708,0.17233,49.85,WISEA J122149.65+321749.4
441,2,6810,Mirabest,,185.45688,32.29705,0.1723,,
442,2,3669,Lao,J122526.1+373734,186.35209,37.6219,0.18532,254.65,WISEA J122524.50+373718.8
442,2,6807,Mirabest,,186.352095,37.62189,0.1853,,
443,2,3681,Lao,J122731.1+492847,186.88453,49.47891,0.11938,122.52,WISEA J122732.28+492844.0
443,2,3682,Sasmal,J122732.2+492844,186.8845417,49.47888889,0.12,124.0,
444,2,3684,Lao,J122752.9+632300,186.9634,63.38481,0.14551,236.09,CGPG 1225.6+6338 NED01
444,2,6468,Mirabest,,186.96351,63.38481,0.1455,,
445,2,3691,Lao,J122944.8+261056,187.43758,26.17914,0.3856,86.26,WISEA J122945.01+261044.9
445,2,6985,Mirabest,,187.437615,26.17918,0.3856,,
446,2,3693,Lao,J122951.1+114024,187.46803,11.67743,0.08279,1581.17,WISEA J122952.32+114038.7
446,2,6681,Mirabest,,187.46805,11.67745,0.0828,,
447,2,3707,Lao,J123145.8+385021,187.94162,38.84196,0.18279,67.1,DESI J123145.99+385031.1
447,2,3708,Sasmal,J123145.9+385030,187.9415833,38.84191667,,67.0,
448,2,3712,Lao,J123211.5+313103,188.04763,31.51613,0.35222,80.39,WISEA J123211.43+313058.0
448,2,3711,Sasmal,J123211.4+313058,188.0476667,31.51613889,0.35,80.0,
449,3,3717,Lao,J123317.1+192846,188.31964,19.48051,0.22812,106.09,WISEA J123316.71+192849.8
449,3,6968,Mirabest,,188.31969,19.48066,0.2282,,
449,3,3716,Sasmal,J123316.7+192850,188.3196667,19.48066667,0.23,106.0,
450,2,3718,Lao,J123324.4+355918,188.35205,35.98852,,17.96,
450,2,3719,Sasmal,J123324.5+355915,188.352125,35.98763889,,16.0,
451,2,3729,Lao,J123456.8+401252,188.73552,40.21512,0.4883,46.23,SDSS J123456.52+401254.4
451,2,3728,Sasmal,J123456.5+401254,188.7355,40.21511111,0.49,46.0,
452,2,3731,Lao,J123507.2+562508,188.77953,56.41823,0.46336,114.96,DESI J123507.09+562505.6
452,2,3730,Sasmal,J123507.0+562505,188.7795417,56.41822222,0.39,116.0,
453,2,3751,Lao,J123720.3+201355,189.33474,20.23162,0.8186,20.29,DESI J123720.34+201353.8
453,2,3750,Sasmal,J123720.3+201352,189.3347083,20.23127778,,19.0,
454,2,3767,Lao,J123916.4+142306,189.8172,14.3861,0.36498,4.91,WISEA J123916.12+142309.9
454,2,3766,Sasmal,J123916.1+142309,189.8172083,14.38602778,0.37,8.0,
455,3,3781,Lao,J124109.0+273454,190.28605,27.57971,0.19852,177.69,DESI J124108.66+273447.0
455,3,6881,Mirabest,,190.286085,27.57973,0.1985,,
455,3,3780,Sasmal,J124108.7+273447,190.286625,27.57975,,177.0,
456,2,3786,Lao,J124147.3+605637,190.45024,60.94437,0.2335,16.87,WISEA J124148.05+605639.7
456,2,3787,Sasmal,J124148.0+605639,190.450125,60.94427778,0.23,16.0,
457,2,3788,Lao,J124150.0+160021,190.45911,16.00543,0.24366,57.74,WISEA J124150.18+160019.5
457,2,6742,Mirabest,,190.45908,16.00544,0.2437,,
458,3,3794,Lao,J124247.6+404149,190.69904,40.6956,0.44535,42.1,DESI J124247.77+404144.1
458,3,6798,Mirabest,,190.69902,40.69564,0.452,,
458,3,3795,Sasmal,J124247.7+404144,190.699,40.69563889,0.45,43.0,
459,2,3824,Lao,J124648.3+545323,191.69809,54.88752,0.08506,40.93,WISEA J124647.54+545315.0
459,2,3823,Sasmal,J124647.5+545315,191.6980417,54.88755556,0.08,40.0,
460,2,3829,Lao,J124701.2+404209,191.75415,40.70066,0.19673,76.27,DESI J124701.00+404202.4
460,2,3828,Sasmal,J124700.9+404202,191.7541667,40.70063889,,75.0,
461,2,3837,Lao,J124725.5+093107,191.85081,9.51918,0.19046,116.91,WISEA J124724.19+093109.0
461,2,3836,Sasmal,J124724.1+093108,191.8506667,9.519138889,0.19,117.0,
462,2,3850,Lao,J124925.7+093211,192.35716,9.53595,0.22802,64.14,WISEA J124925.71+093209.4
462,2,6745,Mirabest,,192.357195,9.53583,0.228,,
463,2,3852,Lao,J124943.2+303858,192.42597,30.64388,0.1937,91.83,WISEA J124942.23+303837.9
463,2,3851,Sasmal,J124942.2+303837,192.4259583,30.64386111,0.19,86.0,
464,2,3853,Lao,J124947.4+014316,192.44796,1.72516,0.15825,190.83,WISEA J124947.51+014330.5
464,2,6378,Mirabest,,192.44802,1.72511,0.1583,,
465,2,3858,Lao,J125003.3-013223,192.51604,-1.54042,0.082,386.74,WISEA J125003.86-013225.2
465,2,3859,Sasmal,J125003.8-013224,192.5158333,-1.540277778,0.08,384.0,
466,2,3861,Lao,J125011.0+083958,192.54412,8.66465,0.34772,11.61,WISEA J125010.58+083952.7
466,2,3860,Sasmal,J125010.5+083952,192.544125,8.664638889,0.35,13.0,
467,2,3870,Lao,J125118.3-012313,192.82624,-1.387,,26.24,
467,2,3869,Sasmal,J125118.1-012312,192.825625,-1.386805556,,26.0,
468,2,3879,Lao,J125222.8+031555,193.09423,3.26501,0.09885,938.18,DESI J125222.61+031554.1
468,2,6380,Mirabest,,193.09422,3.265,0.0988,,
469,2,3900,Lao,J125516.9+015258,193.82148,1.88217,0.99227,6.85,DESI J125517.15+015255.8
469,2,3901,Sasmal,J125516.9+015259,193.8208333,1.883194444,,8.0,
470,2,3930,Lao,J125929.8+490607,194.87718,49.10065,0.25568,11.86,WISEA J125930.52+490602.3
470,2,3931,Sasmal,J125930.2+490600,194.8759167,49.10016667,,15.0,
471,2,3934,Lao,J125942.3+461743,194.92431,46.29443,0.42199,14.28,SDSS J125941.83+461739.9
471,2,3933,Sasmal,J125941.8+461739,194.924375,46.29441667,0.42,13.0,
472,2,3962,Lao,J130409.7+185559,196.03868,18.93024,0.19675,50.93,WISEA J130409.28+185548.8
472,2,3961,Sasmal,J130409.2+185548,196.0387083,18.93019444,0.2,52.0,
473,2,3968,Lao,J130526.8+264510,196.36363,26.75205,0.33212,78.83,WISEA J130527.27+264507.3
473,2,6884,Mirabest,,196.36353,26.75199,0.3321,,
474,2,3975,Lao,J130607.4+333813,196.52959,33.63708,0.30082,22.14,WISEA J130607.10+333813.4
474,2,3974,Sasmal,J130607.1+333813,196.529625,33.63708333,0.3,22.0,
475,2,3978,Lao,J130630.0-053931,196.62726,-5.65749,0.41906,21.63,DESI J130630.54-053927.0
475,2,3979,Sasmal,J130630.4-053926,196.6266667,-5.657277778,,22.0,
476,2,3987,Lao,J130732.5+440350,196.88452,44.057,0.20246,106.09,WISEA J130732.28+440325.2
476,2,6629,Mirabest,,196.88457,44.05706,0.2025,,
477,3,3988,Lao,J130742.9+565057,196.93224,56.851,0.24988,136.32,WISEA J130743.73+565103.5
477,3,6605,Mirabest,,196.93209,56.85091,0.25,,
477,3,3989,Sasmal,J130743.7+565103,196.9320833,56.85091667,0.25,136.0,
478,2,3992,Lao,J130833.3+531111,197.13766,53.18872,0.32187,22.26,WISEA J130833.03+531119.3
478,2,3991,Sasmal,J130833.0+531119,197.137625,53.18872222,0.32,21.0,
479,2,3993,Lao,J130836.4+082857,197.15165,8.48265,,11.88,
479,2,3994,Sasmal,J130836.4+082900,197.1516667,8.483527778,,13.0,
480,2,3999,Lao,J130906.0+102942,197.26857,10.49314,0.08661,556.56,DESI J130904.46+102935.3
480,2,6749,Mirabest,,197.268615,10.49314,0.0866,,
481,2,4016,Lao,J131117.9+192239,197.82275,19.37955,0.19259,37.28,WISEA J131117.45+192246.3
481,2,4015,Sasmal,J131117.4+192246,197.82275,19.37952778,0.19,36.0,
482,2,4025,Lao,J131340.9+022035,198.42045,2.34313,,6.7,
482,2,4026,Sasmal,J131341.0+022036,198.4210417,2.343527778,,7.0,
483,2,4044,Lao,J131517.3+061304,198.82186,6.21592,0.26088,45.79,SDSS J131517.24+061257.3
483,2,4043,Sasmal,J131517.2+061257,198.821875,6.215916667,0.26,45.0,
484,3,4060,Lao,J131739.4+191028,199.41459,19.17242,0.26856,158.98,WISEA J131739.50+191020.6
484,3,6970,Mirabest,,199.414665,19.17244,0.2685,,
484,3,4061,Sasmal,J131739.5+191020,199.4146667,19.17244444,0.27,160.0,
485,2,4066,Lao,J131757.1+314458,199.48654,31.74637,0.21288,29.42,DESI J131756.77+314446.9
485,2,4065,Sasmal,J131756.7+314447,199.4865,31.74638889,0.21,30.0,
486,2,4075,Lao,J131926.5+580725,199.86199,58.12362,0.31451,30.11,WISEA J131926.87+580725.0
486,2,4076,Sasmal,J131926.9+580725,199.8620833,58.12369444,0.31,31.0,
487,2,4081,Lao,J131952.2+544303,199.96827,54.71908,0.37205,17.48,SDSS J131952.38+544308.6
487,2,4082,Sasmal,J131952.3+544308,199.96825,54.71905556,0.37,16.0,
488,2,4083,Lao,J132000.0+253246,200.00083,25.54551,0.13417,257.44,DESI J132000.20+253243.8
488,2,6987,Mirabest,,200.000835,25.54553,0.1347,,
489,2,4087,Lao,J132031.1-034107,200.13034,-3.68475,0.35372,49.43,DESI J132031.28-034105.1
489,2,4088,Sasmal,J132031.3-034105,200.1305417,-3.684888889,,55.0,
490,2,4105,Lao,J132246.6+113212,200.69297,11.53783,0.21313,57.98,WISEA J132246.31+113216.2
490,2,4104,Sasmal,J132246.3+113215,200.6929583,11.53775,0.21,57.0,
491,2,4112,Lao,J132319.3+030812,200.82837,3.13532,0.26893,1394.62,WISEA J132318.80+030807.1
491,2,6382,Mirabest,,200.828385,3.13532,0.2689,,
492,2,4127,Lao,J132519.5+080806,201.32926,8.13235,0.14771,121.92,WISEA J132519.02+080756.4
492,2,6751,Mirabest,,201.329235,8.13237,0.1477,,
493,2,4142,Lao,J132613.8+192427,201.557,19.40661,0.17628,94.72,WISEA J132613.67+192423.8
493,2,6972,Mirabest,,201.55701,19.40661,0.1763,,
494,2,4151,Lao,J132705.8-044034,201.77432,-4.67943,0.43071,38.48,DESI J132705.84-044045.9
494,2,4150,Sasmal,J132705.5-044047,201.7732083,-4.679777778,,39.0,
495,2,4160,Lao,J132758.0+000749,201.98952,0.13098,0.50908,53.79,WISEA J132757.48+000751.5
495,2,4158,Sasmal,J132757.4+000747,201.9894583,0.1298333333,,56.0,
496,2,4169,Lao,J132924.2-051108,202.34939,-5.18783,0.39932,13.03,DESI J132923.85-051116.2
496,2,4168,Sasmal,J132923.9-051115,202.3497083,-5.187555556,,13.0,
497,2,4173,Lao,J133007.3+270354,202.52784,27.06464,0.27696,76.47,WISEA J133006.68+270352.6
497,2,6886,Mirabest,,202.52781,27.0646,0.277,,
498,2,4174,Lao,J133010.2-020600,202.54299,-2.1049,0.08657,174.1,VIII Zw 317 NOTES01
498,2,6509,Mirabest,,202.54302,-2.10501,0.0866,,
499,2,4176,Lao,J133029.5+064919,202.62946,6.82605,0.27583,154.55,WISEA J133031.07+064933.7
499,2,4178,Sasmal,J133031.0+064933,202.6294583,6.826055556,0.28,152.0,
500,2,4181,Lao,J133039.4+625512,202.66341,62.9188,0.2211,51.75,WISEA J133039.21+625507.6
500,2,6423,Mirabest,,202.66389,62.91869,0.2211,,
501,2,4184,Lao,J133105.8+163041,202.77424,16.511,0.39138,67.49,WISEA J133105.81+163039.5
501,2,6966,Mirabest,,202.77435,16.51105,0.3914,,
502,2,4204,Lao,J133325.6+094430,203.35762,9.74226,0.316,25.82,WISEA J133325.82+094432.1
502,2,4205,Sasmal,J133325.8+094431,203.3577083,9.742194444,0.32,24.0,
503,2,4207,Lao,J133334.6+542742,203.39698,54.46218,0.1075,179.74,WISEA J133335.27+542743.8
503,2,4208,Sasmal,J133335.2+542743,203.3967917,54.46208333,0.11,183.0,
504,2,4211,Lao,J133340.8+041513,203.42032,4.25151,0.17041,312.4,2MASX J13334083+0415058
504,2,6495,Mirabest,,203.420325,4.25151,0.1704,,
505,2,4222,Lao,J133437.5+253720,203.65448,25.62233,0.29761,22.02,WISEA J133437.07+253720.3
505,2,4221,Sasmal,J133437.0+253720,203.6545417,25.62225,0.3,28.0,
506,2,4226,Lao,J133449.1+172805,203.70334,17.47113,0.21137,39.64,DESI J133448.80+172816.1
506,2,4225,Sasmal,J133448.6+172812,203.7025,17.47008333,,40.0,
507,2,4245,Lao,J133632.7+211957,204.13412,21.33249,0.18885,39.9,WISEA J133632.18+211956.9
507,2,6983,Mirabest,,204.13413,21.33247,0.1889,,
508,2,4271,Lao,J133903.0-072639,204.76154,-7.4457,0.9864,58.31,DESI J133902.77-072644.5
508,2,4270,Sasmal,J133902.7-072643,204.761375,-7.445388889,,63.0,
509,2,4279,Lao,J134002.3+193358,205.00802,19.56306,0.4676,56.98,WISEA J134001.92+193347.0
509,2,6977,Mirabest,,205.00806,19.56306,0.4676,,
510,2,4292,Lao,J134120.9-011615,205.33781,-1.27064,0.87776,21.78,WISEA J134121.07-011614.2
510,2,4293,Sasmal,J134121.0-011614,205.337625,-1.270638889,,25.0,
511,2,4316,Lao,J134503.5+611029,206.2628,61.17544,0.50652,21.27,WISEA J134503.07+611031.5
511,2,4315,Sasmal,J134503.0+611031,206.26275,61.17544444,0.51,19.0,
512,2,4317,Lao,J134504.3+085506,206.26854,8.91941,0.61906,15.54,SDSS J134504.44+085509.8
512,2,4318,Sasmal,J134504.6+085507,206.2694583,8.918666667,,14.0,
513,2,4323,Lao,J134533.2+054613,206.38656,5.7696,0.12501,99.43,WISEA J134532.77+054610.5
513,2,6497,Mirabest,,206.38653,5.76957,0.125,,
514,2,4324,Lao,J134541.8+312408,206.42357,31.4018,0.22236,80.71,SDSS J134541.65+312406.4
514,2,6815,Mirabest,,206.42358,31.4018,0.2224,,
515,2,4337,Lao,J134732.6+410306,206.88792,41.05566,0.28691,127.83,WISEA J134733.10+410320.3
515,2,6632,Mirabest,,206.88816,41.05571,0.2869,,
516,2,4349,Lao,J134936.3+482839,207.40033,48.47883,0.49935,29.63,WISEA J134936.07+482843.7
516,2,4348,Sasmal,J134936.0+482844,207.4002917,48.47888889,0.5,29.0,
517,2,4352,Lao,J134949.4+420657,207.45147,42.11773,0.23316,39.04,WISEA J134948.35+420703.8
517,2,4351,Sasmal,J134948.3+420703,207.4514583,42.11769444,0.23,39.0,
518,2,4364,Lao,J135144.6+071226,207.93634,7.20471,0.84339,222.39,DESI J135144.72+071217.0
518,2,4365,Sasmal,J135144.7+071216,207.9363333,7.204722222,,126.0,
519,2,4367,Lao,J135221.1+615335,208.09463,61.8937,0.17847,186.46,2MASX J13522273+6153370
519,2,6424,Mirabest,,208.094625,61.8937,0.1786,,
520,2,4373,Lao,J135315.8+550652,208.31377,55.11344,0.14342,58.48,2MASX J13531560+5506498
520,2,6606,Mirabest,,208.31409,55.11342,0.1434,,
521,2,4374,Lao,J135330.1-073219,208.37628,-7.53799,0.18581,38.86,DESI J135330.31-073216.8
521,2,4375,Sasmal,J135330.3-073216,208.3762917,-7.537972222,,26.0,
522,2,4378,Lao,J135341.3+094235,208.4161,9.70373,0.13487,139.04,WISEA J135339.86+094213.4
522,2,4376,Sasmal,J135339.8+094213,208.4160417,9.70375,0.13,59.0,
523,2,4388,Lao,J135442.6+052901,208.67615,5.48226,0.07693,36.96,WISEA J135442.27+052856.1
523,2,4387,Sasmal,J135442.2+052856,208.676125,5.48225,0.08,40.0,
524,2,4398,Lao,J135547.1+175847,208.94635,17.97924,0.33249,21.52,WISEA J135547.12+175845.2
524,2,4397,Sasmal,J135547.1+175844,208.946375,17.97916667,0.33,29.0,
525,2,4399,Lao,J135604.7+120759,209.01906,12.13319,0.3492,64.59,WISEA J135604.57+120759.4
525,2,6710,Mirabest,,209.019105,12.13298,0.3492,,
526,2,4431,Lao,J135856.9+035229,209.73851,3.87351,0.65488,63.68,DESI J209.7385+03.8735
526,2,4432,Sasmal,J135857.1+035226,209.7383333,3.874111111,,64.0,
527,2,4441,Lao,J135950.2-010237,209.96126,-1.0443,0.34875,28.99,WISEA J135950.70-010239.4
527,2,4442,Sasmal,J135950.7-010238,209.96125,-1.044138889,0.35,30.0,
528,2,4446,Lao,J135959.7+444354,209.99902,44.73183,,22.22,
528,2,4445,Sasmal,J135959.4+444357,209.9975,44.73263889,,22.0,
529,2,4459,Lao,J140123.4+074043,210.34755,7.67783,0.2707,14.25,WISEA J140123.41+074040.1
529,2,4458,Sasmal,J140123.4+074040,210.3475417,7.677805556,0.27,16.0,
530,2,4463,Lao,J140148.2+283318,210.45133,28.55585,0.0645,103.51,CGCG 162-052
530,2,4464,Sasmal,J140148.6+283317,210.4525,28.55497222,,105.0,
531,2,4494,Lao,J140604.6+404147,211.51703,40.69415,0.21092,328.73,WISEA J140604.08+404138.9
531,2,6633,Mirabest,,211.516785,40.69411,0.2109,,
532,2,4496,Lao,J140605.7+021157,211.52369,2.19813,0.80557,16.76,DESI J140605.69+021153.3
532,2,4495,Sasmal,J140605.6+021153,211.523625,2.198305556,,15.0,
533,2,4506,Lao,J140712.2+425726,211.80429,42.95991,0.57535,31.93,DESI J140713.03+425735.7
533,2,4507,Sasmal,J140713.0+425735,211.8043333,42.95991667,,32.0,
534,2,4514,Lao,J140807.0+454052,212.02862,45.682,0.52568,9.52,WISEA J140806.86+454055.1
534,2,4513,Sasmal,J140806.6+454054,212.027625,45.68183333,,10.0,
535,2,4518,Lao,J140853.7+051127,212.22412,5.19083,,5.22,
535,2,4517,Sasmal,J140853.7+051124,212.2237917,5.190166667,,8.0,
536,2,4534,Lao,J141055.9-063641,212.73295,-6.61143,,113.7,
536,2,4533,Sasmal,J141055.7-063639,212.7324583,-6.610972222,,114.0,
537,2,4540,Lao,J141129.1+104902,212.87203,10.81655,0.16118,32.17,WISEA J141129.28+104859.5
537,2,4541,Sasmal,J141129.3+104859,212.8722083,10.81641667,0.16,28.0,
538,2,4556,Lao,J141253.6+215746,213.22383,21.96174,0.6306,40.35,DESI J141253.72+215742.3
538,2,4555,Sasmal,J141253.6+215743,213.2235417,21.96219444,,38.0,
539,2,4557,Lao,J141258.1+144408,213.24071,14.73423,0.14136,62.78,WISEA J141257.76+144403.2
539,2,6990,Mirabest,,213.24072,14.73423,0.1414,,
540,2,4562,Lao,J141330.7+484435,213.37256,48.74031,0.18349,72.63,WISEA J141329.41+484425.1
540,2,6699,Mirabest,,213.37251,48.74031,0.1835,,
541,2,4571,Lao,J141456.9+174612,213.73284,17.77202,0.33739,78.93,WISEA J141455.88+174619.2
541,2,6997,Mirabest,,213.7329,17.77205,0.3374,,
542,2,4573,Lao,J141513.6-013707,213.80828,-1.6177,0.14959,223.23,WISEA J141513.98-013703.7
542,2,6510,Mirabest,,213.80829,-1.61772,0.1496,,
543,2,4576,Lao,J141538.9+232653,213.91195,23.4473,1.0997,38.58,DESI J141538.87+232650.3
543,2,4575,Sasmal,J141538.8+232650,213.911875,23.44741667,,22.0,
544,2,4581,Lao,J141613.3+214743,214.0576,21.79524,0.19406,38.93,WISEA J141613.82+214742.8
544,2,4582,Sasmal,J141613.7+214742,214.0574583,21.79522222,0.19,11.0,
545,2,4592,Lao,J141718.4+060812,214.32899,6.13676,0.10972,190.0,WISEA J141718.95+060812.3
545,2,6762,Mirabest,,214.32894,6.13675,0.1097,,
546,2,4594,Lao,J141730.8+081237,214.38029,8.20842,0.0568,349.7,NGC 5535
546,2,6756,Mirabest,,214.3803,8.2084,0.0568,,
547,2,4600,Lao,J141753.5+011442,214.47039,1.24522,0.36936,9.61,DESI J141752.89+011442.8
547,2,4599,Sasmal,J141752.8+011442,214.470375,1.245194444,0.38,13.0,
548,2,4601,Lao,J141808.8+051512,214.5383,5.2544,0.58384,31.5,WISEA J141809.19+051515.8
548,2,4602,Sasmal,J141809.1+051515,214.5382083,5.254305556,0.58,31.0,
549,2,4605,Lao,J141812.3+321145,214.54795,32.19426,0.36099,29.12,WISEA J141811.50+321139.3
549,2,4604,Sasmal,J141811.5+321139,214.5479583,32.19425,0.36,30.0,
550,2,4614,Lao,J141939.5+465738,214.91734,46.95835,0.48256,68.94,WISEA J141940.16+465730.0
550,2,4616,Sasmal,J141940.1+465729,214.9173333,46.95830556,0.48,67.0,
551,2,4621,Lao,J142030.9-062233,215.13033,-6.37985,0.24346,69.27,DESI J142031.28-062247.5
551,2,4622,Sasmal,J142031.3-062243,215.1307083,-6.378722222,,26.0,
552,3,4628,Lao,J142042.3+250041,215.17434,25.00972,0.36254,126.91,WISEA J142041.84+250034.9
552,3,6840,Mirabest,,215.17437,25.00972,0.3625,,
552,3,4627,Sasmal,J142041.8+250035,215.174375,25.00972222,0.36,139.0,
553,2,4640,Lao,J142128.9-043136,215.37067,-4.52572,0.34027,58.62,DESI J142128.96-043132.6
553,2,4639,Sasmal,J142128.9-043131,215.3704167,-4.525527778,,61.0,
554,2,4641,Lao,J142136.5+610036,215.40398,61.00682,0.3091,24.71,WISEA J142136.95+610024.5
554,2,4642,Sasmal,J142136.9+610024,215.403875,61.00683333,0.31,21.0,
555,2,4645,Lao,J142158.9+445954,215.49382,44.9973,0.28286,79.75,WISEA J142158.51+445950.2
555,2,6595,Mirabest,,215.49387,44.99731,0.2817,,
556,2,4653,Lao,J142259.1+082516,215.74555,8.42206,0.8596,14.23,DESI J142258.93+082519.4
556,2,4652,Sasmal,J142258.9+082518,215.7454167,8.421888889,,16.0,
557,2,4655,Lao,J142334.2+162852,215.89296,16.47806,0.236,67.7,WISEA J142334.31+162841.0
557,2,6996,Mirabest,,215.892885,16.4778,0.236,,
558,2,4663,Lao,J142446.6+040340,216.19336,4.06266,0.36335,21.8,WISEA J142446.40+040345.5
558,2,4662,Sasmal,J142446.4+040345,216.1935833,4.062666667,0.36,20.0,
559,2,4670,Lao,J142547.2+554526,216.44649,55.75747,1.10657,49.4,DESI J142547.16+554526.9
559,2,4669,Sasmal,J142547.0+554526,216.44625,55.75725,,47.0,
560,3,4673,Lao,J142615.0+005028,216.56811,0.83764,0.125,105.84,WISEA J142616.34+005015.5
560,3,6383,Mirabest,,216.56811,0.83757,0.125,,
560,3,4675,Sasmal,J142616.3+005015,216.5680833,0.8376111111,0.12,60.0,
561,2,4678,Lao,J142638.9+410241,216.66446,41.0468,0.36257,38.51,WISEA J142639.46+410248.4
561,2,4679,Sasmal,J142639.4+410248,216.6644167,41.04691667,0.36,41.0,
562,2,4680,Lao,J142641.0+240844,216.67066,24.14624,0.14449,74.58,WISEA J142640.95+240846.4
562,2,6842,Mirabest,,216.67068,24.14624,0.1445,,
563,2,4691,Lao,J142806.7+395322,217.03051,39.88811,0.51069,36.75,SDSS J142807.32+395317.1
563,2,4692,Sasmal,J142807.3+395317,217.0305,39.88811111,0.51,36.0,
564,2,4706,Lao,J143024.4+143526,217.60143,14.59092,0.38909,59.71,WISEA J143024.34+143527.3
564,2,6991,Mirabest,,217.6014,14.59089,0.3891,,
565,2,4728,Lao,J143225.2+124726,218.10561,12.79018,0.55821,42.06,WISEA J143225.34+124724.6
565,2,4729,Sasmal,J143225.3+124724,218.10575,12.79016667,0.56,72.0,
566,2,4733,Lao,J143304.3+033031,218.26813,3.51045,0.14792,93.79,WISEA J143304.35+033037.6
566,2,6417,Mirabest,,218.26812,3.51046,0.1479,,
567,2,4734,Lao,J143320.1+191330,218.33531,19.22474,0.21108,23.14,WISEA J143320.47+191329.0
567,2,4735,Sasmal,J143320.4+191328,218.3352917,19.22472222,0.21,23.0,
568,2,4747,Lao,J143408.3+013644,218.53749,1.61682,0.13786,592.17,WISEA J143408.99+013700.5
568,2,6384,Mirabest,,218.53761,1.61694,0.1379,,
569,3,4760,Lao,J143527.2+550759,218.86855,55.1311,0.13985,478.12,WISEA J143528.45+550751.9
569,3,6563,Mirabest,,218.868585,55.13113,0.1399,,
569,3,4761,Sasmal,J143528.4+550752,218.8685833,55.13113889,0.14,480.0,
570,3,4784,Lao,J143807.5+092608,219.5315,9.43662,0.33124,61.48,WISEA J143807.55+092611.8
570,3,6712,Mirabest,,219.531615,9.43657,0.3312,,
570,3,4785,Sasmal,J143807.5+092611,219.5315833,9.436583333,0.33,60.0,
571,2,4786,Lao,J143819.1+201855,219.58069,20.31572,0.4529,60.71,WISEA J143819.36+201856.5
571,2,7013,Mirabest,,219.58059,20.31553,0.4529,,
572,2,4804,Lao,J144002.6+134216,220.01193,13.70498,0.51765,10.46,DESI J144002.86+134217.9
572,2,4805,Sasmal,J144002.8+134217,220.0119167,13.70497222,,11.0,
573,2,4833,Lao,J144349.7+575332,220.9548,57.89025,0.2987,47.89,2MASS J14434916+5753256
573,2,6474,Mirabest,,220.9548,57.89025,0.2988,,
574,2,4842,Lao,J144454.0+540617,221.22211,54.10472,0.01754,72.79,DESI J144453.31+540617.0
574,2,4841,Sasmal,J144453.2+540617,221.2220833,54.10477778,,71.0,
575,2,4849,Lao,J144512.7+295139,221.30304,29.86099,,27.05,
575,2,4848,Sasmal,J144512.7+295136,221.3030417,29.86025,,30.0,
576,2,4851,Lao,J144538.4+635735,221.41018,63.95935,0.29751,20.11,SDSS J144538.44+635733.6
576,2,4850,Sasmal,J144538.4+635733,221.4102083,63.95938889,0.3,22.0,
577,2,4852,Lao,J144600.8+431916,221.50392,43.32026,0.89008,6.92,DESI J144600.94+431912.9
577,2,4853,Sasmal,J144600.9+431912,221.503875,43.32022222,,8.0,
578,2,4862,Lao,J144633.7+140215,221.64097,14.03667,0.11995,25.8,WISEA J144633.83+140212.0
578,2,4863,Sasmal,J144633.8+140211,221.6409583,14.03663889,0.12,22.0,
579,2,4868,Lao,J144701.1+460253,221.7519,46.04541,0.12777,183.54,WISEA J144700.45+460243.4
579,2,6700,Mirabest,,221.751885,46.04544,0.1278,,
580,2,4874,Lao,J144804.7+144723,222.01086,14.78098,0.20886,463.57,WISEA J144802.60+144651.5
580,2,6993,Mirabest,,222.010845,14.78097,0.2089,,
581,2,4877,Lao,J144839.4+594444,222.16191,59.74779,0.27625,132.01,WISEA J144838.85+594452.0
581,2,4876,Sasmal,J144838.8+594452,222.161875,59.74777778,0.28,130.0,
582,2,4894,Lao,J145022.7+272816,222.59383,27.47234,0.12549,83.78,WISEA J145022.51+272820.4
582,2,4893,Sasmal,J145022.5+272820,222.5938333,27.47236111,0.12,86.0,
583,2,4904,Lao,J145144.5+162251,222.93553,16.38092,,40.61,
583,2,4903,Sasmal,J145144.4+162246,222.935,16.37969444,,16.0,
584,2,4911,Lao,J145222.6+170729,223.09525,17.12162,0.04469,178.7,2MASX J14522287+1707177
584,2,4912,Sasmal,J145222.8+170717,223.0951667,17.12163889,0.04,174.0,
585,2,4913,Lao,J145225.0+611703,223.09843,61.28543,0.27881,127.96,WISEA J145223.62+611707.5
585,2,6427,Mirabest,,223.098315,61.28541,0.2788,,
586,2,4920,Lao,J145238.9+073340,223.15946,7.55892,0.39706,33.18,WISEA J145238.27+073332.1
586,2,4919,Sasmal,J145238.2+073331,223.1595417,7.558777778,0.4,33.0,
587,2,4958,Lao,J145755.6+314055,224.48181,31.68196,,76.24,
587,2,4959,Sasmal,J145755.8+314057,224.4827083,31.68252778,,73.0,
588,2,4963,Lao,J145825.0+484232,224.60341,48.71025,0.20441,84.39,WISEA J145824.81+484236.8
588,2,6558,Mirabest,,224.60337,48.71022,0.2044,,
589,2,4965,Lao,J145841.6+100619,224.67436,10.10712,0.60497,57.46,WISEA J145841.84+100625.6
589,2,4966,Sasmal,J145842.1+100624,224.6756667,10.10672222,,58.0,
590,2,4967,Lao,J145859.9+275402,224.75089,27.90019,0.22884,16.23,WISEA J145900.21+275400.6
590,2,4968,Sasmal,J145900.2+275400,224.7509583,27.90022222,0.23,16.0,
591,2,4987,Lao,J150114.3+095934,225.30915,9.99036,0.33836,48.46,WISEA J150114.19+095925.3
591,2,6713,Mirabest,,225.309255,9.99025,0.3384,,
592,3,4990,Lao,J150128.9+213416,225.36766,21.57323,0.25806,249.28,DESI J150128.25+213423.8
592,3,6849,Mirabest,,225.36774,21.57329,0.2581,,
592,3,4989,Sasmal,J150128.2+213423,225.3677083,21.57327778,0.26,228.0,
593,2,4991,Lao,J150146.5+243912,225.44416,24.65456,0.1203,136.8,WISEA J150146.59+243916.4
593,2,6848,Mirabest,,225.444045,24.65447,0.1203,,
594,2,4997,Lao,J150232.8+425559,225.63916,42.93235,0.29276,40.82,WISEA J150233.39+425556.4
594,2,4998,Sasmal,J150233.3+425556,225.6391667,42.93236111,0.29,42.0,
595,2,5025,Lao,J150548.5+154650,226.44934,15.78077,0.16336,24.03,DESI J150547.84+154650.8
595,2,5024,Sasmal,J150547.8+154650,226.4494167,15.78077778,,22.0,
596,2,5041,Lao,J150903.9+212420,227.26722,21.40423,0.31128,152.53,WISEA J150904.13+212415.2
596,2,6853,Mirabest,,227.267205,21.40422,0.3113,,
597,2,5043,Lao,J150927.9+444516,227.36566,44.75211,0.49174,305.31,DESI J150927.76+444507.6
597,2,6702,Mirabest,,227.36568,44.75211,0.4886,,
598,2,5055,Lao,J151055.7+054439,227.73375,5.74479,0.07805,549.35,IC 1101
598,2,5056,Sasmal,J151056.0+054441,227.733625,5.744916667,,552.0,
599,2,5057,Lao,J151109.0+180156,227.78663,18.03142,0.11584,385.31,WISEA J151108.79+180153.1
599,2,7005,Mirabest,,227.78661,18.03145,0.1158,,
600,2,5058,Lao,J151112.6+100125,227.80154,10.02231,0.41482,54.86,DESI J151112.37+100120.3
600,2,6716,Mirabest,,227.80155,10.02232,0.4161,,
601,3,5060,Lao,J151126.6+363330,227.858,36.56008,0.16383,142.76,WISEA J151125.91+363336.2
601,3,6619,Mirabest,,227.85798,36.56001,0.1638,,
601,3,5059,Sasmal,J151125.9+363335,227.858,36.56,0.16,144.0,
602,2,5067,Lao,J151215.1+151503,228.06451,15.24851,0.18653,105.79,2MASX J15121550+1514544
602,2,6999,Mirabest,,228.064605,15.24848,0.1865,,
603,2,5068,Lao,J151218.1+365414,228.07605,36.90536,0.28957,45.72,WISEA J151218.25+365419.3
603,2,5069,Sasmal,J151218.2+365418,228.0760833,36.90522222,0.29,52.0,
604,2,5073,Lao,J151255.1+061217,228.22836,6.20325,0.17526,26.89,WISEA J151254.80+061211.6
604,2,5072,Sasmal,J151254.8+061211,228.2284167,6.20325,0.17,28.0,
605,2,5079,Lao,J151442.8+223740,228.68302,22.62366,0.38433,142.85,WISEA J151443.92+223725.1
605,2,6854,Mirabest,,228.682965,22.62365,0.3843,,
606,2,5086,Lao,J151515.1+541229,228.81498,54.20892,0.15801,100.27,WISEA J151515.59+541232.1
606,2,6475,Mirabest,,228.81492,54.20889,0.158,,
607,2,5112,Lao,J152001.0+232908,230.0045,23.48481,0.47388,14.11,WISEA J152001.07+232905.3
607,2,5111,Sasmal,J152001.0+232905,230.0045,23.48477778,0.48,10.0,
608,2,5118,Lao,J152056.1+233718,230.23194,23.62367,0.31393,44.9,WISEA J152055.66+233725.2
608,2,5117,Sasmal,J152055.6+233725,230.2319167,23.62366667,0.31,44.0,
609,2,5122,Lao,J152126.5+315743,230.36243,31.95929,0.31313,82.12,WISEA J152126.98+315733.4
609,2,5123,Sasmal,J152126.9+315733,230.3624167,31.95925,0.31,82.0,
610,2,5125,Lao,J152129.1+151152,230.36982,15.19695,0.35923,74.22,WISEA J152128.75+151149.0
610,2,7006,Mirabest,,230.36985,15.1969,0.3592,,
611,2,5132,Lao,J152234.1+310913,230.64184,31.15297,0.23788,54.86,WISEA J152234.04+310910.6
611,2,6696,Mirabest,,230.64183,31.15296,0.2379,,
612,2,5143,Lao,J152443.4+132124,231.18113,13.35677,,3.81,
612,2,5142,Sasmal,J152443.4+132121,231.181,13.35591667,,6.0,
613,2,5155,Lao,J152618.4+165954,231.57668,16.9988,0.18567,138.04,WISEA J152618.40+165955.6
613,2,7008,Mirabest,,231.57684,16.99882,0.1857,,
614,2,5160,Lao,J152655.7+072910,231.73082,7.48648,0.1897,48.23,WISEA J152655.39+072911.3
614,2,6760,Mirabest,,231.730935,7.48642,0.1897,,
615,2,5166,Lao,J152818.6+071419,232.0772,7.23588,0.38729,22.29,WISEA J152818.52+071409.1
615,2,5165,Sasmal,J152818.5+071409,232.07725,7.235916667,0.39,24.0,
616,2,5189,Lao,J153201.7+465856,233.00738,46.98136,0.3162,21.4,WISEA J153201.77+465852.8
616,2,5188,Sasmal,J153201.7+465852,233.0073333,46.98133333,0.32,25.0,
617,2,5193,Lao,J153250.0+573437,233.21118,57.57359,0.15186,102.27,SDSS J153250.68+573424.9
617,2,6429,Mirabest,,233.211225,57.57364,0.1519,,
618,2,5202,Lao,J153346.2+570016,233.44288,57.00327,0.21761,106.9,WISEA J153346.29+570011.7
618,2,5203,Sasmal,J153346.3+570011,233.4432083,57.00330556,0.22,110.0,
619,2,5220,Lao,J153629.3-020457,234.13,-2.08516,0.14711,167.93,WISEA J153631.19-020506.5
619,2,5221,Sasmal,J153631.1-020506,234.1299583,-2.085083333,0.16,95.0,
620,2,5232,Lao,J153752.9+405130,234.47055,40.85905,0.62212,14.76,SDSS J153752.93+405132.5
620,2,5231,Sasmal,J153752.7+405130,234.4697917,40.8585,,15.0,
621,2,5239,Lao,J153903.6+045054,234.76673,4.84916,0.17422,7.72,WISEA J153904.01+045056.9
621,2,5240,Sasmal,J153904.0+045056,234.7667083,4.849138889,0.17,8.0,
622,2,5242,Lao,J153923.3-054439,234.8476,-5.74528,1.02734,14.66,DESI J153923.42-054443.0
622,2,5243,Sasmal,J153923.4-054442,234.8475417,-5.74525,,20.0,
623,2,5245,Lao,J153928.5+180605,234.86921,18.09976,0.32021,114.6,DESI J153928.61+180559.1
623,2,5247,Sasmal,J153928.6+180559,234.8692083,18.09977778,0.31,117.0,
624,2,5253,Lao,J153959.6-021456,234.99676,-2.25281,0.37659,104.07,DESI J153959.22-021510.1
624,2,5252,Sasmal,J153959.2-021510,234.996875,-2.252833333,,34.0,
625,2,5256,Lao,J154106.2+432655,235.26889,43.45026,0.26295,120.91,WISEA J154104.53+432700.9
625,2,6560,Mirabest,,235.270635,43.45077,0.2673,,
626,2,5258,Lao,J154141.1+030122,235.42364,3.0174,0.06415,19.94,WISEA J154141.67+030102.6
626,2,5259,Sasmal,J154141.7+030103,235.42375,3.0175,0.06,19.0,
627,2,5274,Lao,J154410.0+175517,236.04147,17.91797,0.20886,169.7,2MASX J15440995+1755045
627,2,5273,Sasmal,J154409.9+175504,236.0414167,17.918,0.21,166.0,
628,2,5275,Lao,J154413.2+283844,236.05655,28.6455,0.35512,67.86,WISEA J154413.57+283843.8
628,2,6697,Mirabest,,236.056245,28.64542,0.3551,,
629,2,5277,Lao,J154417.4+344147,236.07451,34.69628,0.07169,196.69,MCG +06-35-001
629,2,6639,Mirabest,,236.0745,34.69627,0.0717,,
630,2,5285,Lao,J154547.7-023802,236.44706,-2.6332,,12.61,DESI J154547.29-023759.5
630,2,5284,Sasmal,J154547.4-023759,236.4475,-2.633222222,,12.0,
631,2,5289,Lao,J154554.0+030924,236.47494,3.15342,0.20933,24.46,WISEA J154553.98+030912.3
631,2,5288,Sasmal,J154553.9+030912,236.4749167,3.153416667,0.21,24.0,
632,2,5294,Lao,J154631.1+262028,236.62991,26.34246,0.58028,11.26,WISEA J154631.17+262032.8
632,2,5293,Sasmal,J154630.8+262031,236.6285833,26.34202778,,12.0,
633,2,5329,Lao,J155035.9+073102,237.64873,7.51848,0.35441,59.63,WISEA J155035.69+073106.5
633,2,6719,Mirabest,,237.64875,7.51846,0.3544,,
634,2,5333,Lao,J155140.2+060917,237.91806,6.15464,0.30653,21.62,WISEA J155140.33+060916.6
634,2,5334,Sasmal,J155140.3+060916,237.9180417,6.154638889,0.31,21.0,
635,2,5336,Lao,J155152.9+053203,237.97025,5.53308,0.25043,102.23,WISEA J155152.86+053159.0
635,2,6761,Mirabest,,237.970245,5.53322,0.2504,,
636,2,5361,Lao,J155518.9+044621,238.82804,4.77416,0.53995,21.98,SDSS J155518.73+044626.9
636,2,5360,Sasmal,J155518.7+044626,238.8280417,4.774138889,0.54,21.0,
637,2,5363,Lao,J155522.3+453058,238.84171,45.51695,0.07118,44.82,WISEA J155522.01+453101.0
637,2,5362,Sasmal,J155521.9+453100,238.8416667,45.51688889,0.07,44.0,
638,3,5365,Lao,J155533.0+032702,238.88518,3.44943,0.2042,45.72,WISEA J155532.44+032657.9
638,3,6421,Mirabest,,238.885185,3.44943,0.2042,,
638,3,5364,Sasmal,J155532.4+032657,238.885125,3.449416667,0.2,46.0,
639,2,5394,Lao,J160010.3+230101,240.04035,23.01561,0.42779,15.52,WISEA J160009.68+230056.1
639,2,5393,Sasmal,J160009.6+230056,240.0403333,23.01561111,0.43,17.0,
640,2,5400,Lao,J160129.8+083847,240.37399,8.64744,0.18756,81.26,2MASX J16012976+0838512
640,2,6721,Mirabest,,240.373995,8.6474,0.1876,,
641,2,5410,Lao,J160318.8+031642,240.8291,3.27913,0.2222,132.94,WISEA J160318.98+031644.8
641,2,6422,Mirabest,,240.82911,3.27905,0.2222,,
642,2,5415,Lao,J160338.8+285754,240.90965,28.96359,0.28209,39.13,WISEA J160338.31+285748.9
642,2,5414,Sasmal,J160338.3+285748,240.9097083,28.9635,0.28,21.0,
643,2,5427,Lao,J160604.6+561045,241.51943,56.17904,0.67733,17.37,DESI J160604.66+561044.5
643,2,5426,Sasmal,J160604.5+561044,241.5189583,56.17908333,,17.0,
644,2,5435,Lao,J160723.1+344209,241.84935,34.70305,0.28628,57.0,WISEA J160723.84+344210.9
644,2,5436,Sasmal,J160723.8+344210,241.8493333,34.70302778,0.29,60.0,
645,2,5438,Lao,J160728.0+482535,241.8675,48.42645,0.97221,61.25,WISEA J160728.19+482535.2
645,2,5439,Sasmal,J160728.2+482535,241.8675417,48.42644444,0.97,59.0,
646,2,5459,Lao,J160931.4+614423,242.37729,61.73841,0.41436,31.21,DESI J160930.55+614418.3
646,2,5458,Sasmal,J160930.6+614419,242.37775,61.73875,,32.0,
647,2,5465,Lao,J161039.1+120318,242.6627,12.0551,0.14178,55.64,DESI J161039.05+120318.4
647,2,5464,Sasmal,J161039.0+120318,242.662625,12.05522222,,54.0,
648,2,5468,Lao,J161102.7+041457,242.76203,4.25089,0.31352,40.74,WISEA J161102.88+041503.2
648,2,5469,Sasmal,J161102.8+041503,242.7620417,4.250861111,0.31,40.0,
649,3,5500,Lao,J161610.9+090704,244.04359,9.11541,0.17208,172.95,WISEA J161610.46+090655.4
649,3,6944,Mirabest,,244.04367,9.11538,0.1721,,
649,3,5499,Sasmal,J161610.4+090655,244.0436667,9.115361111,0.17,172.0,
650,2,5503,Lao,J161638.2+422713,244.15761,42.4488,0.13676,169.1,DESI J161637.83+422655.6
650,2,5502,Sasmal,J161637.8+422655,244.157625,42.44880556,,171.0,
651,3,5506,Lao,J161653.6+092635,244.22181,9.44409,0.21353,223.75,DESI J161653.24+092638.7
651,3,6945,Mirabest,,244.22157,9.44325,0.2025,,
651,3,5505,Sasmal,J161653.1+092635,244.2215417,9.44325,0.2,225.0,
652,2,5541,Lao,J162229.1+264702,245.6202,26.78277,0.22061,62.55,WISEA J162228.84+264657.9
652,2,6666,Mirabest,,245.62023,26.7828,0.2206,,
653,2,5566,Lao,J162524.3+445629,246.34947,44.93985,0.39909,71.71,WISEA J162523.87+445623.4
653,2,5564,Sasmal,J162523.8+445623,246.3494583,44.93983333,0.4,66.0,
654,2,5580,Lao,J162757.6+334540,246.99182,33.76316,0.16336,60.02,WISEA J162758.03+334547.3
654,2,6562,Mirabest,,246.99183,33.76314,0.1634,,
655,2,5583,Lao,J162824.4+230108,247.1024,23.01891,0.20793,168.02,WISEA J162824.57+230108.0
655,2,6665,Mirabest,,247.102365,23.01892,0.2079,,
656,2,5602,Lao,J163109.9+053156,247.79277,5.53063,0.15083,81.4,WISEA J163110.26+053150.2
656,2,5603,Sasmal,J163110.2+053150,247.7928333,5.530638889,0.15,44.0,
657,2,5616,Lao,J163351.3+171051,248.46302,17.18174,0.35134,33.08,WISEA J163351.12+171054.2
657,2,5615,Sasmal,J163351.1+171054,248.4629583,17.18180556,0.35,33.0,
658,2,5618,Lao,J163402.9+062629,248.50858,6.44417,0.23123,98.98,DESI J163402.06+062639.0
658,2,5617,Sasmal,J163402.0+062639,248.5085833,6.44425,,101.0,
659,2,5630,Lao,J163516.8+202047,248.82122,20.34684,0.14997,80.63,WISEA J163517.09+202048.6
659,2,5631,Sasmal,J163517.0+202048,248.8211667,20.34680556,0.15,80.0,
660,2,5636,Lao,J163604.5+271839,249.0177,27.30808,0.13427,438.3,WISEA J163604.24+271829.0
660,2,7022,Mirabest,,249.01758,27.30808,0.1343,,
661,3,5670,Lao,J164053.7+324715,250.2246,32.79125,0.13608,64.09,2MASS J16405390+3247284
661,3,6615,Mirabest,,250.2246,32.79124,0.1361,,
661,3,5671,Sasmal,J164053.9+324728,250.2245833,32.79122222,0.14,62.0,
662,2,5674,Lao,J164109.3+100437,250.28689,10.07928,0.34018,207.96,DESI J164108.85+100445.4
662,2,5673,Sasmal,J164108.9+100442,250.287125,10.07841667,,211.0,
663,2,5679,Lao,J164319.4+132111,250.83146,13.35016,0.18323,109.69,WISEA J164319.55+132100.5
663,2,6866,Mirabest,,250.831605,13.35008,0.1832,,
664,2,5680,Lao,J164329.9+140624,250.87538,14.10402,0.17915,56.72,WISEA J164330.09+140614.4
664,2,5681,Sasmal,J164330.0+140614,250.8753333,14.10394444,0.18,56.0,
665,2,5690,Lao,J164522.5+584253,251.34401,58.71484,,58.56,
665,2,5691,Sasmal,J164522.5+584255,251.3437917,58.7155,,62.0,
666,2,5692,Lao,J164527.4+272012,251.36533,27.33497,0.10182,126.87,DESI J164527.68+272005.8
666,2,6707,Mirabest,,251.36532,27.33496,0.1018,,
667,2,5714,Lao,J165008.2+320214,252.53211,32.03582,0.29607,37.85,WISEA J165007.70+320208.9
667,2,5713,Sasmal,J165007.7+320208,252.532125,32.03583333,0.3,43.0,
668,2,5723,Lao,J165204.9+305523,253.02287,30.92168,0.80695,70.79,DESI J165205.49+305518.0
668,2,5724,Sasmal,J165205.3+305517,253.0224167,30.92138889,,92.0,
669,2,5741,Lao,J165519.2+521726,253.82733,52.29107,0.31562,62.13,DESI J165518.56+521727.9
669,2,5740,Sasmal,J165518.4+521723,253.8269583,52.28994444,,63.0,
670,2,5762,Lao,J165748.3+274614,254.44966,27.76921,0.2674,20.47,WISEA J165747.91+274609.1
670,2,5760,Sasmal,J165747.8+274609,254.4495,27.76930556,,18.0,
671,2,5768,Lao,J165937.0+295513,254.90398,29.92137,0.48636,77.23,DESI J165936.96+295516.9
671,2,5767,Sasmal,J165936.9+295517,254.9039167,29.92144444,,77.0,
672,2,5787,Lao,J170304.7+322852,255.76863,32.47996,0.30858,77.29,WISEA J170304.47+322847.8
672,2,6535,Mirabest,,255.76869,32.47985,0.3086,,
673,2,5800,Lao,J170451.9+245235,256.21358,24.87598,0.07718,41.28,DESI J170451.26+245233.5
673,2,5798,Sasmal,J170451.2+245233,256.2135833,24.876,,41.0,
674,2,5805,Lao,J170527.0+510937,256.36006,51.15983,0.53723,342.77,DESI J170526.41+510935.4
674,2,5804,Sasmal,J170526.4+510935,256.3600417,51.15983333,0.53,342.0,
675,2,5814,Lao,J170851.7+472334,257.21464,47.39318,0.92105,4.47,DESI J170851.51+472335.4
675,2,5813,Sasmal,J170851.5+472335,257.2147917,47.39319444,,5.0,
676,2,5841,Lao,J171316.5+634741,258.31669,63.79377,0.08296,113.65,WISEA J171316.00+634737.5
676,2,5840,Sasmal,J171316.0+634737,258.3167083,63.79375,0.08,21.0,
677,2,5860,Lao,J171802.3+420207,259.5093,42.03659,0.41329,20.38,WISEA J171802.23+420211.7
677,2,5859,Sasmal,J171802.2+420211,259.5092917,42.03652778,0.41,17.0,
678,2,5865,Lao,J171936.1+354707,259.90146,35.78507,0.27113,34.13,WISEA J171936.35+354706.2
678,2,5866,Sasmal,J171936.3+354706,259.901625,35.78527222,0.26,33.0,
679,2,5880,Lao,J172352.4+475734,260.96679,47.95978,0.53901,17.0,DESI J172352.03+475735.2
679,2,5879,Sasmal,J172351.9+475732,260.9662917,47.95908333,,14.0,
680,2,5895,Lao,J172755.0+403025,261.97926,40.50704,,11.09,
680,2,5894,Sasmal,J172755.0+403023,261.9793333,40.50652778,,12.0,
681,2,5908,Lao,J173341.7+422912,263.43054,42.48737,0.15052,44.72,DESI J173343.33+422914.5
681,2,5909,Sasmal,J173343.2+422912,263.4302083,42.48669444,,22.0,
682,2,5924,Lao,J203124.7+010718,307.853,1.12183,,28.35,
682,2,5923,Sasmal,J203124.5+010714,307.8525,1.120777778,,26.0,
683,2,5948,Lao,J205845.9+093000,314.69012,9.50266,0.12839,180.84,DESI J205845.63+093009.6
683,2,5947,Sasmal,J205845.6+093009,314.6900833,9.50275,,167.0,
684,2,5972,Lao,J212545.3+005556,321.44311,0.93102,0.13501,645.72,WISEA J212546.34+005551.6
684,2,6539,Mirabest,,321.443145,0.9311,0.135,,
685,2,5974,Lao,J212615.5-071042,321.56697,-7.17955,0.10131,192.19,DESI J212616.07-071046.4
685,2,5975,Sasmal,J212616.0-071046,321.5669583,-7.179555556,0.11,134.0,
686,2,5980,Lao,J212710.4-012713,321.795,-1.45594,0.17618,77.25,WISEA J212710.79-012721.3
686,2,5981,Sasmal,J212710.8-012721,321.795,-1.455888889,0.18,75.0,
687,2,5983,Lao,J212722.7+004303,321.84384,0.71601,0.13592,16.38,WISEA J212722.52+004257.6
687,2,5982,Sasmal,J212722.5+004257,321.8438333,0.7160277778,0.13,11.0,
688,2,5993,Lao,J213153.5-055604,322.97102,-5.932,0.09115,91.68,DESI J213153.04-055555.2
688,2,5992,Sasmal,J213153.0-055555,322.971125,-5.931944444,,39.0,
689,2,5998,Lao,J213726.4-013409,324.35937,-1.57088,0.28968,27.68,DESI J213726.25-013415.2
689,2,5997,Sasmal,J213726.3-013414,324.36,-1.57075,,13.0,
690,2,6002,Lao,J213946.2+100840,324.94277,10.14108,0.22563,73.36,WISEA J213946.26+100827.8
690,2,6001,Sasmal,J213946.2+100827,324.9427083,10.14111111,0.22,87.0,
691,2,6008,Lao,J214204.2+101656,325.51452,10.28942,,230.02,DESI J214203.49+101721.9
691,2,6007,Sasmal,J214203.4+101721,325.5145417,10.28938889,0.07,98.0,
692,2,6022,Lao,J214711.5+121519,326.79743,12.2544,0.46975,23.08,DESI J214711.38+121515.8
692,2,6021,Sasmal,J214711.3+121515,326.797375,12.25438889,,20.0,
693,2,6031,Lao,J215250.3+090813,328.21092,9.13328,0.10881,170.23,WISEA J215250.62+090759.7
693,2,6032,Sasmal,J215250.6+090759,328.2109167,9.13325,0.11,54.0,
694,2,6039,Lao,J215525.5+084643,328.85906,8.78011,0.15014,249.22,WISEA J215526.17+084648.3
694,2,6040,Sasmal,J215526.1+084648,328.8590833,8.780138889,0.15,122.0,
695,2,6043,Lao,J215542.5+123125,328.92492,12.52464,0.19306,530.84,WISEA J215541.98+123128.6
695,2,6042,Sasmal,J215541.9+123128,328.924875,12.52461111,0.19,488.0,
696,2,6047,Lao,J215731.4+003755,329.38104,0.63257,0.39062,244.59,WISEA J215731.45+003757.2
696,2,6336,Mirabest,,329.38104,0.63252,0.3907,,
697,3,6066,Lao,J220205.2-010057,330.52033,-1.01716,0.17734,65.74,WISEA J220204.87-010101.7
697,3,6335,Mirabest,,330.52026,-1.01705,0.1773,,
697,3,6065,Sasmal,J220204.8-010101,330.52025,-1.017055556,0.18,72.0,
698,2,6086,Lao,J221549.5-075741,333.95615,-7.96113,0.21495,20.29,WISEA J221549.47-075740.0
698,2,6085,Sasmal,J221549.4-075739,333.9560833,-7.961083333,0.21,24.0,
699,2,6092,Lao,J221807.4+023033,334.52981,2.50941,0.90236,39.94,DESI J221807.15+023033.9
699,2,6091,Sasmal,J221807.2+023033,334.53,2.509222222,,36.0,
700,2,6103,Lao,J222117.1-074740,335.32006,-7.79514,0.47512,84.04,DESI J222116.81-074742.5
700,2,6102,Sasmal,J222116.8-074742,335.3200417,-7.795166667,,85.0,
701,2,6112,Lao,J222421.7+012637,336.09186,1.44087,0.2932,45.92,WISEA J222422.04+012627.1
701,2,6113,Sasmal,J222421.9+012631,336.0915417,1.442027778,,40.0,
702,2,6130,Lao,J223424.2+055250,338.60336,5.87836,0.16802,122.82,WISEA J223424.80+055242.0
702,2,6131,Sasmal,J223424.7+055242,338.6031667,5.878472222,0.17,75.0,
703,2,6148,Lao,J224812.1+005249,342.05244,0.88133,0.41577,13.73,WISEA J224812.58+005252.8
703,2,6149,Sasmal,J224812.5+005252,342.0524583,0.8813333333,0.41,16.0,
704,2,6156,Lao,J225047.0-014120,342.696,-1.68808,0.10958,112.13,WISEA J225047.04-014117.0
704,2,6155,Sasmal,J225047.0-014117,342.6959167,-1.688111111,0.11,127.0,
705,2,6176,Lao,J230047.9+142611,345.19509,14.4342,0.15429,227.26,WISEA J230046.82+142603.1
705,2,6175,Sasmal,J230046.8+142602,345.195125,14.43411111,0.15,137.0,
706,2,6178,Lao,J230134.9+003719,345.39612,0.62031,0.43132,46.0,WISEA J230135.06+003713.1
706,2,6179,Sasmal,J230135.0+003713,345.3960833,0.6203055556,0.43,47.0,
707,2,6185,Lao,J230428.9-095158,346.12132,-9.86844,0.30476,100.74,WISEA J230429.11-095206.3
707,2,6186,Sasmal,J230429.2-095204,346.1219167,-9.868,,77.0,
708,2,6194,Lao,J230630.8-035747,346.63014,-3.96299,0.67779,105.27,DESI J230631.23-035746.8
708,2,6195,Sasmal,J230631.1-035745,346.629625,-3.962555556,,103.0,
709,2,6200,Lao,J231016.3+144134,347.56659,14.68952,0.36393,81.07,SDSS J231015.98+144122.2
709,2,6199,Sasmal,J231015.9+144122,347.5665833,14.68952778,,43.0,
710,2,6202,Lao,J231022.9-032658,347.5936,-3.44963,0.57371,24.4,WISEA J231022.46-032658.6
710,2,6201,Sasmal,J231022.5-032658,347.59375,-3.449666667,,24.0,
711,2,6223,Lao,J231541.8-002604,348.92538,-0.43538,0.09096,41.5,WISEA J231542.09-002607.3
711,2,6337,Mirabest,,348.92541,-0.43525,0.091,,
712,2,6247,Lao,J232854.4+003854,352.2255,0.64691,0.43405,22.39,WISEA J232854.11+003848.8
712,2,6246,Sasmal,J232854.1+003848,352.2255,0.6468888889,0.43,24.0,
713,2,6252,Lao,J233207.4-074446,353.02875,-7.74532,0.54894,18.29,DESI J233206.90-074443.1
713,2,6251,Sasmal,J233206.8-074444,353.0287083,-7.745805556,,20.0,
714,2,6255,Lao,J233236.2+101637,353.15015,10.27436,0.24985,104.07,WISEA J233236.03+101627.6
714,2,6254,Sasmal,J233236.0+101627,353.150125,10.27438889,0.25,106.0,
715,2,6273,Lao,J233734.0-090016,354.39368,-9.00428,0.44655,96.75,DESI J233734.48-090015.4
715,2,6274,Sasmal,J233734.4-090015,354.393625,-9.004277778,,96.0,
716,2,6292,Lao,J234802.5+115725,357.00837,11.95652,0.43476,385.3,2MASS J23480198+1157251
716,2,6291,Sasmal,J234802.2+115722,357.0092083,11.95636111,0.43,385.0,
717,2,6298,Lao,J235028.8-011656,357.61847,-1.28394,0.1934,51.63,WISEA J235028.43-011702.1
717,2,6297,Sasmal,J235028.4-011702,357.6184583,-1.283888889,0.19,50.0,
