idx,radioname,ra,dec,Label
L0001,J000115.37-082639.6,00 01 15.37,-08 26 39.6,nat
L0003,J000122.13-001135.4,00 01 22.13,-00 11 35.4,nat
L0014,J000703.97+092110.7,00 07 03.97,+09 21 10.7,nat
L0024,J001248.72-060652.7,00 12 48.72,-06 06 52.7,nat
L0039,J002224.42+080220.4,00 22 24.42,+08 02 20.4,nat
L0043,J002346.82+071759.6,00 23 46.82,+07 17 59.6,nat
L0062,J003133.42+013024.0,00 31 33.42,+01 30 24.0,nat
L0069,J003430.61+114047.4,00 34 30.61,+11 40 47.4,nat
L0088,J004327.84-030501.2,00 43 27.84,-03 05 01.2,nat
L0108,J005451.31+070307.1,00 54 51.31,+07 03 07.1,nat
L0112,J005601.14-012044.4,00 56 01.14,-01 20 44.4,nat
L0123,J005837.62+011340.2,00 58 37.62,+01 13 40.2,nat
L0125,J005946.74+102240.8,00 59 46.74,+10 22 40.8,nat
L0130,J010236.90-004958.8,01 02 36.90,-00 49 58.8,nat
L0142,J010815.10-081125.6,01 08 15.10,-08 11 25.6,nat
L0160,J011533.93+053613.0,01 15 33.93,+05 36 13.0,nat
L0170,J012113.87-080957.2,01 21 13.87,-08 09 57.2,nat
L0196,J013523.99-051637.6,01 35 23.99,-05 16 37.6,nat
L0231,J014807.61+000056.4,01 48 07.61,+00 00 56.4,nat
L0249,J015436.93+041711.9,01 54 36.93,+04 17 11.9,nat
L0250,J015504.36+043830.0,01 55 04.36,+04 38 30.0,nat
L0266,J020257.70-050021.8,02 02 57.70,-05 00 21.8,nat
L0282,J021147.28-092039.7,02 11 47.28,-09 20 39.7,nat
L0296,J021825.22-071102.1,02 18 25.22,-07 11 02.1,nat
L0309,J022449.25-001909.0,02 24 49.25,-00 19 09.0,nat
L0311,J022641.98-015732.3,02 26 41.98,-01 57 32.3,nat
L0317,J023026.68+010848.6,02 30 26.68,+01 08 48.6,nat
L0318,J023117.46+053107.2,02 31 17.46,+05 31 07.2,nat
L0343,J024653.63+053530.0,02 46 53.63,+05 35 30.0,nat
L0381,J031314.09+001811.4,03 13 14.09,+00 18 11.4,nat
L0400,J033413.80-011112.6,03 34 13.80,-01 11 12.6,nat
L0402,J033447.45+041449.8,03 34 47.45,+04 14 49.8,nat
L0405,J033750.58+042106.0,03 37 50.58,+04 21 06.0,nat
L0417,J065604.05+574253.3,06 56 04.05,+57 42 53.3,nat
L0418,J065641.63+311524.1,06 56 41.63,+31 15 24.1,nat
L0430,J070509.60+583133.0,07 05 09.60,+58 31 33.0,nat
L0438,J070805.68+411345.4,07 08 05.68,+41 13 45.4,nat
L0459,J071520.28+482926.3,07 15 20.28,+48 29 26.3,nat
L0464,J071644.84+361136.3,07 16 44.84,+36 11 36.3,nat
L0477,J072050.82+335854.0,07 20 50.82,+33 58 54.0,nat
L0491,J072523.07+622926.1,07 25 23.07,+62 29 26.1,nat
L0504,J072809.76+350628.7,07 28 09.76,+35 06 28.7,nat
L0532,J073238.21+354146.1,07 32 38.21,+35 41 46.1,nat
L0544,J073540.42+361918.5,07 35 40.42,+36 19 18.5,nat
L0558,J073841.81+632939.9,07 38 41.81,+63 29 39.9,nat
L0560,J073848.31+415925.8,07 38 48.31,+41 59 25.8,nat
L0566,J073929.07+260629.8,07 39 29.07,+26 06 29.8,nat
L0570,J074025.09+485121.0,07 40 25.09,+48 51 21.0,nat
L0580,J074305.69+271029.1,07 43 05.69,+27 10 29.1,nat
L0645,J075643.03+603042.4,07 56 43.03,+60 30 42.4,nat
L0648,J075706.49+355853.3,07 57 06.49,+35 58 53.3,nat
L0661,J075955.36+445021.0,07 59 55.36,+44 50 21.0,nat
L0662,J080008.02+181541.4,08 00 08.02,+18 15 41.4,nat
L0665,J080053.25+132955.4,08 00 53.25,+13 29 55.4,nat
L0682,J080440.02+543436.8,08 04 40.02,+54 34 36.8,nat
L0701,J080926.46+093405.9,08 09 26.46,+09 34 05.9,nat
L0781,J082041.27+164235.3,08 20 41.27,+16 42 35.3,nat
L0809,J082443.02+520027.1,08 24 43.02,+52 00 27.1,nat
L0827,J082730.01+081625.7,08 27 30.01,+08 16 25.7,nat
L0838,J082848.78+410547.9,08 28 48.78,+41 05 47.9,nat
L0843,J082910.73+632240.3,08 29 10.73,+63 22 40.3,nat
L0856,J083050.52+215606.1,08 30 50.52,+21 56 06.1,nat
L0864,J083140.51+125816.0,08 31 40.51,+12 58 16.0,nat
L0966,J084607.04+050729.2,08 46 07.04,+05 07 29.2,nat
L0986,J084746.34+113115.0,08 47 46.34,+11 31 15.0,nat
L1005,J085005.30+124616.5,08 50 05.30,+12 46 16.5,nat
L1017,J085110.18+161541.4,08 51 10.18,+16 15 41.4,nat
L1031,J085308.07+041425.1,08 53 08.07,+04 14 25.1,nat
L1056,J085633.04+294750.8,08 56 33.04,+29 47 50.8,nat
L1060,J085722.68+355756.9,08 57 22.68,+35 57 56.9,nat
L1064,J085756.68+170433.7,08 57 56.68,+17 04 33.7,nat
L1065,J085758.80+170334.3,08 57 58.80,+17 03 34.3,nat
L1066,J085759.18+145736.7,08 57 59.18,+14 57 36.7,nat
L1070,J085822.65-043855.5,08 58 22.65,-04 38 55.5,nat
L1075,J085840.40+162008.7,08 58 40.40,+16 20 08.7,nat
L1081,J085912.94+031401.7,08 59 12.94,+03 14 01.7,nat
L1106,J090124.29+025859.8,09 01 24.29,+02 58 59.8,nat
L1118,J090221.24+264323.7,09 02 21.24,+26 43 23.7,nat
L1126,J090304.53+450945.6,09 03 04.53,+45 09 45.6,nat
L1145,J090609.45+634852.8,09 06 09.45,+63 48 52.8,nat
L1146,J090616.20+441909.5,09 06 16.20,+44 19 09.5,nat
L1155,J090728.81+084525.2,09 07 28.81,+08 45 25.2,nat
L1178,J091028.16+211755.6,09 10 28.16,+21 17 55.6,nat
L1198,J091241.03+164240.5,09 12 41.03,+16 42 40.5,nat
L1213,J091419.08+240005.7,09 14 19.08,+24 00 05.7,nat
L1221,J091450.96+082440.8,09 14 50.96,+08 24 40.8,nat
L1250,J091931.57-014159.3,09 19 31.57,-01 41 59.3,nat
L1254,J091950.36+355018.0,09 19 50.36,+35 50 18.0,nat
L1260,J092109.19+385710.8,09 21 09.19,+38 57 10.8,nat
L1266,J092137.57+095006.5,09 21 37.57,+09 50 06.5,nat
L1272,J092222.23+270018.3,09 22 22.23,+27 00 18.3,nat
L1276,J092304.77+275835.9,09 23 04.77,+27 58 35.9,nat
L1305,J092644.91+030928.2,09 26 44.91,+03 09 28.2,nat
L1310,J092701.84+352513.8,09 27 01.84,+35 25 13.8,nat
L1311,J092703.44+542352.2,09 27 03.44,+54 23 52.2,nat
L1337,J093143.58+624707.2,09 31 43.58,+62 47 07.2,nat
L1341,J093233.62+024902.4,09 32 33.62,+02 49 02.4,nat
L1346,J093308.25+051450.4,09 33 08.25,+05 14 50.4,nat
L1402,J094048.91+370626.9,09 40 48.91,+37 06 26.9,nat
L1420,J094214.37+152258.8,09 42 14.37,+15 22 58.8,nat
L1444,J094647.90+181544.2,09 46 47.90,+18 15 44.2,nat
L1474,J095114.32+180211.4,09 51 14.32,+18 02 11.4,nat
L1478,J095154.61+300118.5,09 51 54.61,+30 01 18.5,nat
L1480,J095210.64+451343.6,09 52 10.64,+45 13 43.6,nat
L1503,J095539.14+013526.9,09 55 39.14,+01 35 26.9,nat
L1514,J095714.55+095243.2,09 57 14.55,+09 52 43.2,nat
L1535,J095955.53+105815.0,09 59 55.53,+10 58 15.0,nat
L1570,J100515.36+221037.4,10 05 15.36,+22 10 37.4,nat
L1615,J101306.93+553206.2,10 13 06.93,+55 32 06.2,nat
L1630,J101519.10+262800.5,10 15 19.10,+26 28 00.5,nat
L1651,J101719.55+622251.2,10 17 19.55,+62 22 51.2,nat
L1666,J101940.40+322707.1,10 19 40.40,+32 27 07.1,nat
L1674,J102153.78-072458.6,10 21 53.78,-07 24 58.6,nat
L1680,J102227.72+165325.2,10 22 27.72,+16 53 25.2,nat
L1707,J102620.82+303556.0,10 26 20.82,+30 35 56.0,nat
L1710,J102650.20-023446.2,10 26 50.20,-02 34 46.2,nat
L1720,J102815.59+615202.9,10 28 15.59,+61 52 02.9,nat
L1730,J102857.56+030734.7,10 28 57.56,+03 07 34.7,nat
L1734,J102911.68+100134.0,10 29 11.68,+10 01 34.0,nat
L1751,J103201.01+350247.7,10 32 01.01,+35 02 47.7,nat
L1755,J103214.45-001205.4,10 32 14.45,-00 12 05.4,nat
L1759,J103221.49+051432.3,10 32 21.49,+05 14 32.3,nat
L1765,J103307.22+090153.4,10 33 07.22,+09 01 53.4,nat
L1779,J103450.13+182317.8,10 34 50.13,+18 23 17.8,nat
L1795,J103708.95-055744.1,10 37 08.95,-05 57 44.1,nat
L1908,J105253.02+532738.4,10 52 53.02,+53 27 38.4,nat
L1980,J110407.40+372105.3,11 04 07.40,+37 21 05.3,nat
L1991,J110528.73+223725.6,11 05 28.73,+22 37 25.6,nat
L2011,J110734.35+091320.4,11 07 34.35,+09 13 20.4,nat
L2023,J110955.80+325154.7,11 09 55.80,+32 51 54.7,nat
L2027,J111032.65-015008.9,11 10 32.65,-01 50 08.9,nat
L2047,J111320.85+071034.3,11 13 20.85,+07 10 34.3,nat
L2048,J111321.01+205701.2,11 13 21.01,+20 57 01.2,nat
L2049,J111330.18+154217.5,11 13 30.18,+15 42 17.5,nat
L2051,J111341.10+250417.9,11 13 41.10,+25 04 17.9,nat
L2065,J111626.60+061011.0,11 16 26.60,+06 10 11.0,nat
L2084,J111951.88+162445.5,11 19 51.88,+16 24 45.5,nat
L2096,J112253.20+010646.7,11 22 53.20,+01 06 46.7,nat
L2099,J112327.14+122017.9,11 23 27.14,+12 20 17.9,nat
L2113,J112524.40+361822.3,11 25 24.40,+36 18 22.3,nat
L2121,J112658.33+635639.4,11 26 58.33,+63 56 39.4,nat
L2125,J112741.77+313531.4,11 27 41.77,+31 35 31.4,nat
L2129,J112824.55+101217.9,11 28 24.55,+10 12 17.9,nat
L2142,J112947.56+253326.4,11 29 47.56,+25 33 26.4,nat
L2147,J113007.25+231403.6,11 30 07.25,+23 14 03.6,nat
L2148,J113026.98+243407.6,11 30 26.98,+24 34 07.6,nat
L2162,J113157.34+390806.8,11 31 57.34,+39 08 06.8,nat
L2185,J113522.85-011516.2,11 35 22.85,-01 15 16.2,nat
L2247,J114312.29+164146.0,11 43 12.29,+16 41 46.0,nat
L2249,J114324.25+600728.9,11 43 24.25,+60 07 28.9,nat
L2273,J114639.42+224128.1,11 46 39.42,+22 41 28.1,nat
L2329,J115359.80+271133.0,11 53 59.80,+27 11 33.0,nat
L2370,J115824.50-061403.2,11 58 24.50,-06 14 03.2,nat
L2401,J120232.22-072527.5,12 02 32.22,-07 25 27.5,nat
L2420,J120438.34+195204.8,12 04 38.34,+19 52 04.8,nat
L2443,J120801.74+293822.5,12 08 01.74,+29 38 22.5,nat
L2449,J120828.95+342517.8,12 08 28.95,+34 25 17.8,nat
L2473,J121127.17+470333.9,12 11 27.17,+47 03 33.9,nat
L2477,J121210.33+422301.8,12 12 10.33,+42 23 01.8,nat
L2497,J121534.63+014436.0,12 15 34.63,+01 44 36.0,nat
L2513,J121659.74+323103.3,12 16 59.74,+32 31 03.3,nat
L2518,J121723.28+603506.9,12 17 23.28,+60 35 06.9,nat
L2566,J122319.20+052135.3,12 23 19.20,+05 21 35.3,nat
L2587,J122530.68+462956.6,12 25 30.68,+46 29 56.6,nat
L2611,J123002.26+172434.2,12 30 02.26,+17 24 34.2,nat
L2627,J123255.36+424016.2,12 32 55.36,+42 40 16.2,nat
L2682,J124058.67+183227.0,12 40 58.67,+18 32 27.0,nat
L2698,J124300.36+334813.6,12 43 00.36,+33 48 13.6,nat
L2733,J124744.81+230030.6,12 47 44.81,+23 00 30.6,nat
L2735,J124754.77+012004.2,12 47 54.77,+01 20 04.2,nat
L2772,J125355.66+514828.8,12 53 55.66,+51 48 28.8,nat
L2803,J125819.22+443152.9,12 58 19.22,+44 31 52.9,nat
L2822,J130123.54+501834.7,13 01 23.54,+50 18 34.7,nat
L2865,J130844.74+091057.0,13 08 44.74,+09 10 57.0,nat
L2873,J130954.57-065445.4,13 09 54.57,-06 54 45.4,nat
L2885,J131117.95+192239.3,13 11 17.95,+19 22 39.3,nat
L2892,J131327.87+315525.1,13 13 27.87,+31 55 25.1,nat
L2930,J131757.11+314458.8,13 17 57.11,+31 44 58.8,nat
L2965,J132256.67+581017.6,13 22 56.67,+58 10 17.6,nat
L2994,J132551.18+054621.9,13 25 51.18,+05 46 21.9,nat
L3028,J133007.34+270354.0,13 30 07.34,+27 03 54.0,nat
L3029,J133010.26-020600.6,13 30 10.26,-02 06 00.6,nat
L3036,J133104.28+064116.5,13 31 04.28,+06 41 16.5,nat
L3103,J133759.59+212802.9,13 37 59.59,+21 28 02.9,nat
L3197,J135213.74+610426.8,13 52 13.74,+61 04 26.8,nat
L3234,J135703.36+113859.4,13 57 03.36,+11 38 59.4,nat
L3264,J135950.28-010237.2,13 59 50.28,-01 02 37.2,nat
L3291,J140316.59+234919.7,14 03 16.59,+23 49 19.7,nat
L3308,J140514.49+032943.1,14 05 14.49,+03 29 43.1,nat
L3354,J141224.78+271801.1,14 12 24.78,+27 18 01.1,nat
L3363,J141330.77+484435.1,14 13 30.77,+48 44 35.1,nat
L3404,J141906.77+055500.3,14 19 06.77,+05 55 00.3,nat
L3410,J141943.64+334103.9,14 19 43.64,+33 41 03.9,nat
L3452,J142457.64+124515.2,14 24 57.64,+12 45 15.2,nat
L3466,J142709.94+102629.4,14 27 09.94,+10 26 29.4,nat
L3469,J142755.43+255434.7,14 27 55.43,+25 54 34.7,nat
L3509,J143225.23+124726.9,14 32 25.23,+12 47 26.9,nat
L3543,J143605.39+142912.0,14 36 05.39,+14 29 12.0,nat
L3577,J144002.68+134216.9,14 40 02.68,+13 42 16.9,nat
L3662,J145144.53+162251.3,14 51 44.53,+16 22 51.3,nat
L3717,J145841.68+100619.8,14 58 41.68,+10 06 19.8,nat
L3735,J150107.56+521506.6,15 01 07.56,+52 15 06.6,nat
L3762,J150453.96+444907.8,15 04 53.96,+44 49 07.8,nat
L3783,J150836.68+583342.6,15 08 36.68,+58 33 42.6,nat
L3786,J150906.07-044504.8,15 09 06.07,-04 45 04.8,nat
L3838,J151902.42+540038.6,15 19 02.42,+54 00 38.6,nat
L3852,J152033.49+560313.0,15 20 33.49,+56 03 13.0,nat
L3891,J152701.09+204230.0,15 27 01.09,+20 42 30.0,nat
L4059,J155522.32+453058.6,15 55 22.32,+45 30 58.6,nat
L4061,J155549.94+350632.6,15 55 49.94,+35 06 32.6,nat
L4141,J160913.76+033458.2,16 09 13.76,+03 34 58.2,nat
L4159,J161317.88+560118.4,16 13 17.88,+56 01 18.4,nat
L4166,J161402.35+544420.8,16 14 02.35,+54 44 20.8,nat
L4339,J164329.98+140624.2,16 43 29.98,+14 06 24.2,nat
L4431,J170226.42+610903.4,17 02 26.42,+61 09 03.4,nat
L4445,J170455.62+443225.9,17 04 55.62,+44 32 25.9,nat
L4468,J171026.45+451143.8,17 10 26.45,+45 11 43.8,nat
L4585,J211203.84+102914.3,21 12 03.84,+10 29 14.3,nat
L4597,J212615.53-071042.5,21 26 15.53,-07 10 42.5,nat
L4598,J212632.94-002925.8,21 26 32.94,-00 29 25.8,nat
L4602,J212710.47-012713.1,21 27 10.47,-01 27 13.1,nat
L4705,J222421.75+012637.1,22 24 21.75,+01 26 37.1,nat
L4767,J230331.73+065746.0,23 03 31.73,+06 57 46.0,nat
L4808,J231920.37+100620.4,23 19 20.37,+10 06 20.4,nat
L4809,J231921.40-073752.2,23 19 21.40,-07 37 52.2,nat
L4814,J232248.18+010500.0,23 22 48.18,+01 05 00.0,nat
L4817,J232351.06+021701.7,23 23 51.06,+02 17 01.7,nat
L4825,J233033.81+092236.9,23 30 33.81,+09 22 36.9,nat
L4827,J233207.42-074446.1,23 32 07.42,-07 44 46.1,nat
L4833,J233334.96+102820.7,23 33 34.96,+10 28 20.7,nat
L4834,J233414.20-015710.8,23 34 14.20,-01 57 10.8,nat
L4848,J233819.85-085136.4,23 38 19.85,-08 51 36.4,nat
L4867,J235236.40-064004.2,23 52 36.40,-06 40 04.2,nat
L4874,J235611.14+112644.8,23 56 11.14,+11 26 44.8,nat
S0033,J073312.73+421300.9,07 33 12.73,+42 13 00.9,nat
S0036,J074101.20+262036.6,07 41 01.20,+26 20 36.6,nat
S0084,J090704.23+023438.1,09 07 04.23,+02 34 38.1,nat
S0102,J093523.36-032547.0,09 35 23.36,-03 25 47.0,nat
S0127,J100346.59+373056.5,10 03 46.59,+37 30 56.5,nat
S0208,J123720.33+201352.6,12 37 20.33,+20 13 52.6,nat
S0213,J124942.23+303837.9,12 49 42.23,+30 38 37.9,nat
S0222,J125941.85+461739.9,12 59 41.85,+46 17 39.9,nat
S0385,J001248.62-060703.1,00 12 48.62,-06 07 03.1,nat
S0386,J001737.70+082752.9,00 17 37.70,+08 27 52.9,nat
S0387,J002346.06+071755.5,00 23 46.06,+07 17 55.5,nat
S0388,J004149.95-092548.6,00 41 49.95,-09 25 48.6,nat
S0389,J004711.24+103458.2,00 47 11.24,+10 34 58.2,nat
S0390,J005443.83+030210.5,00 54 43.83,+03 02 10.5,nat
S0391,J005602.70-012003.5,00 56 02.70,-01 20 03.5,nat
S0392,J014023.32+022356.7,01 40 23.32,+02 23 56.7,nat
S0393,J014807.84+000052.2,01 48 07.84,+00 00 52.2,nat
S0394,J015043.47-081836.7,01 50 43.47,-08 18 36.7,nat
S0395,J021242.34-015547.7,02 12 42.34,-01 55 47.7,nat
S0396,J021619.98-024526.7,02 16 19.98,-02 45 26.7,nat
S0397,J022327.58+064039.1,02 23 27.58,+06 40 39.1,nat
S0398,J025620.02-054249.5,02 56 20.02,-05 42 49.5,nat
S0399,J031741.97-081639.8,03 17 41.97,-08 16 39.8,nat
S0400,J033434.09-010952.3,03 34 34.09,-01 09 52.3,nat
S0401,J033505.72+042017.1,03 35 05.72,+04 20 17.1,nat
S0402,J033750.21+042104.2,03 37 50.21,+04 21 04.2,nat
S0404,J035650.87+001323.2,03 56 50.87,+00 13 23.2,nat
S0405,J070336.36+514717.1,07 03 36.36,+51 47 17.1,nat
S0406,J070906.53+433135.4,07 09 06.53,+43 31 35.4,nat
S0407,J071449.33+363449.8,07 14 49.33,+36 34 49.8,nat
S0408,J071825.52+482020.6,07 18 25.52,+48 20 20.6,nat
S0409,J072011.94+361749.6,07 20 11.94,+36 17 49.6,nat
S0410,J072930.39+594952.0,07 29 30.39,+59 49 52.0,nat
S0411,J073113.85+325115.1,07 31 13.85,+32 51 15.1,nat
S0412,J073201.32+420829.9,07 32 01.32,+42 08 29.9,nat
S0414,J073441.42+361137.2,07 34 41.42,+36 11 37.2,nat
S0415,J073849.51+415907.5,07 38 49.51,+41 59 07.5,nat
S0416,J073854.99+384623.4,07 38 54.99,+38 46 23.4,nat
S0417,J074306.29+271014.2,07 43 06.29,+27 10 14.2,nat
S0419,J080344.68+395100.0,08 03 44.68,+39 51 00.0,nat
S0420,J081938.66+252222.8,08 19 38.66,+25 22 22.8,nat
S0421,J081939.25+574606.6,08 19 39.25,+57 46 06.6,nat
S0422,J082444.68+520033.8,08 24 44.68,+52 00 33.8,nat
S0423,J082712.91+382002.3,08 27 12.91,+38 20 02.3,nat
S0424,J082730.03+081626.1,08 27 30.03,+08 16 26.1,nat
S0425,J082839.63+243655.8,08 28 39.63,+24 36 55.8,nat
S0426,J082910.55+632228.5,08 29 10.55,+63 22 28.5,nat
S0427,J083050.27+215557.8,08 30 50.27,+21 55 57.8,nat
S0428,J083430.09+394509.5,08 34 30.09,+39 45 09.5,nat
S0429,J084447.54+253823.7,08 44 47.54,+25 38 23.7,nat
S0431,J085053.72+134900.3,08 50 53.72,+13 49 00.3,nat
S0432,J085110.34+161530.6,08 51 10.34,+16 15 30.6,nat
S0433,J085757.06+170447.3,08 57 57.06,+17 04 47.3,nat
S0434,J085839.90+162008.8,08 58 39.90,+16 20 08.8,nat
S0435,J090125.81+025928.8,09 01 25.81,+02 59 28.8,nat
S0436,J090230.30+350511.0,09 02 30.30,+35 05 11.0,nat
S0437,J090305.38+450959.7,09 03 05.38,+45 09 59.7,nat
S0438,J091450.71+082442.7,09 14 50.71,+08 24 42.7,nat
S0439,J091642.69+172920.4,09 16 42.69,+17 29 20.4,nat
S0441,J091940.43-012950.3,09 19 40.43,-01 29 50.3,nat
S0442,J092104.79+072338.3,09 21 04.79,+07 23 38.3,nat
S0444,J092704.27+542346.6,09 27 04.27,+54 23 46.6,nat
S0445,J093328.30+134137.5,09 33 28.30,+13 41 37.5,nat
S0446,J093643.62+034044.1,09 36 43.62,+03 40 44.1,nat
S0447,J094056.39+253059.5,09 40 56.39,+25 30 59.5,nat
S0448,J094214.45+152256.3,09 42 14.45,+15 22 56.3,nat
S0449,J094454.86-061607.9,09 44 54.86,-06 16 07.9,nat
S0450,J095113.21+180208.8,09 51 13.21,+18 02 08.8,nat
S0451,J095327.88+292419.8,09 53 27.88,+29 24 19.8,nat
S0452,J100515.91+221047.5,10 05 15.91,+22 10 47.5,nat
S0453,J100628.48+085012.3,10 06 28.48,+08 50 12.3,nat
S0454,J101042.61+214557.3,10 10 42.61,+21 45 57.3,nat
S0455,J101307.16+553201.6,10 13 07.16,+55 32 01.6,nat
S0457,J101441.93+003801.5,10 14 41.93,+00 38 01.5,nat
S0458,J101518.55+262754.9,10 15 18.55,+26 27 54.9,nat
S0459,J101606.64+470806.6,10 16 06.64,+47 08 06.6,nat
S0462,J102322.59+085126.9,10 23 22.59,+08 51 26.9,nat
S0463,J103201.62+350252.9,10 32 01.62,+35 02 52.9,nat
S0464,J103215.87+315235.7,10 32 15.87,+31 52 35.7,nat
S0465,J103221.43+051421.8,10 32 21.43,+05 14 21.8,nat
S0466,J104254.72+290717.5,10 42 54.72,+29 07 17.5,nat
S0467,J104344.72+084749.8,10 43 44.72,+08 47 49.8,nat
S0468,J104501.48+125802.8,10 45 01.48,+12 58 02.8,nat
S0469,J104656.15+163125.9,10 46 56.15,+16 31 25.9,nat
S0470,J104845.26+185757.8,10 48 45.26,+18 57 57.8,nat
S0471,J105129.91+050324.2,10 51 29.91,+05 03 24.2,nat
S0472,J105540.80+143220.2,10 55 40.80,+14 32 20.2,nat
S0473,J105614.77+112842.7,10 56 14.77,+11 28 42.7,nat
S0474,J110444.46+472656.8,11 04 44.46,+47 26 56.8,nat
S0475,J110528.85+123514.6,11 05 28.85,+12 35 14.6,nat
S0476,J110956.70+325205.9,11 09 56.70,+32 52 05.9,nat
S0477,J111006.16+115943.2,11 10 06.16,+11 59 43.2,nat
S0478,J113122.88+212556.5,11 31 22.88,+21 25 56.5,nat
S0479,J113131.07+012827.8,11 31 31.07,+01 28 27.8,nat
S0480,J113157.05+390800.1,11 31 57.05,+39 08 00.1,nat
S0481,J113240.23+134426.2,11 32 40.23,+13 44 26.2,nat
S0482,J113359.34+490345.5,11 33 59.34,+49 03 45.5,nat
S0483,J113733.28+300006.6,11 37 33.28,+30 00 06.6,nat
S0484,J114312.27+164139.3,11 43 12.27,+16 41 39.3,nat
S0485,J114522.20+152943.,11 45 22.20,+15 29 43.,nat
S0486,J115237.64+422904.7,11 52 37.64,+42 29 04.7,nat
S0488,J115638.83+204847.5,11 56 38.83,+20 48 47.5,nat
S0489,J120125.73-070310.9,12 01 25.73,-07 03 10.9,nat
S0490,J120202.76+580148.1,12 02 02.76,+58 01 48.1,nat
S0491,J120401.70+201355.7,12 04 01.70,+20 13 55.7,nat
S0492,J120828.56+342509.4,12 08 28.56,+34 25 09.4,nat
S0493,J120900.38+571530.5,12 09 00.38,+57 15 30.5,nat
S0494,J121156.28+070729.2,12 11 56.28,+07 07 29.2,nat
S0495,J121550.25+324313.0,12 15 50.25,+32 43 13.0,nat
S0496,J121731.4+033657.0,12 17 31.4,+03 36 57.0,nat
S0497,J121740.19+034002.1,12 17 40.19,+03 40 02.1,nat
S0499,J122223.69-044935.4,12 22 23.69,-04 49 35.4,nat
S0500,J122525.15+373728.7,12 25 25.15,+37 37 28.7,nat
S0501,J122732.29+492844.0,12 27 32.29,+49 28 44.0,nat
S0502,J122951.29+114040.4,12 29 51.29,+11 40 40.4,nat
S0503,J123145.98+385030.9,12 31 45.98,+38 50 30.9,nat
S0504,J123456.52+401254.4,12 34 56.52,+40 12 54.4,nat
S0505,J123528.51+531457.7,12 35 28.51,+53 14 57.7,nat
S0506,J123537.39+074110.5,12 35 37.39,+07 41 10.5,nat
S0507,J124148.03+605639.4,12 41 48.03,+60 56 39.4,nat
S0508,J124208.74+502212.8,12 42 08.74,+50 22 12.8,nat
S0509,J124310.27-072609.2,12 43 10.27,-07 26 09.2,nat
S0510,J124651.53+300531.1,12 46 51.53,+30 05 31.1,nat
S0511,J124724.16+093108.9,12 47 24.16,+09 31 08.9,nat
S0512,J124751.48-024951.6,12 47 51.48,-02 49 51.6,nat
S0513,J124754.54+011956.5,12 47 54.54,+01 19 56.5,nat
S0514,J124918.69+500449.5,12 49 18.69,+50 04 49.5,nat
S0515,J124950.79+071313.5,12 49 50.79,+07 13 13.5,nat
S0516,J125628.28+012604.7,12 56 28.28,+01 26 04.7,nat
S0517,J125930.22+490600.6,12 59 30.22,+49 06 00.6,nat
S0518,J130110.80+281829.8,13 01 10.80,+28 18 29.8,nat
S0519,J130833.03+531119.4,13 08 33.03,+53 11 19.4,nat
S0520,J131117.46+192246.3,13 11 17.46,+19 22 46.3,nat
S0521,J131336.78+174528.6,13 13 36.78,+17 45 28.6,nat
S0522,J131739.52+191020.8,13 17 39.52,+19 10 20.8,nat
S0523,J131756.76+314447.0,13 17 56.76,+31 44 47.0,nat
S0524,J131926.90+580725.3,13 19 26.90,+58 07 25.3,nat
S0525,J132246.31+113215.9,13 22 46.31,+11 32 15.9,nat
S0526,J132705.57-044047.2,13 27 05.57,-04 40 47.2,nat
S0527,J133031.07+064933.8,13 30 31.07,+06 49 33.8,nat
S0528,J133046.50+190444.5,13 30 46.50,+19 04 44.5,nat
S0529,J133437.09+253720.1,13 34 37.09,+25 37 20.1,nat
S0530,J133448.60+172812.3,13 34 48.60,+17 28 12.3,nat
S0531,J134244.59+122655.6,13 42 44.59,+12 26 55.6,nat
S0532,J134847.55+372634.2,13 48 47.55,+37 26 34.2,nat
S0533,J134936.07+482844.0,13 49 36.07,+48 28 44.0,nat
S0534,J134948.35+420703.7,13 49 48.35,+42 07 03.7,nat
S0535,J135133.47+002327.6,13 51 33.47,+00 23 27.6,nat
S0536,J135302.05+330528.5,13 53 02.05,+33 05 28.5,nat
S0537,J135339.85+094213.5,13 53 39.85,+09 42 13.5,nat
S0538,J135745.57+073223.7,13 57 45.57,+07 32 23.7,nat
S0539,J135857.2+035226.8,13 58 57.2,+03 52 26.8,nat
S0540,J135950.7-010238.9,13 59 50.7,-01 02 38.9,nat
S0541,J135959.4+444357.5,13 59 59.4,+44 43 57.5,nat
S0542,J140313.29+061008.3,14 03 13.29,+06 10 08.3,nat
S0543,J140603.79+404147.8,14 06 03.79,+40 41 47.8,nat
S0544,J140713.04+425735.7,14 07 13.04,+42 57 35.7,nat
S0545,J141330.45+484426.9,14 13 30.45,+48 44 26.9,nat
S0546,J141455.75+174607.9,14 14 55.75,+17 46 07.9,nat
S0547,J141809.17+051515.5,14 18 09.17,+05 15 15.5,nat
S0549,J142041.85+250035.0,14 20 41.85,+25 00 35.0,nat
S0551,J142136.93+610024.6,14 21 36.93,+61 00 24.6,nat
S0552,J142616.34+005015.4,14 26 16.34,+00 50 15.4,nat
S0553,J142807.32+395317.2,14 28 07.32,+39 53 17.2,nat
S0554,J143225.38+124724.6,14 32 25.38,+12 47 24.6,nat
S0556,J144228.67+294556.4,14 42 28.67,+29 45 56.4,nat
S0557,J144453.30+540617.2,14 44 53.30,+54 06 17.2,nat
S0558,J145144.40+162246.9,14 51 44.40,+16 22 46.9,nat
S0559,J145215.40+502225.0,14 52 15.40,+50 22 25.0,nat
S0560,J145238.29+073331.6,14 52 38.29,+07 33 31.6,nat
S0561,J145842.16+100624.2,14 58 42.16,+10 06 24.2,nat
S0562,J150050.73+124147.7,15 00 50.73,+12 41 47.7,nat
S0563,J150233.40+425556.5,15 02 33.40,+42 55 56.5,nat
S0564,J150547.86+154650.8,15 05 47.86,+15 46 50.8,nat
S0565,J150957.37+332715.0,15 09 57.37,+33 27 15.0,nat
S0566,J151449.36+101703.2,15 14 49.36,+10 17 03.2,nat
S0567,J152055.66+233725.2,15 20 55.66,+23 37 25.2,nat
S0568,J152441.55+095736.8,15 24 41.55,+09 57 36.8,nat
S0569,J152614.82+043830.2,15 26 14.82,+04 38 30.2,nat
S0570,J153008.02+452552.8,15 30 08.02,+45 25 52.8,nat
S0571,J153030.66+321056.6,15 30 30.66,+32 10 56.6,nat
S0573,J153631.19-020506.3,15 36 31.19,-02 05 06.3,nat
S0574,J153928.61+180559.2,15 39 28.61,+18 05 59.2,nat
S0575,J154141.70+030103.0,15 41 41.70,+03 01 03.0,nat
S0576,J154409.94+175504.8,15 44 09.94,+17 55 04.8,nat
S0577,J154446.24+604219.9,15 44 46.24,+60 42 19.9,nat
S0578,J154547.40-023759.6,15 45 47.40,-02 37 59.6,nat
S0579,J154553.98+030912.3,15 45 53.98,+03 09 12.3,nat
S0580,J154630.86+262031.3,15 46 30.86,+26 20 31.3,nat
S0581,J154849.35+361035.4,15 48 49.35,+36 10 35.4,nat
S0582,J155020.46+151614.1,15 50 20.46,+15 16 14.1,nat
S0583,J155154.65+402518.9,15 51 54.65,+40 25 18.9,nat
S0584,J155345.53+153013.6,15 53 45.53,+15 30 13.6,nat
S0586,J155522.00+453100.8,15 55 22.00,+45 31 00.8,nat
S0589,J160340.50+313300.7,16 03 40.50,+31 33 00.7,nat
S0590,J160723.84+344210.9,16 07 23.84,+34 42 10.9,nat
S0591,J160930.66+614419.5,16 09 30.66,+61 44 19.5,nat
S0592,J161039.03+120318.8,16 10 39.03,+12 03 18.8,nat
S0593,J161102.89+041503.1,16 11 02.89,+04 15 03.1,nat
S0594,J161335.02+192105.8,16 13 35.02,+19 21 05.8,nat
S0595,J161610.48+090655.3,16 16 10.48,+09 06 55.3,nat
S0596,J161637.83+422655.7,16 16 37.83,+42 26 55.7,nat
S0597,J162346.00+111047.4,16 23 46.00,+11 10 47.4,nat
S0598,J162523.45+093229.2,16 25 23.45,+09 32 29.2,nat
S0599,J163402.06+062639.3,16 34 02.06,+06 26 39.3,nat
S0600,J163930.32+534654.9,16 39 30.32,+53 46 54.9,nat
S0601,J164044.33+463406.5,16 40 44.33,+46 34 06.5,nat
S0602,J164053.90+324728.4,16 40 53.90,+32 47 28.4,nat
S0603,J164330.08+140614.2,16 43 30.08,+14 06 14.2,nat
S0604,J165036.46+330300.1,16 50 36.46,+33 03 00.1,nat
S0605,J165205.38+305517.0,16 52 05.38,+30 55 17.0,nat
S0607,J170047.39+444242.0,17 00 47.39,+44 42 42.0,nat
S0608,J170332.97+413957.6,17 03 32.97,+41 39 57.6,nat
S0609,J170451.26+245233.6,17 04 51.26,+24 52 33.6,nat
S0610,J171013.72+402203.4,17 10 13.72,+40 22 03.4,nat
S0611,J171316.01+634737.5,17 13 16.01,+63 47 37.5,nat
S0612,J172152.24+472636.8,17 21 52.24,+47 26 36.8,nat
S0613,J172552.31+494911.7,17 25 52.31,+49 49 11.7,nat
S0614,J172613.09+453028.8,17 26 13.09,+45 30 28.8,nat
S0615,J172802.55+404547.1,17 28 02.55,+40 45 47.1,nat
S0616,J172921.19+541526.1,17 29 21.19,+54 15 26.1,nat
S0617,J173343.25+422912.1,17 33 43.25,+42 29 12.1,nat
S0618,J205845.62+093009.9,20 58 45.62,+09 30 09.9,nat
S0620,J212616.07-071046.4,21 26 16.07,-07 10 46.4,nat
S0621,J213726.40-013414.7,21 37 26.40,-01 34 14.7,nat
S0622,J213926.27-074223.4,21 39 26.27,-07 42 23.4,nat
S0623,J215250.62+090759.7,21 52 50.62,+09 07 59.7,nat
S0624,J215422.62+003710.8,21 54 22.62,+00 37 10.8,nat
S0625,J215526.18+084648.5,21 55 26.18,+08 46 48.5,nat
S0626,J215541.97+123128.6,21 55 41.97,+12 31 28.6,nat
S0627,J215934.35-054254.3,21 59 34.35,-05 42 54.3,nat
S0628,J222235.28+143535.4,22 22 35.28,+14 35 35.4,nat
S0629,J222421.97+012631.3,22 24 21.97,+01 26 31.3,nat
S0630,J223424.76+055242.5,22 34 24.76,+05 52 42.5,nat
S0631,J223902.43-093235.6,22 39 02.43,-09 32 35.6,nat
S0633,J230046.83+142602.8,23 00 46.83,+14 26 02.8,nat
S0634,J230429.26-095204.8,23 04 29.26,-09 52 04.8,nat
S0635,J231015.98+144122.3,23 10 15.98,+14 41 22.3,nat
S0636,J233236.03+101627.8,23 32 36.03,+10 16 27.8,nat
S0637,J234654.00-015409.4,23 46 54.00,-01 54 09.4,nat
S0638,J234802.21+115722.9,23 48 02.21,+11 57 22.9,nat
L0017,J000730.00+123324.6,00 07 30.00,+12 33 24.6,sfri
L0431,J070642.10+484102.5,07 06 42.10,+48 41 02.5,sfri
L0448,J071110.67+541332.4,07 11 10.67,+54 13 32.4,sfri
L0534,J073247.64+384054.6,07 32 47.64,+38 40 54.6,sfri
L0657,J075852.56+283539.2,07 58 52.56,+28 35 39.2,sfri
L0686,J080543.44+161357.0,08 05 43.44,+16 13 57.0,sfri
L0755,J081736.44+595718.5,08 17 36.44,+59 57 18.5,sfri
L0800,J082252.30+084720.6,08 22 52.30,+08 47 20.6,sfri
L0953,J084413.00+632912.9,08 44 13.00,+63 29 12.9,sfri
L1004,J084959.45+424626.0,08 49 59.45,+42 46 26.0,sfri
L1006,J085014.68+310412.7,08 50 14.68,+31 04 12.7,sfri
L1015,J085101.56+163848.6,08 51 01.56,+16 38 48.6,sfri
L1030,J085242.51+154416.5,08 52 42.51,+15 44 16.5,sfri
L1069,J085814.32+505333.3,08 58 14.32,+50 53 33.3,sfri
L1083,J085924.53+361330.9,08 59 24.53,+36 13 30.9,sfri
L1121,J090235.04+204412.5,09 02 35.04,+20 44 12.5,sfri
L1163,J090835.77+483916.6,09 08 35.77,+48 39 16.6,sfri
L1312,J092708.52+475129.4,09 27 08.52,+47 51 29.4,sfri
L1338,J093149.19+194243.5,09 31 49.19,+19 42 43.5,sfri
L1372,J093636.74+100202.9,09 36 36.74,+10 02 02.9,sfri
L1396,J093953.25+233905.4,09 39 53.25,+23 39 05.4,sfri
L1451,J094743.63+181633.6,09 47 43.63,+18 16 33.6,sfri
L1463,J094942.77-005026.4,09 49 42.77,-00 50 26.4,sfri
L1500,J095528.08+034517.1,09 55 28.08,+03 45 17.1,sfri
L1580,J100709.94+133555.2,10 07 09.94,+13 35 55.2,sfri
L1589,J100836.78+281259.3,10 08 36.78,+28 12 59.3,sfri
L1643,J101625.63+083905.4,10 16 25.63,+08 39 05.4,sfri
L1663,J101919.80+422737.3,10 19 19.80,+42 27 37.3,sfri
L1670,J102040.85+315514.3,10 20 40.85,+31 55 14.3,sfri
L1682,J102238.27+383449.2,10 22 38.27,+38 34 49.2,sfri
L1741,J103019.17-071725.2,10 30 19.17,-07 17 25.2,sfri
L1860,J104645.76+314422.3,10 46 45.76,+31 44 22.3,sfri
L1867,J104714.09-002806.0,10 47 14.09,-00 28 06.0,sfri
L1871,J104742.65+434706.5,10 47 42.65,+43 47 06.5,sfri
L1907,J105238.94+313418.2,10 52 38.94,+31 34 18.2,sfri
L1937,J105704.78+614715.8,10 57 04.78,+61 47 15.8,sfri
L2139,J112923.68+210123.2,11 29 23.68,+21 01 23.2,sfri
L2169,J113241.76+121322.2,11 32 41.76,+12 13 22.2,sfri
L2235,J114144.65+131103.6,11 41 44.65,+13 11 03.6,sfri
L2246,J114305.95+184341.9,11 43 05.95,+18 43 41.9,sfri
L2256,J114432.78+213215.5,11 44 32.78,+21 32 15.5,sfri
L2266,J114546.50-041452.1,11 45 46.50,-04 14 52.1,sfri
L2267,J114555.75+283405.9,11 45 55.75,+28 34 05.9,sfri
L2306,J115125.78+545008.8,11 51 25.78,+54 50 08.8,sfri
L2402,J120240.46-031436.0,12 02 40.46,-03 14 36.0,sfri
L2410,J120333.68+110610.1,12 03 33.68,+11 06 10.1,sfri
L2507,J121627.43+292849.6,12 16 27.43,+29 28 49.6,sfri
L2605,J122849.68+215648.9,12 28 49.68,+21 56 48.9,sfri
L2675,J124007.70-042946.6,12 40 07.70,-04 29 46.6,sfri
L2677,J124009.37-042052.0,12 40 09.37,-04 20 52.0,sfri
L2703,J124335.28+092422.2,12 43 35.28,+09 24 22.2,sfri
L2740,J124843.22-034119.7,12 48 43.22,-03 41 19.7,sfri
L2754,J125115.07+204107.2,12 51 15.07,+20 41 07.2,sfri
L2777,J125418.24+152821.0,12 54 18.24,+15 28 21.0,sfri
L2778,J125418.66+002954.0,12 54 18.66,+00 29 54.0,sfri
L2794,J125658.49+061915.6,12 56 58.49,+06 19 15.6,sfri
L2890,J131234.79+111002.3,13 12 34.79,+11 10 02.3,sfri
L2908,J131459.33+061622.2,13 14 59.33,+06 16 22.2,sfri
L3007,J132656.87+481430.0,13 26 56.87,+48 14 30.0,sfri
L3012,J132731.03+510118.9,13 27 31.03,+51 01 18.9,sfri
L3033,J133037.19+390813.4,13 30 37.19,+39 08 13.4,sfri
L3037,J133105.89+163041.9,13 31 05.89,+16 30 41.9,sfri
L3132,J134056.81+621429.1,13 40 56.81,+62 14 29.1,sfri
L3207,J135342.29+331339.5,13 53 42.29,+33 13 39.5,sfri
L3228,J135620.37+181748.9,13 56 20.37,+18 17 48.9,sfri
L3247,J135822.72+181800.7,13 58 22.72,+18 18 00.7,sfri
L3249,J135827.09+080701.8,13 58 27.09,+08 07 01.8,sfri
L3251,J135835.16+092214.4,13 58 35.16,+09 22 14.4,sfri
L3268,J140000.27+283001.8,14 00 00.27,+28 30 01.8,sfri
L3285,J140220.92+013913.8,14 02 20.92,+01 39 13.8,sfri
L3312,J140617.86+275614.3,14 06 17.86,+27 56 14.3,sfri
L3356,J141251.76+283125.7,14 12 51.76,+28 31 25.7,sfri
L3373,J141513.62-013707.8,14 15 13.62,-01 37 07.8,sfri
L3489,J143039.05+100007.7,14 30 39.05,+10 00 07.7,sfri
L3503,J143136.43+522724.0,14 31 36.43,+52 27 24.0,sfri
L3505,J143149.56+605056.6,14 31 49.56,+60 50 56.6,sfri
L3526,J143408.36+013644.3,14 34 08.36,+01 36 44.3,sfri
L3643,J144921.99+501948.4,14 49 21.99,+50 19 48.4,sfri
L3658,J145051.53+121235.4,14 50 51.53,+12 12 35.4,sfri
L3742,J150209.00+530411.3,15 02 09.00,+53 04 11.3,sfri
L3795,J151033.00+184438.9,15 10 33.00,+18 44 38.9,sfri
L3897,J152847.07+064525.5,15 28 47.07,+06 45 25.5,sfri
L3973,J154216.85+555404.1,15 42 16.85,+55 54 04.1,sfri
L4008,J154807.30+400948.7,15 48 07.30,+40 09 48.7,sfri
L4023,J154952.35+190950.2,15 49 52.35,+19 09 50.2,sfri
L4121,J160646.74+223828.4,16 06 46.74,+22 38 28.4,sfri
L4156,J161247.54+052007.1,16 12 47.54,+05 20 07.1,sfri
L4167,J161403.48+590102.9,16 14 03.48,+59 01 02.9,sfri
L4198,J161913.13+112205.4,16 19 13.13,+11 22 05.4,sfri
L4264,J163017.29+143508.4,16 30 17.29,+14 35 08.4,sfri
L4292,J163516.00+504037.9,16 35 16.00,+50 40 37.9,sfri
L4565,J205151.94+033310.1,20 51 51.94,+03 33 10.1,sfri
L4571,J205803.96-001838.4,20 58 03.96,-00 18 38.4,sfri
L4733,J224417.77+055458.1,22 44 17.77,+05 54 58.1,sfri
L4757,J225831.93+053020.4,22 58 31.93,+05 30 20.4,sfri
L4787,J231128.07-071915.4,23 11 28.07,-07 19 15.4,sfri
M0003,J100152.89-005241.0,10 01 52.89,-00 52 41.0,sfri
M0009,J104958.85+001920.3,10 49 58.85,+00 19 20.3,sfri
M0017,J122032.81+000417.4,12 20 32.81,+00 04 17.4,sfri
M0031,J143919.00+003819.0,14 39 19.00,+00 38 19.0,sfri
M0032,J143848.39+004056.6,14 38 48.39,+00 40 56.6,sfri
M0034,J144724.04-002411.0,14 47 24.04,-00 24 11.0,sfri
M0065,J230326.14-002137.8,23 03 26.14,-00 21 37.8,sfri
M0082,J020007.94+000127.1,02 00 07.94,+00 01 27.1,sfri
M0090,J081125.64+433742.3,08 11 25.64,+43 37 42.3,sfri
M0116,J100043.19+014607.9,10 00 43.19,+01 46 07.9,sfri
M0123,J110802.68+024601.6,11 08 02.68,+02 46 01.6,sfri
M0141,J132644.64+031155.1,13 26 44.64,+03 11 55.1,sfri
M0147,J074535.73+335746.7,07 45 35.73,+33 57 46.7,sfri
M0151,J083346.88+451519.5,08 33 46.88,+45 15 19.5,sfri
M0158,J091014.88+533950.6,09 10 14.88,+53 39 50.6,sfri
M0159,J091225.08+534139.2,09 12 25.08,+53 41 39.2,sfri
M0173,J093058.74+034827.8,09 30 58.74,+03 48 27.8,sfri
M0174,J095527.76+034516.8,09 55 27.76,+03 45 16.8,sfri
M0177,J101356.38+040857.9,10 13 56.38,+04 08 57.9,sfri
M0194,J150959.40+030011.1,15 09 59.40,+03 00 11.1,sfri
M0198,J153206.43+034158.3,15 32 06.43,+03 41 58.3,sfri
M0209,J143147.55+605109.5,14 31 47.55,+60 51 09.5,sfri
M0212,J153250.69+573425.1,15 32 50.69,+57 34 25.1,sfri
M0214,J155721.40+544016.0,15 57 21.40,+54 40 16.0,sfri
M0215,J155750.26+534334.1,15 57 50.26,+53 43 34.1,sfri
M0231,J004312.85-103956.1,00 43 12.85,-10 39 56.1,sfri
M0239,J013327.25-082416.5,01 33 27.25,-08 24 16.5,sfri
M0260,J230632.18-093020.6,23 06 32.18,-09 30 20.6,sfri
M0267,J081140.50+401457.3,08 11 40.50,+40 14 57.3,sfri
M0269,J083112.16+434158.5,08 31 12.16,+43 41 58.5,sfri
M0273,J090836.47+483918.3,09 08 36.47,+48 39 18.3,sfri
M0282,J111903.89+602840.8,11 19 03.89,+60 28 40.8,sfri
M0288,J130239.05+622939.3,13 02 39.05,+62 29 39.3,sfri
M0293,J132218.27+604421.5,13 22 18.27,+60 44 21.5,sfri
M0302,J163315.26+401059.9,16 33 15.26,+40 10 59.9,sfri
M0309,J090542.61+422113.2,09 05 42.61,+42 21 13.2,sfri
M0312,J114208.92+043733.6,11 42 08.92,+04 37 33.6,sfri
M0313,J114111.82+054405.1,11 41 11.82,+05 44 05.1,sfri
M0329,J082204.96+323006.2,08 22 04.96,+32 30 06.2,sfri
M0331,J103649.08+484949.0,10 36 49.08,+48 49 49.0,sfri
M0338,J125437.77+530524.0,12 54 37.77,+53 05 24.0,sfri
M0339,J080113.28+344030.9,08 01 13.28,+34 40 30.9,sfri
M0343,J083107.69+391420.5,08 31 07.69,+39 14 20.5,sfri
M0345,J085156.01+424360.0,08 51 56.01,+42 43 60.0,sfri
M0353,J105147.40+552308.4,10 51 47.40,+55 23 08.4,sfri
M0360,J134918.73-014921.5,13 49 18.73,-01 49 21.5,sfri
M0361,J141513.99-013703.8,14 15 13.99,-01 37 03.8,sfri
M0368,J075506.67+262115.9,07 55 06.67,+26 21 15.9,sfri
M0369,J081111.51+284750.5,08 11 11.51,+28 47 50.5,sfri
M0370,J082215.38+314036.3,08 22 15.38,+31 40 36.3,sfri
M0372,J082835.20+322825.2,08 28 35.20,+32 28 25.2,sfri
M0376,J094841.06+421813.2,09 48 41.06,+42 18 13.2,sfri
M0380,J103258.90+564453.4,10 32 58.90,+56 44 53.4,sfri
M0384,J112737.53+585059.5,11 27 37.53,+58 50 59.5,sfri
M0389,J132103.02+583256.0,13 21 03.02,+58 32 56.0,sfri
M0390,J132307.49+590349.0,13 23 07.49,+59 03 49.0,sfri
M0392,J133252.88+573718.8,13 32 52.88,+57 37 18.8,sfri
M0396,J111523.16+495640.9,11 15 23.16,+49 56 40.9,sfri
M0397,J113626.36+501323.8,11 36 26.36,+50 13 23.8,sfri
M0405,J170304.49+322847.5,17 03 04.49,+32 28 47.5,sfri
M0411,J092449.05+060242.9,09 24 49.05,+06 02 42.9,sfri
M0422,J105452.11+074006.4,10 54 52.11,+07 40 06.4,sfri
M0428,J100804.14+502642.8,10 08 04.14,+50 26 42.8,sfri
M0429,J102116.24+495040.5,10 21 16.24,+49 50 40.5,sfri
M0435,J112942.18+542528.9,11 29 42.18,+54 25 28.9,sfri
M0438,J115125.67+545006.9,11 51 25.67,+54 50 06.9,sfri
M0459,J150950.13+521739.9,15 09 50.13,+52 17 39.9,sfri
M0460,J151112.05+524652.6,15 11 12.05,+52 46 52.6,sfri
M0485,J093349.83+451957.8,09 33 49.83,+45 19 57.8,sfri
M0492,J091507.68+362232.3,09 15 07.68,+36 22 32.3,sfri
M0496,J101919.86+422734.8,10 19 19.86,+42 27 34.8,sfri
M0497,J110617.02+085833.3,11 06 17.02,+08 58 33.3,sfri
M0503,J100508.09+091233.4,10 05 08.09,+09 12 33.4,sfri
M0509,J101912.23+080447.9,10 19 12.23,+08 04 47.9,sfri
M0516,J081243.77+250247.3,08 12 43.77,+25 02 47.3,sfri
M0521,J085950.93+320748.4,08 59 50.93,+32 07 48.4,sfri
M0524,J124913.21+500043.7,12 49 13.21,+50 00 43.7,sfri
M0528,J132020.35+485409.1,13 20 20.35,+48 54 09.1,sfri
M0536,J150033.62+422018.0,15 00 33.62,+42 20 18.0,sfri
M0539,J085101.93+080050.6,08 51 01.93,+08 00 50.6,sfri
M0552,J123424.36+575327.2,12 34 24.36,+57 53 27.2,sfri
M0557,J143137.00+522724.9,14 31 37.00,+52 27 24.9,sfri
M0565,J163822.52+325111.8,16 38 22.52,+32 51 11.8,sfri
M0567,J134651.23+415154.7,13 46 51.23,+41 51 54.7,sfri
M0573,J151037.55+364929.8,15 10 37.55,+36 49 29.8,sfri
M0580,J105259.98+430255.0,10 52 59.98,+43 02 55.0,sfri
M0582,J114623.00+442459.1,11 46 23.00,+44 24 59.1,sfri
M0584,J114034.41+440548.1,11 40 34.41,+44 05 48.1,sfri
M0586,J115109.40+435918.7,11 51 09.40,+43 59 18.7,sfri
M0587,J114948.11+435412.6,11 49 48.11,+43 54 12.6,sfri
M0597,J134441.54+402802.2,13 44 41.54,+40 28 02.2,sfri
M0608,J161258.51+260135.0,16 12 58.51,+26 01 35.0,sfri
M0609,J142118.30+431110.4,14 21 18.30,+43 11 10.4,sfri
M0616,J154417.88+344146.6,15 44 17.88,+34 41 46.6,sfri
M0622,J154709.22+353846.2,15 47 09.22,+35 38 46.2,sfri
M0624,J160810.88+325418.7,16 08 10.88,+32 54 18.7,sfri
M0625,J161828.99+295859.6,16 18 28.99,+29 58 59.6,sfri
M0626,J102237.41+383445.0,10 22 37.41,+38 34 45.0,sfri
M0627,J102703.84+382013.1,10 27 03.84,+38 20 13.1,sfri
M0629,J103502.62+425548.4,10 35 02.62,+42 55 48.4,sfri
M0630,J103636.24+383508.2,10 36 36.24,+38 35 08.2,sfri
M0631,J104336.03+393411.3,10 43 36.03,+39 34 11.3,sfri
M0633,J104742.83+434652.7,10 47 42.83,+43 46 52.7,sfri
M0637,J105348.93+402346.0,10 53 48.93,+40 23 46.0,sfri
M0659,J134300.37+462719.9,13 43 00.37,+46 27 19.9,sfri
M0666,J161836.13+270741.5,16 18 36.13,+27 07 41.5,sfri
M0667,J162228.86+264658.1,16 22 28.86,+26 46 58.1,sfri
M0685,J113151.21+111544.3,11 31 51.21,+11 15 44.3,sfri
M0687,J113242.03+121311.9,11 32 42.03,+12 13 11.9,sfri
M0696,J114125.98+080216.5,11 41 25.98,+08 02 16.5,sfri
M0698,J114339.84+072959.6,11 43 39.84,+07 29 59.6,sfri
M0700,J120118.20+061859.3,12 01 18.20,+06 18 59.3,sfri
M0701,J121143.17+080108.3,12 11 43.17,+08 01 08.3,sfri
M0712,J151744.97+310015.8,15 17 44.97,+31 00 15.8,sfri
M0716,J152234.04+310910.7,15 22 34.04,+31 09 10.7,sfri
M0719,J154413.50+283843.5,15 44 13.50,+28 38 43.5,sfri
M0724,J141243.84+495206.5,14 12 43.84,+49 52 06.5,sfri
M0732,J160923.21+352240.5,16 09 23.21,+35 22 40.5,sfri
M0738,J164924.02+263502.6,16 49 24.02,+26 35 02.6,sfri
M0742,J165748.27+272521.3,16 57 48.27,+27 25 21.3,sfri
M0746,J135329.98+113830.0,13 53 29.98,+11 38 30.0,sfri
M0763,J153621.12+084112.2,15 36 21.12,+08 41 12.2,sfri
M0765,J154635.78+084424.6,15 46 35.78,+08 44 24.6,sfri
M0774,J161713.47+063729.4,16 17 13.47,+06 37 29.4,sfri
M0778,J073658.10+432902.0,07 36 58.10,+43 29 02.0,sfri
M0798,J110651.16+141212.5,11 06 51.16,+14 12 12.5,sfri
M0803,J085105.27+085106.7,08 51 05.27,+08 51 06.7,sfri
M0805,J114910.67+151924.7,11 49 10.67,+15 19 24.7,sfri
M0807,J120725.24+142125.6,12 07 25.24,+14 21 25.6,sfri
M0814,J081421.69+522410.1,08 14 21.69,+52 24 10.1,sfri
M0834,J132624.77+074627.4,13 26 24.77,+07 46 27.4,sfri
M0838,J135650.10+070932.4,13 56 50.10,+07 09 32.4,sfri
M0839,J135124.56+085216.4,13 51 24.56,+08 52 16.4,sfri
M0841,J140631.67+093620.8,14 06 31.67,+09 36 20.8,sfri
M0848,J150356.71+081937.5,15 03 56.71,+08 19 37.5,sfri
M0855,J161247.46+051958.8,16 12 47.46,+05 19 58.8,sfri
M0859,J144626.18+063359.1,14 46 26.18,+06 33 59.1,sfri
M0861,J145435.23+053647.6,14 54 35.23,+05 36 47.6,sfri
M0863,J151659.25+051751.5,15 16 59.25,+05 17 51.5,sfri
M0867,J135526.20+352544.1,13 55 26.20,+35 25 44.1,sfri
M0875,J161925.31+202550.1,16 19 25.31,+20 25 50.1,sfri
M0877,J073050.67+445600.9,07 30 50.67,+44 56 00.9,sfri
M0884,J074708.36+171726.6,07 47 08.36,+17 17 26.6,sfri
M0888,J081854.09+224744.8,08 18 54.09,+22 47 44.8,sfri
M0892,J083147.84+223905.9,08 31 47.84,+22 39 05.9,sfri
M0896,J090238.58+264400.5,09 02 38.58,+26 44 00.5,sfri
M0900,J095801.68+285135.5,09 58 01.68,+28 51 35.5,sfri
M0903,J100559.75+354404.8,10 05 59.75,+35 44 04.8,sfri
M0908,J102242.60+332544.5,10 22 42.60,+33 25 44.5,sfri
M0912,J123650.25+331518.6,12 36 50.25,+33 15 18.6,sfri
M0914,J103036.16+355459.8,10 30 36.16,+35 54 59.8,sfri
M0922,J124541.96+332428.6,12 45 41.96,+33 24 28.6,sfri
M0925,J124439.78+375908.6,12 44 39.78,+37 59 08.6,sfri
M0927,J110522.81+300941.5,11 05 22.81,+30 09 41.5,sfri
M0931,J113222.83+393525.9,11 32 22.83,+39 35 25.9,sfri
M0935,J123954.46+374355.4,12 39 54.46,+37 43 55.4,sfri
M0947,J122208.08+341057.1,12 22 08.08,+34 10 57.1,sfri
M0952,J104645.87+314426.9,10 46 45.87,+31 44 26.9,sfri
M0958,J125537.06+345645.5,12 55 37.06,+34 56 45.5,sfri
M0960,J135250.71+361638.2,13 52 50.71,+36 16 38.2,sfri
M0962,J111332.17+355904.3,11 13 32.17,+35 59 04.3,sfri
M0977,J120647.65+315231.5,12 06 47.65,+31 52 31.5,sfri
M0986,J110140.09+331720.6,11 01 40.09,+33 17 20.6,sfri
M0991,J135432.97+281436.2,13 54 32.97,+28 14 36.2,sfri
M0996,J135450.03+332435.1,13 54 50.03,+33 24 35.1,sfri
M0997,J135553.63+262217.9,13 55 53.63,+26 22 17.9,sfri
M0998,J140709.82+261848.3,14 07 09.82,+26 18 48.3,sfri
M1001,J141251.32+283124.5,14 12 51.32,+28 31 24.5,sfri
M1005,J142041.96+250844.2,14 20 41.96,+25 08 44.2,sfri
M1006,J142440.53+263730.5,14 24 40.53,+26 37 30.5,sfri
M1010,J143526.24+275335.6,14 35 26.24,+27 53 35.6,sfri
M1011,J143716.82+245209.2,14 37 16.82,+24 52 09.2,sfri
M1015,J143715.01+244532.2,14 37 15.01,+24 45 32.2,sfri
M1017,J144921.62+253323.9,14 49 21.62,+25 33 23.9,sfri
M1026,J150230.24+230800.9,15 02 30.24,+23 08 00.9,sfri
M1041,J161138.84+153255.0,16 11 38.84,+15 32 55.0,sfri
M1046,J162309.29+142149.5,16 23 09.29,+14 21 49.5,sfri
M1048,J162918.66+133824.0,16 29 18.66,+13 38 24.0,sfri
M1051,J163043.14+163910.8,16 30 43.14,+16 39 10.8,sfri
M1056,J110823.01+291427.6,11 08 23.01,+29 14 27.6,sfri
M1061,J112912.15+273314.0,11 29 12.15,+27 33 14.0,sfri
M1076,J125157.06+300926.2,12 51 57.06,+30 09 26.2,sfri
M1087,J082556.15+175139.6,08 25 56.15,+17 51 39.6,sfri
M1096,J090234.90+204417.9,09 02 34.90,+20 44 17.9,sfri
M1108,J095737.87+261025.2,09 57 37.87,+26 10 25.2,sfri
M1133,J095716.41+190651.3,09 57 16.41,+19 06 51.3,sfri
M1135,J102412.40+210522.2,10 24 12.40,+21 05 22.2,sfri
M1139,J081141.63+102912.0,08 11 41.63,+10 29 12.0,sfri
M1141,J084446.64+115455.4,08 44 46.64,+11 54 55.4,sfri
M1143,J085311.25+131836.6,08 53 11.25,+13 18 36.6,sfri
M1157,J111132.60+162619.4,11 11 32.60,+16 26 19.4,sfri
M1162,J112924.14+210113.9,11 29 24.14,+21 01 13.9,sfri
M1175,J114646.65+232810.8,11 46 46.65,+23 28 10.8,sfri
M1179,J115131.05+163126.3,11 51 31.05,+16 31 26.3,sfri
M1184,J155034.84+120040.9,15 50 34.84,+12 00 40.9,sfri
M1187,J155749.62+161836.7,15 57 49.62,+16 18 36.7,sfri
M1197,J163151.02+085307.5,16 31 51.02,+08 53 07.5,sfri
M1202,J092101.47+112945.4,09 21 01.47,+11 29 45.4,sfri
M1204,J092406.80+131259.9,09 24 06.80,+13 12 59.9,sfri
M1207,J095547.10+145548.2,09 55 47.10,+14 55 48.2,sfri
M1213,J102111.60+183811.0,10 21 11.60,+18 38 11.0,sfri
M1216,J120603.55+162634.9,12 06 03.55,+16 26 34.9,sfri
M1217,J122338.73+164438.4,12 23 38.73,+16 44 38.4,sfri
M1218,J122446.75+182532.1,12 24 46.75,+18 25 32.1,sfri
M1220,J123921.86+171157.5,12 39 21.86,+17 11 57.5,sfri
M1227,J133105.84+163039.8,13 31 05.84,+16 30 39.8,sfri
M1229,J121532.37+184249.4,12 15 32.37,+18 42 49.4,sfri
M1230,J122206.94+205936.5,12 22 06.94,+20 59 36.5,sfri
M1245,J133751.79+183828.3,13 37 51.79,+18 38 28.3,sfri
M1249,J121945.99+225510.4,12 19 45.99,+22 55 10.4,sfri
M1258,J133632.19+211956.9,13 36 32.19,+21 19 56.9,sfri
M1264,J130822.07+233116.0,13 08 22.07,+23 31 16.0,sfri
M1266,J132000.20+253243.9,13 20 00.20,+25 32 43.9,sfri
M1271,J143024.34+143527.2,14 30 24.34,+14 35 27.2,sfri
M1273,J145001.50+144747.9,14 50 01.50,+14 47 47.9,sfri
M1275,J150003.97+132745.6,15 00 03.97,+13 27 45.6,sfri
M1279,J134846.03+182519.6,13 48 46.03,+18 25 19.6,sfri
M1289,J140150.76+201009.1,14 01 50.76,+20 10 09.1,sfri
M1293,J141809.19+191924.8,14 18 09.19,+19 19 24.8,sfri
M1294,J143149.14+192300.2,14 31 49.14,+19 23 00.2,sfri
M1306,J140215.23+231803.7,14 02 15.23,+23 18 03.7,sfri
M1315,J145722.16+193801.1,14 57 22.16,+19 38 01.1,sfri
M1318,J151212.23+173309.3,15 12 12.23,+17 33 09.3,sfri
M1326,J154155.17+012517.4,15 41 55.17,+01 25 17.4,sfri
S0272,J142258.90+082518.8,14 22 58.90,+08 25 18.8,sfri
S0315,J153856.78+355709.6,15 38 56.78,+35 57 09.6,sfri
L0013,J000612.69-102820.4,00 06 12.69,-10 28 20.4,sfrii
L0046,J002523.04-020216.8,00 25 23.04,-02 02 16.8,sfrii
L0047,J002528.08+030555.2,00 25 28.08,+03 05 55.2,sfrii
L0092,J004415.22-080914.2,00 44 15.22,-08 09 14.2,sfrii
L0093,J004440.49-074523.6,00 44 40.49,-07 45 23.6,sfrii
L0099,J004951.76+031502.4,00 49 51.76,+03 15 02.4,sfrii
L0105,J005238.46+013727.0,00 52 38.46,+01 37 27.0,sfrii
L0116,J005655.03-010008.3,00 56 55.03,-01 00 08.3,sfrii
L0124,J005935.97+122102.5,00 59 35.97,+12 21 02.5,sfrii
L0126,J010021.96+104636.7,01 00 21.96,+10 46 36.7,sfrii
L0149,J011034.67-082549.2,01 10 34.67,-08 25 49.2,sfrii
L0171,J012120.55-053332.8,01 21 20.55,-05 33 32.8,sfrii
L0174,J012232.17-061954.0,01 22 32.17,-06 19 54.0,sfrii
L0190,J013134.85+003328.8,01 31 34.85,+00 33 28.8,sfrii
L0193,J013309.14+100949.2,01 33 09.14,+10 09 49.2,sfrii
L0195,J013432.34-014057.6,01 34 32.34,-01 40 57.6,sfrii
L0211,J014145.47-092316.3,01 41 45.47,-09 23 16.3,sfrii
L0216,J014348.55-021616.8,01 43 48.55,-02 16 16.8,sfrii
L0218,J014444.93-094403.1,01 44 44.93,-09 44 03.1,sfrii
L0220,J014458.98-000448.6,01 44 58.98,-00 04 48.6,sfrii
L0222,J014556.58-082023.3,01 45 56.58,-08 20 23.3,sfrii
L0225,J014716.25-045356.9,01 47 16.25,-04 53 56.9,sfrii
L0235,J015051.55-035219.6,01 50 51.55,-03 52 19.6,sfrii
L0237,J015100.58+072113.9,01 51 00.58,+07 21 13.9,sfrii
L0245,J015305.36-082747.9,01 53 05.36,-08 27 47.9,sfrii
L0246,J015328.28-025722.1,01 53 28.28,-02 57 22.1,sfrii
L0257,J015757.03-020628.8,01 57 57.03,-02 06 28.8,sfrii
L0280,J021103.06-045338.9,02 11 03.06,-04 53 38.9,sfrii
L0281,J021120.04-025015.5,02 11 20.04,-02 50 15.5,sfrii
L0357,J025456.64-045436.5,02 54 56.64,-04 54 36.5,sfrii
L0364,J025710.75+063757.8,02 57 10.75,+06 37 57.8,sfrii
L0382,J031318.65+003628.8,03 13 18.65,+00 36 28.8,sfrii
L0423,J070054.13+583011.3,07 00 54.13,+58 30 11.3,sfrii
L0435,J070728.87+475828.4,07 07 28.87,+47 58 28.4,sfrii
L0449,J071132.33+641405.8,07 11 32.33,+64 14 05.8,sfrii
L0452,J071215.07+331747.9,07 12 15.07,+33 17 47.9,sfrii
L0485,J072325.90+373032.7,07 23 25.90,+37 30 32.7,sfrii
L0487,J072430.85+501057.9,07 24 30.85,+50 10 57.9,sfrii
L0499,J072725.97+310914.9,07 27 25.97,+31 09 14.9,sfrii
L0509,J072900.19+613424.4,07 29 00.19,+61 34 24.4,sfrii
L0511,J072916.52+461716.3,07 29 16.52,+46 17 16.3,sfrii
L0517,J072948.67+274949.2,07 29 48.67,+27 49 49.2,sfrii
L0546,J073557.21+220842.6,07 35 57.21,+22 08 42.6,sfrii
L0576,J074155.82+581858.8,07 41 55.82,+58 18 58.8,sfrii
L0600,J074704.46+285546.6,07 47 04.46,+28 55 46.6,sfrii
L0616,J075107.44+163431.2,07 51 07.44,+16 34 31.2,sfrii
L0617,J075116.80+382836.5,07 51 16.80,+38 28 36.5,sfrii
L0652,J075729.43+631416.6,07 57 29.43,+63 14 16.6,sfrii
L0825,J082723.67+195426.3,08 27 23.67,+19 54 26.3,sfrii
L0883,J083440.74+095752.2,08 34 40.74,+09 57 52.2,sfrii
L0910,J083841.51+044414.4,08 38 41.51,+04 44 14.4,sfrii
L0923,J084001.03+294848.8,08 40 01.03,+29 48 48.8,sfrii
L0942,J084254.54+194023.5,08 42 54.54,+19 40 23.5,sfrii
L0976,J084653.40+265957.2,08 46 53.40,+26 59 57.2,sfrii
L0991,J084825.24+154202.3,08 48 25.24,+15 42 02.3,sfrii
L0998,J084925.40+310429.4,08 49 25.40,+31 04 29.4,sfrii
L1019,J085113.92+472038.3,08 51 13.92,+47 20 38.3,sfrii
L1048,J085556.40+371348.1,08 55 56.40,+37 13 48.1,sfrii
L1059,J085708.63+472817.4,08 57 08.63,+47 28 17.4,sfrii
L1164,J090837.15+254336.5,09 08 37.15,+25 43 36.5,sfrii
L1236,J091648.09+381811.8,09 16 48.09,+38 18 11.8,sfrii
L1313,J092723.62+064147.4,09 27 23.62,+06 41 47.4,sfrii
L1315,J092753.81+051916.7,09 27 53.81,+05 19 16.7,sfrii
L1352,J093334.88+365114.7,09 33 34.88,+36 51 14.7,sfrii
L1404,J094055.41+115843.3,09 40 55.41,+11 58 43.3,sfrii
L1436,J094528.16+054723.4,09 45 28.16,+05 47 23.4,sfrii
L1447,J094702.98+231614.4,09 47 02.98,+23 16 14.4,sfrii
L1459,J094859.03+172256.5,09 48 59.03,+17 22 56.5,sfrii
L1460,J094915.71+064729.6,09 49 15.71,+06 47 29.6,sfrii
L1479,J095204.75+103218.2,09 52 04.75,+10 32 18.2,sfrii
L1481,J095226.44+313609.6,09 52 26.44,+31 36 09.6,sfrii
L1487,J095256.73+102435.6,09 52 56.73,+10 24 35.6,sfrii
L1573,J100517.45+552339.2,10 05 17.45,+55 23 39.2,sfrii
L1577,J100657.95+552004.6,10 06 57.95,+55 20 04.6,sfrii
L1609,J101128.06+525726.7,10 11 28.06,+52 57 26.7,sfrii
L1718,J102810.39+085611.0,10 28 10.39,+08 56 11.0,sfrii
L1835,J104241.81+172334.5,10 42 41.81,+17 23 34.5,sfrii
L1911,J105312.43+230815.7,10 53 12.43,+23 08 15.7,sfrii
L2008,J110715.37+040828.6,11 07 15.37,+04 08 28.6,sfrii
L2017,J110838.04+415408.1,11 08 38.04,+41 54 08.1,sfrii
L2046,J111312.01+454550.8,11 13 12.01,+45 45 50.8,sfrii
L2060,J111522.87+495635.9,11 15 22.87,+49 56 35.9,sfrii
L2075,J111836.83-031206.6,11 18 36.83,-03 12 06.6,sfrii
L2078,J111908.69+244946.4,11 19 08.69,+24 49 46.4,sfrii
L2081,J111931.79+020726.8,11 19 31.79,+02 07 26.8,sfrii
L2090,J112140.67+454334.9,11 21 40.67,+45 43 34.9,sfrii
L2116,J112542.84+470833.2,11 25 42.84,+47 08 33.2,sfrii
L2134,J112903.00+055048.4,11 29 03.00,+05 50 48.4,sfrii
L2254,J114404.21+440025.0,11 44 04.21,+44 00 25.0,sfrii
L2291,J114906.20+013017.9,11 49 06.20,+01 30 17.9,sfrii
L2300,J114957.48+160727.6,11 49 57.48,+16 07 27.6,sfrii
L2381,J120000.30+105744.4,12 00 00.30,+10 57 44.4,sfrii
L2390,J120118.05+061859.0,12 01 18.05,+06 18 59.0,sfrii
L2394,J120141.10+510303.7,12 01 41.10,+51 03 03.7,sfrii
L2450,J120837.71+591546.2,12 08 37.71,+59 15 46.2,sfrii
L2476,J121209.82-051851.6,12 12 09.82,-05 18 51.6,sfrii
L2501,J121559.22+162300.1,12 15 59.22,+16 23 00.1,sfrii
L2551,J122109.32+515054.6,12 21 09.32,+51 50 54.6,sfrii
L2554,J122146.30+331716.9,12 21 46.30,+33 17 16.9,sfrii
L2570,J122353.09-013924.6,12 23 53.09,-01 39 24.6,sfrii
L2592,J122658.51+324309.6,12 26 58.51,+32 43 09.6,sfrii
L2761,J125211.10+081202.6,12 52 11.10,+08 12 02.6,sfrii
L2786,J125548.54+444920.2,12 55 48.54,+44 49 20.2,sfrii
L2790,J125604.60+251600.6,12 56 04.60,+25 16 00.6,sfrii
L2801,J125801.90+312056.7,12 58 01.90,+31 20 56.7,sfrii
L2851,J130621.64+313405.0,13 06 21.64,+31 34 05.0,sfrii
L2888,J131143.18+563238.9,13 11 43.18,+56 32 38.9,sfrii
L2907,J131459.20+091136.6,13 14 59.20,+09 11 36.6,sfrii
L2912,J131529.99+482920.8,13 15 29.99,+48 29 20.8,sfrii
L2918,J131620.53+145456.1,13 16 20.53,+14 54 56.1,sfrii
L2919,J131630.02+122756.1,13 16 30.02,+12 27 56.1,sfrii
L2950,J132034.42+291504.6,13 20 34.42,+29 15 04.6,sfrii
L2984,J132512.05+573607.8,13 25 12.05,+57 36 07.8,sfrii
L3001,J132624.76+242224.9,13 26 24.76,+24 22 24.9,sfrii
L3023,J132848.60+422354.4,13 28 48.60,+42 23 54.4,sfrii
L3063,J133349.13+382138.4,13 33 49.13,+38 21 38.4,sfrii
L3070,J133422.69+532446.1,13 34 22.69,+53 24 46.1,sfrii
L3097,J133715.20+141407.7,13 37 15.20,+14 14 07.7,sfrii
L3192,J135129.14+182031.1,13 51 29.14,+18 20 31.1,sfrii
L3208,J135345.59+315152.8,13 53 45.59,+31 51 52.8,sfrii
L3217,J135450.47+332438.4,13 54 50.47,+33 24 38.4,sfrii
L3236,J135709.09+325827.0,13 57 09.09,+32 58 27.0,sfrii
L3270,J140010.50-023733.6,14 00 10.50,-02 37 33.6,sfrii
L3280,J140145.55+104442.6,14 01 45.55,+10 44 42.6,sfrii
L3298,J140341.04+052646.7,14 03 41.04,+05 26 46.7,sfrii
L3365,J141348.47+082902.6,14 13 48.47,+08 29 02.6,sfrii
L3390,J141718.42+060812.5,14 17 18.42,+06 08 12.5,sfrii
L3392,J141730.84+081237.1,14 17 30.84,+08 12 37.1,sfrii
L3407,J141927.43+233812.3,14 19 27.43,+23 38 12.3,sfrii
L3412,J142018.31+125702.8,14 20 18.31,+12 57 02.8,sfrii
L3413,J142021.77+043910.1,14 20 21.77,+04 39 10.1,sfrii
L3440,J142250.31+630236.7,14 22 50.31,+63 02 36.7,sfrii
L3450,J142452.24+614518.0,14 24 52.24,+61 45 18.0,sfrii
L3465,J142700.08+341201.1,14 27 00.08,+34 12 01.1,sfrii
L3471,J142755.88+565925.7,14 27 55.88,+56 59 25.7,sfrii
L3495,J143058.52+082346.5,14 30 58.52,+08 23 46.5,sfrii
L3517,J143334.45+320910.2,14 33 34.45,+32 09 10.2,sfrii
L3553,J143730.54+240624.2,14 37 30.54,+24 06 24.2,sfrii
L3677,J145305.25+210836.7,14 53 05.25,+21 08 36.7,sfrii
L3726,J150004.44-023831.2,15 00 04.44,-02 38 31.2,sfrii
L3741,J150157.18+075233.3,15 01 57.18,+07 52 33.3,sfrii
L3776,J150706.75+183105.9,15 07 06.75,+18 31 05.9,sfrii
L3805,J151208.44+424912.6,15 12 08.44,+42 49 12.6,sfrii
L4002,J154704.22+513008.2,15 47 04.22,+51 30 08.2,sfrii
L4007,J154806.24+363400.2,15 48 06.24,+36 34 00.2,sfrii
L4011,J154833.27+232131.6,15 48 33.27,+23 21 31.6,sfrii
L4082,J155916.24+613800.8,15 59 16.24,+61 38 00.8,sfrii
L4171,J161453.09+024058.8,16 14 53.09,+02 40 58.8,sfrii
L4415,J165922.85+270859.7,16 59 22.85,+27 08 59.7,sfrii
L4458,J170857.64+381307.8,17 08 57.64,+38 13 07.8,sfrii
L4599,J212635.50+112617.5,21 26 35.50,+11 26 17.5,sfrii
L4608,J212830.65+013107.2,21 28 30.65,+01 31 07.2,sfrii
L4620,J214110.75+082133.5,21 41 10.75,+08 21 33.5,sfrii
L4645,J215522.31-033109.0,21 55 22.31,-03 31 09.0,sfrii
L4663,J220045.71-042358.7,22 00 45.71,-04 23 58.7,sfrii
L4711,J222807.86+040649.2,22 28 07.86,+04 06 49.2,sfrii
L4712,J222904.33+082321.5,22 29 04.33,+08 23 21.5,sfrii
L4761,J230021.58+065426.1,23 00 21.58,+06 54 26.1,sfrii
L4790,J231148.60-074527.2,23 11 48.60,-07 45 27.2,sfrii
L4799,J231456.22-044807.4,23 14 56.22,-04 48 07.4,sfrii
L4807,J231804.51+015810.1,23 18 04.51,+01 58 10.1,sfrii
L4828,J233234.60+035933.4,23 32 34.60,+03 59 33.4,sfrii
L4838,J233514.58-012055.2,23 35 14.58,-01 20 55.2,sfrii
L4840,J233623.45+000233.6,23 36 23.45,+00 02 33.6,sfrii
L4852,J234153.22-002255.8,23 41 53.22,-00 22 55.8,sfrii
L4866,J235223.60+124445.0,23 52 23.60,+12 44 45.0,sfrii
L4870,J235406.17-003256.4,23 54 06.17,-00 32 56.4,sfrii
L4871,J235454.20-070943.1,23 54 54.20,-07 09 43.1,sfrii
M0000,J095640.77-000124.0,09 56 40.77,-00 01 24.0,sfrii
M0004,J101834.47-005022.6,10 18 34.47,-00 50 22.6,sfrii
M0013,J120149.30-003034.0,12 01 49.30,-00 30 34.0,sfrii
M0014,J121103.29-002005.2,12 11 03.29,-00 20 05.2,sfrii
M0015,J121434.43+004727.9,12 14 34.43,+00 47 27.9,sfrii
M0016,J121925.49+004052.0,12 19 25.49,+00 40 52.0,sfrii
M0018,J123246.01-005524.8,12 32 46.01,-00 55 24.8,sfrii
M0019,J124446.21-010109.4,12 44 46.21,-01 01 09.4,sfrii
M0022,J131156.93+001351.3,13 11 56.93,+00 13 51.3,sfrii
M0026,J135645.90-011146.6,13 56 45.90,-01 11 46.6,sfrii
M0035,J151624.28-004948.1,15 16 24.28,-00 49 48.1,sfrii
M0039,J153548.67-003152.7,15 35 48.67,-00 31 52.7,sfrii
M0041,J115954.43-012108.3,11 59 54.43,-01 21 08.3,sfrii
M0042,J120242.40-012345.9,12 02 42.40,-01 23 45.9,sfrii
M0043,J120203.39-012546.2,12 02 03.39,-01 25 46.2,sfrii
M0044,J120906.80-025745.1,12 09 06.80,-02 57 45.1,sfrii
M0045,J125230.69-012017.1,12 52 30.69,-01 20 17.1,sfrii
M0046,J130107.54-032652.7,13 01 07.54,-03 26 52.7,sfrii
M0050,J165639.44+631702.5,16 56 39.44,+63 17 02.5,sfrii
M0053,J171329.11+640248.7,17 13 29.11,+64 02 48.7,sfrii
M0055,J172749.69+534651.6,17 27 49.69,+53 46 51.6,sfrii
M0062,J222421.17-003120.1,22 24 21.17,-00 31 20.1,sfrii
M0069,J234059.77+000453.9,23 40 59.77,+00 04 53.9,sfrii
M0071,J000242.32-001320.0,00 02 42.32,-00 13 20.0,sfrii
M0074,J004404.67+010152.8,00 44 04.67,+01 01 52.8,sfrii
M0078,J011425.59+002932.7,01 14 25.59,+00 29 32.7,sfrii
M0079,J012156.40-002925.4,01 21 56.40,-00 29 25.4,sfrii
M0080,J013247.17+011545.8,01 32 47.17,+01 15 45.8,sfrii
M0083,J015648.58-010649.5,01 56 48.58,-01 06 49.5,sfrii
M0084,J020252.09-004852.7,02 02 52.09,-00 48 52.7,sfrii
M0089,J080107.90+435030.6,08 01 07.90,+43 50 30.6,sfrii
M0091,J081734.46+445850.8,08 17 34.46,+44 58 50.8,sfrii
M0096,J083903.86+540707.9,08 39 03.86,+54 07 07.9,sfrii
M0100,J084921.80+541330.5,08 49 21.80,+54 13 30.5,sfrii
M0104,J091859.49+551920.3,09 18 59.49,+55 19 20.3,sfrii
M0106,J022848.85-071659.1,02 28 48.85,-07 16 59.1,sfrii
M0110,J091434.68+022716.6,09 14 34.68,+02 27 16.6,sfrii
M0112,J093431.19-002307.6,09 34 31.19,-00 23 07.6,sfrii
M0115,J101732.51+632953.8,10 17 32.51,+63 29 53.8,sfrii
M0122,J105735.78+023417.0,10 57 35.78,+02 34 17.0,sfrii
M0124,J111447.63+015115.2,11 14 47.63,+01 51 15.2,sfrii
M0130,J115424.57+020653.0,11 54 24.57,+02 06 53.0,sfrii
M0131,J120406.39+022441.6,12 04 06.39,+02 24 41.6,sfrii
M0133,J122228.73+023009.5,12 22 28.73,+02 30 09.5,sfrii
M0136,J125823.41+015022.9,12 58 23.41,+01 50 22.9,sfrii
M0138,J125222.61+031554.0,12 52 22.61,+03 15 54.0,sfrii
M0153,J090058.00+510957.3,09 00 58.00,+51 09 57.3,sfrii
M0157,J090320.46+523336.1,09 03 20.46,+52 33 36.1,sfrii
M0160,J092255.19+541828.2,09 22 55.19,+54 18 28.2,sfrii
M0162,J093821.50+554333.9,09 38 21.50,+55 43 33.9,sfrii
M0164,J095430.02+581244.2,09 54 30.02,+58 12 44.2,sfrii
M0165,J101842.51+585836.4,10 18 42.51,+58 58 36.4,sfrii
M0166,J103900.30+590547.8,10 39 00.30,+59 05 47.8,sfrii
M0167,J103114.84+603547.7,10 31 14.84,+60 35 47.7,sfrii
M0168,J084630.85+024703.5,08 46 30.85,+02 47 03.5,sfrii
M0172,J091452.55+041555.3,09 14 52.55,+04 15 55.3,sfrii
M0180,J103443.26+053319.8,10 34 43.26,+05 33 19.8,sfrii
M0182,J104548.50+042032.6,10 45 48.50,+04 20 32.6,sfrii
M0183,J105345.09+033218.4,10 53 45.09,+03 32 18.4,sfrii
M0184,J110224.86+041050.8,11 02 24.86,+04 10 50.8,sfrii
M0186,J110349.63+045204.2,11 03 49.63,+04 52 04.2,sfrii
M0187,J110310.86+041838.0,11 03 10.86,+04 18 38.0,sfrii
M0193,J144822.91+041152.3,14 48 22.91,+04 11 52.3,sfrii
M0200,J160318.99+031644.6,16 03 18.99,+03 16 44.6,sfrii
M0204,J133039.33+625507.3,13 30 39.33,+62 55 07.3,sfrii
M0205,J132837.23+632917.4,13 28 37.23,+63 29 17.4,sfrii
M0208,J141208.74+611709.2,14 12 08.74,+61 17 09.2,sfrii
M0216,J155619.78+511848.8,15 56 19.78,+51 18 48.8,sfrii
M0218,J162007.26+474105.0,16 20 07.26,+47 41 05.0,sfrii
M0221,J163508.61+424800.2,16 35 08.61,+42 48 00.2,sfrii
M0223,J165052.72+410445.2,16 50 52.72,+41 04 45.2,sfrii
M0225,J215021.36-084638.1,21 50 21.36,-08 46 38.1,sfrii
M0229,J000134.90-085154.8,00 01 34.90,-08 51 54.8,sfrii
M0230,J004326.81-105421.8,00 43 26.81,-10 54 21.8,sfrii
M0236,J010524.30-094846.2,01 05 24.30,-09 48 46.2,sfrii
M0237,J011830.65-104356.4,01 18 30.65,-10 43 56.4,sfrii
M0238,J013325.87-102618.7,01 33 25.87,-10 26 18.7,sfrii
M0240,J015420.13-081643.2,01 54 20.13,-08 16 43.2,sfrii
M0241,J222602.07-011406.4,22 26 02.07,-01 14 06.4,sfrii
M0242,J225404.33-001034.5,22 54 04.33,-00 10 34.5,sfrii
M0248,J001522.84+000921.9,00 15 22.84,+00 09 21.9,sfrii
M0251,J020217.28-010740.3,02 02 17.28,-01 07 40.3,sfrii
M0252,J221853.80-091742.9,22 18 53.80,-09 17 42.9,sfrii
M0254,J221657.80-090700.8,22 16 57.80,-09 07 00.8,sfrii
M0256,J222336.38-080630.2,22 23 36.38,-08 06 30.2,sfrii
M0266,J081512.34+384045.5,08 15 12.34,+38 40 45.5,sfrii
M0270,J083752.75+445026.0,08 37 52.75,+44 50 26.0,sfrii
M0272,J090620.56+475208.2,09 06 20.56,+47 52 08.2,sfrii
M0276,J095841.47+601339.9,09 58 41.47,+60 13 39.9,sfrii
M0278,J103027.69+610039.7,10 30 27.69,+61 00 39.7,sfrii
M0279,J102923.91+612700.5,10 29 23.91,+61 27 00.5,sfrii
M0280,J104856.61+623748.2,10 48 56.61,+62 37 48.2,sfrii
M0281,J104138.74+630614.8,10 41 38.74,+63 06 14.8,sfrii
M0284,J120837.11+612106.4,12 08 37.11,+61 21 06.4,sfrii
M0290,J131945.31+603043.1,13 19 45.31,+60 30 43.1,sfrii
M0292,J133218.43+601303.0,13 32 18.43,+60 13 03.0,sfrii
M0296,J154118.79+514043.6,15 41 18.79,+51 40 43.6,sfrii
M0297,J153126.42+523553.6,15 31 26.42,+52 35 53.6,sfrii
M0298,J153556.66+512517.2,15 35 56.66,+51 25 17.2,sfrii
M0299,J154141.34+504739.6,15 41 41.34,+50 47 39.6,sfrii
M0304,J164628.42+383116.0,16 46 28.42,+38 31 16.0,sfrii
M0305,J080708.64+332718.1,08 07 08.64,+33 27 18.1,sfrii
M0306,J082705.41+374841.3,08 27 05.41,+37 48 41.3,sfrii
M0308,J084241.80+391053.3,08 42 41.80,+39 10 53.3,sfrii
M0311,J112437.40+045618.9,11 24 37.40,+04 56 18.9,sfrii
M0319,J123717.82+054159.3,12 37 17.82,+05 41 59.3,sfrii
M0324,J133940.64+043234.0,13 39 40.64,+04 32 34.0,sfrii
M0326,J134554.35+040009.9,13 45 54.35,+04 00 09.9,sfrii
M0333,J104345.61+510037.8,10 43 45.61,+51 00 37.8,sfrii
M0335,J115427.05+524720.9,11 54 27.05,+52 47 20.9,sfrii
M0337,J123847.47+520302.1,12 38 47.47,+52 03 02.1,sfrii
M0342,J081601.89+380415.4,08 16 01.89,+38 04 15.4,sfrii
M0344,J082654.07+394843.7,08 26 54.07,+39 48 43.7,sfrii
M0350,J102624.76+542906.3,10 26 24.76,+54 29 06.3,sfrii
M0354,J105328.67+562330.8,10 53 28.67,+56 23 30.8,sfrii
M0357,J133151.87-025219.6,13 31 51.87,-02 52 19.6,sfrii
M0359,J134423.48-022239.3,13 44 23.48,-02 22 39.3,sfrii
M0362,J143449.04-021459.5,14 34 49.04,-02 14 59.5,sfrii
M0364,J150828.27-021425.5,15 08 28.27,-02 14 25.5,sfrii
M0365,J150920.64-015437.3,15 09 20.64,-01 54 37.3,sfrii
M0366,J151247.17-014423.4,15 12 47.17,-01 44 23.4,sfrii
M0367,J074324.07+233626.0,07 43 24.07,+23 36 26.0,sfrii
M0373,J091923.45+403902.9,09 19 23.45,+40 39 02.9,sfrii
M0382,J103856.38+575247.6,10 38 56.38,+57 52 47.6,sfrii
M0385,J120228.12+584133.3,12 02 28.12,+58 41 33.3,sfrii
M0387,J130751.42+603032.5,13 07 51.42,+60 30 32.5,sfrii
M0391,J133250.67+573941.7,13 32 50.67,+57 39 41.7,sfrii
M0394,J104502.74+471759.2,10 45 02.74,+47 17 59.2,sfrii
M0395,J105253.10+482636.4,10 52 53.10,+48 26 36.4,sfrii
M0399,J120428.44+501019.0,12 04 28.44,+50 10 19.0,sfrii
M0400,J120721.12+510115.5,12 07 21.12,+51 01 15.5,sfrii
M0401,J121151.08+484911.2,12 11 51.08,+48 49 11.2,sfrii
M0407,J165832.12+332442.0,16 58 32.12,+33 24 42.0,sfrii
M0408,J212022.81-002108.1,21 20 22.81,-00 21 08.1,sfrii
M0410,J212434.97-003205.2,21 24 34.97,-00 32 05.2,sfrii
M0413,J092745.32+045614.8,09 27 45.32,+04 56 14.8,sfrii
M0414,J093828.32+054215.0,09 38 28.32,+05 42 15.0,sfrii
M0415,J094357.92+060044.0,09 43 57.92,+06 00 44.0,sfrii
M0416,J100140.60+064906.2,10 01 40.60,+06 49 06.2,sfrii
M0417,J101404.41+061436.4,10 14 04.41,+06 14 36.4,sfrii
M0418,J101316.51+064519.3,10 13 16.51,+06 45 19.3,sfrii
M0419,J102802.82+063631.7,10 28 02.82,+06 36 31.7,sfrii
M0420,J104430.29+054442.6,10 44 30.29,+05 44 42.6,sfrii
M0421,J105439.56+060630.7,10 54 39.56,+06 06 30.7,sfrii
M0423,J105505.34+055453.6,10 55 05.34,+05 54 53.6,sfrii
M0424,J111053.03+071402.0,11 10 53.03,+07 14 02.0,sfrii
M0432,J111253.54+534949.0,11 12 53.54,+53 49 49.0,sfrii
M0439,J115011.28+534320.7,11 50 11.28,+53 43 20.7,sfrii
M0441,J134134.85+534443.7,13 41 34.85,+53 44 43.7,sfrii
M0445,J142644.06+493237.5,14 26 44.06,+49 32 37.5,sfrii
M0448,J145604.89+472712.4,14 56 04.89,+47 27 12.4,sfrii
M0449,J152049.08+460131.5,15 20 49.08,+46 01 31.5,sfrii
M0452,J160523.44+383003.1,16 05 23.44,+38 30 03.1,sfrii
M0457,J145000.19+540504.1,14 50 00.19,+54 05 04.1,sfrii
M0461,J153218.95+493756.2,15 32 18.95,+49 37 56.2,sfrii
M0464,J165127.36+330832.6,16 51 27.36,+33 08 32.6,sfrii
M0467,J214221.61-064353.2,21 42 21.61,-06 43 53.2,sfrii
M0473,J084102.59+044730.9,08 41 02.59,+04 47 30.9,sfrii
M0474,J083841.41+044409.0,08 38 41.41,+04 44 09.0,sfrii
M0475,J090259.21+061944.7,09 02 59.21,+06 19 44.7,sfrii
M0476,J091144.33+061009.6,09 11 44.33,+06 10 09.6,sfrii
M0479,J083231.20+351713.5,08 32 31.20,+35 17 13.5,sfrii
M0481,J090945.90+415721.1,09 09 45.90,+41 57 21.1,sfrii
M0483,J091445.54+413714.4,09 14 45.54,+41 37 14.4,sfrii
M0489,J081343.59+265511.5,08 13 43.59,+26 55 11.5,sfrii
M0491,J085902.78+342757.5,08 59 02.78,+34 27 57.5,sfrii
M0493,J091153.61+372413.4,09 11 53.61,+37 24 13.4,sfrii
M0495,J094124.02+394441.9,09 41 24.02,+39 44 41.9,sfrii
M0501,J122718.32+085036.8,12 27 18.32,+08 50 36.8,sfrii
M0502,J094814.68+074252.0,09 48 14.68,+07 42 52.0,sfrii
M0511,J103128.24+084324.1,10 31 28.24,+08 43 24.1,sfrii
M0513,J103600.87+100727.9,10 36 00.87,+10 07 27.9,sfrii
M0514,J074654.59+193413.7,07 46 54.59,+19 34 13.7,sfrii
M0518,J084002.37+294902.6,08 40 02.37,+29 49 02.6,sfrii
M0527,J132815.89+481806.7,13 28 15.89,+48 18 06.7,sfrii
M0530,J133534.46+480739.3,13 35 34.46,+48 07 39.3,sfrii
M0531,J134206.99+472553.0,13 42 06.99,+47 25 53.0,sfrii
M0533,J143741.17+452334.2,14 37 41.17,+45 23 34.2,sfrii
M0534,J144832.34+442256.3,14 48 32.34,+44 22 56.3,sfrii
M0537,J145940.05+411758.4,14 59 40.05,+41 17 58.4,sfrii
M0543,J094702.73+094340.2,09 47 02.73,+09 43 40.2,sfrii
M0550,J120924.18+562004.8,12 09 24.18,+56 20 04.8,sfrii
M0561,J152449.54+483629.6,15 24 49.54,+48 36 29.6,sfrii
M0563,J155700.18+413111.1,15 57 00.18,+41 31 11.1,sfrii
M0564,J161423.92+382403.3,16 14 23.92,+38 24 03.3,sfrii
M0568,J141418.80+405225.5,14 14 18.80,+40 52 25.5,sfrii
M0569,J141225.31+415218.9,14 12 25.31,+41 52 18.9,sfrii
M0570,J141845.90+403207.0,14 18 45.90,+40 32 07.0,sfrii
M0571,J143718.86+404258.9,14 37 18.86,+40 42 58.9,sfrii
M0576,J150914.64+353538.4,15 09 14.64,+35 35 38.4,sfrii
M0578,J101558.25+404647.3,10 15 58.25,+40 46 47.3,sfrii
M0585,J113849.44+450017.4,11 38 49.44,+45 00 17.4,sfrii
M0588,J115420.72+452329.5,11 54 20.72,+45 23 29.5,sfrii
M0591,J120747.02+451401.2,12 07 47.02,+45 14 01.2,sfrii
M0593,J131705.94+435713.2,13 17 05.94,+43 57 13.2,sfrii
M0600,J150031.48+362849.8,15 00 31.48,+36 28 49.8,sfrii
M0606,J160144.57+271809.5,16 01 44.57,+27 18 09.5,sfrii
M0610,J144407.26+414750.4,14 44 07.26,+41 47 50.4,sfrii
M0611,J143456.58+410915.4,14 34 56.58,+41 09 15.4,sfrii
M0618,J161140.25+310301.2,16 11 40.25,+31 03 01.2,sfrii
M0628,J101954.48+393022.9,10 19 54.48,+39 30 22.9,sfrii
M0632,J105052.48+400050.8,10 50 52.48,+40 00 50.8,sfrii
M0641,J113309.04+463847.4,11 33 09.04,+46 38 47.4,sfrii
M0651,J124021.99+465636.4,12 40 21.99,+46 56 36.4,sfrii
M0652,J125452.78+474816.8,12 54 52.78,+47 48 16.8,sfrii
M0654,J130645.69+463330.7,13 06 45.69,+46 33 30.7,sfrii
M0656,J131636.92+403520.4,13 16 36.92,+40 35 20.4,sfrii
M0657,J133730.62+462118.7,13 37 30.62,+46 21 18.7,sfrii
M0661,J221310.45-003844.5,22 13 10.45,-00 38 44.5,sfrii
M0668,J161531.36+272657.3,16 15 31.36,+27 26 57.3,sfrii
M0670,J160410.90+300626.0,16 04 10.90,+30 06 26.0,sfrii
M0671,J160056.49+300119.2,16 00 56.49,+30 01 19.2,sfrii
M0676,J084632.46+293555.4,08 46 32.46,+29 35 55.4,sfrii
M0680,J101415.96+105105.7,10 14 15.96,+10 51 05.7,sfrii
M0684,J112111.91+114549.7,11 21 11.91,+11 45 49.7,sfrii
M0686,J114027.74+120308.3,11 40 27.74,+12 03 08.3,sfrii
M0694,J113136.12+075255.6,11 31 36.12,+07 52 55.6,sfrii
M0695,J113524.93+065441.4,11 35 24.93,+06 54 41.4,sfrii
M0697,J114628.70+065305.5,11 46 28.70,+06 53 05.5,sfrii
M0704,J142303.37+352245.8,14 23 03.37,+35 22 45.8,sfrii
M0705,J143849.41+341554.1,14 38 49.41,+34 15 54.1,sfrii
M0706,J144044.93+351402.6,14 40 44.93,+35 14 02.6,sfrii
M0707,J144948.90+335126.8,14 49 48.90,+33 51 26.8,sfrii
M0708,J145558.29+323732.6,14 55 58.29,+32 37 32.6,sfrii
M0717,J153010.27+290030.2,15 30 10.27,+29 00 30.2,sfrii
M0722,J155852.66+262619.0,15 58 52.66,+26 26 19.0,sfrii
M0727,J145321.86+465442.1,14 53 21.86,+46 54 42.1,sfrii
M0728,J150927.76+444507.6,15 09 27.76,+44 45 07.6,sfrii
M0729,J151454.08+420047.3,15 14 54.08,+42 00 47.3,sfrii
M0731,J155437.01+374406.0,15 54 37.01,+37 44 06.0,sfrii
M0734,J162318.81+333018.6,16 23 18.81,+33 30 18.6,sfrii
M0736,J170307.26+243747.5,17 03 07.26,+24 37 47.5,sfrii
M0741,J164857.36+260441.1,16 48 57.36,+26 04 41.1,sfrii
M0743,J125721.88+122820.6,12 57 21.88,+12 28 20.6,sfrii
M0748,J140543.14+135811.6,14 05 43.14,+13 58 11.6,sfrii
M0749,J141231.77+140041.1,14 12 31.77,+14 00 41.1,sfrii
M0757,J145752.77+111809.5,14 57 52.77,+11 18 09.5,sfrii
M0759,J145942.30+114210.9,14 59 42.30,+11 42 10.9,sfrii
M0762,J153209.39+082556.1,15 32 09.39,+08 25 56.1,sfrii
M0772,J160742.63+072853.8,16 07 42.63,+07 28 53.8,sfrii
M0773,J161353.95+080335.5,16 13 53.95,+08 03 35.5,sfrii
M0782,J091232.45+093648.5,09 12 32.45,+09 36 48.5,sfrii
M0783,J092311.02+103042.6,09 23 11.02,+10 30 42.6,sfrii
M0785,J093642.00+111351.0,09 36 42.00,+11 13 51.0,sfrii
M0789,J100713.26+124713.2,10 07 13.26,+12 47 13.2,sfrii
M0794,J103955.28+141854.6,10 39 55.28,+14 18 54.6,sfrii
M0796,J104434.64+144204.1,10 44 34.64,+14 42 04.1,sfrii
M0797,J110253.95+125904.1,11 02 53.95,+12 59 04.1,sfrii
M0801,J083618.66+090920.8,08 36 18.66,+09 09 20.8,sfrii
M0809,J120812.94+144924.6,12 08 12.94,+14 49 24.6,sfrii
M0810,J121104.11+154655.3,12 11 04.11,+15 46 55.3,sfrii
M0812,J124411.12+142857.0,12 44 11.12,+14 28 57.0,sfrii
M0813,J124150.18+160019.6,12 41 50.18,+16 00 19.6,sfrii
M0815,J081343.62+525738.2,08 13 43.62,+52 57 38.2,sfrii
M0818,J084803.34+580948.2,08 48 03.34,+58 09 48.2,sfrii
M0824,J124251.04+110103.9,12 42 51.04,+11 01 03.9,sfrii
M0825,J125649.06+093006.4,12 56 49.06,+09 30 06.4,sfrii
M0826,J125724.19+063115.0,12 57 24.19,+06 31 15.0,sfrii
M0827,J130740.54+061242.2,13 07 40.54,+06 12 42.2,sfrii
M0830,J131459.44+061619.2,13 14 59.44,+06 16 19.2,sfrii
M0831,J131509.85+084053.3,13 15 09.85,+08 40 53.3,sfrii
M0836,J134503.03+094724.0,13 45 03.03,+09 47 24.0,sfrii
M0837,J135110.82+072846.1,13 51 10.82,+07 28 46.1,sfrii
M0842,J141400.22+091502.6,14 14 00.22,+09 15 02.6,sfrii
M0843,J141947.90+081423.4,14 19 47.90,+08 14 23.4,sfrii
M0846,J144409.86+081357.4,14 44 09.86,+08 13 57.4,sfrii
M0849,J151100.03+075150.2,15 11 00.03,+07 51 50.2,sfrii
M0850,J152348.13+053443.8,15 23 48.13,+05 34 43.8,sfrii
M0852,J155344.32+044234.1,15 53 44.32,+04 42 34.1,sfrii
M0854,J161057.12+032202.8,16 10 57.12,+03 22 02.8,sfrii
M0862,J145108.89+045701.4,14 51 08.89,+04 57 01.4,sfrii
M0866,J151727.64+061932.7,15 17 27.64,+06 19 32.7,sfrii
M0868,J141802.63+331247.6,14 18 02.63,+33 12 47.6,sfrii
M0874,J160907.23+223750.7,16 09 07.23,+22 37 50.7,sfrii
M0878,J072741.92+443401.7,07 27 41.92,+44 34 01.7,sfrii
M0879,J075628.80+501716.3,07 56 28.80,+50 17 16.3,sfrii
M0880,J075529.95+520450.6,07 55 29.95,+52 04 50.6,sfrii
M0881,J080347.28+534808.7,08 03 47.28,+53 48 08.7,sfrii
M0882,J081245.94+574751.0,08 12 45.94,+57 47 51.0,sfrii
M0886,J080107.20+175849.8,08 01 07.20,+17 58 49.8,sfrii
M0893,J083851.16+252714.3,08 38 51.16,+25 27 14.3,sfrii
M0894,J084606.05+255453.5,08 46 06.05,+25 54 53.5,sfrii
M0897,J092841.54+280017.9,09 28 41.54,+28 00 17.9,sfrii
M0899,J092636.65+262802.9,09 26 36.65,+26 28 02.9,sfrii
M0901,J095651.58+283139.6,09 56 51.58,+28 31 39.6,sfrii
M0905,J101215.75+294902.7,10 12 15.75,+29 49 02.7,sfrii
M0910,J104340.21+305258.4,10 43 40.21,+30 52 58.4,sfrii
M0913,J113613.05+400235.8,11 36 13.05,+40 02 35.8,sfrii
M0921,J124951.05+332320.5,12 49 51.05,+33 23 20.5,sfrii
M0926,J110842.45+302357.2,11 08 42.45,+30 23 57.2,sfrii
M0930,J133623.85+342220.7,13 36 23.85,+34 22 20.7,sfrii
M0933,J113857.71+372837.0,11 38 57.71,+37 28 37.0,sfrii
M0934,J114418.04+380448.0,11 44 18.04,+38 04 48.0,sfrii
M0937,J132423.80+301029.0,13 24 23.80,+30 10 29.0,sfrii
M0942,J113936.53+360747.4,11 39 36.53,+36 07 47.4,sfrii
M0948,J130551.85+362252.8,13 05 51.85,+36 22 52.8,sfrii
M0950,J134041.04+285207.5,13 40 41.04,+28 52 07.5,sfrii
M0951,J130344.32+375614.7,13 03 44.32,+37 56 14.7,sfrii
M0953,J124223.95+365002.7,12 42 23.95,+36 50 02.7,sfrii
M0956,J115352.84+381148.6,11 53 52.84,+38 11 48.6,sfrii
M0959,J125412.14+363100.2,12 54 12.14,+36 31 00.2,sfrii
M0966,J080520.22+164743.3,08 05 20.22,+16 47 43.3,sfrii
M0969,J090435.03+250017.4,09 04 35.03,+25 00 17.4,sfrii
M0971,J120732.93+335240.2,12 07 32.93,+33 52 40.2,sfrii
M0974,J131439.84+333005.6,13 14 39.84,+33 30 05.6,sfrii
M0976,J134251.68+311052.6,13 42 51.68,+31 10 52.6,sfrii
M0982,J113309.41+334312.4,11 33 09.41,+33 43 12.4,sfrii
M0984,J132602.40+364759.3,13 26 02.40,+36 47 59.3,sfrii
M0990,J135013.59+281645.0,13 50 13.59,+28 16 45.0,sfrii
M0992,J134816.89+260303.0,13 48 16.89,+26 03 03.0,sfrii
M1000,J140411.97+320609.5,14 04 11.97,+32 06 09.5,sfrii
M1008,J142653.85+242713.9,14 26 53.85,+24 27 13.9,sfrii
M1013,J143249.03+270554.6,14 32 49.03,+27 05 54.6,sfrii
M1018,J145753.82+283218.7,14 57 53.82,+28 32 18.7,sfrii
M1021,J150146.57+243916.1,15 01 46.57,+24 39 16.1,sfrii
M1024,J150022.78+220027.4,15 00 22.78,+22 00 27.4,sfrii
M1027,J145929.55+241809.2,14 59 29.55,+24 18 09.2,sfrii
M1031,J151414.69+232708.4,15 14 14.69,+23 27 08.4,sfrii
M1032,J152245.61+194220.4,15 22 45.61,+19 42 20.4,sfrii
M1034,J153007.97+231616.0,15 30 07.97,+23 16 16.0,sfrii
M1036,J154328.58+225232.7,15 43 28.58,+22 52 32.7,sfrii
M1037,J155307.15+195420.4,15 53 07.15,+19 54 20.4,sfrii
M1039,J155943.95+210649.4,15 59 43.95,+21 06 49.4,sfrii
M1044,J160909.44+162549.9,16 09 09.44,+16 25 49.9,sfrii
M1047,J163016.56+143511.0,16 30 16.56,+14 35 11.0,sfrii
M1049,J161355.55+200923.2,16 13 55.55,+20 09 23.2,sfrii
M1057,J110610.12+251156.4,11 06 10.12,+25 11 56.4,sfrii
M1058,J111508.46+283346.5,11 15 08.46,+28 33 46.5,sfrii
M1059,J111714.39+253145.3,11 17 14.39,+25 31 45.3,sfrii
M1060,J112527.07+271453.8,11 25 27.07,+27 14 53.8,sfrii
M1064,J115812.96+300626.0,11 58 12.96,+30 06 26.0,sfrii
M1065,J120228.43+270754.3,12 02 28.43,+27 07 54.3,sfrii
M1069,J120649.96+272934.8,12 06 49.96,+27 29 34.8,sfrii
M1070,J120301.65+283546.1,12 03 01.65,+28 35 46.1,sfrii
M1075,J124319.72+301430.8,12 43 19.72,+30 14 30.8,sfrii
M1078,J130353.35+274727.2,13 03 53.35,+27 47 27.2,sfrii
M1080,J075931.60+122815.1,07 59 31.60,+12 28 15.1,sfrii
M1082,J080404.52+153334.6,08 04 04.52,+15 33 34.6,sfrii
M1091,J085018.89+165023.5,08 50 18.89,+16 50 23.5,sfrii
M1092,J084629.57+162523.1,08 46 29.57,+16 25 23.1,sfrii
M1094,J085244.02+181148.3,08 52 44.02,+18 11 48.3,sfrii
M1095,J090123.32+191417.2,09 01 23.32,+19 14 17.2,sfrii
M1097,J090443.75+195607.9,09 04 43.75,+19 56 07.9,sfrii
M1099,J091415.24+211639.8,09 14 15.24,+21 16 39.8,sfrii
M1101,J094033.35+220002.2,09 40 33.35,+22 00 02.2,sfrii
M1102,J092747.89+231405.7,09 27 47.89,+23 14 05.7,sfrii
M1106,J095419.20+271560.0,09 54 19.20,+27 15 60.0,sfrii
M1107,J100551.15+241911.4,10 05 51.15,+24 19 11.4,sfrii
M1110,J095858.02+281907.2,09 58 58.02,+28 19 07.2,sfrii
M1114,J104254.03+282559.1,10 42 54.03,+28 25 59.1,sfrii
M1115,J110035.09+253911.1,11 00 35.09,+25 39 11.1,sfrii
M1116,J105908.15+263415.0,10 59 08.15,+26 34 15.0,sfrii
M1117,J110007.46+263003.0,11 00 07.46,+26 30 03.0,sfrii
M1118,J092600.52+190307.4,09 26 00.52,+19 03 07.4,sfrii
M1121,J103148.68+225231.5,10 31 48.68,+22 52 31.5,sfrii
M1124,J093238.30+161157.2,09 32 38.30,+16 11 57.2,sfrii
M1126,J092611.27+170357.9,09 26 11.27,+17 03 57.9,sfrii
M1140,J082504.66+124404.8,08 25 04.66,+12 44 04.8,sfrii
M1144,J090030.86+134508.6,09 00 30.86,+13 45 08.6,sfrii
M1145,J090338.05+174343.9,09 03 38.05,+17 43 43.9,sfrii
M1146,J091420.04+172610.9,09 14 20.04,+17 26 10.9,sfrii
M1147,J092352.75+141658.6,09 23 52.75,+14 16 58.6,sfrii
M1148,J104613.89+181738.2,10 46 13.89,+18 17 38.2,sfrii
M1149,J105401.22+221540.1,10 54 01.22,+22 15 40.1,sfrii
M1153,J110214.16+242954.7,11 02 14.16,+24 29 54.7,sfrii
M1158,J111556.72+173602.1,11 15 56.72,+17 36 02.1,sfrii
M1160,J111607.18+245620.8,11 16 07.18,+24 56 20.8,sfrii
M1161,J112242.05+213330.0,11 22 42.05,+21 33 30.0,sfrii
M1164,J112809.83+251914.7,11 28 09.83,+25 19 14.7,sfrii
M1167,J113006.24+194444.0,11 30 06.24,+19 44 44.0,sfrii
M1172,J114202.57+214511.5,11 42 02.57,+21 45 11.5,sfrii
M1178,J115501.44+163339.1,11 55 01.44,+16 33 39.1,sfrii
M1182,J115316.79+233041.8,11 53 16.79,+23 30 41.8,sfrii
M1188,J160035.11+131114.0,16 00 35.11,+13 11 14.0,sfrii
M1190,J161326.24+121044.1,16 13 26.24,+12 10 44.1,sfrii
M1198,J081628.89+085748.6,08 16 28.89,+08 57 48.6,sfrii
M1201,J091134.76+125538.1,09 11 34.76,+12 55 38.1,sfrii
M1205,J093153.29+125140.6,09 31 53.29,+12 51 40.6,sfrii
M1206,J093435.82+142041.7,09 34 35.82,+14 20 41.7,sfrii
M1210,J101652.04+171000.4,10 16 52.04,+17 10 00.4,sfrii
M1214,J102156.67+144331.4,10 21 56.67,+14 43 31.4,sfrii
M1215,J103748.94+154123.4,10 37 48.94,+15 41 23.4,sfrii
M1221,J125410.00+180540.7,12 54 10.00,+18 05 40.7,sfrii
M1222,J130925.19+162746.3,13 09 25.19,+16 27 46.3,sfrii
M1223,J130237.23+162801.6,13 02 37.23,+16 28 01.6,sfrii
M1225,J131819.90+171104.4,13 18 19.90,+17 11 04.4,sfrii
M1232,J124435.69+193900.1,12 44 35.69,+19 39 00.1,sfrii
M1238,J132613.68+192423.8,13 26 13.68,+19 24 23.8,sfrii
M1239,J132752.91+200913.4,13 27 52.91,+20 09 13.4,sfrii
M1240,J022032.98+002803.4,02 20 32.98,+00 28 03.4,sfrii
M1242,J133349.60+182438.4,13 33 49.60,+18 24 38.4,sfrii
M1244,J132843.57+184049.2,13 28 43.57,+18 40 49.2,sfrii
M1247,J120141.70+225646.4,12 01 41.70,+22 56 46.4,sfrii
M1248,J120633.35+221537.6,12 06 33.35,+22 15 37.6,sfrii
M1250,J122849.64+215648.1,12 28 49.64,+21 56 48.1,sfrii
M1251,J124651.56+230341.9,12 46 51.56,+23 03 41.9,sfrii
M1254,J131231.36+211543.5,13 12 31.36,+21 15 43.5,sfrii
M1256,J132502.45+224802.4,13 25 02.45,+22 48 02.4,sfrii
M1259,J122640.22+253855.6,12 26 40.22,+25 38 55.6,sfrii
M1261,J124905.05+235511.7,12 49 05.05,+23 55 11.7,sfrii
M1262,J130153.26+254414.9,13 01 53.26,+25 44 14.9,sfrii
M1267,J134119.86+235011.8,13 41 19.86,+23 50 11.8,sfrii
M1269,J140402.95+154328.8,14 04 02.95,+15 43 28.8,sfrii
M1276,J150456.51+143447.5,15 04 56.51,+14 34 47.5,sfrii
M1280,J134906.08+185828.7,13 49 06.08,+18 58 28.7,sfrii
M1281,J135948.58+191850.9,13 59 48.58,+19 18 50.9,sfrii
M1285,J144129.52+163146.1,14 41 29.52,+16 31 46.1,sfrii
M1291,J141411.36+200104.6,14 14 11.36,+20 01 04.6,sfrii
M1304,J135840.73+234541.4,13 58 40.73,+23 45 41.4,sfrii
M1308,J141454.72+223759.7,14 14 54.72,+22 37 59.7,sfrii
M1309,J141556.66+230729.5,14 15 56.66,+23 07 29.5,sfrii
M1313,J143635.10+203754.9,14 36 35.10,+20 37 54.9,sfrii
M1314,J143954.71+215055.3,14 39 54.71,+21 50 55.3,sfrii
M1316,J145612.16+200040.9,14 56 12.16,+20 00 40.9,sfrii
M1319,J122828.98+044458.0,12 28 28.98,+04 44 58.0,sfrii
M1320,J162407.41+510239.4,16 24 07.41,+51 02 39.4,sfrii
M1323,J163604.22+271829.1,16 36 04.22,+27 18 29.1,sfrii
M1324,J152230.68+013154.3,15 22 30.68,+01 31 54.3,sfrii
M1325,J152127.87+015721.4,15 21 27.87,+01 57 21.4,sfrii
M1327,J171832.78+324901.3,17 18 32.78,+32 49 01.3,sfrii
L0000,J000111.57-002012.0,00 01 11.57,-00 20 12.0,wat
L0002,J000121.53+010147.4,00 01 21.53,+01 01 47.4,wat
L0004,J000331.85+002812.0,00 03 31.85,+00 28 12.0,wat
L0005,J000353.42+121031.1,00 03 53.42,+12 10 31.1,wat
L0006,J000436.48+104724.0,00 04 36.48,+10 47 24.0,wat
L0008,J000511.32-075556.9,00 05 11.32,-07 55 56.9,wat
L0009,J000533.71-032416.7,00 05 33.71,-03 24 16.7,wat
L0010,J000605.20+011009.5,00 06 05.20,+01 10 09.5,wat
L0011,J000607.55-103028.1,00 06 07.55,-10 30 28.1,wat
L0012,J000608.01+105211.3,00 06 08.01,+10 52 11.3,wat
L0015,J000704.13-012957.0,00 07 04.13,-01 29 57.0,wat
L0018,J000806.38+015933.0,00 08 06.38,+01 59 33.0,wat
L0019,J000905.22+070828.9,00 09 05.22,+07 08 28.9,wat
L0020,J001134.75+053558.6,00 11 34.75,+05 35 58.6,wat
L0026,J001519.10-014314.3,00 15 19.10,-01 43 14.3,wat
L0029,J001643.17-064407.2,00 16 43.17,-06 44 07.2,wat
L0032,J001916.97-010402.4,00 19 16.97,-01 04 02.4,wat
L0037,J002157.29+091906.5,00 21 57.29,+09 19 06.5,wat
L0056,J002840.28+141646.8,00 28 40.28,+14 16 46.8,wat
L0063,J003150.92-102210.8,00 31 50.92,-10 22 10.8,wat
L0064,J003153.98-074605.4,00 31 53.98,-07 46 05.4,wat
L0075,J003833.32-092838.6,00 38 33.32,-09 28 38.6,wat
L0080,J004053.92-032803.6,00 40 53.92,-03 28 03.6,wat
L0103,J005211.73-031110.2,00 52 11.73,-03 11 10.2,wat
L0111,J005556.73-044001.8,00 55 56.73,-04 40 01.8,wat
L0119,J005712.00-030631.0,00 57 12.00,-03 06 31.0,wat
L0122,J005733.97-033604.1,00 57 33.97,-03 36 04.1,wat
L0127,J010029.76+112700.8,01 00 29.76,+11 27 00.8,wat
L0139,J010611.77+082022.9,01 06 11.77,+08 20 22.9,wat
L0143,J010832.25+030327.5,01 08 32.25,+03 03 27.5,wat
L0161,J011535.32+012749.2,01 15 35.32,+01 27 49.2,wat
L0163,J011728.11-105651.8,01 17 28.11,-10 56 51.8,wat
L0166,J012006.63+103644.9,01 20 06.63,+10 36 44.9,wat
L0191,J013157.71-081947.3,01 31 57.71,-08 19 47.3,wat
L0205,J013936.81+110311.7,01 39 36.81,+11 03 11.7,wat
L0212,J014201.03+053005.6,01 42 01.03,+05 30 05.6,wat
L0213,J014216.41+112830.6,01 42 16.41,+11 28 30.6,wat
L0221,J014535.85+113718.3,01 45 35.85,+11 37 18.3,wat
L0224,J014647.00-100613.2,01 46 47.00,-10 06 13.2,wat
L0248,J015430.42+054552.6,01 54 30.42,+05 45 52.6,wat
L0261,J015943.03-012311.9,01 59 43.03,-01 23 11.9,wat
L0277,J020958.00-100302.3,02 09 58.00,-10 03 02.3,wat
L0304,J022325.70+064032.8,02 23 25.70,+06 40 32.8,wat
L0319,J023149.09+015542.6,02 31 49.09,+01 55 42.6,wat
L0332,J024243.01-031144.3,02 42 43.01,-03 11 44.3,wat
L0333,J024245.37-022533.0,02 42 45.37,-02 25 33.0,wat
L0337,J024558.34-064844.3,02 45 58.34,-06 48 44.3,wat
L0340,J024631.73-011013.2,02 46 31.73,-01 10 13.2,wat
L0342,J024639.79-064210.2,02 46 39.79,-06 42 10.2,wat
L0355,J025343.36+015045.5,02 53 43.36,+01 50 45.5,wat
L0359,J025554.42-040123.4,02 55 54.42,-04 01 23.4,wat
L0370,J025935.12-032014.4,02 59 35.12,-03 20 14.4,wat
L0378,J030849.98-060731.2,03 08 49.98,-06 07 31.2,wat
L0395,J033131.33-072958.8,03 31 31.33,-07 29 58.8,wat
L0397,J033236.24+002454.6,03 32 36.24,+00 24 54.6,wat
L0406,J034031.56-011141.4,03 40 31.56,-01 11 41.4,wat
L0410,J034903.60+005430.0,03 49 03.60,+00 54 30.0,wat
L0411,J034927.10-064803.0,03 49 27.10,-06 48 03.0,wat
L0419,J065950.31+480143.2,06 59 50.31,+48 01 43.2,wat
L0422,J070030.29+494652.6,07 00 30.29,+49 46 52.6,wat
L0424,J070237.20+481755.1,07 02 37.20,+48 17 55.1,wat
L0425,J070238.11+603012.2,07 02 38.11,+60 30 12.2,wat
L0427,J070335.63+514712.9,07 03 35.63,+51 47 12.9,wat
L0434,J070725.65+592718.0,07 07 25.65,+59 27 18.0,wat
L0437,J070800.05+444909.8,07 08 00.05,+44 49 09.8,wat
L0446,J071043.31+602011.8,07 10 43.31,+60 20 11.8,wat
L0447,J071107.77+371527.5,07 11 07.77,+37 15 27.5,wat
L0450,J071152.32+375637.8,07 11 52.32,+37 56 37.8,wat
L0465,J071727.36+440504.5,07 17 27.36,+44 05 04.5,wat
L0471,J071904.11+465739.1,07 19 04.11,+46 57 39.1,wat
L0494,J072604.71+402928.6,07 26 04.71,+40 29 28.6,wat
L0502,J072737.11+355315.8,07 27 37.11,+35 53 15.8,wat
L0505,J072812.77+524044.8,07 28 12.77,+52 40 44.8,wat
L0506,J072812.89+555252.7,07 28 12.89,+55 52 52.7,wat
L0531,J073236.00+515553.3,07 32 36.00,+51 55 53.3,wat
L0548,J073617.00+185701.8,07 36 17.00,+18 57 01.8,wat
L0563,J073902.05+422739.0,07 39 02.05,+42 27 39.0,wat
L0577,J074156.04+364554.6,07 41 56.04,+36 45 54.6,wat
L0597,J074638.24+520049.2,07 46 38.24,+52 00 49.2,wat
L0598,J074646.98+222523.0,07 46 46.98,+22 25 23.0,wat
L0602,J074830.38+484953.1,07 48 30.38,+48 49 53.1,wat
L0620,J075223.81+452630.5,07 52 23.81,+45 26 30.5,wat
L0621,J075228.68+375058.5,07 52 28.68,+37 50 58.5,wat
L0632,J075347.28+230206.0,07 53 47.28,+23 02 06.0,wat
L0666,J080053.97+420244.2,08 00 53.97,+42 02 44.2,wat
L0679,J080343.80+095736.4,08 03 43.80,+09 57 36.4,wat
L0689,J080641.50+451321.1,08 06 41.50,+45 13 21.1,wat
L0700,J080924.05+432434.0,08 09 24.05,+43 24 34.0,wat
L0711,J081139.01+401452.1,08 11 39.01,+40 14 52.1,wat
L0712,J081140.77+102920.4,08 11 40.77,+10 29 20.4,wat
L0726,J081445.88+261548.0,08 14 45.88,+26 15 48.0,wat
L0734,J081556.60+520657.3,08 15 56.60,+52 06 57.3,wat
L0737,J081633.69+082333.6,08 16 33.69,+08 23 33.6,wat
L0753,J081732.94+245406.5,08 17 32.94,+24 54 06.5,wat
L0780,J082032.70+303449.6,08 20 32.70,+30 34 49.6,wat
L0785,J082110.17+100831.8,08 21 10.17,+10 08 31.8,wat
L0786,J082117.41+624226.5,08 21 17.41,+62 42 26.5,wat
L0788,J082122.75+184649.7,08 21 22.75,+18 46 49.7,wat
L0790,J082155.22+490223.2,08 21 55.22,+49 02 23.2,wat
L0793,J082217.43+085428.9,08 22 17.43,+08 54 28.9,wat
L0795,J082231.36+284110.8,08 22 31.36,+28 41 10.8,wat
L0802,J082258.30+143547.5,08 22 58.30,+14 35 47.5,wat
L0828,J082731.38+004838.4,08 27 31.38,+00 48 38.4,wat
L0831,J082818.47+274705.8,08 28 18.47,+27 47 05.8,wat
L0834,J082834.73+322829.4,08 28 34.73,+32 28 29.4,wat
L0849,J083016.92+083700.0,08 30 16.92,+08 37 00.0,wat
L0866,J083200.73+151329.5,08 32 00.73,+15 13 29.5,wat
L0867,J083228.01+003907.8,08 32 28.01,+00 39 07.8,wat
L0872,J083306.45+411431.0,08 33 06.45,+41 14 31.0,wat
L0876,J083341.60+382612.1,08 33 41.60,+38 26 12.1,wat
L0877,J083345.21+102808.2,08 33 45.21,+10 28 08.2,wat
L0878,J083348.30+010002.4,08 33 48.30,+01 00 02.4,wat
L0880,J083401.32+225744.3,08 34 01.32,+22 57 44.3,wat
L0890,J083540.72+142832.4,08 35 40.72,+14 28 32.4,wat
L0895,J083607.02-011319.2,08 36 07.02,-01 13 19.2,wat
L0898,J083638.70+224349.5,08 36 38.70,+22 43 49.5,wat
L0906,J083756.37+364913.3,08 37 56.37,+36 49 13.3,wat
L0950,J084352.45+270116.4,08 43 52.45,+27 01 16.4,wat
L0956,J084433.88+260613.7,08 44 33.88,+26 06 13.7,wat
L0997,J084921.86+400008.4,08 49 21.86,+40 00 08.4,wat
L1003,J084950.94+044103.4,08 49 50.94,+04 41 03.4,wat
L1008,J085025.56-031239.0,08 50 25.56,-03 12 39.0,wat
L1010,J085040.90+290902.9,08 50 40.90,+29 09 02.9,wat
L1033,J085320.31+385235.2,08 53 20.31,+38 52 35.2,wat
L1035,J085335.52-053528.8,08 53 35.52,-05 35 28.8,wat
L1044,J085523.91-040452.5,08 55 23.91,-04 04 52.5,wat
L1055,J085632.40+260713.0,08 56 32.40,+26 07 13.0,wat
L1058,J085708.10+095857.6,08 57 08.10,+09 58 57.6,wat
L1087,J085949.83+131212.0,08 59 49.83,+13 12 12.0,wat
L1104,J090121.54+520926.8,09 01 21.54,+52 09 26.8,wat
L1128,J090311.37+574010.2,09 03 11.37,+57 40 10.2,wat
L1138,J090452.15+380448.8,09 04 52.15,+38 04 48.8,wat
L1144,J090555.49-005324.6,09 05 55.49,-00 53 24.6,wat
L1153,J090716.95+121907.1,09 07 16.95,+12 19 07.1,wat
L1157,J090745.76+382742.9,09 07 45.76,+38 27 42.9,wat
L1162,J090809.40+581057.5,09 08 09.40,+58 10 57.5,wat
L1177,J091024.29+352416.8,09 10 24.29,+35 24 16.8,wat
L1194,J091227.65+423553.2,09 12 27.65,+42 35 53.2,wat
L1202,J091313.88-064331.5,09 13 13.88,-06 43 31.5,wat
L1203,J091314.44+520853.7,09 13 14.44,+52 08 53.7,wat
L1205,J091329.09+334643.9,09 13 29.09,+33 46 43.9,wat
L1229,J091609.56+013438.3,09 16 09.56,+01 34 38.3,wat
L1238,J091710.38+550853.3,09 17 10.38,+55 08 53.3,wat
L1242,J091739.15+024527.0,09 17 39.15,+02 45 27.0,wat
L1255,J092021.06+331241.6,09 20 21.06,+33 12 41.6,wat
L1274,J092239.58-072426.0,09 22 39.58,-07 24 26.0,wat
L1283,J092429.52+141404.7,09 24 29.52,+14 14 04.7,wat
L1306,J092656.13+633258.7,09 26 56.13,+63 32 58.7,wat
L1332,J093004.34+112046.8,09 30 04.34,+11 20 46.8,wat
L1334,J093023.61+484726.3,09 30 23.61,+48 47 26.3,wat
L1345,J093305.55+483226.4,09 33 05.55,+48 32 26.4,wat
L1347,J093308.41+633721.8,09 33 08.41,+63 37 21.8,wat
L1351,J093329.77+474807.6,09 33 29.77,+47 48 07.6,wat
L1384,J093802.70+181333.1,09 38 02.70,+18 13 33.1,wat
L1387,J093831.73+302411.3,09 38 31.73,+30 24 11.3,wat
L1392,J093926.54+404356.8,09 39 26.54,+40 43 56.8,wat
L1395,J093949.24-021431.8,09 39 49.24,-02 14 31.8,wat
L1458,J094842.30-010253.4,09 48 42.30,-01 02 53.4,wat
L1465,J095002.08+112753.0,09 50 02.08,+11 27 53.0,wat
L1476,J095124.72-041311.4,09 51 24.72,-04 13 11.4,wat
L1483,J095239.11+532127.1,09 52 39.11,+53 21 27.1,wat
L1493,J095403.60+463611.4,09 54 03.60,+46 36 11.4,wat
L1506,J095603.15+233809.5,09 56 03.15,+23 38 09.5,wat
L1545,J100109.77+100504.3,10 01 09.77,+10 05 04.3,wat
L1546,J100110.70+105713.3,10 01 10.70,+10 57 13.3,wat
L1559,J100322.50+101651.5,10 03 22.50,+10 16 51.5,wat
L1583,J100745.18+580719.0,10 07 45.18,+58 07 19.0,wat
L1592,J100857.17-040053.4,10 08 57.17,-04 00 53.4,wat
L1626,J101454.87+222101.2,10 14 54.87,+22 21 01.2,wat
L1656,J101820.32+173158.7,10 18 20.32,+17 31 58.7,wat
L1659,J101900.99+293312.6,10 19 00.99,+29 33 12.6,wat
L1671,J102103.16+264304.2,10 21 03.16,+26 43 04.2,wat
L1688,J102308.17+070627.4,10 23 08.17,+07 06 27.4,wat
L1693,J102336.96+324629.3,10 23 36.96,+32 46 29.3,wat
L1694,J102337.88+095608.4,10 23 37.88,+09 56 08.4,wat
L1702,J102521.82+544420.9,10 25 21.82,+54 44 20.9,wat
L1733,J102909.76+152600.3,10 29 09.76,+15 26 00.3,wat
L1749,J103151.14+162243.7,10 31 51.14,+16 22 43.7,wat
L1761,J103234.76+045928.8,10 32 34.76,+04 59 28.8,wat
L1785,J103544.34+200458.8,10 35 44.34,+20 04 58.8,wat
L1787,J103621.33+173307.1,10 36 21.33,+17 33 07.1,wat
L1802,J103800.48+265126.2,10 38 00.48,+26 51 26.2,wat
L1804,J103828.05+414848.3,10 38 28.05,+41 48 48.3,wat
L1811,J103916.89+102539.0,10 39 16.89,+10 25 39.0,wat
L1823,J104105.00+335514.3,10 41 05.00,+33 55 14.3,wat
L1846,J104356.69+150058.3,10 43 56.69,+15 00 58.3,wat
L1859,J104643.97+053842.9,10 46 43.97,+05 38 42.9,wat
L1904,J105143.77+513456.5,10 51 43.77,+51 34 56.5,wat
L1915,J105437.30+494742.8,10 54 37.30,+49 47 42.8,wat
L1920,J105530.01+600137.7,10 55 30.01,+60 01 37.7,wat
L1934,J105654.15+051710.8,10 56 54.15,+05 17 10.8,wat
L1973,J110328.51-053407.8,11 03 28.51,-05 34 07.8,wat
L2002,J110623.55+050823.4,11 06 23.55,+05 08 23.4,wat
L2004,J110652.59+343822.1,11 06 52.59,+34 38 22.1,wat
L2010,J110729.58+571528.6,11 07 29.58,+57 15 28.6,wat
L2013,J110812.46+261041.5,11 08 12.46,+26 10 41.5,wat
L2015,J110819.93-024218.0,11 08 19.93,-02 42 18.0,wat
L2039,J111220.40+143723.3,11 12 20.40,+14 37 23.3,wat
L2040,J111220.63+260120.3,11 12 20.63,+26 01 20.3,wat
L2043,J111244.67+034641.9,11 12 44.67,+03 46 41.9,wat
L2054,J111405.57+284919.9,11 14 05.57,+28 49 19.9,wat
L2091,J112155.32+024731.1,11 21 55.32,+02 47 31.1,wat
L2130,J112826.61+202418.5,11 28 26.61,+20 24 18.5,wat
L2163,J113212.03+105505.8,11 32 12.03,+10 55 05.8,wat
L2182,J113455.16+164157.0,11 34 55.16,+16 41 57.0,wat
L2207,J113747.89+485114.8,11 37 47.89,+48 51 14.8,wat
L2221,J113950.84+041716.1,11 39 50.84,+04 17 16.1,wat
L2229,J114047.60+185926.7,11 40 47.60,+18 59 26.7,wat
L2250,J114325.74+474939.0,11 43 25.74,+47 49 39.0,wat
L2260,J114447.73+583358.8,11 44 47.73,+58 33 58.8,wat
L2282,J114731.58+055840.2,11 47 31.58,+05 58 40.2,wat
L2336,J115430.21+215713.0,11 54 30.21,+21 57 13.0,wat
L2337,J115434.16+363542.3,11 54 34.16,+36 35 42.3,wat
L2339,J115442.98+552032.0,11 54 42.98,+55 20 32.0,wat
L2351,J115546.10+064409.8,11 55 46.10,+06 44 09.8,wat
L2353,J115549.05+212253.1,11 55 49.05,+21 22 53.1,wat
L2361,J115638.49+204853.3,11 56 38.49,+20 48 53.3,wat
L2377,J115926.55-021639.6,11 59 26.55,-02 16 39.6,wat
L2409,J120312.47+145157.0,12 03 12.47,+14 51 57.0,wat
L2418,J120431.40+375731.3,12 04 31.40,+37 57 31.3,wat
L2423,J120459.48+455941.0,12 04 59.48,+45 59 41.0,wat
L2451,J120838.21+471123.9,12 08 38.21,+47 11 23.9,wat
L2456,J120923.94+370855.1,12 09 23.94,+37 08 55.1,wat
L2487,J121319.56+561253.1,12 13 19.56,+56 12 53.1,wat
L2510,J121653.03+474351.0,12 16 53.03,+47 43 51.0,wat
L2511,J121654.66+125904.9,12 16 54.66,+12 59 04.9,wat
L2523,J121743.52+113702.4,12 17 43.52,+11 37 02.4,wat
L2532,J121917.20+082313.9,12 19 17.20,+08 23 13.9,wat
L2536,J121935.25-053026.0,12 19 35.25,-05 30 26.0,wat
L2562,J122240.62+400648.7,12 22 40.62,+40 06 48.7,wat
L2568,J122330.05+223402.2,12 23 30.05,+22 34 02.2,wat
L2571,J122408.96+472029.4,12 24 08.96,+47 20 29.4,wat
L2614,J123027.08+094251.5,12 30 27.08,+09 42 51.5,wat
L2620,J123144.16+413741.2,12 31 44.16,+41 37 41.2,wat
L2631,J123339.79+250008.7,12 33 39.79,+25 00 08.7,wat
L2632,J123358.87-012537.2,12 33 58.87,-01 25 37.2,wat
L2636,J123432.38+151301.9,12 34 32.38,+15 13 01.9,wat
L2700,J124311.50+074051.2,12 43 11.50,+07 40 51.2,wat
L2717,J124554.60-043931.7,12 45 54.60,-04 39 31.7,wat
L2718,J124607.92+572545.1,12 46 07.92,+57 25 45.1,wat
L2719,J124633.17+122819.5,12 46 33.17,+12 28 19.5,wat
L2724,J124656.55+212009.4,12 46 56.55,+21 20 09.4,wat
L2726,J124705.48+284527.2,12 47 05.48,+28 45 27.2,wat
L2746,J124958.62+162646.2,12 49 58.62,+16 26 46.2,wat
L2763,J125217.76+132205.2,12 52 17.76,+13 22 05.2,wat
L2787,J125554.30+141832.4,12 55 54.30,+14 18 32.4,wat
L2852,J130630.08-053931.8,13 06 30.08,-05 39 31.8,wat
L2879,J131036.98+241840.6,13 10 36.98,+24 18 40.6,wat
L2898,J131417.36+391331.3,13 14 17.36,+39 13 31.3,wat
L2953,J132053.95+103753.4,13 20 53.95,+10 37 53.4,wat
L2963,J132244.06+541054.9,13 22 44.06,+54 10 54.9,wat
L2977,J132412.42+311720.1,13 24 12.42,+31 17 20.1,wat
L2985,J132514.75+582157.5,13 25 14.75,+58 21 57.5,wat
L3011,J132727.07+400619.0,13 27 27.07,+40 06 19.0,wat
L3014,J132745.41+355340.9,13 27 45.41,+35 53 40.9,wat
L3060,J133337.51-013913.8,13 33 37.51,-01 39 13.8,wat
L3075,J133450.12+312826.1,13 34 50.12,+31 28 26.1,wat
L3080,J133535.92+222547.3,13 35 35.92,+22 25 47.3,wat
L3105,J133818.40+364252.5,13 38 18.40,+36 42 52.5,wat
L3111,J133848.35+513515.0,13 38 48.35,+51 35 15.0,wat
L3114,J133858.34+300103.0,13 38 58.34,+30 01 03.0,wat
L3115,J133902.40+365518.1,13 39 02.40,+36 55 18.1,wat
L3116,J133903.08-072639.6,13 39 03.08,-07 26 39.6,wat
L3123,J133950.98+120257.3,13 39 50.98,+12 02 57.3,wat
L3134,J134104.85+221158.2,13 41 04.85,+22 11 58.2,wat
L3157,J134503.53+611029.4,13 45 03.53,+61 10 29.4,wat
L3169,J134704.98+202749.3,13 47 04.98,+20 27 49.3,wat
L3175,J134751.10+071349.2,13 47 51.10,+07 13 49.2,wat
L3188,J135058.49-003637.2,13 50 58.49,-00 36 37.2,wat
L3218,J135450.60+251242.7,13 54 50.60,+25 12 42.7,wat
L3221,J135527.81+355050.3,13 55 27.81,+35 50 50.3,wat
L3222,J135535.02+303325.5,13 55 35.02,+30 33 25.5,wat
L3237,J135709.68+132648.6,13 57 09.68,+13 26 48.6,wat
L3244,J135815.80+393251.6,13 58 15.80,+39 32 51.6,wat
L3252,J135838.64+384723.4,13 58 38.64,+38 47 23.4,wat
L3255,J135855.46+145843.2,13 58 55.46,+14 58 43.2,wat
L3257,J135857.49+532847.0,13 58 57.49,+53 28 47.0,wat
L3281,J140148.23+283318.3,14 01 48.23,+28 33 18.3,wat
L3283,J140216.09+581746.3,14 02 16.09,+58 17 46.3,wat
L3288,J140255.01-024700.6,14 02 55.01,-02 47 00.6,wat
L3321,J140724.06+451154.5,14 07 24.06,+45 11 54.5,wat
L3334,J140946.31+161635.1,14 09 46.31,+16 16 35.1,wat
L3338,J141015.83+173403.9,14 10 15.83,+17 34 03.9,wat
L3348,J141129.15+104902.3,14 11 29.15,+10 49 02.3,wat
L3350,J141138.03-073140.2,14 11 38.03,-07 31 40.2,wat
L3352,J141155.10+341515.7,14 11 55.10,+34 15 15.7,wat
L3355,J141251.68+015352.2,14 12 51.68,+01 53 52.2,wat
L3361,J141309.94-051032.8,14 13 09.94,-05 10 32.8,wat
L3367,J141422.40+310934.3,14 14 22.40,+31 09 34.3,wat
L3381,J141638.07+252658.0,14 16 38.07,+25 26 58.0,wat
L3385,J141652.69+120226.5,14 16 52.69,+12 02 26.5,wat
L3393,J141733.62+411125.6,14 17 33.62,+41 11 25.6,wat
L3396,J141750.58+203619.2,14 17 50.58,+20 36 19.2,wat
L3401,J141825.28+081638.4,14 18 25.28,+08 16 38.4,wat
L3416,J142032.73+530823.8,14 20 32.73,+53 08 23.8,wat
L3423,J142107.96+373325.8,14 21 07.96,+37 33 25.8,wat
L3425,J142113.15+311400.4,14 21 13.15,+31 14 00.4,wat
L3430,J142128.94-043136.6,14 21 28.94,-04 31 36.6,wat
L3432,J142141.35-074338.9,14 21 41.35,-07 43 38.9,wat
L3433,J142145.35+175732.1,14 21 45.35,+17 57 32.1,wat
L3434,J142158.99+445954.2,14 21 58.99,+44 59 54.2,wat
L3435,J142225.15+073127.1,14 22 25.15,+07 31 27.1,wat
L3441,J142259.16+082516.5,14 22 59.16,+08 25 16.5,wat
L3444,J142348.99+415242.1,14 23 48.99,+41 52 42.1,wat
L3449,J142446.61+040340.7,14 24 46.61,+04 03 40.7,wat
L3455,J142547.21+554526.2,14 25 47.21,+55 45 26.2,wat
L3457,J142559.43+415441.6,14 25 59.43,+41 54 41.6,wat
L3467,J142721.03+155923.9,14 27 21.03,+15 59 23.9,wat
L3468,J142733.39+062719.7,14 27 33.39,+06 27 19.7,wat
L3498,J143109.06-073533.9,14 31 09.06,-07 35 33.9,wat
L3499,J143120.47+011503.5,14 31 20.47,+01 15 03.5,wat
L3520,J143348.41+425248.0,14 33 48.41,+42 52 48.0,wat
L3531,J143427.43+042200.3,14 34 27.43,+04 22 00.3,wat
L3542,J143603.82+444513.2,14 36 03.82,+44 45 13.2,wat
L3545,J143641.20+270910.4,14 36 41.20,+27 09 10.4,wat
L3591,J144147.00-070233.6,14 41 47.00,-07 02 33.6,wat
L3594,J144203.69-073516.2,14 42 03.69,-07 35 16.2,wat
L3598,J144329.40+624649.8,14 43 29.40,+62 46 49.8,wat
L3617,J144602.52+213420.9,14 46 02.52,+21 34 20.9,wat
L3618,J144603.66+305857.8,14 46 03.66,+30 58 57.8,wat
L3639,J144904.34+025800.5,14 49 04.34,+02 58 00.5,wat
L3644,J144925.02+293625.3,14 49 25.02,+29 36 25.3,wat
L3646,J144933.70-035220.1,14 49 33.70,-03 52 20.1,wat
L3675,J145241.46+515732.6,14 52 41.46,+51 57 32.6,wat
L3676,J145248.10+621934.8,14 52 48.10,+62 19 34.8,wat
L3690,J145510.36+231747.6,14 55 10.36,+23 17 47.6,wat
L3702,J145711.71+202051.0,14 57 11.71,+20 20 51.0,wat
L3707,J145723.00+023254.6,14 57 23.00,+02 32 54.6,wat
L3718,J145859.92+275402.2,14 58 59.92,+27 54 02.2,wat
L3730,J150013.45+501551.6,15 00 13.45,+50 15 51.6,wat
L3733,J150053.97+372042.1,15 00 53.97,+37 20 42.1,wat
L3738,J150128.97+213416.5,15 01 28.97,+21 34 16.5,wat
L3748,J150238.47+170150.3,15 02 38.47,+17 01 50.3,wat
L3751,J150324.59+162802.3,15 03 24.59,+16 28 02.3,wat
L3759,J150429.74+293832.8,15 04 29.74,+29 38 32.8,wat
L3767,J150510.95+055657.5,15 05 10.95,+05 56 57.5,wat
L3768,J150529.33+410955.5,15 05 29.33,+41 09 55.5,wat
L3788,J150939.03+264258.5,15 09 39.03,+26 42 58.5,wat
L3802,J151131.25+322819.4,15 11 31.25,+32 28 19.4,wat
L3813,J151322.82-055803.8,15 13 22.82,-05 58 03.8,wat
L3814,J151349.13+054744.7,15 13 49.13,+05 47 44.7,wat
L3844,J151939.29+293353.7,15 19 39.29,+29 33 53.7,wat
L3847,J151955.83-080042.9,15 19 55.83,-08 00 42.9,wat
L3877,J152533.60-003133.0,15 25 33.60,-00 31 33.0,wat
L3904,J153035.69+422440.5,15 30 35.69,+42 24 40.5,wat
L3939,J153616.78+142044.4,15 36 16.78,+14 20 44.4,wat
L3947,J153717.64+062352.4,15 37 17.64,+06 23 52.4,wat
L3955,J153858.31+355712.9,15 38 58.31,+35 57 12.9,wat
L3958,J153923.33-054439.6,15 39 23.33,-05 44 39.6,wat
L3963,J153946.55+272219.9,15 39 46.55,+27 22 19.9,wat
L3965,J153954.93-041544.3,15 39 54.93,-04 15 44.3,wat
L3975,J154232.55+493842.9,15 42 32.55,+49 38 42.9,wat
L3980,J154336.15-011723.9,15 43 36.15,-01 17 23.9,wat
L3991,J154455.42+102620.4,15 44 55.42,+10 26 20.4,wat
L3999,J154624.66+362959.2,15 46 24.66,+36 29 59.2,wat
L4017,J154901.69+103154.8,15 49 01.69,+10 31 54.8,wat
L4021,J154944.69-031714.2,15 49 44.69,-03 17 14.2,wat
L4022,J154949.41+334830.3,15 49 49.41,+33 48 30.3,wat
L4025,J155000.38+294952.6,15 50 00.38,+29 49 52.6,wat
L4028,J155011.72+271758.9,15 50 11.72,+27 17 58.9,wat
L4030,J155034.97+120038.9,15 50 34.97,+12 00 38.9,wat
L4040,J155226.90+155422.9,15 52 26.90,+15 54 22.9,wat
L4042,J155247.07+092436.7,15 52 47.07,+09 24 36.7,wat
L4044,J155301.74+072046.6,15 53 01.74,+07 20 46.6,wat
L4046,J155309.77-002511.4,15 53 09.77,-00 25 11.4,wat
L4065,J155629.05+294338.8,15 56 29.05,+29 43 38.8,wat
L4070,J155729.72+330446.6,15 57 29.72,+33 04 46.6,wat
L4081,J155854.17+425824.0,15 58 54.17,+42 58 24.0,wat
L4088,J160040.86-004515.0,16 00 40.86,-00 45 15.0,wat
L4092,J160129.87+083847.3,16 01 29.87,+08 38 47.3,wat
L4104,J160330.28+225201.0,16 03 30.28,+22 52 01.0,wat
L4126,J160729.34-005042.5,16 07 29.34,-00 50 42.5,wat
L4130,J160759.61+330706.3,16 07 59.61,+33 07 06.3,wat
L4134,J160822.33+401219.3,16 08 22.33,+40 12 19.3,wat
L4151,J161107.59+184558.9,16 11 07.59,+18 45 58.9,wat
L4176,J161546.97+144618.3,16 15 46.97,+14 46 18.3,wat
L4196,J161849.47+172110.4,16 18 49.47,+17 21 10.4,wat
L4213,J162148.74+482410.8,16 21 48.74,+48 24 10.8,wat
L4215,J162217.87+511821.8,16 22 17.87,+51 18 21.8,wat
L4235,J162524.32+445629.3,16 25 24.32,+44 56 29.3,wat
L4237,J162531.87+302646.1,16 25 31.87,+30 26 46.1,wat
L4240,J162611.76+545225.1,16 26 11.76,+54 52 25.1,wat
L4246,J162724.75+501943.6,16 27 24.75,+50 19 43.6,wat
L4259,J162854.78+202220.3,16 28 54.78,+20 22 20.3,wat
L4284,J163403.32+170300.0,16 34 03.32,+17 03 00.0,wat
L4286,J163410.97+461800.4,16 34 10.97,+46 18 00.4,wat
L4319,J163949.10+172300.2,16 39 49.10,+17 23 00.2,wat
L4325,J164013.69+193623.7,16 40 13.69,+19 36 23.7,wat
L4346,J164519.88+315740.1,16 45 19.88,+31 57 40.1,wat
L4347,J164522.56+584253.4,16 45 22.56,+58 42 53.4,wat
L4349,J164602.17+530053.0,16 46 02.17,+53 00 53.0,wat
L4352,J164705.09+515410.0,16 47 05.09,+51 54 10.0,wat
L4365,J164932.82+484911.7,16 49 32.82,+48 49 11.7,wat
L4372,J165117.78+504736.5,16 51 17.78,+50 47 36.5,wat
L4373,J165118.06+281604.7,16 51 18.06,+28 16 04.7,wat
L4392,J165519.20+521726.5,16 55 19.20,+52 17 26.5,wat
L4401,J165636.42+442422.6,16 56 36.42,+44 24 22.6,wat
L4404,J165644.64+564028.7,16 56 44.64,+56 40 28.7,wat
L4409,J165739.03+603818.8,16 57 39.03,+60 38 18.8,wat
L4411,J165748.35+274614.5,16 57 48.35,+27 46 14.5,wat
L4425,J170114.94+315043.0,17 01 14.94,+31 50 43.0,wat
L4428,J170134.66+350105.9,17 01 34.66,+35 01 05.9,wat
L4429,J170152.80+350307.2,17 01 52.80,+35 03 07.2,wat
L4430,J170209.78+332300.6,17 02 09.78,+33 23 00.6,wat
L4441,J170440.63+503903.1,17 04 40.63,+50 39 03.1,wat
L4446,J170458.32+505227.2,17 04 58.32,+50 52 27.2,wat
L4453,J170616.41+504052.7,17 06 16.41,+50 40 52.7,wat
L4455,J170802.89+605515.1,17 08 02.89,+60 55 15.1,wat
L4463,J170941.56+643335.6,17 09 41.56,+64 33 35.6,wat
L4484,J171346.75+271657.0,17 13 46.75,+27 16 57.0,wat
L4495,J171708.75+351930.5,17 17 08.75,+35 19 30.5,wat
L4498,J171734.34+254949.1,17 17 34.34,+25 49 49.1,wat
L4523,J172621.44+513932.0,17 26 21.44,+51 39 32.0,wat
L4536,J173249.92+563426.9,17 32 49.92,+56 34 26.9,wat
L4544,J173900.60+442404.8,17 39 00.60,+44 24 04.8,wat
L4549,J202820.04-001249.2,20 28 20.04,-00 12 49.2,wat
L4550,J203124.72+010718.6,20 31 24.72,+01 07 18.6,wat
L4551,J203232.64+003621.6,20 32 32.64,+00 36 21.6,wat
L4554,J203918.48-001701.2,20 39 18.48,-00 17 01.2,wat
L4569,J205546.36+103137.2,20 55 46.36,+10 31 37.2,wat
L4575,J210120.48+050253.4,21 01 20.48,+05 02 53.4,wat
L4582,J211045.97+015329.4,21 10 45.97,+01 53 29.4,wat
L4591,J211924.10-050427.0,21 19 24.10,-05 04 27.0,wat
L4619,J213958.21+110320.9,21 39 58.21,+11 03 20.9,wat
L4681,J221532.23+042216.1,22 15 32.23,+04 22 16.1,wat
L4689,J221837.40-082626.8,22 18 37.40,-08 26 26.8,wat
L4694,J222011.67+090031.1,22 20 11.67,+09 00 31.1,wat
L4695,J222028.05-060802.8,22 20 28.05,-06 08 02.8,wat
L4716,J223106.79+034802.4,22 31 06.79,+03 48 02.4,wat
L4734,J224655.98-011204.8,22 46 55.98,-01 12 04.8,wat
L4735,J224735.36-042747.2,22 47 35.36,-04 27 47.2,wat
L4796,J231355.25+101914.3,23 13 55.25,+10 19 14.3,wat
L4797,J231443.73-065122.5,23 14 43.73,-06 51 22.5,wat
L4815,J232259.86-044014.4,23 22 59.86,-04 40 14.4,wat
L4816,J232350.46+034832.8,23 23 50.46,+03 48 32.8,wat
L4846,J233734.06-090016.8,23 37 34.06,-09 00 16.8,wat
L4862,J234817.93-074901.4,23 48 17.93,-07 49 01.4,wat
S0000,J000115.11-082646.2,00 01 15.11,-08 26 46.2,wat
S0002,J001732.28-014923.7,00 17 32.28,-01 49 23.7,wat
S0004,J002719.11+022428.9,00 27 19.11,+02 24 28.9,wat
S0010,J005733.71-033609.6,00 57 33.71,-03 36 09.6,wat
S0011,J012058.94+002139.2,01 20 58.94,+00 21 39.2,wat
S0012,J015830.16-021530.4,01 58 30.16,-02 15 30.4,wat
S0013,J021216.55-045038.8,02 12 16.55,-04 50 38.8,wat
S0018,J024557.86-064855.91,02 45 57.86,-06 48 55.91,wat
S0019,J024808.57-011344.2,02 48 08.57,-01 13 44.2,wat
S0020,J030850.29-060737.2,03 08 50.29,-06 07 37.2,wat
S0021,J031255.23-063343.1,03 12 55.23,-06 33 43.1,wat
S0022,J031329.05-063119.5,03 13 29.05,-06 31 19.5,wat
S0023,J032029.23+005944.9,03 20 29.23,+00 59 44.9,wat
S0024,J033131.48-073001.8,03 31 31.48,-07 30 01.8,wat
S0025,J033236.25+002457.2,03 32 36.25,+00 24 57.2,wat
S0026,J033400.64+010215.9,03 34 00.64,+01 02 15.9,wat
S0028,J070311.18+601423.1,07 03 11.18,+60 14 23.1,wat
S0032,J072649.96+310204.0,07 26 49.96,+31 02 04.0,wat
S0035,J073617.12+185710.2,07 36 17.12,+18 57 10.2,wat
S0037,J074442.18+435307.8,07 44 42.18,+43 53 07.8,wat
S0038,J074459.31+165859.7,07 44 59.31,+16 58 59.7,wat
S0039,J074830.52+484955.1,07 48 30.52,+48 49 55.1,wat
S0041,J075005.16+585659.4,07 50 05.16,+58 56 59.4,wat
S0044,J075228.25+375056.7,07 52 28.25,+37 50 56.7,wat
S0045,J075511.29+190936.9,07 55 11.29,+19 09 36.9,wat
S0051,J081659.33+571628.8,08 16 59.33,+57 16 28.8,wat
S0052,J081800.73+495611.8,08 18 00.73,+49 56 11.8,wat
S0053,J081901.55+184918.2,08 19 01.55,+18 49 18.2,wat
S0055,J082032.51+303449.8,08 20 32.51,+30 34 49.8,wat
S0056,J082258.44+143547.5,08 22 58.44,+14 35 47.5,wat
S0058,J083016.63+083653.4,08 30 16.63,+08 36 53.4,wat
S0061,J083345.45+102753.1,08 33 45.45,+10 27 53.1,wat
S0063,J083913.94+060944.9,08 39 13.94,+06 09 44.9,wat
S0064,J084102.16+525854.1,08 41 02.16,+52 58 54.1,wat
S0065,J084132.00-020319.7,08 41 32.00,-02 03 19.7,wat
S0066,J084158.63+123512.4,08 41 58.63,+12 35 12.4,wat
S0068,J084445.33+212930.7,08 44 45.33,+21 29 30.7,wat
S0069,J084655.05-013142.7,08 46 55.05,-01 31 42.7,wat
S0070,J084758.72+314754.3,08 47 58.72,+31 47 54.3,wat
S0071,J085159.09+622757.5,08 51 59.09,+62 27 57.5,wat
S0072,J085215.76+563915.2,08 52 15.76,+56 39 15.2,wat
S0074,J085616.87+215252.8,08 56 16.87,+21 52 52.8,wat
S0075,J085618.71+495106.4,08 56 18.71,+49 51 06.4,wat
S0077,J085845.11+171003.1,08 58 45.11,+17 10 03.1,wat
S0079,J090031.97+161425.6,09 00 31.97,+16 14 25.6,wat
S0080,J090052.57+505622.6,09 00 52.57,+50 56 22.6,wat
S0081,J090216.30+181904.3,09 02 16.30,+18 19 04.3,wat
S0085,J091042.23+384125.6,09 10 42.23,+38 41 25.6,wat
S0087,J091235.82+053355.2,09 12 35.82,+05 33 55.2,wat
S0090,J091647.53+080847.9,09 16 47.53,+08 08 47.9,wat
S0092,J092401.47+075851.1,09 24 01.47,+07 58 51.1,wat
S0094,J092420.75+232633.9,09 24 20.75,+23 26 33.9,wat
S0096,J092531.68-055738.5,09 25 31.68,-05 57 38.5,wat
S0097,J092644.19+030919.7,09 26 44.19,+03 09 19.7,wat
S0098,J092851.88-050717.5,09 28 51.88,-05 07 17.5,wat
S0099,J093324.84+060040.1,09 33 24.84,+06 00 40.1,wat
S0100,J093434.29+182930.5,09 34 34.29,+18 29 30.5,wat
S0101,J093522.76+112457.5,09 35 22.76,+11 24 57.5,wat
S0103,J093602.19-062759.1,09 36 02.19,-06 27 59.1,wat
S0105,J093743.70+024540.2,09 37 43.70,+02 45 40.2,wat
S0109,J094146.01+575124.2,09 41 46.01,+57 51 24.2,wat
S0110,J094309.45+061131.8,09 43 09.45,+06 11 31.8,wat
S0111,J094433.77-023416.8,09 44 33.77,-02 34 16.8,wat
S0113,J094644.44+360454.4,09 46 44.44,+36 04 54.4,wat
S0114,J094707.56+004416.6,09 47 07.56,+00 44 16.6,wat
S0115,J094715.39+525057.9,09 47 15.39,+52 50 57.9,wat
S0117,J095425.87+430416.1,09 54 25.87,+43 04 16.1,wat
S0118,J095455.45+624130.2,09 54 55.45,+62 41 30.2,wat
S0120,J095551.61+110233.4,09 55 51.61,+11 02 33.4,wat
S0122,J095903.53-045409.5,09 59 03.53,-04 54 09.5,wat
S0123,J095937.65+575157.2,09 59 37.65,+57 51 57.2,wat
S0125,J100153.57+492033.2,10 01 53.57,+49 20 33.2,wat
S0126,J100244.00+475620.2,10 02 44.00,+47 56 20.2,wat
S0129,J100844.59+014211.4,10 08 44.59,+01 42 11.4,wat
S0130,J100943.50+033722.7,10 09 43.50,+03 37 22.7,wat
S0131,J101057.71-060125.2,10 10 57.71,-06 01 25.2,wat
S0132,J101852.13+034856.1,10 18 52.13,+03 48 56.1,wat
S0134,J102056.98+482830.6,10 20 56.98,+48 28 30.6,wat
S0135,J102141.19+002447.6,10 21 41.19,+00 24 47.6,wat
S0136,J102622.33+325911.6,10 26 22.33,+32 59 11.6,wat
S0137,J103130.66-064028.1,10 31 30.66,-06 40 28.1,wat
S0138,J103201.09+550554.4,10 32 01.09,+55 05 54.4,wat
S0141,J103308.11+192355.6,10 33 08.11,+19 23 55.6,wat
S0142,J103339.59+075530.2,10 33 39.59,+07 55 30.2,wat
S0144,J103827.38+414843.5,10 38 27.38,+41 48 43.5,wat
S0145,J103947.12-064524.9,10 39 47.12,-06 45 24.9,wat
S0146,J104641.67+543425.2,10 46 41.67,+54 34 25.2,wat
S0147,J104643.42+053838.8,10 46 43.42,+05 38 38.8,wat
S0153,J110812.46+261033.8,11 08 12.46,+26 10 33.8,wat
S0154,J111244.34+034632.5,11 12 44.34,+03 46 32.5,wat
S0155,J111401.78+342503.2,11 14 01.78,+34 25 03.2,wat
S0157,J111606.35-043539.4,11 16 06.35,-04 35 39.4,wat
S0158,J111654.16+451617.6,11 16 54.16,+45 16 17.6,wat
S0159,J111800.7-055625.5,11 18 00.7,-05 56 25.5,wat
S0160,J111833.52+311516.3,11 18 33.52,+31 15 16.3,wat
S0162,J112508.80+031452.2,11 25 08.80,+03 14 52.2,wat
S0163,J112523.73+361824.3,11 25 23.73,+36 18 24.3,wat
S0164,J112539.13+582734.2,11 25 39.13,+58 27 34.2,wat
S0165,J112630.83+263805.5,11 26 30.83,+26 38 05.5,wat
S0166,J112646.63+592549.9,11 26 46.63,+59 25 49.9,wat
S0167,J112902.74+055049.9,11 29 02.74,+05 50 49.9,wat
S0168,J113048.83+252435.6,11 30 48.83,+25 24 35.6,wat
S0169,J113050.30+545744.0,11 30 50.30,+54 57 44.0,wat
S0170,J113140.91+043520.8,11 31 40.91,+04 35 20.8,wat
S0171,J113156.47-060012.1,11 31 56.47,-06 00 12.1,wat
S0173,J113850.25+203918.4,11 38 50.25,+20 39 18.4,wat
S0174,J114339.85+072959.6,11 43 39.85,+07 29 59.6,wat
S0175,J114448.08+583350.4,11 44 48.08,+58 33 50.4,wat
S0178,J114621.91-050448.2,11 46 21.91,-05 04 48.2,wat
S0179,J114728.97+542137.3,11 47 28.97,+54 21 37.3,wat
S0180,J114833.14+233225.9,11 48 33.14,+23 32 25.9,wat
S0181,J114928.17-014441.6,11 49 28.17,-01 44 41.6,wat
S0182,J115056.08+572806.5,11 50 56.08,+57 28 06.5,wat
S0183,J115243.66+340533.9,11 52 43.66,+34 05 33.9,wat
S0184,J115434.82+363539.9,11 54 34.82,+36 35 39.9,wat
S0186,J115821.34+003708.1,11 58 21.34,+00 37 08.1,wat
S0188,J115940.93-012715.1,11 59 40.93,-01 27 15.1,wat
S0190,J120445.05+483459.9,12 04 45.05,+48 34 59.9,wat
S0191,J120514.01+320441.4,12 05 14.01,+32 04 41.4,wat
S0192,J120924.08+370849.5,12 09 24.08,+37 08 49.5,wat
S0193,J120938.29+242038.4,12 09 38.29,+24 20 38.4,wat
S0197,J121345.43-032709.5,12 13 45.43,-03 27 09.5,wat
S0198,J121640.13+034231.5,12 16 40.13,+03 42 31.5,wat
S0201,J122159.66-010800.8,12 21 59.66,-01 08 00.8,wat
S0204,J123211.44+313058.1,12 32 11.44,+31 30 58.1,wat
S0205,J123316.72+192850.4,12 33 16.72,+19 28 50.4,wat
S0206,J123324.51+355915.5,12 33 24.51,+35 59 15.5,wat
S0209,J124108.79+273447.1,12 41 08.79,+27 34 47.1,wat
S0210,J124247.76+404144.3,12 42 47.76,+40 41 44.3,wat
S0215,J125003.80-013225.0,12 50 03.80,-01 32 25.0,wat
S0216,J125010.59+083952.7,12 50 10.59,+08 39 52.7,wat
S0217,J125013.31+113308.0,12 50 13.31,+11 33 08.0,wat
S0221,J125622.78+012516.0,12 56 22.78,+01 25 16.0,wat
S0223,J130058.31+291634.2,13 00 58.31,+29 16 34.2,wat
S0226,J130607.11+333813.5,13 06 07.11,+33 38 13.5,wat
S0227,J130630.4-053926.2,13 06 30.4,-05 39 26.2,wat
S0228,J130743.70+565103.3,13 07 43.70,+56 51 03.3,wat
S0229,J131517.25+061257.3,13 15 17.25,+06 12 57.3,wat
S0230,J131952.38+544308.6,13 19 52.38,+54 43 08.6,wat
S0231,J132031.33-034105.6,13 20 31.33,-03 41 05.6,wat
S0233,J132757.47+000747.4,13 27 57.47,+00 07 47.4,wat
S0234,J132923.93-051115.2,13 29 23.93,-05 11 15.2,wat
S0235,J133325.85+094431.9,13 33 25.85,+09 44 31.9,wat
S0236,J133335.23+542743.5,13 33 35.23,+54 27 43.5,wat
S0239,J133902.73-072643.4,13 39 02.73,-07 26 43.4,wat
S0240,J134048.19+543949.4,13 40 48.19,+54 39 49.4,wat
S0241,J134121.03-011614.3,13 41 21.03,-01 16 14.3,wat
S0242,J134503.06+611031.6,13 45 03.06,+61 10 31.6,wat
S0244,J134522.29-045149.8,13 45 22.29,-04 51 49.8,wat
S0245,J134546.01+533248.9,13 45 46.01,+53 32 48.9,wat
S0246,J134554.08+365503.1,13 45 54.08,+36 55 03.1,wat
S0247,J135120.54-054850.4,13 51 20.54,-05 48 50.4,wat
S0248,J135144.72+071217.0,13 51 44.72,+07 12 17.0,wat
S0249,J135330.31-073216.7,13 53 30.31,-07 32 16.7,wat
S0250,J135442.27+052856.1,13 54 42.27,+05 28 56.1,wat
S0251,J135905.03+280809.9,13 59 05.03,+28 08 09.9,wat
S0254,J140123.41+074040.1,14 01 23.41,+07 40 40.1,wat
S0255,J140148.60+283317.9,14 01 48.60,+28 33 17.9,wat
S0256,J140605.67+021153.9,14 06 05.67,+02 11 53.9,wat
S0257,J140806.63+454054.6,14 08 06.63,+45 40 54.6,wat
S0258,J140853.71+051124.6,14 08 53.71,+05 11 24.6,wat
S0261,J141110.93+453518.1,14 11 10.93,+45 35 18.1,wat
S0262,J141129.33+104859.1,14 11 29.33,+10 48 59.1,wat
S0264,J141209.48+025751.8,14 12 09.48,+02 57 51.8,wat
S0265,J141251.75+015351.4,14 12 51.75,+01 53 51.4,wat
S0266,J141253.65+215743.9,14 12 53.65,+21 57 43.9,wat
S0267,J141538.85+232650.7,14 15 38.85,+23 26 50.7,wat
S0269,J141752.89+011442.7,14 17 52.89,+01 14 42.7,wat
S0270,J141940.16+465729.9,14 19 40.16,+46 57 29.9,wat
S0271,J142031.37-062243.4,14 20 31.37,-06 22 43.4,wat
S0277,J142919.16+233616.7,14 29 19.16,+23 36 16.7,wat
S0278,J143320.47+191329.0,14 33 20.47,+19 13 29.0,wat
S0279,J143528.46+550752.1,14 35 28.46,+55 07 52.1,wat
S0280,J143807.58+092611.7,14 38 07.58,+09 26 11.7,wat
S0281,J143840.48+475356.8,14 38 40.48,+47 53 56.8,wat
S0284,J144457.45-031151.3,14 44 57.45,-03 11 51.3,wat
S0285,J144512.73+295136.9,14 45 12.73,+29 51 36.9,wat
S0286,J144538.45+635733.8,14 45 38.45,+63 57 33.8,wat
S0287,J144633.83+140211.9,14 46 33.83,+14 02 11.9,wat
S0288,J144838.85+594452.0,14 48 38.85,+59 44 52.0,wat
S0290,J145022.52+272820.5,14 50 22.52,+27 28 20.5,wat
S0292,J145230.11+063645.0,14 52 30.11,+06 36 45.0,wat
S0293,J145722.66+023256.4,14 57 22.66,+02 32 56.4,wat
S0294,J145755.85+314057.1,14 57 55.85,+31 40 57.1,wat
S0295,J145900.23+275400.8,14 59 00.23,+27 54 00.8,wat
S0298,J151056.07+054441.7,15 10 56.07,+05 44 41.7,wat
S0299,J151125.92+363336.0,15 11 25.92,+36 33 36.0,wat
S0300,J151218.26+365418.8,15 12 18.26,+36 54 18.8,wat
S0303,J152001.08+232905.2,15 20 01.08,+23 29 05.2,wat
S0304,J152125.02+510403.1,15 21 25.02,+51 04 03.1,wat
S0305,J152126.98+315733.3,15 21 26.98,+31 57 33.3,wat
S0306,J152443.44+132121.3,15 24 43.44,+13 21 21.3,wat
S0307,J152818.54+071409.3,15 28 18.54,+07 14 09.3,wat
S0309,J153201.76+465852.8,15 32 01.76,+46 58 52.8,wat
S0311,J153346.37+570011.9,15 33 46.37,+57 00 11.9,wat
S0314,J153752.75+405130.6,15 37 52.75,+40 51 30.6,wat
S0316,J153923.41-054442.9,15 39 23.41,-05 44 42.9,wat
S0317,J153959.25-021510.2,15 39 59.25,-02 15 10.2,wat
S0318,J154548.80-024938.6,15 45 48.80,-02 49 38.6,wat
S0321,J155140.33+060916.7,15 51 40.33,+06 09 16.7,wat
S0322,J155451.41+581909.5,15 54 51.41,+58 19 09.5,wat
S0326,J161653.17+092635.7,16 16 53.17,+09 26 35.7,wat
S0329,J162512.80+481303.4,16 25 12.80,+48 13 03.4,wat
S0330,J162523.87+445623.4,16 25 23.87,+44 56 23.4,wat
S0332,J163110.28+053150.3,16 31 10.28,+05 31 50.3,wat
S0333,J163351.11+171054.5,16 33 51.11,+17 10 54.5,wat
S0334,J163516.22+430955.9,16 35 16.22,+43 09 55.9,wat
S0335,J163517.08+202048.5,16 35 17.08,+20 20 48.5,wat
S0336,J164108.91+100442.3,16 41 08.91,+10 04 42.3,wat
S0338,J164522.51+584255.8,16 45 22.51,+58 42 55.8,wat
S0339,J165007.71+320209.0,16 50 07.71,+32 02 09.0,wat
S0340,J165125.35+350036.2,16 51 25.35,+35 00 36.2,wat
S0341,J165518.47+521723.8,16 55 18.47,+52 17 23.8,wat
S0342,J165747.88+274609.5,16 57 47.88,+27 46 09.5,wat
S0344,J170137.10+495914.6,17 01 37.10,+49 59 14.6,wat
S0345,J170526.41+510935.4,17 05 26.41,+51 09 35.4,wat
S0346,J170851.55+472335.5,17 08 51.55,+47 23 35.5,wat
S0348,J171936.39+354706.98,17 19 36.39,+35 47 06.98,wat
S0349,J172351.91+475732.7,17 23 51.91,+47 57 32.7,wat
S0355,J213819.97-054544.2,21 38 19.97,-05 45 44.2,wat
S0359,J214711.37+121515.8,21 47 11.37,+12 15 15.8,wat
S0360,J214801.28-082527.5,21 48 01.28,-08 25 27.5,wat
S0363,J220139.25-045136.9,22 01 39.25,-04 51 36.9,wat
S0365,J220730.82-010246.1,22 07 30.82,-01 02 46.1,wat
S0368,J221444.07-044733.6,22 14 44.07,-04 47 33.6,wat
S0369,J221549.46-075739.9,22 15 49.46,-07 57 39.9,wat
S0370,J221807.20+023033.2,22 18 07.20,+02 30 33.2,wat
S0371,J222116.81-074742.6,22 21 16.81,-07 47 42.6,wat
S0372,J224812.59+005252.8,22 48 12.59,+00 52 52.8,wat
S0373,J225047.02-014117.2,22 50 47.02,-01 41 17.2,wat
S0374,J230135.06+003713.1,23 01 35.06,+00 37 13.1,wat
S0376,J231212.16-091928.6,23 12 12.16,-09 19 28.6,wat
S0377,J231527.84-030005.1,23 15 27.84,-03 00 05.1,wat
S0378,J231919.27-073734.5,23 19 19.27,-07 37 34.5,wat
S0379,J232854.12+003848.8,23 28 54.12,+00 38 48.8,wat
S0380,J233455.59-075914.4,23 34 55.59,-07 59 14.4,wat
S0381,J233734.47-090015.4,23 37 34.47,-09 00 15.4,wat
S0384,J235636.26+011929.1,23 56 36.26,+01 19 29.1,wat
