RA,Dec,z,"L_rad,t",Size_rad,M_{BH},g-r,FRI,FRII,WAT,NAT,source_name,f_name,Host_name,f_z,Type,S1400MHz,S3000MHz,alpha,OA,Rc,LAS,Mr,Cluster_Name,zCl,f_zCl,Dc,Sep,Dl,r500,RL*500,M500,N500
0.29668,-0.33655,0.5174,25.74,263.0,,0.12,True,False,True,False,J000111.57-002012.0,,DESI J000111.20-002011.6,s,"FR-I,WAT",66.89,54.34,0.27,133.0,33.4,41,,,,,,,,,,,
0.31298,-8.44618,0.32871,25.76,196.0,8.6,1.68,False,True,False,True,J000115.37-082639.6,"b,f",SDSS J000115.11-082646.2,s,"FR-II,NAT",154.89,75.44,0.94,48.2,7.9,40,-23.17,AMF J000115.1-082646,0.3287,s,1344.0,0.0,0.0,0.639,23.35,1.06,13.0
0.3397,1.03037,0.55205,25.21,225.0,8.12,1.85,False,False,True,False,J000121.53+010147.4,,WISEA J000121.52+010149.3,s,"--,WAT",17.27,13.91,0.28,161.9,30.8,34,-23.6,WHL J000121.5+010149,0.552,s,2124.0,0.0,0.0,0.662,32.52,1.47,21.0
0.33959,-0.19445,0.46152,25.95,217.0,8.35,0.62,True,False,False,True,J000122.13-001135.4,,DESI J000121.47-001140.3,s,"FR-I,NAT",118.45,70.76,0.68,72.8,12.7,36,-22.09,WHL J000121.9-001138,0.4641,s,1829.0,7.0,42.0,0.47,7.22,0.36,4.0
0.87794,0.46578,0.19199,24.7,251.0,9.06,1.28,True,False,True,False,J000331.85+002812.0,j,WISEA J000330.70+002756.8,s,"FR-I,WAT",43.38,18.48,1.12,112.8,38.4,76,-22.95,maxBCG J000330.7+002757,0.1951,s,827.0,0.0,0.0,0.791,40.09,1.8,17.0
0.97197,12.17334,0.76324,26.79,258.0,8.45,0.95,True,False,True,False,J000353.42+121031.1,,WISEA J000353.27+121024.0,s,"FR-I,WAT",241.04,132.36,0.79,98.1,21.1,34,-23.15,WH J000344.8+120949,0.7438,p,2713.0,129.0,973.0,0.436,12.34,0.57,6.0
1.15311,10.78809,0.57842,25.67,393.0,,2.12,True,False,True,False,J000436.48+104724.0,,DESI J000436.75+104717.1,p,"FR-I,WAT",27.01,9.53,1.37,168.4,269.2,58,,,,,,,,,,,
1.18221,6.40131,0.55224,25.46,139.0,8.75,1.93,True,False,False,True,J000443.77+062411.4,,WISEA J000443.72+062404.7,s,"FR-I,NAT",23.31,11.96,0.88,89.3,8.7,21,-23.75,WHL J000441.9+062135,0.5725,p,2190.0,152.0,1026.0,0.895,74.21,3.27,29.0
1.29805,-7.93294,0.35151,25.64,174.0,8.57,1.69,False,True,True,False,J000511.32-075556.9,,DESI J000511.53-075558.6,p,"FR-II,WAT",104.93,57.3,0.79,138.0,37.4,34,-23.88,WHL J000511.5-075559,0.33,s,1349.0,0.0,0.0,0.826,50.31,2.24,16.0
1.39048,-3.40459,0.68202,26.03,218.0,,0.35,True,False,True,False,J000533.71-032416.7,,DESI J000533.71-032416.5,p,"FR-I,WAT",43.98,17.37,1.22,163.6,40.5,30,,WH22 J000527.1-032354,0.6562,p,2453.0,102.0,732.0,0.501,19.47,0.89,12.0
1.52033,1.16692,1.07091,26.42,527.0,,,False,True,True,False,J000605.20+011009.5,,DESI J000604.88+011000.9,p,"FR-II,WAT",39.79,18.39,1.01,146.3,74.4,63,,WH J000604.9+011001,1.0397,p,3499.0,0.0,0.0,0.42,16.1,0.74,8.0
1.53119,-10.5092,0.21714,24.93,204.0,8.85,1.37,True,False,True,False,J000607.55-103028.1,,WISEA J000607.48-103033.1,s,"FR-I,WAT",56.88,24.95,1.08,151.3,67.7,56,-22.99,WHL J000615.3-103043,0.5476,s,2109.0,115.0,760.0,0.957,89.53,3.92,56.0
1.529,10.8705,0.16922,24.86,224.0,8.87,1.33,True,False,True,False,J000608.01+105211.3,,WISEA J000606.95+105213.8,s,"FR-I,WAT",84.54,39.27,1.01,119.8,39.8,75,-22.9,CFSFDP J000558.9+105407,0.4949,s,1934.0,164.0,1029.0,0.408,11.64,0.54,6.0
1.55142,-10.47312,0.22143,24.45,122.0,8.54,1.4,False,False,True,False,J000612.69-102820.4,,WISEA J000612.34-102823.2,s,"--,WAT",18.45,9.53,0.87,161.6,84.8,33,-22.5,maxBCG J000611.5-102819,0.2214,s,932.0,12.0,44.0,1.073,95.8,4.19,53.0
1.76609,9.35308,0.97866,26.05,205.0,,,False,True,True,False,J000703.97+092110.7,,DESI J000703.86+092111.1,p,"FR-II,WAT",31.04,22.19,0.44,135.0,11.4,25,,Y21 J000703.9+092051,0.7741,p,2800.0,20.0,153.0,0.51,22.28,1.02,13.0
1.76719,-1.49916,,,,,1.87,False,True,True,False,J000704.13-012957.0,,,,"FR-II,WAT",28.55,18.77,0.55,140.0,26.6,27,,,,,,,,,,,
1.77994,5.60262,0.23552,26.23,139.0,,0.96,True,False,False,True,J000706.37+053609.6,f,DESI J000707.18+053609.4,p,"FR-I,NAT",806.25,206.3,1.79,54.3,12.3,36,,,,,,,,,,,
1.87566,12.55697,0.71128,25.18,163.0,9.77,2.0,True,False,True,False,J000730.00+123324.6,,WISEA J000730.15+123325.0,s,"FR-I,WAT",9.9,8.78,0.16,156.4,19.0,22,-22.48,WH J000730.2+123325,0.7104,s,2616.0,1.0,7.0,0.548,22.17,1.01,6.0
2.02587,1.99294,0.36942,25.16,137.0,8.45,1.8,True,False,True,False,J000806.38+015933.0,,WISEA J000806.20+015934.5,s,"FR-I,WAT",31.43,17.8,0.75,136.1,20.8,26,-22.46,AMF J000810.4+020112,0.3667,s,1484.0,116.0,611.0,1.03,90.19,3.95,59.0
2.27176,7.14137,,,,,1.07,False,True,True,False,J000905.22+070828.9,,,,"FR-II,WAT",35.63,17.04,0.97,138.9,21.5,30,,,,,,,,,,,
2.89479,5.59961,,,,,0.67,False,True,True,False,J001134.75+053558.6,,,,"FR-II,WAT",118.05,50.97,1.1,146.2,34.7,49,,,,,,,,,,,
2.97933,-2.12042,0.40831,25.61,309.0,,1.69,False,False,True,False,J001155.43-020717.3,,DESI J001155.04-020713.5,p,"--,WAT",58.47,22.1,1.28,131.9,40.9,55,,CFSFDP J001206.3-020713,0.5017,s,1957.0,168.0,1061.0,0.461,17.26,0.79,11.0
3.01245,-4.83768,0.91337,26.65,483.0,,,False,True,True,False,J001203.77-045009.8,,DESI J001202.99-045015.7,p,"FR-II,WAT",80.66,29.15,1.34,132.0,38.8,60,,,,,,,,,,,
3.06202,9.3357,0.54019,25.84,236.0,8.88,2.01,False,True,True,False,J001215.21+092009.1,,WISEA J001214.88+092008.5,s,"FR-II,WAT",59.01,30.59,0.86,126.4,22.4,36,-24.08,WHL J001214.9+092009,0.5402,s,2085.0,0.0,0.0,0.834,61.31,2.72,27.0
3.2027,-6.11754,0.202,24.92,99.0,8.34,1.3,False,True,False,True,J001248.72-060652.7,f,WISEA J001248.64-060703.1,s,"FR-II,NAT",66.27,32.27,0.94,36.1,6.1,29,-23.11,WHL J001252.1-060715,0.2035,s,860.0,53.0,184.0,0.923,57.12,2.54,29.0
3.77799,12.05165,0.47987,25.37,178.0,,1.65,False,True,True,False,J001506.56+120304.0,,SDSS J001506.71+120305.9,s,"FR-II,WAT",30.43,20.58,0.51,169.7,30.1,29,-22.44,CFSFDP J001511.6+120206,0.8285,p,2953.0,93.0,728.0,0.559,23.73,1.08,9.0
3.82785,-1.72143,1.06066,26.32,359.0,,2.95,False,True,True,False,J001519.10-014314.3,,DESI J001518.68-014317.1,p,"FR-II,WAT",28.25,11.3,1.2,154.6,41.6,43,,WH J001522.3-014511,0.9889,p,3374.0,126.0,1036.0,0.418,10.86,0.51,6.0
3.84514,0.15604,0.44015,25.79,235.0,8.59,1.88,False,True,True,False,J001522.61+000922.2,,WISEA J001522.83+000921.7,s,"FR-II,WAT",82.3,38.99,0.98,151.2,36.4,40,-23.71,WHL J001522.8+000922,0.444,s,1760.0,0.0,0.0,0.937,82.5,3.62,34.0
3.92821,-0.81299,0.15426,24.95,141.0,8.28,1.14,True,False,True,False,J001542.77-004841.4,,WISEA J001542.77-004846.7,s,"FR-I,WAT",125.67,54.57,1.09,158.8,51.0,51,-22.61,maxBCG J001542.8-004847,0.1543,s,661.0,0.0,0.0,0.583,17.62,0.81,13.0
4.1783,-6.73642,0.40404,25.67,268.0,8.99,1.84,False,False,True,False,J001643.17-064407.2,,SDSS J001642.79-064411.1,s,"--,WAT",76.89,36.77,0.97,131.5,22.6,48,-23.12,WHL J001642.8-064411,0.4071,s,1630.0,0.0,0.0,0.7,33.2,1.5,17.0
4.50854,-8.28602,0.62522,25.59,210.0,8.36,1.81,False,False,True,False,J001802.18-081714.4,,WISEA J001802.05-081709.6,s,"--,WAT",25.69,14.93,0.71,137.4,21.4,30,-22.9,Y21 J001802.0-081710,0.6251,s,2357.0,0.0,0.0,0.675,38.28,1.72,17.0
4.64747,12.20463,0.18109,24.48,91.0,,1.28,False,False,True,False,J001835.73+121222.5,,DESI J001835.39+121216.7,p,"--,WAT",31.11,15.83,0.89,99.0,14.6,29,,AMF J001836.0+121210,0.205,p,866.0,10.0,35.0,0.643,19.55,0.9,10.0
4.82278,-1.06599,0.37181,25.68,355.0,8.34,1.45,False,True,True,False,J001916.97-010402.4,,DESI J001917.47-010357.6,s,"FR-II,WAT",107.07,67.34,0.61,142.9,343.0,67,-22.51,,,,,,,,,,
4.89148,11.55604,0.54945,25.15,158.0,7.57,1.55,False,True,True,False,J001933.92+113322.8,,WISEA J001933.95+113321.7,s,"FR-II,WAT",15.1,12.07,0.29,169.0,40.0,24,-21.89,WH J001934.0+113322,0.5494,s,2115.0,0.0,0.0,0.376,10.8,0.5,6.0
5.03323,-9.84763,0.83875,25.53,212.0,,1.91,False,False,True,False,J002008.05-095053.9,f,DESI J002007.97-095051.5,p,"--,WAT",12.26,7.88,0.58,163.0,33.2,27,,WH J002008.0-095051,0.8605,p,3040.0,0.0,0.0,0.47,21.08,0.96,8.0
5.17406,-11.34931,0.15286,25.49,195.0,,1.19,True,False,True,False,J002041.45-112103.0,j,WISEA J002041.77-112057.5,s,"FR-I,WAT",430.78,157.38,1.32,99.0,23.3,71,,WHL J002041.8-112058,0.1634,p,698.0,0.0,0.0,0.829,42.15,1.89,18.0
5.48566,-8.55643,0.9228,26.04,161.0,,2.29,False,False,True,False,J002156.20-083320.9,,DESI J002156.56-083323.2,p,"--,WAT",18.61,6.35,1.41,116.1,17.7,20,,Y21 J002156.6-083323,1.004,p,3411.0,0.0,0.0,0.666,49.33,2.2,11.0
5.48833,9.31692,0.4465,25.56,183.0,,1.99,False,True,True,False,J002157.29+091906.5,,WISEA J002157.19+091900.8,s,"FR-II,WAT",48.65,24.59,0.9,123.3,15.8,31,,WHL J002157.2+091901,0.4465,s,1768.0,0.0,0.0,0.781,47.96,2.14,33.0
5.56875,1.06815,0.53403,25.69,306.0,8.52,1.93,False,False,True,False,J002216.73+010402.4,,WISEA J002216.49+010405.3,s,"--,WAT",38.08,15.64,1.17,158.0,62.2,47,-23.2,WH J002216.5+010405,0.534,s,2065.0,0.0,0.0,0.489,11.12,0.52,6.0
5.60284,8.03934,0.40221,25.45,117.0,,1.87,True,False,False,True,J002224.42+080220.4,,DESI J002224.68+080221.6,p,"FR-I,NAT",45.84,21.32,1.0,72.0,23.3,21,,redMaPPer J002224.7+080222,0.4171,p,1665.0,0.0,0.0,0.778,46.63,2.08,27.0
5.82744,2.2125,0.6106,26.05,201.0,8.64,1.92,False,True,True,False,J002318.88+021244.3,,SDSS J002318.58+021244.9,s,"FR-II,WAT",63.63,26.88,1.13,136.9,14.8,29,-22.52,WH J002326.6+021415,0.4166,s,1664.0,150.0,854.0,0.581,15.35,0.71,9.0
5.85723,10.28558,,,,,,False,True,True,False,J002325.74+101708.1,,,,"FR-II,WAT",25.12,11.49,1.03,159.8,46.6,35,,,,,,,,,,,
5.90297,4.27032,0.10909,24.89,51.0,,1.01,True,False,True,False,J002336.54+041610.6,,DESI J002336.71+041613.2,p,"FR-I,WAT",207.54,40.15,2.16,116.2,8.6,25,,Y21 J002336.7+041613,0.1035,s,449.0,0.0,0.0,0.556,14.9,0.69,6.0
5.94192,7.29874,0.25119,25.17,121.0,8.37,1.42,True,False,False,True,J002346.82+071759.6,f,WISEA J002346.06+071755.4,s,"FR-I,NAT",74.44,40.12,0.81,49.8,8.8,30,-23.87,AMF J002346.1+071756,0.2561,s,1068.0,0.0,0.0,1.015,80.93,3.56,50.0
5.94557,-3.47774,0.43045,25.53,139.0,9.4,1.92,True,False,True,False,J002346.82-032835.8,,DESI J002346.94-032839.9,p,"FR-I,WAT",49.61,25.34,0.88,103.3,15.1,24,-23.15,WHL J002346.9-032840,0.4234,s,1688.0,0.0,0.0,0.825,54.56,2.43,30.0
6.14995,-8.16405,0.44238,25.35,117.0,9.88,1.9,True,False,True,False,J002436.13-080953.3,,WISEA J002435.98-080950.5,s,"FR-I,WAT",29.15,13.48,1.01,94.1,7.7,20,-23.59,AMF J002436.0-080950,0.4424,s,1754.0,0.0,0.0,0.706,36.08,1.62,25.0
6.34561,-2.03785,0.21697,24.4,116.0,8.54,1.34,False,True,True,False,J002523.04-020216.8,,WISEA J002522.94-020216.2,s,"FR-II,WAT",19.31,15.02,0.33,141.9,15.6,32,-23.28,WHL J002522.9-020216,0.217,s,914.0,0.0,0.0,0.803,42.64,1.91,31.0
6.36673,3.09737,0.36232,25.18,229.0,8.7,1.75,True,False,True,False,J002528.08+030555.2,,SDSS J002528.01+030550.5,s,"FR-I,WAT",31.28,14.26,1.03,166.8,66.7,44,-23.0,AMF J002532.0+030751,0.3645,s,1476.0,135.0,708.0,0.762,41.67,1.87,20.0
6.51536,-6.70856,0.42547,25.69,317.0,8.65,1.67,False,True,True,False,J002603.71-064224.5,,WISEA J002603.68-064230.8,s,"FR-II,WAT",60.5,20.96,1.39,145.6,24.7,55,-22.52,WH J002558.4-064240,0.7028,s,2593.0,80.0,591.0,0.455,15.08,0.7,6.0
6.62686,0.88339,1.21087,26.3,333.0,,,False,True,True,False,J002630.13+005300.0,,DESI J002630.45+005300.2,p,"FR-II,WAT",25.1,12.91,0.87,136.6,18.1,39,,CFSFDP J002631.6+005423,0.4486,s,1776.0,84.0,499.0,0.495,10.47,0.49,6.0
6.63722,-11.11319,0.61447,25.21,244.0,,1.84,False,False,True,False,J002632.55-110645.8,,DESI J002632.93-110647.5,p,"--,WAT",12.75,9.22,0.43,114.8,28.3,35,,Y21 J002632.9-110647,0.6301,p,2372.0,0.0,0.0,0.724,41.88,1.88,26.0
6.82955,2.40798,0.1583,25.02,138.0,,1.06,False,False,True,False,J002719.38+022433.5,f,WISEA J002719.09+022428.7,s,"--,WAT",132.31,44.78,1.42,138.0,26.8,49,,AMF J002719.1+022429,0.1217,s,525.0,0.0,0.0,0.757,31.2,1.41,22.0
6.86565,12.22335,1.17955,26.17,263.0,,,False,False,True,False,J002727.99+121330.8,,DESI J002727.76+121324.1,p,"--,WAT",24.09,15.03,0.62,123.7,23.4,31,,,,,,,,,,,
6.96028,9.70212,0.10737,24.92,116.0,,0.87,False,True,True,False,J002750.31+094210.1,,DESI J002750.47+094207.6,p,"FR-II,WAT",261.29,127.22,0.94,168.8,122.7,57,,WH J002756.1+094120,1.1321,p,3717.0,96.0,811.0,0.51,20.87,0.95,11.0
7.11547,-4.52317,,,,,,False,True,True,False,J002827.71-043123.4,,,,"FR-II,WAT",40.54,13.85,1.41,143.7,46.1,57,,,,,,,,,,,
7.14985,8.98745,0.56649,25.5,181.0,8.6,1.89,False,True,True,False,J002836.32+085913.8,,SDSS J002835.96+085914.8,s,"FR-II,WAT",27.76,18.15,0.56,159.5,24.9,27,-22.71,WHL J002836.0+085915,0.5665,s,2171.0,0.0,0.0,0.654,21.98,1.0,13.0
7.16819,14.28133,0.1415,24.99,198.0,8.66,,False,False,True,False,J002840.28+141646.8,,2MASS J00284036+1416527,s,"--,WAT",171.29,80.75,0.99,159.3,71.8,77,-23.27,maxBCG J002840.4+141653,0.1449,s,622.0,0.0,0.0,0.694,26.05,1.18,18.0
7.17807,8.18522,0.50538,26.09,317.0,7.88,1.35,False,False,True,False,J002842.61+081111.4,,WISEA J002842.73+081106.7,s,"--,WAT",136.64,84.28,0.63,141.6,50.0,50,-22.84,,,,,,,,,,
7.21143,5.70316,,,,,1.67,False,False,True,False,J002850.74+054211.4,,,,"--,WAT",58.77,36.96,0.61,117.3,16.9,32,,,,,,,,,,,
7.37031,4.40522,0.40329,25.23,161.0,8.87,1.83,False,False,True,False,J002929.22+042420.2,,DESI J002928.87+042418.8,p,"--,WAT",28.23,13.92,0.93,124.8,14.4,29,-23.51,AMF J002928.9+042419,0.3857,s,1553.0,0.0,0.0,0.832,52.88,2.35,35.0
7.47004,-10.99603,0.42404,25.51,161.0,,1.86,False,False,True,False,J002952.57-105944.3,,DESI J002952.81-105945.7,p,"--,WAT",47.78,23.94,0.91,103.3,9.7,28,,WHL J002952.8-105946,0.4396,p,1744.0,0.0,0.0,0.73,39.75,1.78,23.0
7.58575,-1.11348,0.22762,24.93,124.0,8.6,1.33,True,False,True,False,J003020.56-010646.2,,SDSS J003020.57-010648.5,s,"FR-I,WAT",51.63,23.66,1.02,140.4,16.0,33,-22.03,WHL J003020.6-010649,0.2276,s,956.0,0.0,0.0,0.638,19.35,0.89,17.0
7.89087,1.50426,0.3889,25.66,142.0,,0.97,False,False,False,True,J003133.42+013024.0,,WISEA J003133.80+013015.3,s,"--,NAT",68.07,20.83,1.55,56.1,9.2,26,,AMF J003132.7+013000,0.3888,s,1564.0,22.0,120.0,0.717,37.29,1.68,25.0
7.96215,-10.37,1.99469,27.5,291.0,,0.29,False,True,True,False,J003150.92-102210.8,,DESI J003150.92-102212.0,p,"FR-II,WAT",98.87,44.15,1.06,157.1,52.3,34,,CAMIRA J003144.7-102235,0.5746,p,2197.0,95.0,643.0,0.456,10.81,0.5,8.0
7.97372,-7.76841,0.43945,25.3,135.0,,1.5,False,True,True,False,J003153.98-074605.4,,DESI J003153.69-074606.3,p,"FR-II,WAT",27.49,14.21,0.87,124.3,12.2,23,,WH J003157.8-074322,0.7321,p,2679.0,175.0,1312.0,0.394,11.06,0.52,6.0
8.01737,-3.81268,0.32594,25.36,204.0,8.9,1.68,False,True,True,False,J003204.28-034843.8,,WISEA J003204.16-034845.6,s,"FR-II,WAT",70.93,48.9,0.49,168.0,59.2,42,-23.39,AMF J003202.3-034857,0.3329,s,1360.0,31.0,153.0,0.846,51.22,2.28,19.0
8.10771,-11.14784,1.04234,26.44,424.0,,,False,True,True,False,J003226.07-110848.3,c,DESI J003225.85-110852.2,p,"FR-II,WAT",33.87,11.59,1.41,146.0,55.4,51,,WH J003227.6-110642,0.5177,p,2011.0,133.0,854.0,0.502,17.51,0.81,7.0
8.52016,6.3417,0.12517,25.11,104.0,,1.05,False,False,False,True,J003405.25+062044.4,,DESI J003404.84+062030.1,p,"--,NAT",278.36,97.17,1.38,37.5,13.5,45,,AMF J003405.6+062035,0.1327,s,571.0,13.0,32.0,1.083,82.49,3.62,36.0
8.56123,-2.08458,0.08206,24.24,52.0,,,False,False,True,False,J003414.44-020455.2,,IC 0030,s,"--,WAT",94.77,37.62,1.21,131.7,22.3,33,,AMF J003414.7-020504,0.0821,s,358.0,0.0,0.0,0.973,57.56,2.55,45.0
8.62708,11.67803,0.43179,25.14,162.0,8.46,1.97,False,True,False,True,J003430.61+114047.4,,WISEA J003430.49+114040.9,s,"FR-II,NAT",23.76,17.27,0.42,78.8,9.1,28,-23.54,AMF J003430.5+114041,0.434,s,1725.0,0.0,0.0,0.867,61.62,2.73,39.0
8.65178,2.24366,0.70752,26.57,429.0,,1.23,False,False,True,False,J003436.24+021437.8,,WISEA J003436.43+021436.7,s,"--,WAT",158.72,76.01,0.97,101.1,35.8,58,,WH22 J003436.4+021437,0.797,p,2865.0,0.0,0.0,0.472,20.08,0.92,11.0
8.69267,-4.05316,,,,,1.03,False,False,True,False,J003446.24-040311.4,,,,"--,WAT",111.42,30.8,1.69,158.4,182.4,100,,,,,,,,,,,
8.92683,-10.23858,0.44615,25.52,154.0,8.63,1.89,False,False,True,False,J003542.73-101420.5,,SDSS J003542.43-101418.8,s,"--,WAT",43.4,21.66,0.91,118.8,15.5,26,-23.51,WHL J003542.4-101419,0.4461,s,1767.0,0.0,0.0,0.994,104.41,4.55,51.0
8.94486,-0.02261,1.15944,26.15,220.0,,,False,False,True,False,J003546.85-000118.0,,DESI J003546.77-000121.4,p,"--,WAT",26.29,17.9,0.5,151.2,94.5,26,,WH J003540.1-000148,1.1297,p,3712.0,103.0,870.0,0.397,10.55,0.49,6.0
9.17463,-5.2223,0.1269,25.07,197.0,,1.01,True,False,True,False,J003641.20-051305.3,,WISEA J003641.91-051320.2,s,"FR-I,WAT",238.97,64.78,1.71,154.1,961.3,84,,AMF J003641.9-051321,0.087,s,379.0,1.0,2.0,0.696,21.87,1.0,24.0
9.63946,-9.47748,0.43443,25.43,157.0,9.28,1.84,False,True,True,False,J003833.32-092838.6,,WISEA J003833.47-092838.9,s,"FR-II,WAT",41.33,24.97,0.66,156.9,76.8,27,-23.44,WHL J003833.4-092839,0.4344,s,1726.0,0.0,0.0,0.665,33.92,1.53,12.0
9.67924,-0.57649,,,,,1.25,False,True,True,False,J003843.02-003435.4,,,,"FR-II,WAT",17.89,10.31,0.72,97.9,8.4,26,,,,,,,,,,,
9.9464,9.92866,0.24809,,169.0,,0.61,False,False,True,False,J003946.90+095535.8,,DESI J003947.14+095543.2,p,"--,WAT",27.26,,,121.7,21.4,42,,,,,,,,,,,
10.05093,9.74883,,,,,,True,False,True,False,J004012.22+094455.8,,,,"FR-I,WAT",29.06,,,145.7,27.8,40,,,,,,,,,,,
10.09711,9.63833,,,,,,False,True,True,False,J004023.31+093818.0,,,,"FR-II,WAT",50.34,2.05,4.2,164.5,75.4,60,,,,,,,,,,,
10.22466,-3.46748,0.67113,25.82,188.0,8.06,2.01,False,True,True,False,J004053.92-032803.6,,WISEA J004053.91-032802.9,s,"FR-II,WAT",35.36,19.34,0.79,153.9,15.3,26,-24.39,Y21 J004053.9-032803,0.6712,s,2498.0,0.0,0.0,0.863,79.05,3.47,38.0
10.35158,-7.39204,0.74792,26.43,461.0,,0.02,False,False,False,True,J004124.82-072333.4,,WISEA J004124.37-072331.3,s,"--,NAT",120.01,73.95,0.64,75.5,129.6,61,,,,,,,,,,,
10.3726,9.78574,,,,,1.21,False,False,True,False,J004129.42+094708.7,,,,"--,WAT",69.44,5.6,3.3,162.2,95.8,89,,,,,,,,,,,
10.45903,-9.42986,0.05779,24.02,38.0,8.77,0.93,False,True,False,True,J004150.70-092547.4,j,GIN 009,s,"FR-II,NAT",116.74,35.57,1.56,78.6,11.1,33,-22.49,CFSFDP J004150.9-092837,0.5789,p,2210.0,170.0,1154.0,0.463,10.87,0.51,7.0
10.46734,0.47637,0.15199,24.8,158.0,8.65,1.13,False,False,True,False,J004151.42+002833.6,"f,g,j",WISEA J004152.16+002834.9,s,"--,WAT",93.56,41.87,1.05,123.6,24.6,58,-23.08,WHL J004152.2+002835,0.152,s,651.0,0.0,0.0,0.584,17.38,0.8,10.0
10.71964,0.71843,0.28133,25.08,163.0,8.64,1.52,True,False,True,False,J004252.37+004312.0,,DESI J004252.71+004306.4,p,"FR-I,WAT",41.59,15.55,1.29,133.9,33.5,37,-22.4,WHL J004252.7+004306,0.2698,s,1121.0,0.0,0.0,0.702,27.58,1.25,19.0
10.82905,8.60137,0.40082,25.21,211.0,8.36,1.88,False,False,True,False,J004318.23+083603.0,,WISEA J004318.97+083604.9,s,"--,WAT",29.07,16.48,0.74,152.8,60.8,38,-23.08,AMF J004319.0+083605,0.4048,s,1622.0,0.0,0.0,0.952,80.21,3.52,41.0
10.86172,-10.90608,0.12732,24.6,148.0,8.5,1.04,False,False,True,False,J004326.76-105413.8,,WISEA J004326.81-105421.9,s,"--,WAT",88.69,44.89,0.89,158.4,69.9,63,-22.93,WHL J004332.6-105502,0.5974,p,2270.0,94.0,647.0,0.684,29.54,1.34,25.0
10.86458,-3.08515,0.9454,25.87,162.0,,2.08,False,False,False,True,J004327.84-030501.2,,DESI J004327.50-030506.5,p,"--,NAT",17.24,9.24,0.82,71.8,6.4,20,,WH J004327.5-030507,0.9685,p,3322.0,0.0,0.0,0.483,22.05,1.01,8.0
10.98589,0.10713,0.21776,25.41,153.0,8.34,1.34,False,True,False,True,J004357.29+000622.2,,WISEA J004356.61+000625.6,s,"FR-II,NAT",118.37,13.01,2.9,80.0,15.0,42,-22.54,maxBCG J004401.2+000652,0.2195,s,924.0,74.0,272.0,0.974,67.84,3.0,44.0
10.99803,10.61819,0.20502,24.97,108.0,8.7,1.34,True,False,False,True,J004359.55+103715.5,,SDSS J004359.52+103705.4,s,"FR-I,NAT",67.34,25.3,1.28,42.1,10.4,31,-22.71,AMF J004356.7+103633,0.205,s,866.0,53.0,185.0,1.027,75.72,3.33,56.0
11.03123,3.35019,0.62014,26.09,364.0,8.59,1.91,False,True,True,False,J004407.86+032055.2,,SDSS J004407.49+032100.6,s,"FR-II,WAT",73.03,35.76,0.94,140.3,65.0,52,-24.0,WHL J004407.5+032101,0.6201,s,2341.0,0.0,0.0,0.696,40.09,1.8,16.0
11.06341,-8.15396,,,,,,False,True,True,False,J004415.22-080914.2,,,,"FR-II,WAT",19.13,7.68,1.2,153.3,21.8,26,,,,,,,,,,,
11.16992,-7.75765,0.5689,25.4,168.0,,1.65,False,False,True,False,J004440.49-074523.6,,DESI J004440.78-074527.5,p,"--,WAT",20.79,12.34,0.68,132.2,61.8,25,,,,,,,,,,,
11.42814,11.8998,1.56331,26.57,356.0,,0.34,False,False,True,False,J004542.66+115404.6,,WISEA J004542.75+115359.2,s,"--,WAT",29.09,16.62,0.73,157.4,,41,,,,,,,,,,,
11.44968,-7.02647,,,,,,False,True,True,False,J004547.92-070135.3,f,,,"FR-II,WAT",121.92,64.04,0.84,149.1,75.7,81,,,,,,,,,,,
11.64912,-8.09927,0.26771,24.61,89.0,8.4,1.52,True,False,True,False,J004636.06-080552.8,f,WISEA J004635.78-080557.3,s,"FR-I,WAT",14.73,4.2,1.65,151.7,40.8,21,-22.59,WHL J004633.5-080443,0.2677,s,1113.0,82.0,349.0,0.592,20.94,0.96,10.0
11.7379,-4.79637,0.58006,25.27,237.0,8.73,1.98,False,True,True,False,J004657.22-044748.0,,SDSS J004657.09-044746.9,s,"FR-II,WAT",15.49,10.13,0.56,169.6,62.6,35,-22.52,,,,,,,,,,
12.14381,3.06179,1.10434,26.21,210.0,,,False,True,True,False,J004834.48+030345.5,,DESI J004834.51+030342.4,p,"FR-II,WAT",26.03,13.69,0.84,160.5,28.0,25,,WH J004834.5+030342,1.2139,p,3901.0,0.0,0.0,0.501,21.27,0.97,8.0
12.46492,3.24844,0.46697,25.51,176.0,8.2,1.83,False,False,True,False,J004951.76+031502.4,,DESI J004951.58+031454.4,p,"--,WAT",41.64,24.25,0.71,112.3,31.5,29,-23.02,WHL J004951.6+031454,0.4441,s,1760.0,0.0,0.0,0.97,67.6,4.04,37.0
12.51525,-1.17183,,,,,,False,False,True,False,J005003.66-011018.6,,,,"--,WAT",10.38,7.75,0.38,143.9,30.0,26,,,,,,,,,,,
12.71667,-2.89824,0.16292,24.16,60.0,8.28,1.18,True,False,True,False,J005052.19-025351.4,,WISEA J005052.00-025353.6,s,"FR-I,WAT",19.17,11.06,0.72,131.3,16.0,21,-22.67,WH J005052.0-025354,0.1629,s,696.0,0.0,0.0,0.585,12.98,0.6,7.0
12.90131,12.21737,1.72667,27.72,295.0,,0.31,False,True,True,False,J005136.35+121256.7,,WISEA J005136.31+121302.5,s,"FR-II,WAT",261.12,126.57,0.95,100.4,12.9,34,,,,,,,,,,,
13.04916,-3.18741,0.34752,24.72,127.0,8.79,1.81,False,True,True,False,J005211.73-031110.2,,WISEA J005211.79-031114.6,s,"FR-II,WAT",13.57,8.33,0.64,129.7,25.1,25,-23.16,WHL J005211.8-031115,0.3475,s,1414.0,0.0,0.0,0.829,51.56,2.3,18.0
13.14498,11.74466,1.49263,26.01,217.0,,0.48,False,False,True,False,J005234.54+114434.2,,DESI J005234.80+114440.8,p,"--,WAT",9.06,5.3,0.7,165.1,23.8,25,,,,,,,,,,,
13.1589,1.62218,0.30266,24.92,296.0,8.63,1.61,False,True,True,False,J005238.46+013727.0,,WISEA J005238.13+013719.8,s,"FR-II,WAT",30.84,22.81,0.4,140.7,112.1,64,-23.16,WHL J005238.1+013720,0.3026,s,1246.0,0.0,0.0,0.718,33.58,1.51,20.0
13.29095,-2.06905,0.18651,24.42,61.0,8.54,1.23,True,False,True,False,J005309.68-020408.4,,WISEA J005309.82-020408.5,s,"FR-I,WAT",21.97,6.08,1.69,145.0,9.9,19,-22.71,WH J005309.8-020409,0.1865,s,792.0,0.0,0.0,0.539,11.92,0.55,7.0
13.68266,3.03626,0.41337,25.56,164.0,8.66,1.9,False,False,True,False,J005443.50+030211.9,f,WISEA J005443.83+030210.5,s,"--,WAT",50.81,18.95,1.29,96.4,13.8,29,-23.72,WHL J005443.9+030211,0.4134,s,1652.0,0.0,0.0,0.867,60.65,2.69,38.0
13.71378,7.05197,,,,,1.72,True,False,False,True,J005451.31+070307.1,,,,"FR-I,NAT",22.53,14.16,0.61,80.0,6.3,20,,,,,,,,,,,
13.77463,2.95389,0.42118,25.31,154.0,8.96,1.87,False,False,True,False,J005506.57+025718.6,,WISEA J005505.91+025714.0,s,"--,WAT",36.09,24.96,0.48,107.3,8.0,27,-23.58,WH J005505.9+025714,0.4211,s,1680.0,0.0,0.0,0.626,23.34,1.06,7.0
13.86252,1.16497,0.38213,25.18,129.0,8.59,1.76,True,False,True,False,J005527.05+010951.6,,WISEA J005527.00+010953.9,s,"FR-I,WAT",28.92,14.97,0.86,104.6,7.3,24,-22.53,WHL J005527.0+010954,0.3821,s,1540.0,0.0,0.0,0.584,23.41,1.07,23.0
13.98659,-4.66677,0.56485,25.12,147.0,8.78,1.74,True,False,True,False,J005556.73-044001.8,,WISEA J005556.78-044000.3,s,"FR-I,WAT",13.77,11.97,0.18,139.5,26.5,22,-23.04,Y21 J005556.8-044001,0.5649,s,2166.0,0.0,0.0,0.555,24.39,1.11,12.0
14.01125,-1.33442,0.04299,24.65,88.0,,,True,False,False,True,J005601.14-012044.4,,CGCG 384-032,s,"FR-I,NAT",924.69,222.88,1.87,74.8,75.6,101,,WH J005601.0-011841,0.364,s,1475.0,86.0,451.0,0.465,16.04,0.74,8.0
14.10662,-1.26247,0.03822,24.67,62.0,8.7,0.91,False,False,True,False,J005625.87-011606.0,a,UGC 00583,s,"--,WAT",1202.88,173.35,2.54,117.7,66.4,79,-21.91,AMF J005616.1-011519,0.0427,s,188.0,144.0,126.0,1.032,64.39,2.85,62.0
14.12829,-1.32215,,,,,,False,False,True,False,J005630.79-011919.7,f,,,"--,WAT",14.24,1.22,3.22,142.0,18.5,30,,,,,,,,,,,
14.18724,-2.79735,0.12962,24.47,91.0,9.12,1.11,False,False,True,False,J005644.86-024742.0,,WISEA J005644.93-024750.4,s,"--,WAT",64.42,40.71,0.6,157.9,119.5,38,-22.63,,,,,,,,,,
14.22928,-1.00231,,,,,1.8,False,True,True,False,J005655.03-010008.3,,,,"FR-II,WAT",135.95,65.83,0.95,124.8,29.7,48,,,,,,,,,,,
14.23605,-2.81197,0.12643,24.6,126.0,,1.06,False,True,True,False,J005656.76-024841.4,,DESI J005656.65-024843.1,p,"FR-II,WAT",87.35,35.79,1.17,166.9,,54,,WHL J005658.0-024840,0.1333,s,574.0,20.0,49.0,0.81,39.47,1.77,19.0
14.25861,-0.87518,0.04416,23.7,52.0,8.87,,True,False,True,False,J005701.84-005236.5,,UGC 00588,s,"FR-I,WAT",101.81,47.46,1.0,126.0,30.1,58,-20.65,SDSS-C4 2093,0.0444,s,196.0,1.0,1.0,,,,
14.30051,-3.10911,1.03147,,290.0,,,False,True,True,False,J005712.00-030631.0,,DESI J005712.12-030632.8,p,"FR-II,WAT",14.18,,,157.8,35.7,35,,WH22 J005712.1-030633,1.153,p,3765.0,0.0,0.0,0.541,26.62,1.21,11.0
14.36617,2.15958,0.29236,26.1,262.0,9.04,,True,False,True,False,J005727.67+020932.3,,DESI J005727.89+020934.7,s,"FR-I,WAT",437.17,216.66,0.92,151.5,42.7,58,-23.76,AMF J005727.9+020935,0.2924,s,1208.0,0.0,0.0,0.835,50.53,2.25,30.0
14.37197,-1.01853,0.33994,25.21,230.0,,1.56,True,False,True,False,J005729.08-010100.6,f,DESI J005729.27-010106.7,p,"FR-I,WAT",26.38,4.43,2.34,104.6,19.6,46,,,,,,,,,,,
14.39045,-3.60265,0.16487,24.84,105.0,8.64,1.15,True,False,True,False,J005733.97-033604.1,f,WISEA J005733.70-033609.5,s,"FR-I,WAT",85.54,37.54,1.08,122.1,20.0,36,-22.84,Y21 J005733.7-033610,0.1648,s,704.0,0.0,0.0,0.655,17.32,0.8,15.0
14.65442,1.22443,0.69152,25.9,249.0,,2.0,False,False,False,True,J005837.62+011340.2,c,DESI J005837.06+011328.0,p,"--,NAT",35.95,17.05,0.98,76.0,14.0,34,,Y21 J005837.1+011328,0.6928,p,2563.0,0.0,0.0,0.731,50.48,2.25,22.0
14.89977,12.34857,1.14336,26.88,507.0,,0.4,False,False,True,False,J005935.97+122102.5,,DESI J005935.94+122054.8,p,"--,WAT",114.59,61.89,0.81,166.4,101.8,60,,CAMIRA J005932.3+122141,0.514,s,1998.0,71.0,454.0,0.61,15.27,0.71,10.0
14.94407,10.37632,0.22527,25.6,142.0,8.8,1.44,False,True,True,False,J005946.74+102240.8,,WISEA J005946.57+102234.7,s,"FR-II,WAT",253.41,134.24,0.83,132.2,11.8,38,-24.04,AMF J005946.6+102235,0.2253,s,947.0,0.0,0.0,0.954,63.98,2.83,25.0
15.09077,10.77582,0.69964,25.93,309.0,,1.24,False,True,True,False,J010021.96+104636.7,,DESI J010021.78+104633.0,p,"FR-II,WAT",48.76,34.26,0.46,137.7,28.6,42,,,,,,,,,,,
15.12228,11.44952,0.33571,24.93,104.0,8.37,1.74,False,False,True,False,J010029.76+112700.8,,WISEA J010029.34+112658.2,s,"--,WAT",24.26,16.15,0.53,114.0,12.7,21,-22.84,WHL J010029.3+112658,0.336,s,1372.0,0.0,0.0,0.656,29.26,1.33,13.0
15.16496,-9.75231,1.10318,27.01,294.0,,1.8,False,True,True,False,J010039.65-094504.6,,DESI J010039.59-094508.3,p,"FR-II,WAT",152.7,74.59,0.94,150.5,190.1,35,,Y21 J010041.7-094655,0.8217,p,2934.0,111.0,867.0,0.435,17.24,0.79,8.0
15.55842,-7.13046,,,,,0.73,False,True,True,False,J010214.02-070749.7,,,,"FR-II,WAT",54.18,18.62,1.4,156.5,197.1,70,,,,,,,,,,,
15.65211,-0.83549,0.24331,25.53,218.0,8.36,1.43,False,False,True,False,J010236.90-004958.8,j,WISEA J010236.50-005007.7,s,"--,WAT",133.61,23.58,2.28,135.3,35.0,55,-22.86,RM J010236.5-005007.7,0.236,p,990.0,0.0,0.0,,,,
15.67698,-0.84206,0.24226,25.51,276.0,8.86,1.48,False,False,True,False,J010241.22-005018.6,j,WISEA J010242.47-005031.3,s,"--,WAT",138.21,31.26,1.95,95.2,31.4,70,-23.06,maxBCG J010242.5-005031,0.2433,s,1018.0,0.0,0.0,1.007,73.02,3.22,42.0
15.8732,0.68449,,,,,0.33,False,True,True,False,J010329.57+004104.2,"c,f",,,"FR-II,WAT",115.14,62.21,0.81,147.1,25.3,41,,,,,,,,,,,
16.0131,-0.41222,0.28307,25.57,309.0,8.62,1.61,False,False,False,True,J010404.61-002436.6,,WISEA J010403.14-002443.9,s,"--,NAT",129.68,49.74,1.26,73.0,23.6,70,-23.38,maxBCG J010404.4-002604,0.2831,s,1172.0,82.0,363.0,0.946,67.9,3.0,34.0
16.17832,3.70875,0.3311,25.08,187.0,,1.7,False,False,True,False,J010442.63+034229.4,,WISEA J010442.79+034231.4,s,"--,WAT",32.67,17.96,0.79,153.4,24.7,38,,WHL J010442.8+034231,0.3383,p,1380.0,0.0,0.0,0.659,25.23,1.15,15.0
16.23559,0.07312,0.27966,25.37,324.0,8.53,1.6,False,False,True,False,J010455.61+000434.2,a,WISEA J010456.54+000423.2,s,"--,WAT",82.45,30.77,1.29,116.0,259.6,74,-22.82,maxBCG J010455.4+000336,0.2757,s,1144.0,50.0,217.0,1.289,185.72,7.96,122.0
16.45485,-1.15704,0.74293,26.57,226.0,8.71,2.19,False,True,True,False,J010549.39-010926.3,,WISEA J010549.16-010925.3,s,"FR-II,WAT",90.28,23.55,1.76,129.4,16.1,30,-23.5,WH J010550.1-010758,0.746,s,2720.0,88.0,665.0,0.45,12.51,0.58,6.0
16.49654,6.01648,1.4114,26.65,242.0,,0.43,True,False,True,False,J010559.17+060057.8,,WISEA J010559.16+060059.5,s,"FR-I,WAT",98.09,112.64,-0.18,135.9,15.3,28,,,,,,,,,,,
16.51222,-0.49326,0.31878,24.6,129.0,8.14,1.62,True,False,True,False,J010603.41-002933.0,,WISEA J010602.93-002935.7,s,"FR-I,WAT",12.63,8.02,0.6,139.5,24.3,27,-22.48,SDSS CE J016.480951-00.505381,0.3221,p,1320.0,121.0,586.0,,,,
16.55014,8.34187,0.37225,25.26,148.0,,1.64,False,False,True,False,J010611.77+082022.9,,DESI J010612.03+082030.7,p,"--,WAT",35.94,17.28,0.96,149.0,14.3,28,,CAMIRA J010612.0+082031,0.3833,p,1545.0,0.0,0.0,0.565,16.31,0.75,14.0
16.58141,10.08586,0.83604,25.54,219.0,9.31,2.0,False,True,True,False,J010620.11+100506.6,,SDSS J010619.53+100509.1,s,"FR-II,WAT",10.84,5.72,0.84,138.9,21.2,28,-22.89,WH J010619.5+100509,0.8361,s,2974.0,0.0,0.0,0.511,24.66,1.12,8.0
16.80196,11.6338,0.53626,25.17,268.0,8.93,1.92,False,True,True,False,J010712.97+113801.8,,SDSS J010712.47+113801.6,s,"FR-II,WAT",15.76,11.55,0.41,160.3,,41,-23.38,WHL J010712.5+113802,0.5363,s,2072.0,0.0,0.0,0.821,58.97,2.62,26.0
17.06147,-8.18953,0.62845,25.91,218.0,8.39,1.8,True,False,True,False,J010815.10-081125.6,,WISEA J010814.75-081122.3,s,"FR-I,WAT",53.26,31.09,0.71,169.8,93.5,31,-23.35,Y21 J010819.0-081136,0.6285,s,2367.0,64.0,451.0,0.719,46.19,2.06,20.0
17.13417,3.05639,0.23987,25.13,196.0,8.57,1.43,False,True,True,False,J010832.25+030327.5,,WISEA J010832.19+030323.0,s,"FR-II,WAT",74.29,38.08,0.88,150.3,64.8,50,-22.77,AMF J010833.6+030320,0.245,s,1025.0,21.0,84.0,1.035,85.71,3.76,45.0
17.21104,-6.22726,0.31374,25.02,114.0,,1.75,False,False,True,False,J010850.64-061344.6,,DESI J010850.65-061338.2,p,"--,WAT",31.21,15.16,0.95,100.7,14.1,24,,AMF J010853.5-061428,0.2771,p,1149.0,66.0,288.0,0.538,13.79,0.64,12.0
17.27938,0.76905,0.51726,26.32,378.0,8.75,1.89,False,True,True,False,J010906.41+004606.6,,WISEA J010907.05+004608.5,s,"FR-II,WAT",193.19,95.93,0.92,132.8,37.2,59,-23.03,WH J010905.0+004748,1.0553,p,3536.0,104.0,867.0,0.545,14.98,0.69,6.0
17.46844,-1.43882,0.5119,26.14,676.0,8.25,1.87,False,True,True,False,J010952.72-012622.8,,WISEA J010952.42-012619.7,s,"FR-II,WAT",106.34,35.61,1.44,157.2,132.5,106,-23.05,AMF J010952.4-012620,0.5119,s,1991.0,0.0,0.0,0.611,28.51,1.29,15.0
17.55484,-2.33134,0.95704,26.82,309.0,,0.17,False,True,True,False,J011013.48-021956.4,,LBQS 0107-0235,s,"FR-II,WAT",195.83,139.81,0.44,115.5,16.1,38,,WH22 J011013.9-021931,0.991,p,3379.0,24.0,197.0,0.543,30.07,1.36,19.0
17.63379,11.20659,0.61984,25.42,210.0,7.84,1.83,False,False,True,False,J011031.47+111231.8,,WISEA J011032.10+111223.7,s,"--,WAT",18.67,11.97,0.58,120.5,13.2,30,-23.21,WHL J011032.1+111224,0.6193,s,2338.0,0.0,0.0,0.842,69.71,3.08,21.0
17.64547,-8.43043,0.90986,26.19,482.0,,1.88,False,True,True,False,J011034.67-082549.2,,DESI J011034.91-082549.5,p,"FR-II,WAT",34.35,15.58,1.04,167.6,122.2,60,,WH J011038.6-082424,0.3865,s,1556.0,101.0,550.0,0.545,13.41,0.62,6.0
17.87929,1.32265,,,,,0.12,True,False,True,False,J011131.03+011921.5,,,,"FR-I,WAT",12.33,6.32,0.88,129.1,132.9,16,,,,,,,,,,,
17.91726,11.69275,0.2471,24.74,160.0,,1.46,False,True,True,False,J011140.83+114131.9,f,DESI J011140.14+114133.9,p,"FR-II,WAT",27.47,12.29,1.06,105.2,16.9,40,,AMF J011141.9+114143,0.2513,s,1049.0,27.0,110.0,0.997,79.44,3.49,37.0
17.93918,11.0058,1.0846,26.62,327.0,,0.4,False,False,True,False,J011145.67+110022.2,,WISEA J011145.40+110020.8,s,"--,WAT",90.01,62.55,0.48,164.0,239.5,39,,WH J011147.6+105936,0.9455,p,3264.0,55.0,447.0,0.631,42.2,1.89,8.0
18.20678,12.40631,0.56029,25.33,287.0,,1.81,False,False,True,False,J011249.94+122426.2,,DESI J011249.63+122422.7,p,"--,WAT",19.79,13.72,0.48,152.0,44.2,43,,AMF J011249.6+122423,0.5552,s,2134.0,0.0,0.0,0.833,61.7,2.73,42.0
18.22969,-9.8446,0.12393,24.64,78.0,8.3,1.03,True,False,True,False,J011255.47-095035.9,,WISEA J011255.12-095040.5,s,"FR-I,WAT",99.9,41.34,1.16,123.0,20.6,34,-22.82,WH J011255.1-095041,0.1241,s,536.0,0.0,0.0,0.665,22.17,1.01,12.0
18.44743,6.8369,0.26203,25.64,247.0,,1.26,False,True,False,True,J011347.77+065014.4,,DESI J011347.38+065012.9,p,"FR-II,NAT",196.29,100.54,0.88,84.5,26.7,59,,CFSFDP J011345.0+065032,0.6202,s,2341.0,41.0,287.0,0.634,21.98,1.0,6.0
18.60669,0.49247,0.35461,25.6,371.0,8.34,1.75,True,False,True,False,J011425.62+002942.0,,WISEA J011425.60+002932.8,s,"FR-I,WAT",93.1,51.56,0.78,143.5,60.7,72,-23.13,WHL J011425.6+002933,0.3511,s,1427.0,0.0,0.0,0.8,42.4,1.9,25.0
18.69116,-9.45196,0.4983,24.84,132.0,,1.86,False,True,True,False,J011446.09-092706.7,,DESI J011445.88-092707.1,p,"FR-II,WAT",9.26,7.87,0.21,140.2,34.4,21,,WHL J011444.4-092703,0.4919,p,1924.0,23.0,144.0,0.714,42.63,1.91,22.0
18.74087,12.58058,0.81824,25.96,226.0,,0.97,True,False,True,False,J011458.16+123454.6,,DESI J011457.81+123450.1,p,"FR-I,WAT",37.23,26.27,0.46,125.6,28.0,29,,Y21 J011506.0+123326,0.7525,p,2738.0,146.0,1106.0,0.543,24.12,1.1,11.0
18.80994,-1.0514,0.96649,26.21,196.0,10.15,2.45,True,False,True,False,J011514.56-010306.5,,DESI J011514.39-010305.0,p,"FR-I,WAT",28.81,11.87,1.16,152.6,20.5,24,-23.03,WH21 J011514.4-010305,0.9619,s,3306.0,0.0,0.0,0.775,70.38,3.1,25.0
18.89195,5.60218,0.72057,25.5,126.0,8.74,2.09,True,False,False,True,J011533.93+053613.0,,WISEA J011534.06+053607.8,s,"FR-I,NAT",16.45,11.08,0.52,67.4,11.9,17,-22.21,WHL J011531.6+053636,0.7308,s,2676.0,46.0,345.0,0.853,77.36,3.4,23.0
18.89833,1.46394,0.14701,24.16,90.0,,1.08,False,False,True,False,J011535.32+012749.2,,DESI J011535.60+012750.2,p,"--,WAT",22.3,8.74,1.23,137.5,51.9,34,,,,,,,,,,,
19.14129,10.7475,,,,,,False,True,True,False,J011633.91+104451.0,,,,"FR-II,WAT",26.28,12.12,1.02,162.7,70.7,51,,,,,,,,,,,
19.36689,-10.94958,0.62889,25.8,246.0,,1.7,False,False,True,False,J011728.11-105651.8,,DESI J011728.05-105658.5,p,"--,WAT",31.66,12.41,1.23,121.2,19.5,35,,Y21 J011728.1-105658,0.644,p,2415.0,0.0,0.0,0.757,53.35,2.37,36.0
19.85062,12.44695,0.04758,23.45,30.0,,0.67,False,False,True,False,J011924.35+122648.6,,2MASX J01192415+1226490,s,"--,WAT",48.33,19.66,1.18,153.5,40.6,31,,WH J011934.6+122602,0.9828,p,3358.0,160.0,1314.0,0.497,18.81,0.86,6.0
19.88204,-8.99753,0.32663,25.36,200.0,,1.68,False,True,True,False,J011932.00-085949.8,,DESI J011931.69-085951.1,p,"FR-II,WAT",62.97,32.36,0.87,119.6,26.1,41,,WHL J011930.2-085809,0.3283,s,1343.0,104.0,510.0,0.624,21.62,0.99,8.0
20.02749,10.61267,0.19998,24.65,92.0,,1.32,False,True,True,False,J012006.63+103644.9,,DESI J012006.60+103645.6,p,"FR-II,WAT",39.3,24.73,0.61,148.8,68.0,27,,WH J012015.8+103617,0.4612,s,1819.0,138.0,833.0,0.532,17.61,0.81,10.0
20.07095,12.0573,1.34059,26.73,336.0,,0.33,False,False,True,False,J012017.00+120329.8,,SDSS J012017.02+120326.2,s,"--,WAT",99.59,91.44,0.11,158.2,74.8,39,,,,,,,,,,,
20.24673,0.36216,,,,,1.98,False,True,True,False,J012059.22+002143.8,"c,f",,,"FR-II,WAT",44.91,28.63,0.59,109.7,15.2,32,,,,,,,,,,,
20.29382,1.09368,0.63338,25.46,120.0,,1.61,True,False,True,False,J012110.36+010543.1,,DESI J012110.52+010537.2,p,"FR-I,WAT",15.73,7.24,1.02,107.5,12.3,17,,WH J012114.7+010613,0.8648,p,3052.0,72.0,571.0,0.485,20.56,0.94,9.0
20.30852,-8.16611,0.67612,25.5,145.0,9.02,2.13,False,True,True,False,J012113.87-080957.2,,WISEA J012114.04-080957.9,s,"FR-II,WAT",16.49,8.94,0.8,108.4,6.6,20,-22.36,WHL J012111.7-080851,0.6766,s,2515.0,76.0,553.0,0.781,60.21,2.67,37.0
20.33382,-5.55995,0.74561,26.55,362.0,,0.75,False,False,True,False,J012120.55-053332.8,,DESI J012120.12-053335.8,p,"--,WAT",146.85,78.4,0.82,154.3,35.0,48,,WHL J012125.6-053248,0.4245,s,1692.0,95.0,547.0,0.526,19.62,0.9,12.0
20.37946,-1.53958,1.2011,26.16,204.0,,0.24,False,False,False,True,J012131.47-013215.6,,DESI J012131.07-013222.5,p,"--,NAT",25.67,18.36,0.44,82.9,9.9,24,,WH22 J012122.2-013413,0.7577,s,2754.0,173.0,1314.0,0.578,27.25,1.24,14.0
20.60126,1.88834,0.20328,24.22,72.0,8.45,1.31,False,False,True,False,J012224.12+015318.6,,WISEA J012224.30+015318.0,s,"--,WAT",14.99,12.87,0.2,156.4,22.7,21,-22.78,WH J012224.3+015318,0.2033,s,860.0,0.0,0.0,0.493,13.74,0.64,9.0
20.63406,-6.33167,,,,,,False,True,True,False,J012232.17-061954.0,,,,"FR-II,WAT",329.32,171.54,0.86,155.9,42.3,48,,,,,,,,,,,
20.65153,-2.05395,0.34221,24.78,105.0,8.45,1.67,True,False,True,False,J012236.66-020312.6,,SDSS J012236.36-020314.2,s,"FR-I,WAT",13.36,5.15,1.25,133.8,26.5,21,-22.71,WH22 J012236.4-020314,0.3422,s,1394.0,0.0,0.0,0.568,19.51,0.89,9.0
20.80217,-10.41955,0.1537,24.74,246.0,8.76,1.16,False,False,True,False,J012312.88-102516.0,,WISEA J012312.51-102510.3,s,"--,WAT",73.34,22.31,1.56,160.2,129.5,89,-22.95,,,,,,,,,,
21.12809,11.0949,0.50375,26.52,816.0,,0.12,False,False,True,False,J012429.71+110533.8,,DESI J012430.74+110541.7,p,"--,WAT",237.23,64.91,1.7,149.2,60.6,129,,,,,,,,,,,
21.31314,-1.92934,0.33519,24.92,183.0,8.21,1.69,False,False,True,False,J012514.57-015546.2,,SDSS J012515.15-015545.6,s,"--,WAT",20.83,9.97,0.97,115.7,13.2,37,-22.14,WH J012507.4-015423,0.9128,p,3179.0,143.0,1152.0,0.437,18.1,0.83,6.0
21.55131,11.50453,3.09895,27.63,304.0,,0.05,False,False,True,False,J012612.62+113013.6,,SDSS J012612.31+113016.3,s,"--,WAT",58.09,29.99,0.87,123.7,22.8,39,,WH J012616.7+112918,0.7866,s,2836.0,87.0,669.0,0.55,13.38,0.62,6.0
21.7337,11.00983,,,,,,False,True,True,False,J012656.09+110035.4,,,,"FR-II,WAT",18.06,9.52,0.84,149.5,22.3,58,,,,,,,,,,,
22.1519,-6.76667,0.15489,24.24,69.0,8.8,1.18,True,False,True,False,J012836.65-064600.6,,WISEA J012836.45-064600.0,s,"FR-I,WAT",25.15,12.23,0.95,162.5,18.4,25,-23.1,RM J012836.4-064600.1,0.1625,p,694.0,0.0,0.0,,,,
22.16342,-3.66931,1.18971,26.9,298.0,,0.31,False,True,False,True,J012839.98-034010.8,,DESI J012839.22-034009.5,p,"FR-II,NAT",129.81,84.12,0.57,65.7,13.3,35,,AMF J012836.6-034154,0.5746,s,2197.0,112.0,758.0,0.878,74.38,3.28,54.0
22.1904,12.85488,0.24992,24.91,218.0,8.48,1.48,False,False,True,False,J012845.63+125115.6,,WISEA J012845.69+125117.5,s,"--,WAT",40.19,19.27,0.96,157.9,54.7,54,-23.13,WHL J012845.7+125118,0.2499,s,1044.0,0.0,0.0,0.521,13.99,0.65,8.0
22.24753,0.5519,0.71476,26.27,438.0,,0.8,False,True,True,False,J012859.46+003251.0,,DESI J012859.41+003306.8,p,"FR-II,WAT",60.84,20.34,1.44,121.2,73.2,59,,Y21 J012901.4+003250,0.7428,s,2710.0,34.0,256.0,0.6,31.51,1.42,10.0
22.44626,0.77536,0.68874,26.15,519.0,,1.8,False,True,True,False,J012947.46+004635.4,j,DESI J012947.10+004631.3,p,"FR-II,WAT",51.28,17.36,1.42,155.7,78.1,71,,,,,,,,,,,
22.75485,-10.2923,0.31174,24.77,175.0,,0.41,False,True,True,False,J013101.39-101729.9,,DESI J013101.16-101732.3,p,"FR-II,WAT",18.35,9.68,0.84,163.6,,37,,Y21 J013059.7-101755,0.5813,p,2218.0,31.0,211.0,0.507,17.08,0.79,9.0
22.78458,-9.12966,,,,,,False,True,True,False,J013108.30-090746.8,,,,"FR-II,WAT",48.6,24.43,0.9,108.3,15.8,26,,,,,,,,,,,
22.81079,13.39697,0.19624,24.98,225.0,,1.24,True,False,False,True,J013115.07+132343.2,,DESI J013114.59+132349.1,p,"FR-I,NAT",87.05,57.46,0.55,64.5,14.8,67,,WH J013114.6+132349,0.1895,p,804.0,0.0,0.0,0.529,12.79,0.59,10.0
22.84464,-10.65537,0.32862,24.81,147.0,8.51,1.67,False,True,True,False,J013122.97-103916.2,,WISEA J013122.71-103919.3,s,"FR-II,WAT",19.56,13.51,0.49,132.9,21.5,30,-23.41,GMBCG J013122.7-103919,0.3286,s,1344.0,0.0,0.0,0.69,33.7,1.52,15.0
22.88716,0.55598,0.07926,24.95,161.0,8.53,0.96,False,False,True,False,J013134.85+003328.8,"g,j",DESI J013132.92+003321.5,s,"--,WAT",539.26,257.68,0.97,160.8,57.1,104,-23.07,GMBCG J013132.9+003321,0.0836,s,364.0,0.0,0.0,0.827,35.76,1.61,20.0
22.99075,-8.33197,0.14912,25.49,156.0,,1.12,False,True,True,False,J013157.71-081947.3,,WISEA J013157.78-081954.9,s,"FR-II,WAT",478.2,234.94,0.93,125.4,42.9,58,,maxBCG J013157.8-081955,0.1462,s,627.0,0.0,0.0,0.845,43.42,1.94,35.0
23.19652,1.26271,0.1256,25.09,254.0,8.85,1.04,True,False,True,False,J013246.87+011602.3,,WISEA J013247.16+011545.7,s,"FR-I,WAT",254.43,67.7,1.74,109.6,46.3,109,-23.69,AMF J013247.2+011546,0.1256,s,542.0,0.0,0.0,0.837,41.88,1.88,22.0
23.2881,10.16366,,,,,,False,False,True,False,J013309.14+100949.2,,,,"--,WAT",47.25,23.93,0.89,156.1,64.6,59,,,,,,,,,,,
23.36354,-8.40461,0.14906,25.21,337.0,8.86,1.12,False,False,True,False,J013325.04-082357.3,,2MASX J01332723-0824160,s,"--,WAT",224.1,53.57,1.88,167.1,132.5,125,-23.44,maxBCG J013327.2-082417,0.149,s,639.0,0.0,0.0,0.767,33.96,1.53,21.0
23.63502,-1.68328,0.91447,26.05,330.0,,2.44,False,True,True,False,J013432.34-014057.6,,DESI J013432.41-014059.8,p,"FR-II,WAT",29.4,16.6,0.75,160.4,48.8,41,,,,,,,,,,,
23.84879,-5.27497,0.225,26.08,415.0,,1.38,False,True,False,True,J013523.99-051637.6,,WISEA J013523.71-051629.8,s,"FR-II,NAT",566.82,89.69,2.42,55.6,20.5,111,-22.45,WHL J013516.4-051634,0.4719,s,1856.0,109.0,666.0,0.564,22.47,1.03,14.0
23.85168,10.08153,0.39799,25.47,337.0,,1.91,False,False,True,False,J013524.29+100502.9,,DESI J013524.40+100453.5,p,"--,WAT",41.37,12.76,1.54,153.9,70.0,61,,,,,,,,,,,
23.97385,-10.26496,0.16675,24.3,79.0,8.58,1.19,True,False,True,False,J013553.84-101557.5,,2MASX J01355371-1015535,s,"FR-I,WAT",25.89,17.66,0.5,134.5,29.3,27,-23.05,,,,,,,,,,
24.22188,-10.54308,0.09949,24.05,64.0,,0.98,True,False,True,False,J013653.26-103241.9,,WISEA J013653.24-103234.7,s,"FR-I,WAT",43.29,27.81,0.58,107.5,14.9,34,,maxBCG J013653.2-103235,0.0992,s,431.0,0.0,0.0,0.61,16.69,0.77,6.0
24.31392,-9.19764,0.04134,23.97,42.0,,,False,False,True,False,J013715.22-091152.8,,WISEA J013715.38-091151.2,s,"--,WAT",211.23,56.92,1.72,152.5,27.7,50,,WHY18 J013715.4-091151,0.0413,s,182.0,1.0,1.0,0.699,18.32,0.84,15.0
24.38689,-9.78379,0.47188,25.24,244.0,9.15,1.84,False,False,True,False,J013733.10-094658.2,,SDSS J013732.85-094701.6,s,"--,WAT",24.44,17.57,0.43,165.9,61.8,40,-23.54,WHL J013738.4-094902,0.3982,s,1598.0,146.0,809.0,0.766,36.06,1.62,28.0
24.54342,-1.29351,0.96027,26.57,318.0,,0.95,True,False,True,False,J013810.57-011741.4,,DESI J013810.42-011736.6,p,"FR-I,WAT",85.35,46.73,0.79,120.4,15.6,39,,CFSFDP J013818.5-011901,0.7888,s,2842.0,147.0,1132.0,0.671,35.91,1.62,13.0
24.57846,-6.92247,0.16172,25.39,190.0,,1.18,False,True,True,False,J013819.44-065502.2,,WISEA J013818.79-065521.3,s,"FR-II,WAT",277.46,67.56,1.85,130.9,82.8,66,,AMF J013818.8-065521,0.1622,s,693.0,1.0,3.0,1.02,70.27,3.1,45.0
24.77651,-6.23389,1.31207,27.04,232.0,,0.69,False,True,True,False,J013906.59-061357.2,,DESI J013906.36-061402.0,p,"FR-II,WAT",128.33,74.77,0.71,133.9,10.6,27,,WHL J013859.8-061605,0.3716,s,1502.0,157.0,834.0,0.646,29.85,1.35,15.0
24.90339,11.05325,,,,,,False,True,True,False,J013936.81+110311.7,,,,"FR-II,WAT",78.04,40.1,0.87,151.2,,33,,,,,,,,,,,
25.15794,-4.35374,0.13536,24.58,111.0,,1.08,False,True,True,False,J014037.94-042115.0,,WISEA J014037.90-042113.4,s,"FR-II,WAT",74.66,41.98,0.76,164.0,64.6,45,,AMF J014037.9-042114,0.1364,s,587.0,0.0,0.0,0.837,31.73,1.43,17.0
25.29145,12.23099,0.1993,25.65,300.0,,1.31,True,False,True,False,J014110.03+121356.2,,WISEA J014109.94+121351.5,s,"FR-I,WAT",351.7,137.1,1.24,167.2,105.1,88,,AMF J014109.9+121351,0.1997,s,845.0,0.0,0.0,0.97,67.51,2.98,44.0
25.36394,-5.906,1.08241,26.73,310.0,,2.06,False,True,True,False,J014127.30-055423.8,,DESI J014127.35-055421.6,p,"FR-II,WAT",84.07,41.31,0.93,124.9,15.0,37,,,,,,,,,,,
25.39436,-8.02391,,,,,,False,True,True,False,J014134.65-080126.1,,,,"FR-II,WAT",18.34,8.55,1.0,148.2,10.3,17,,,,,,,,,,,
25.42275,4.56524,0.54923,25.93,172.0,8.18,1.8,True,False,True,False,J014141.39+043358.0,,WISEA J014141.46+043354.8,s,"FR-I,WAT",69.79,36.23,0.86,110.7,9.5,26,-23.05,,,,,,,,,,
25.43907,-9.38867,0.55234,26.56,510.0,,1.77,False,True,True,False,J014145.47-092316.3,,DESI J014145.38-092319.2,p,"FR-II,WAT",263.17,112.22,1.12,169.0,,77,,,,,,,,,,,
25.50429,5.50155,,,,,,False,False,True,False,J014201.03+053005.6,,,,"--,WAT",6.42,5.48,0.21,111.0,16.6,21,,,,,,,,,,,
25.56837,11.47517,,,,,1.83,True,False,True,False,J014216.41+112830.6,,,,"FR-I,WAT",25.51,13.38,0.85,129.5,17.8,29,,,,,,,,,,,
25.65816,-8.05154,0.33079,25.46,275.0,8.33,1.63,False,False,True,False,J014238.43-080308.8,,WISEA J014237.95-080305.5,s,"--,WAT",77.99,41.13,0.84,134.1,36.8,56,-22.87,,,,,,,,,,
25.94632,7.29812,0.42645,24.96,103.0,,1.85,False,True,True,False,J014347.18+071752.8,,DESI J014347.12+071753.2,p,"FR-II,WAT",14.8,9.09,0.64,155.8,8.6,18,,,,,,,,,,,
25.9518,-2.27091,0.1721,25.0,294.0,8.1,1.19,False,True,True,False,J014348.55-021616.8,,WISEA J014348.43-021615.2,s,"FR-II,WAT",111.56,50.89,1.03,163.4,131.3,97,-23.01,WH J014345.2-021519,0.7093,s,2612.0,74.0,548.0,0.495,17.43,0.8,6.0
26.12519,2.21131,,,,,1.18,False,True,False,True,J014430.05+021240.7,,,,"FR-II,NAT",90.64,56.53,0.62,70.2,10.2,34,,,,,,,,,,,
26.18692,-9.73498,0.43185,24.97,104.0,9.27,1.83,False,False,True,False,J014444.93-094403.1,,SDSS J014444.86-094405.9,s,"--,WAT",14.48,8.55,0.69,117.2,14.6,18,-22.92,GMBCG J014444.9-094406,0.4319,s,1718.0,0.0,0.0,0.797,47.89,2.14,28.0
26.2266,-2.28471,0.23675,25.15,182.0,8.59,1.45,False,True,True,False,J014455.20-021710.6,,WISEA J014454.38-021704.9,s,"FR-II,WAT",81.11,43.26,0.82,99.2,16.0,47,-23.18,AMF J014454.4-021705,0.2367,s,992.0,0.0,0.0,1.015,74.86,3.3,49.0
26.24506,-0.08087,1.0021,25.87,255.0,,0.38,False,False,True,False,J014458.98-000448.6,,WISEA J014458.85-000450.8,s,"--,WAT",19.72,14.06,0.44,129.9,15.9,31,,WH J014501.8-000510,1.0353,p,3488.0,49.0,407.0,0.485,12.32,0.57,10.0
26.39885,11.62262,0.26134,24.85,154.0,8.56,1.51,False,True,True,False,J014535.85+113718.3,,DESI J014535.72+113721.4,p,"FR-II,WAT",29.52,11.68,1.22,156.4,40.5,37,-22.68,AMF J014535.7+113721,0.2626,s,1093.0,0.0,0.0,0.688,16.0,0.74,15.0
26.48602,-8.34063,0.19084,24.68,171.0,8.54,1.28,False,True,True,False,J014556.58-082023.3,,WISEA J014556.64-082026.2,s,"FR-II,WAT",43.2,21.21,0.93,159.2,59.2,52,-22.7,WHL J014556.6-082026,0.1909,s,810.0,0.0,0.0,0.56,9.1,0.46,6.0
26.64306,-10.67276,0.21899,24.39,91.0,,,True,False,True,False,J014634.21-104013.8,,DESI J014634.34-104021.9,p,"FR-I,WAT",17.87,11.7,0.56,112.0,42.9,25,,WHY18 J014634.3-104022,0.2227,p,937.0,0.0,0.0,0.89,53.33,2.37,40.0
26.69601,-10.10433,0.68848,25.51,234.0,,1.88,False,True,True,False,J014647.00-100613.2,,DESI J014647.04-100615.6,p,"FR-II,WAT",15.81,8.28,0.85,159.0,34.4,32,,WHL J014655.2-100632,0.4525,p,1789.0,121.0,723.0,0.72,33.97,1.53,22.0
26.81776,-4.89935,0.36278,24.93,94.0,8.85,1.82,False,True,True,False,J014716.25-045356.9,,WISEA J014716.26-045357.6,s,"FR-II,WAT",19.6,11.43,0.71,153.1,21.0,18,-23.16,WH J014716.3-045358,0.3628,s,1470.0,0.0,0.0,0.521,16.28,0.75,6.0
26.82409,12.96911,1.49891,26.84,321.0,,0.4,False,True,True,False,J014717.78+125805.7,,WISEA J014717.78+125808.7,s,"FR-II,WAT",67.28,42.59,0.6,155.7,22.1,37,,,,,,,,,,,
26.85454,-6.09668,0.16544,24.53,67.0,8.72,1.17,True,False,True,False,J014725.15-060547.8,,WISEA J014725.08-060548.0,s,"FR-I,WAT",43.64,25.72,0.69,129.7,12.6,23,-22.94,Y21 J014725.1-060548,0.1679,s,716.0,0.0,0.0,0.665,27.22,1.24,14.0
26.90951,-4.51175,1.24929,26.7,377.0,,,False,False,True,False,J014738.25-043043.6,,DESI J014738.28-043042.3,p,"--,WAT",41.02,15.18,1.3,168.1,54.1,44,,,,,,,,,,,
26.94835,-10.21382,0.85561,26.25,189.0,,1.07,False,True,True,False,J014747.60-101252.2,,DESI J014747.61-101249.8,p,"FR-II,WAT",46.27,21.19,1.02,151.6,35.7,24,,,,,,,,,,,
26.98644,12.82015,0.7519,25.69,151.0,,0.3,True,False,True,False,J014756.76+124910.5,,SDSS J014756.74+124912.5,s,"FR-I,WAT",24.31,17.19,0.45,130.7,13.6,20,,,,,,,,,,,
27.03431,0.01658,0.41288,25.27,158.0,,1.76,True,False,False,True,J014807.61+000056.4,f,DESI J014808.23+000059.7,p,"FR-I,NAT",32.81,20.44,0.62,41.8,7.0,28,,AMF J014808.4+000032,0.5551,s,2134.0,28.0,186.0,0.695,38.58,1.73,16.0
27.29511,1.14155,0.18145,25.01,177.0,8.71,1.2,True,False,True,False,J014911.21+010832.4,,WISEA J014910.82+010829.5,s,"FR-I,WAT",101.38,43.88,1.1,122.6,30.5,56,-23.1,Y21 J014910.8+010830,0.1814,s,771.0,0.0,0.0,0.628,18.69,0.86,12.0
27.44931,12.68682,,,,,1.81,False,False,True,False,J014947.83+124112.6,,,,"--,WAT",97.87,39.79,1.18,150.2,26.6,43,,,,,,,,,,,
27.52257,-0.1801,0.48921,25.26,255.0,8.92,1.83,False,False,True,False,J015005.09-001048.6,,WISEA J015005.41-001048.3,s,"--,WAT",21.81,13.49,0.63,156.0,42.1,41,-23.66,WHL J015000.9-001052,0.493,s,1928.0,68.0,426.0,0.865,65.58,2.9,21.0
27.71416,-3.87241,1.16629,26.97,399.0,,0.71,False,True,True,False,J015051.55-035219.6,,DESI J015051.40-035220.7,p,"FR-II,WAT",100.28,41.15,1.17,165.2,182.3,47,,WH J015043.4-035121,0.7361,p,2691.0,134.0,1007.0,0.374,10.13,0.47,8.0
27.74064,-10.31996,,,,,,True,False,True,False,J015057.75-101911.9,,,,"FR-I,WAT",14.39,7.5,0.86,129.9,509.4,24,,,,,,,,,,,
27.75221,7.35352,0.71119,25.72,163.0,,2.0,False,True,True,False,J015100.58+072113.9,,DESI J015100.53+072112.7,p,"FR-II,WAT",26.53,16.01,0.66,165.5,27.8,22,,WH J015105.0+072202,0.9333,p,3232.0,83.0,673.0,0.55,27.92,1.27,13.0
27.94767,1.8572,0.18869,24.82,97.0,,1.26,False,False,True,False,J015147.26+015119.8,,DESI J015147.44+015125.9,p,"--,WAT",57.76,20.8,1.34,110.8,18.6,30,,WH J015144.6+015200,0.2801,p,1161.0,55.0,242.0,0.604,18.12,0.83,9.0
27.98498,7.19663,0.36114,25.74,135.0,,1.58,False,False,False,True,J015156.62+071147.3,,DESI J015156.39+071147.9,p,"--,NAT",101.14,34.09,1.43,89.3,9.1,26,,,,,,,,,,,
28.05946,12.34091,0.42041,25.23,269.0,8.75,1.86,False,True,True,False,J015214.64+122030.6,,DESI J015214.27+122027.3,p,"FR-II,WAT",29.67,19.62,0.54,148.3,76.5,47,-22.7,RM J015214.3+122027.4,0.4283,p,1705.0,0.0,0.0,,,,
28.08409,1.5573,0.2157,24.84,177.0,,1.39,False,True,True,False,J015220.45+013331.2,,WISEA J015220.18+013326.2,s,"FR-II,WAT",47.98,23.56,0.93,145.5,67.0,49,,RM J015220.2+013326.3,0.2102,p,887.0,0.0,0.0,,,,
28.11003,12.75786,0.57531,25.87,203.0,8.27,1.74,True,False,True,False,J015226.19+124528.2,,WISEA J015226.40+124528.2,s,"FR-I,WAT",47.87,19.76,1.16,151.2,57.8,30,-22.2,WH J015223.2+124609,0.8351,s,2971.0,62.0,487.0,0.5,14.3,0.66,6.0
28.15922,0.4435,,,,,1.85,False,False,True,False,J015238.21+002636.6,c,,,"--,WAT",58.22,24.94,1.11,140.3,45.0,49,,,,,,,,,,,
28.17084,11.24191,0.49141,25.88,424.0,9.26,2.03,False,False,False,True,J015240.40+111419.8,,WISEA J015241.00+111430.8,s,"--,NAT",39.4,5.05,2.7,30.4,95.4,68,-23.63,WHL J015241.0+111431,0.4915,s,1923.0,0.0,0.0,0.801,52.92,2.35,23.0
28.27105,-8.46415,0.65688,25.96,265.0,,1.55,False,False,True,False,J015305.36-082747.9,,DESI J015305.05-082750.9,p,"--,WAT",33.51,9.82,1.61,166.3,63.0,37,,,,,,,,,,,
28.36715,-2.95642,0.83959,26.46,212.0,10.66,2.1,False,False,True,False,J015328.28-025722.1,,SDSS J015328.11-025723.0,s,"--,WAT",84.51,42.27,0.91,142.5,13.5,27,-22.61,WH J015328.1-025723,0.8659,p,3054.0,0.0,0.0,0.448,12.52,0.58,6.0
28.3978,-1.39815,,,,,,False,False,True,False,J015335.47-012353.3,,,,"--,WAT",29.75,14.1,0.98,126.5,21.1,45,,,,,,,,,,,
28.62592,5.7631,0.31645,24.67,109.0,,1.63,False,False,True,False,J015430.42+054552.6,,DESI J015430.22+054547.2,p,"--,WAT",16.6,14.29,0.2,100.4,12.8,23,,WHL J015430.2+054547,0.3124,s,1283.0,0.0,0.0,0.672,21.41,0.98,14.0
28.65248,4.28591,1.19433,26.28,153.0,,,False,False,False,True,J015436.93+041711.9,,DESI J015436.60+041709.3,p,"--,NAT",27.28,15.6,0.73,87.6,9.9,18,,WH J015442.6+041558,0.7686,s,2785.0,114.0,870.0,0.485,19.17,0.88,7.0
28.76552,4.64176,0.91893,27.06,266.0,,0.68,False,False,False,True,J015504.36+043830.0,,DESI J015503.73+043830.3,p,"--,NAT",330.52,208.92,0.6,24.4,15.0,33,,,,,,,,,,,
28.79305,2.64325,0.4212,25.33,148.0,8.88,1.88,False,False,True,False,J015510.18+023837.2,,SDSS J015510.33+023835.7,s,"--,WAT",34.36,19.25,0.76,143.9,18.6,26,-23.02,WHL J015510.3+023836,0.4212,s,1680.0,0.0,0.0,0.782,47.33,2.11,24.0
28.82703,9.8275,0.90503,26.71,297.0,9.16,1.48,True,False,True,False,J015518.67+094933.0,,SDSS J015518.48+094939.0,s,"FR-I,WAT",106.26,43.47,1.17,161.8,44.0,37,-23.36,,,,,,,,,,
28.82925,10.2415,1.11869,26.86,286.0,,0.79,False,True,True,False,J015519.02+101437.2,,DESI J015519.02+101429.4,p,"FR-II,WAT",89.01,36.9,1.16,131.1,26.2,34,,WH J015518.8+101355,0.9479,p,3270.0,34.0,277.0,0.451,17.19,0.79,9.0
28.86484,10.17667,,,,,0.78,False,True,True,False,J015527.56+101036.0,,,,"FR-II,WAT",45.72,23.97,0.85,167.9,45.7,45,,,,,,,,,,,
29.43713,-9.54445,,,,,,False,False,True,False,J015744.91-093240.0,,,,"--,WAT",39.37,21.07,0.82,167.8,23.8,27,,,,,,,,,,,
29.48519,9.40324,0.21027,25.33,131.0,8.53,1.3,True,False,False,True,J015756.19+092412.5,,WISEA J015756.44+092411.6,s,"FR-I,NAT",155.12,73.85,0.97,72.5,10.6,37,-23.13,WHL J015756.5+092412,0.2103,s,888.0,1.0,4.0,0.953,62.82,2.78,30.0
29.48795,-2.10687,0.51008,26.3,420.0,,,False,False,True,False,J015757.03-020628.8,,DESI J015757.11-020624.7,p,"--,WAT",170.42,66.52,1.23,163.1,47.3,66,,CAMIRA J015805.1-020724,0.4791,s,1881.0,133.0,820.0,0.524,12.86,0.6,11.0
29.62561,-2.25855,0.44125,25.23,235.0,8.83,1.91,False,False,True,False,J015830.17-021537.2,f,WISEA J015830.14-021530.7,s,"--,WAT",22.05,9.89,1.05,146.3,27.9,40,-23.49,WHL J015830.6-021528,0.4413,s,1750.0,8.0,47.0,0.666,29.62,1.34,16.0
29.76948,-5.18219,0.37927,24.98,112.0,,1.77,False,True,True,False,J015905.06-051055.7,,DESI J015904.68-051055.9,p,"FR-II,WAT",18.85,9.88,0.85,111.1,18.0,21,,WH21 J015904.7-051056,0.3853,s,1552.0,0.0,0.0,0.687,33.56,1.51,19.0
29.90045,4.75911,,,,,0.81,False,False,True,False,J015936.11+044532.8,,,,"--,WAT",150.19,66.5,1.07,115.7,15.1,35,,,,,,,,,,,
29.9284,-1.38622,0.37526,25.2,160.0,,,False,False,True,False,J015943.03-012311.9,,DESI J015942.82-012310.4,p,"--,WAT",30.87,15.19,0.93,116.6,14.2,30,,WHL J015942.8-012310,0.2891,s,1195.0,1.0,4.0,0.814,45.15,2.02,28.0
29.96497,-8.92074,0.40335,25.04,150.0,8.35,1.86,False,False,True,False,J015951.80-085517.4,,WISEA J015951.59-085514.6,s,"--,WAT",18.57,9.37,0.9,138.0,22.8,27,-22.77,CDGS 22,0.407,p,1630.0,17.0,95.0,,,,
29.97933,-1.33558,0.29372,24.82,127.0,8.39,1.52,False,False,False,True,J015955.76-012002.9,f,WISEA J015955.03-012008.0,s,"--,NAT",22.94,11.11,0.95,71.0,41.0,28,-22.83,NSCS J015954-011930,0.4,p,1605.0,41.0,228.0,,,,
30.47463,0.29587,0.51328,25.19,191.0,8.31,1.84,True,False,True,False,J020153.81+001749.8,,SDSS J020153.91+001745.1,s,"FR-I,WAT",18.21,13.26,0.42,99.9,11.4,30,-23.19,Y21 J020153.9+001745,0.5133,s,1996.0,0.0,0.0,0.553,18.52,0.85,14.0
30.67189,-8.58821,0.49871,25.16,125.0,8.39,1.9,True,False,True,False,J020241.29-083515.8,,WISEA J020241.25-083517.5,s,"FR-I,WAT",19.43,16.54,0.21,147.6,11.6,20,-22.71,WH J020250.6-083621,0.6696,p,2493.0,152.0,1100.0,0.538,15.44,0.71,6.0
30.73855,-5.00608,0.50593,25.33,114.0,7.72,1.87,True,False,False,True,J020257.70-050021.8,,WISEA J020257.25-050020.8,s,"FR-I,NAT",20.19,9.31,1.02,50.5,4.4,18,-23.01,AMF J020302.2-045938,0.5105,s,1987.0,86.0,548.0,0.761,47.95,2.14,19.0
30.86226,0.62898,1.58528,26.79,330.0,,0.27,False,False,True,False,J020327.29+003740.8,,SDSS J020326.97+003744.3,s,"--,WAT",76.27,65.05,0.21,164.1,108.8,38,,WH J020329.8+004027,1.1093,p,3664.0,168.0,1415.0,0.444,12.36,0.57,6.0
31.02677,-5.47766,,,,,0.44,False,True,True,False,J020406.42-052839.6,,,,"FR-II,WAT",99.03,51.09,0.87,161.5,31.6,34,,,,,,,,,,,
31.55515,-2.24893,0.38422,25.06,184.0,8.32,1.85,False,False,True,False,J020613.55-021504.7,,WISEA J020613.23-021456.1,s,"--,WAT",24.39,15.89,0.56,125.9,38.8,34,-22.54,WHL J020613.2-021456,0.3842,s,1548.0,0.0,0.0,0.672,24.98,1.14,19.0
31.59153,2.52093,0.413,25.44,113.0,,1.92,True,False,True,False,J020622.01+023116.7,,WISEA J020621.96+023115.3,s,"FR-I,WAT",42.28,19.8,1.0,117.1,6.3,20,,WHL J020622.0+023115,0.413,s,1651.0,0.0,0.0,0.778,40.42,1.81,17.0
31.66229,4.80103,0.25339,25.31,122.0,8.78,1.52,False,False,True,False,J020638.82+044811.3,,WISEA J020638.95+044803.7,s,"--,WAT",98.02,48.73,0.92,169.5,48.3,30,-23.26,AMF J020638.9+044804,0.2534,s,1057.0,0.0,0.0,0.868,50.33,2.24,40.0
31.664,7.53885,0.85325,25.89,189.0,,3.04,False,True,True,False,J020639.52+073217.2,,DESI J020639.36+073219.9,p,"FR-II,WAT",27.92,18.8,0.52,114.5,10.2,24,,,,,,,,,,,
31.67989,1.19075,1.35756,26.91,250.0,,0.44,False,False,True,False,J020643.48+011125.2,,SDSS J020643.16+011126.7,s,"--,WAT",49.66,17.32,1.38,131.2,21.4,29,,WH J020637.3+011203,0.4493,s,1778.0,96.0,571.0,0.515,15.54,0.72,7.0
31.84435,-1.58052,0.21381,24.52,162.0,8.51,1.33,True,False,True,False,J020722.85-013437.8,,WISEA J020722.64-013449.8,s,"FR-I,WAT",24.02,13.56,0.75,103.9,21.0,45,-22.48,AMF J020723.7-013427,0.2138,s,902.0,28.0,101.0,0.893,54.31,2.41,26.0
31.88749,-2.75658,0.48764,24.8,136.0,,1.76,False,True,True,False,J020733.18-024522.2,,DESI J020733.00-024523.7,p,"FR-II,WAT",9.29,8.44,0.13,135.6,17.4,22,,,,,,,,,,,
32.08147,-7.13985,0.13806,24.87,93.0,8.58,1.03,True,False,False,True,J020819.76-070816.6,,WISEA J020819.55-070823.4,s,"FR-I,NAT",128.22,43.78,1.41,63.6,9.2,37,-22.79,Y21 J020819.5-070823,0.1381,s,594.0,1.0,3.0,0.609,19.03,0.87,8.0
32.49157,-10.05009,1.05522,27.71,341.0,,0.85,False,True,True,False,J020958.00-100302.3,,DESI J020957.98-100300.3,p,"FR-II,WAT",434.68,104.47,1.87,126.3,15.8,41,,WH J020952.4-100540,1.01,p,3426.0,180.0,1487.0,0.434,14.57,0.67,7.0
32.71398,-10.48049,,,,,0.25,True,False,True,False,J021051.36-102849.8,,,,"FR-I,WAT",36.77,26.09,0.45,124.5,76.9,25,,,,,,,,,,,
32.7225,-6.55931,0.0434,24.49,79.0,,0.88,False,True,True,False,J021052.04-063340.8,"g,j",2MASX J02105339-0633334,s,"FR-II,WAT",635.0,191.68,1.57,94.9,45.7,90,,RCC J0210.9-0633,0.0416,p,183.0,133.0,113.0,,,,
32.76213,-4.89386,0.13794,24.48,118.0,8.38,1.05,False,False,True,False,J021103.06-045338.9,,WISEA J021102.91-045337.8,s,"--,WAT",53.86,21.89,1.18,164.4,64.9,47,-22.78,AMF J021102.9-045338,0.1379,s,593.0,0.0,0.0,0.774,30.63,1.39,23.0
32.83498,-2.84126,1.16294,26.73,348.0,,0.62,False,False,True,False,J021120.04-025015.5,,DESI J021120.39-025028.5,p,"--,WAT",92.42,59.55,0.58,164.9,25.3,41,,,,,,,,,,,
32.94568,-9.34352,0.24072,25.54,224.0,,1.34,False,False,False,True,J021147.28-092039.7,,DESI J021146.96-092036.7,p,"--,NAT",182.81,82.21,1.05,72.8,15.0,57,,WH22 J021144.3-092011,0.8052,p,2888.0,47.0,365.0,0.533,21.85,1.0,8.0
33.13415,-3.00712,0.37514,24.87,192.0,8.53,1.82,False,True,True,False,J021232.25-030032.9,,WISEA J021232.19-030025.6,s,"FR-II,WAT",15.87,9.52,0.67,132.9,33.9,36,-22.8,WH21 J021232.2-030026,0.3751,s,1515.0,0.0,0.0,0.681,27.04,1.23,14.0
33.16514,-4.27114,,,,,1.07,False,False,True,False,J021239.63-041616.1,,,,"--,WAT",37.89,24.89,0.55,122.1,13.6,25,,,,,,,,,,,
33.35306,-4.33712,0.87662,26.83,374.0,,,False,True,False,True,J021325.00-042003.0,,DESI J021324.73-042013.6,p,"FR-II,NAT",146.62,56.82,1.24,84.0,16.0,47,,WH21 J021324.5-042006,1.1685,p,3800.0,9.0,76.0,0.585,40.37,1.81,11.0
33.44527,6.43942,0.35764,25.4,124.0,8.53,1.8,False,False,False,True,J021347.03+062630.0,,WISEA J021346.86+062621.9,s,"--,NAT",48.99,17.91,1.32,45.6,9.9,24,-23.37,AMF J021349.4+062531,0.3607,s,1462.0,63.0,328.0,0.896,62.42,2.76,36.0
33.5671,-4.61827,0.87855,26.16,286.0,,1.48,False,False,True,False,J021416.16-043707.1,,SDSS J021416.10-043705.7,s,"--,WAT",35.66,16.68,1.0,168.7,41.0,36,-23.81,WH21 J021416.1-043706,0.8785,s,3088.0,0.0,0.0,0.55,26.01,1.18,8.0
33.59908,1.72466,0.47547,25.55,153.0,,1.87,False,False,True,False,J021423.60+014330.6,,DESI J021423.78+014328.8,p,"--,WAT",45.94,29.31,0.59,120.6,13.3,25,,WHL J021423.8+014329,0.4703,s,1851.0,0.0,0.0,0.808,52.8,2.35,24.0
33.77295,-7.81435,,,,,0.63,False,True,False,True,J021505.51-074851.7,,,,"FR-II,NAT",16.49,9.22,0.76,83.7,10.0,27,,,,,,,,,,,
33.77844,-7.89435,,,,,,False,True,True,False,J021506.83-075339.7,,,,"FR-II,WAT",9.13,3.9,1.12,155.4,16.5,20,,,,,,,,,,,
33.79261,-3.81868,0.92885,25.08,161.0,,,False,False,True,False,J021510.38-034907.0,,DESI J021510.23-034907.3,p,"--,WAT",5.63,6.48,-0.18,144.8,23.0,20,,WH J021512.7-034704,0.8011,p,2877.0,129.0,999.0,0.504,14.59,0.67,9.0
33.85642,-9.86374,0.33505,25.19,149.0,,1.7,False,True,True,False,J021525.74-095151.2,,GAMAJ021525.53-095149.4,s,"FR-II,WAT",43.7,27.4,0.61,123.9,15.4,30,,,,,,,,,,,
33.8934,-7.18323,0.35796,25.78,217.0,8.19,1.71,False,False,True,False,J021534.54-071056.8,,WISEA J021534.41-071059.6,s,"--,WAT",130.48,60.95,1.0,166.4,60.8,42,-22.81,WH J021534.2-071317,0.947,p,3268.0,138.0,1123.0,0.362,11.63,0.54,6.0
34.07319,4.65013,0.09168,24.41,51.0,,1.03,False,False,True,False,J021617.96+043858.8,,DESI J021617.57+043900.5,p,"--,WAT",107.91,31.0,1.64,145.4,18.9,29,,WH J021621.9+044122,1.13,p,3712.0,156.0,1318.0,0.451,18.9,0.87,6.0
34.08196,-2.74254,0.0694,24.71,200.0,8.5,,False,False,True,False,J021620.44-024433.6,,WISEA J021619.66-024433.1,s,"--,WAT",376.76,80.45,2.03,163.7,107.5,146,-22.8,AMF J021619.8-024610,0.0695,s,304.0,97.0,134.0,0.673,18.62,0.85,15.0
34.6031,-7.1839,0.23139,24.42,61.0,8.52,1.41,False,False,False,True,J021825.22-071102.1,,WISEA J021824.74-071102.0,s,"--,NAT",16.05,8.71,0.8,76.9,5.9,16,-22.55,AMF J021822.1-071155,0.2322,s,974.0,66.0,253.0,0.826,46.21,2.06,31.0
34.64325,-9.394,1.44698,26.98,303.0,,0.31,False,False,True,False,J021834.35-092332.7,,WISEA J021834.38-092338.5,s,"--,WAT",160.58,151.66,0.07,149.5,30.5,35,,,,,,,,,,,
34.66793,-0.25199,0.64624,25.93,235.0,9.08,1.86,False,False,True,False,J021839.96-001507.8,,WISEA J021840.30-001507.1,s,"--,WAT",52.95,32.06,0.66,107.0,12.3,33,-23.18,WHL J021845.2-001452,0.6561,s,2452.0,75.0,538.0,1.247,207.49,8.86,103.0
34.66724,-3.38501,0.21931,24.66,91.0,8.64,1.3,False,True,True,False,J021840.17-032304.7,,WISEA J021840.13-032306.0,s,"FR-II,WAT",30.17,14.36,0.97,169.5,15.1,25,-22.7,WHL J021840.1-032306,0.2194,s,924.0,1.0,4.0,0.636,25.11,1.14,22.0
34.83297,-0.85911,1.40912,26.83,277.0,,0.41,True,False,False,True,J021920.33-005132.4,,DESI J021919.91-005132.8,p,"FR-I,NAT",79.21,52.33,0.54,85.7,9.7,32,,SDSS CE J034.823296-00.870456,0.4015,p,1610.0,54.0,301.0,,,,
34.88291,-7.79536,0.23053,25.33,148.0,8.14,1.32,False,False,True,False,J021931.75-074737.2,,WISEA J021931.89-074743.2,s,"--,WAT",134.26,79.3,0.69,126.2,28.6,39,-22.47,WH J021931.9-074743,0.2305,s,968.0,0.0,0.0,0.418,11.48,0.53,6.0
35.06831,-1.76799,,,,,-0.0,True,False,True,False,J022016.39-014604.8,,,,"FR-I,WAT",28.18,26.43,0.08,106.9,8.8,22,,,,,,,,,,,
35.17063,-1.06968,0.34956,25.34,260.0,8.69,1.71,True,False,False,True,J022040.63-010416.7,,WISEA J022040.95-010410.8,s,"FR-I,NAT",54.09,31.76,0.7,78.3,8.1,51,-23.41,WHL J022040.9-010411,0.3496,s,1422.0,0.0,0.0,0.66,20.4,1.11,11.0
35.8591,6.67811,0.18112,25.31,170.0,,1.27,True,False,True,False,J022325.70+064032.8,,DESI J022326.18+064041.2,p,"FR-I,WAT",185.4,55.49,1.58,113.0,25.4,54,,AMF J022329.6+064007,0.1918,p,813.0,62.0,205.0,0.918,56.72,2.52,42.0
35.86224,1.57207,0.51292,25.73,185.0,,,False,False,True,False,J022327.08+013421.6,,DESI J022326.94+013419.5,p,"--,WAT",53.92,30.24,0.76,113.7,12.3,29,,,,,,,,,,,
35.88655,-8.96078,0.41446,25.79,215.0,9.35,1.9,True,False,True,False,J022332.50-085741.7,"h,j",WISEA J022332.77-085738.7,s,"FR-I,WAT",87.53,34.26,1.23,138.0,23.6,38,-23.23,WHL J022332.8-085739,0.4145,s,1656.0,0.0,0.0,0.84,54.79,2.44,39.0
35.88779,-7.22796,0.27921,25.54,228.0,8.52,1.58,False,False,True,False,J022332.66-071354.9,,WISEA J022333.07-071340.6,s,"--,WAT",118.98,41.1,1.39,153.6,116.0,52,-23.31,AMF J022333.1-071341,0.2792,s,1157.0,0.0,0.0,0.756,35.54,1.6,31.0
36.11845,6.98982,1.31018,27.53,387.0,,0.74,False,False,True,False,J022428.46+065929.1,f,DESI J022428.43+065923.3,p,"--,WAT",777.32,831.42,-0.09,118.0,22.8,45,,,,,,,,,,,
36.20522,-0.31917,,,,,,False,False,False,True,J022449.25-001909.0,,,,"--,NAT",44.16,20.86,0.98,63.0,9.6,22,,,,,,,,,,,
36.48167,-10.55301,0.72412,26.16,216.0,,,False,True,True,False,J022555.51-103312.5,,DESI J022555.60-103310.8,p,"FR-II,WAT",67.01,39.12,0.71,160.4,46.6,29,,,,,,,,,,,
36.67821,-1.95857,0.17334,24.71,112.0,8.56,1.17,False,False,False,True,J022641.98-015732.3,,WISEA J022642.77-015730.8,s,"--,NAT",58.97,31.91,0.81,69.2,18.2,37,-22.54,WHL J022637.9-015745,0.2549,p,1063.0,74.0,304.0,0.584,15.27,0.71,8.0
36.90333,-0.88074,0.36228,25.57,125.0,9.13,1.75,True,False,True,False,J022736.53-005255.2,,WISEA J022736.79-005250.6,s,"FR-I,WAT",77.1,35.84,1.01,90.6,22.8,24,-23.22,WHL J022736.8-005251,0.3673,s,1487.0,0.0,0.0,0.93,68.04,3.0,42.0
37.03267,-1.26122,2.04593,28.03,291.0,,-0.05,False,False,True,False,J022807.85-011539.0,,[HB89] 0225-014,s,"--,WAT",454.66,263.12,0.72,135.9,15.3,34,,,,,,,,,,,
37.25866,4.4842,0.19545,25.24,130.0,8.68,1.33,False,False,True,False,J022902.14+042859.4,f,WISEA J022902.07+042903.1,s,"--,WAT",144.76,61.7,1.12,136.7,22.0,39,-22.94,AMF J022902.1+042903,0.1955,s,828.0,0.0,0.0,0.921,57.29,2.54,47.0
37.49771,-10.52156,1.29733,26.8,318.0,,,False,False,True,False,J022959.59-103114.8,,DESI J022959.45-103117.6,p,"--,WAT",59.92,27.8,1.01,164.8,95.9,37,,WH J023003.7-103211,0.702,p,2591.0,83.0,612.0,0.485,15.56,0.72,11.0
37.52726,6.31813,0.63739,25.64,219.0,,1.9,False,True,True,False,J023006.57+061912.2,,DESI J023006.54+061905.3,p,"FR-II,WAT",20.24,7.54,1.3,148.6,34.9,31,,,,,,,,,,,
37.61692,1.14716,0.2673,25.52,212.0,8.58,1.58,False,False,False,True,J023026.68+010848.6,"a,h,j",WISEA J023028.06+010849.7,s,"--,NAT",141.02,69.15,0.94,69.3,19.3,50,-23.36,AMF J023028.1+010850,0.2673,s,1111.0,0.0,0.0,0.781,35.24,1.59,15.0
37.82091,5.51942,0.294,25.36,113.0,,1.61,True,False,False,True,J023117.46+053107.2,f,DESI J023117.02+053109.9,p,"FR-I,NAT",74.92,30.84,1.16,45.7,8.2,25,,Y21 J023117.4+053108,0.3062,p,1260.0,7.0,33.0,0.576,24.94,1.14,11.0
37.95464,1.92825,1.35783,25.96,155.0,,,False,False,True,False,J023149.09+015542.6,,DESI J023149.11+015541.7,p,"--,WAT",10.62,6.51,0.64,157.7,18.4,18,,,,,,,,,,,
38.07117,-0.54987,0.26606,25.18,139.0,8.35,1.38,False,False,True,False,J023216.62-003305.4,,WISEA J023217.07-003259.5,s,"--,WAT",69.5,41.45,0.68,134.4,13.1,33,-22.42,WH J023208.8-003445,0.9787,p,3348.0,163.0,1337.0,0.53,26.48,1.2,10.0
38.18581,-6.53398,0.343,25.49,121.0,,1.71,False,True,True,False,J023244.89-063203.2,,WISEA J023244.59-063202.3,s,"FR-II,WAT",74.37,36.9,0.92,99.5,10.4,24,,AMF J023244.5-063202,0.3571,p,1449.0,1.0,5.0,0.802,49.17,2.19,33.0
38.21043,-0.35977,1.02506,25.88,207.0,,2.31,False,True,True,False,J023250.94-002133.0,,DESI J023250.50-002135.2,p,"FR-II,WAT",13.24,6.41,0.95,132.1,11.4,25,,WH J023250.5-002135,1.0355,p,3488.0,0.0,0.0,0.513,20.67,0.95,6.0
38.27246,3.24346,0.58173,25.37,224.0,8.33,1.85,False,True,True,False,J023305.62+031437.0,,WISEA J023305.39+031436.4,s,"FR-II,WAT",18.68,11.41,0.65,128.4,22.9,33,-23.69,WHL J023305.4+031436,0.5818,s,2220.0,0.0,0.0,0.688,38.54,1.73,20.0
38.32398,-3.34812,,,,,,False,True,True,False,J023317.76-032053.2,f,,,"FR-II,WAT",659.98,303.51,1.02,126.8,20.3,77,,,,,,,,,,,
39.42527,-1.51919,1.28377,25.43,283.0,,,False,True,True,False,J023741.94-013103.6,,DESI J023742.06-013109.1,p,"FR-II,WAT",5.7,5.46,0.06,152.1,,33,,WH J023730.8-013114,1.0976,p,3637.0,169.0,1420.0,0.505,25.26,1.15,6.0
39.73894,5.2222,0.30424,24.94,176.0,,1.74,False,True,True,False,J023857.59+051324.0,,DESI J023857.35+051319.9,p,"FR-II,WAT",29.02,16.01,0.78,135.8,31.0,38,,WHL J023857.3+051320,0.3144,p,1291.0,0.0,0.0,0.672,27.82,1.26,8.0
39.75354,-1.34401,1.04642,25.94,224.0,,0.84,False,False,True,False,J023900.82-012037.1,,DESI J023900.85-012038.4,p,"--,WAT",19.49,12.74,0.56,146.0,31.4,27,,,,,,,,,,,
40.36867,-0.02445,0.48661,,124.0,,1.01,False,True,False,True,J024128.97-000130.6,,DESI J024128.48-000128.0,p,"FR-II,NAT",7.12,,,36.2,24.4,20,,SDSS CE J040.353397-00.029893,0.4129,p,1650.0,59.0,334.0,,,,
40.37257,-2.5873,1.07423,26.16,200.0,,1.39,False,True,True,False,J024129.34-023514.3,,DESI J024129.42-023514.3,p,"FR-II,WAT",30.0,19.3,0.58,132.8,10.1,24,,WH J024124.6-023550,0.6045,p,2292.0,81.0,561.0,0.403,11.48,0.53,6.0
40.38495,-0.02393,0.93185,,186.0,,0.63,False,True,True,False,J024132.57-000128.8,,DESI J024132.39-000126.1,p,"FR-II,WAT",10.52,,,116.2,138.9,23,,AMF J024143.2-000134,0.3753,s,1516.0,162.0,866.0,0.673,24.32,1.11,13.0
40.52055,-5.73807,0.13641,24.5,97.0,8.68,1.07,True,False,True,False,J024204.61-054411.6,f,WISEA J024204.93-054417.0,s,"FR-I,WAT",62.59,39.62,0.6,131.5,21.7,39,-22.89,Y21 J024205.7-054402,0.8331,p,2965.0,19.0,149.0,0.553,21.98,1.0,10.0
40.67788,-3.1965,0.16881,25.42,125.0,,1.12,False,True,True,False,J024243.01-031144.3,,DESI J024242.69-031147.4,p,"FR-II,WAT",324.46,184.72,0.74,130.6,25.5,42,,WH J024247.0-031336,0.6414,s,2407.0,126.0,896.0,0.397,11.03,0.51,6.0
40.68897,-2.42645,0.5339,25.17,143.0,8.88,1.82,False,False,True,False,J024245.37-022533.0,,SDSS J024245.35-022535.2,s,"--,WAT",14.04,8.32,0.69,130.9,15.4,22,-23.18,WH J024241.7-022527,0.959,p,3298.0,56.0,457.0,0.372,11.57,0.54,6.0
40.79985,-1.14387,0.48893,25.44,199.0,8.58,1.72,False,False,True,False,J024312.05-010832.4,,WISEA J024311.96-010837.9,s,"--,WAT",33.62,21.89,0.56,156.6,,32,-22.42,WH J024312.0-010838,0.4889,s,1914.0,0.0,0.0,0.63,18.96,0.87,10.0
41.21473,-5.80407,0.35539,26.33,578.0,,1.59,False,True,True,False,J024451.90-054758.4,,DESI J024451.54-054814.6,p,"FR-II,WAT",354.31,81.3,1.93,121.2,63.6,112,,,,,,,,,,,
41.37995,1.94421,0.39429,25.54,209.0,,1.58,True,False,True,False,J024531.53+015643.7,,DESI J024531.19+015639.1,p,"FR-I,WAT",64.33,35.54,0.78,119.3,18.4,38,,,,,,,,,,,
41.49392,-6.81688,0.13857,24.86,230.0,8.6,1.1,False,True,True,False,J024558.34-064844.3,f,WISEA J024558.53-064900.7,s,"FR-II,WAT",119.17,29.91,1.81,137.1,74.7,91,-22.05,WHY18 J024558.5-064901,0.1386,s,596.0,0.0,0.0,0.577,13.61,0.63,7.0
41.51529,3.88015,0.51445,25.18,128.0,,1.27,False,True,True,False,J024603.42+035250.4,,DESI J024603.67+035248.6,p,"FR-II,WAT",17.41,12.45,0.44,105.2,17.2,20,,,,,,,,,,,
41.55325,-8.79321,0.13816,24.86,199.0,8.49,1.09,True,False,True,False,J024612.20-084753.4,j,WISEA J024612.77-084735.5,s,"FR-I,WAT",129.79,50.45,1.24,113.0,,79,-22.72,WHL J024612.8-084736,0.1394,s,599.0,0.0,0.0,0.641,16.27,0.75,10.0
41.63182,-1.17201,0.62226,25.21,189.0,8.88,1.88,False,True,True,False,J024631.73-011013.2,,WISEA J024631.63-011019.2,s,"FR-II,WAT",12.26,8.85,0.43,105.5,12.8,27,-22.95,Y21 J024631.6-011019,0.6222,s,2348.0,0.0,0.0,0.652,31.46,1.42,17.0
41.65348,-7.07438,1.0135,26.28,248.0,,0.66,False,True,True,False,J024636.83-070426.4,,DESI J024636.83-070427.8,p,"FR-II,WAT",38.84,21.26,0.79,166.8,23.0,30,,,,,,,,,,,
41.66578,-6.70283,,,,,,False,True,True,False,J024639.79-064210.2,c,,,"FR-II,WAT",30.83,13.78,1.06,107.0,15.7,43,,,,,,,,,,,
41.72386,5.58933,0.06872,23.71,25.0,,,True,False,True,False,J024653.63+053530.0,,WISEA J024653.72+053521.5,s,"FR-I,WAT",37.91,6.95,2.23,159.7,18.3,19,,,,,,,,,,,
42.03575,-1.22907,0.27558,24.76,126.0,8.43,1.57,False,False,True,False,J024808.67-011338.3,f,WISEA J024808.57-011344.6,s,"--,WAT",24.51,14.8,0.66,119.9,12.4,29,-22.24,WH22 J024814.9-011255,0.9333,p,3232.0,108.0,875.0,0.585,35.55,1.6,12.0
42.33306,-6.88944,0.40651,25.29,123.0,8.68,1.83,False,False,True,False,J024920.14-065319.8,,SDSS J024919.93-065321.9,s,"--,WAT",31.63,15.74,0.92,142.7,8.6,22,-22.66,Y21 J024919.9-065322,0.4065,s,1628.0,0.0,0.0,0.584,18.23,0.84,8.0
42.62876,0.96282,,,,,,False,False,True,False,J025030.90+005746.2,,,,"--,WAT",27.59,17.13,0.63,108.9,15.0,37,,,,,,,,,,,
42.67216,-8.72322,,,,,,False,True,False,True,J025041.32-084323.6,,,,"FR-II,NAT",14.43,8.92,0.63,87.5,7.6,20,,,,,,,,,,,
42.68931,-7.31567,0.73712,26.13,202.0,,1.23,False,True,True,False,J025045.43-071853.6,,WISEA J025045.43-071856.4,s,"FR-II,WAT",60.81,35.43,0.71,145.2,21.8,27,-22.41,,,,,,,,,,
42.88112,-3.17764,,,,,0.85,False,False,True,False,J025131.47-031039.5,,,,"--,WAT",140.08,61.09,1.09,153.7,,61,,,,,,,,,,,
43.01284,6.20215,,,,,1.37,False,True,True,False,J025203.08+061207.8,,,,"FR-II,WAT",41.79,17.86,1.12,106.5,24.9,26,,,,,,,,,,,
43.19649,-4.89453,0.29008,25.1,166.0,8.23,1.55,False,False,True,False,J025246.98-045344.4,,WISEA J025247.15-045340.3,s,"--,WAT",47.93,28.77,0.67,138.7,31.1,37,-22.97,WHY18 J025247.2-045340,0.29,s,1198.0,0.0,0.0,0.722,27.9,1.27,18.0
43.26065,1.46221,0.83145,25.7,274.0,,2.04,False,True,True,False,J025302.22+012747.4,,DESI J025302.56+012744.0,p,"FR-II,WAT",21.68,17.32,0.29,116.2,12.8,35,,WH J025307.2+012503,0.7781,p,2812.0,176.0,1349.0,0.414,10.92,0.51,6.0
43.2638,-2.11521,0.2377,25.03,277.0,8.31,1.39,False,False,True,False,J025302.59-020650.4,,WISEA J025303.31-020654.7,s,"--,WAT",58.06,25.77,1.07,137.7,18.9,71,-22.73,AMF J025311.4-020723,0.239,s,1001.0,125.0,490.0,0.847,48.65,2.17,29.0
43.26986,3.37055,0.78895,25.95,285.0,,2.08,False,True,True,False,J025304.62+032221.6,,DESI J025304.77+032214.0,p,"FR-II,WAT",35.15,21.41,0.65,112.1,23.1,37,,Y21 J025304.8+032214,0.7866,p,2836.0,0.0,0.0,0.79,68.46,3.02,30.0
43.43066,1.84597,,,,,,False,True,True,False,J025343.36+015045.5,,,,"FR-II,WAT",25.04,11.21,1.05,147.5,17.7,27,,,,,,,,,,,
43.48731,-1.22981,,,,,,False,True,True,False,J025356.95-011347.3,,,,"FR-II,WAT",116.19,49.85,1.11,147.9,26.5,35,,,,,,,,,,,
43.73623,-4.90971,1.21853,27.16,358.0,7.74,0.74,False,True,True,False,J025456.64-045436.5,,SDSS J025456.69-045434.9,s,"FR-II,WAT",171.2,84.49,0.93,163.2,,42,-20.82,,,,,,,,,,
43.73768,-1.65944,0.20373,24.74,149.0,8.84,1.35,False,False,True,False,J025457.52-013929.4,,WISEA J025457.04-013933.9,s,"--,WAT",46.46,30.14,0.57,167.7,38.5,43,-23.05,,,,,,,,,,
43.977,-4.02233,0.19878,25.06,132.0,,1.33,False,True,True,False,J025554.42-040123.4,,WISEA J025554.48-040120.3,s,"FR-II,WAT",94.92,45.16,0.97,151.4,41.6,39,,AMF J025554.7-040121,0.1987,s,841.0,3.0,10.0,0.991,70.11,3.09,36.0
44.06503,0.96164,0.87943,25.72,191.0,,1.62,True,False,True,False,J025615.54+005740.8,,DESI J025615.61+005741.9,p,"FR-I,WAT",16.25,10.03,0.63,151.0,17.5,24,,WH22 J025615.9+005827,0.9133,p,3180.0,45.0,363.0,0.598,34.44,1.55,21.0
44.08352,-5.71374,0.70206,26.47,228.0,,0.88,False,False,False,True,J025619.69-054250.9,f,DESI J025620.04-054249.5,p,"--,NAT",98.94,32.6,1.46,68.5,9.5,31,,WH J025617.7-054336,1.05,p,3524.0,58.0,483.0,0.417,17.63,0.81,6.0
44.22887,-1.59975,0.22364,24.56,272.0,8.62,1.43,False,True,True,False,J025654.45-013558.7,,WISEA J025654.92-013559.1,s,"FR-II,WAT",23.87,13.16,0.78,150.5,225.4,73,-22.78,AMF J025654.0-013718,0.2241,s,942.0,80.0,299.0,1.161,111.63,4.86,72.0
44.26342,-6.14854,,,,,,False,True,False,True,J025703.22-060854.8,,,,"FR-II,NAT",361.26,90.63,1.81,20.0,6.4,53,,,,,,,,,,,
44.29521,6.63432,0.18047,26.24,331.0,,1.29,False,True,True,False,J025710.75+063757.8,,DESI J025710.85+063803.6,p,"FR-II,WAT",1629.25,549.58,1.43,163.9,78.2,105,,WHY18 J025710.8+063804,0.1442,p,619.0,0.0,0.0,0.604,23.33,1.06,10.0
44.4232,6.02693,0.02215,24.85,92.0,,,False,True,True,False,J025741.85+060159.3,,2MASX J02574155+0601371,s,"FR-II,WAT",5609.42,583.07,2.97,148.4,206.8,199,,ABELL 0400,0.0243,p,107.0,71.0,36.0,,,,
44.49392,2.16119,0.93215,26.62,218.0,,0.16,False,True,True,False,J025758.66+020939.6,,SDSS J025758.54+020940.2,s,"FR-II,WAT",137.29,105.89,0.34,132.1,11.6,27,,WH J025758.0+021228,0.8984,p,3141.0,168.0,1348.0,0.388,12.94,0.6,7.0
44.63822,-0.33967,,,,,1.92,False,True,True,False,J025833.17-002022.8,,,,"FR-II,WAT",16.19,12.96,0.29,150.1,19.0,32,,,,,,,,,,,
44.72124,0.93683,,,,,1.56,False,True,True,False,J025853.10+005612.6,,,,"FR-II,WAT",21.92,15.28,0.47,125.1,15.5,25,,,,,,,,,,,
44.8389,-5.29104,0.26237,25.24,121.0,8.41,1.58,False,False,True,False,J025921.22-051728.1,,WISEA J025921.33-051727.7,s,"--,WAT",66.4,20.15,1.56,167.1,66.4,29,-23.16,CFSFDP J025921.3-051728,0.2624,s,1092.0,0.0,0.0,0.659,24.18,1.1,8.0
44.89668,-3.3382,1.78873,26.72,294.0,,0.35,False,True,True,False,J025935.12-032014.4,,SDSS J025935.20-032017.5,s,"FR-II,WAT",39.71,28.28,0.45,152.2,24.1,34,,Y21 J025934.8-031925,0.499,p,1948.0,53.0,334.0,0.532,22.43,1.02,7.0
45.11397,-3.84653,0.61333,25.39,139.0,,1.98,False,True,True,False,J030027.58-035046.1,,DESI J030027.35-035047.5,p,"FR-II,WAT",18.17,11.81,0.57,107.1,11.9,20,,WHL J030027.4-035048,0.6128,p,2318.0,0.0,0.0,0.701,41.6,1.86,24.0
45.59583,-7.35122,0.9706,26.2,327.0,,,False,True,True,False,J030222.91-072102.9,,DESI J030223.00-072104.4,p,"FR-II,WAT",31.05,14.52,1.0,157.4,37.3,40,,WH J030226.2-072207,0.6221,p,2347.0,78.0,547.0,0.459,14.84,0.69,8.0
45.74806,-0.19315,0.15797,24.68,84.0,8.4,1.23,True,False,False,True,J030300.29-001131.8,,WISEA J030259.53-001135.3,s,"FR-I,NAT",63.64,24.67,1.24,45.7,11.9,30,-22.5,maxBCG J030259.5-001136,0.1586,s,678.0,0.0,0.0,0.81,39.01,1.75,18.0
46.02941,-7.17035,0.37291,25.44,180.0,,1.55,False,False,True,False,J030407.02-071008.4,,DESI J030407.06-071013.3,p,"--,WAT",62.51,42.17,0.52,146.8,47.6,34,,WH J030407.1-071013,0.4345,p,1727.0,0.0,0.0,0.504,14.69,0.68,8.0
46.08765,5.47691,0.59588,26.19,330.0,,1.94,True,False,True,False,J030420.60+052834.2,,DESI J030421.04+052836.9,p,"FR-I,WAT",103.62,53.11,0.88,130.0,24.6,48,,Y21 J030432.4+052740,0.7995,p,2872.0,180.0,1393.0,0.607,35.27,1.59,8.0
46.53522,-8.53029,0.74325,25.63,203.0,,2.1,False,True,True,False,J030608.62-083146.8,,DESI J030608.45-083149.0,p,"FR-II,WAT",13.84,5.3,1.26,148.9,32.7,27,,,,,,,,,,,
46.86086,4.92267,,,,,,False,True,True,False,J030726.15+045518.0,,DESI J030726.61+045521.6,,"FR-II,WAT",35.05,8.82,1.81,138.2,38.3,52,,,,,,,,,,,
47.20955,-6.1269,0.18896,24.99,264.0,,,True,False,True,False,J030849.98-060731.2,f,DESI J030850.29-060736.8,p,"FR-I,WAT",87.01,34.78,1.2,165.6,104.9,81,,WHY18 J030848.5-060715,0.1891,p,802.0,35.0,115.0,0.87,49.87,2.22,20.0
47.81221,1.38622,0.50149,25.75,214.0,,2.02,False,True,True,False,J031115.19+012306.6,,DESI J031114.93+012310.4,p,"FR-II,WAT",64.35,41.57,0.57,103.3,11.3,34,,WHL J031114.9+012310,0.4965,p,1940.0,0.0,0.0,0.89,55.07,3.24,14.0
48.23005,-6.56431,,,,,1.75,False,True,False,True,J031255.21-063351.5,f,,,"FR-II,NAT",175.65,76.42,1.09,58.5,416.5,75,,,,,,,,,,,
48.30723,0.30382,0.68836,25.45,183.0,,1.45,True,False,False,True,J031314.09+001811.4,,DESI J031313.74+001813.8,p,"FR-I,NAT",23.23,25.76,-0.14,80.7,12.1,25,,WH J031315.4+001731,0.6562,p,2453.0,49.0,352.0,0.49,13.84,0.64,6.0
48.32779,0.60663,1.25039,26.6,591.0,,0.53,False,False,True,False,J031318.65+003628.8,,DESI J031318.67+003623.9,s,"--,WAT",59.82,39.52,0.54,156.1,52.3,69,,CFSFDP J031320.0+003716,0.3956,s,1589.0,55.0,304.0,0.585,22.83,1.04,8.0
48.32638,5.59546,,,,,,False,False,True,False,J031318.79+053548.0,,DESI J031318.33+053543.7,,"--,WAT",37.65,16.62,1.07,95.1,21.4,25,,,,,,,,,,,
48.74694,-2.0891,0.22509,24.95,119.0,,,False,False,False,True,J031459.75-020522.1,,DESI J031459.26-020520.8,p,"--,NAT",54.24,23.02,1.12,79.3,11.6,32,,WH J031501.3-020726,0.5714,p,2186.0,129.0,870.0,0.462,10.4,0.49,6.0
49.42491,-8.27681,0.47344,25.78,220.0,,1.72,False,True,True,False,J031742.05-081634.8,f,DESI J031741.98-081636.5,p,"FR-II,WAT",73.68,40.97,0.77,151.6,17.8,36,,,,,,,,,,,
49.50222,-8.1715,0.48697,25.12,143.0,8.57,1.93,True,False,True,False,J031800.73-081022.2,f,SDSS J031800.53-081017.4,s,"FR-I,WAT",8.4,1.5,2.26,125.3,13.3,23,-23.18,CAMIRA J031800.5-081017,0.487,s,1908.0,0.0,0.0,0.699,35.82,1.61,13.0
49.64067,0.47464,0.59925,25.62,255.0,,0.89,False,False,True,False,J031834.01+002828.2,,DESI J031833.76+002828.7,p,"--,WAT",30.16,17.55,0.71,148.4,38.4,37,,Y21 J031834.1+002830,0.9146,p,3184.0,5.0,40.0,0.648,33.03,1.49,8.0
49.99686,-0.21882,0.83339,25.8,290.0,,2.0,False,False,True,False,J031959.45-001310.8,,DESI J031959.25-001307.8,p,"--,WAT",19.26,9.94,0.87,167.7,38.8,37,,WH J031959.5-001252,0.9457,p,3264.0,17.0,138.0,0.544,23.42,1.07,7.0
50.20756,-0.83201,0.94059,26.48,324.0,,0.94,False,True,True,False,J032049.97-004952.2,,DESI J032049.81-004955.2,p,"FR-II,WAT",65.46,31.95,0.94,150.1,30.5,40,,WH J032050.5-004956,0.5842,p,2228.0,10.0,68.0,0.414,12.33,0.57,7.0
50.77215,-8.23777,,,,,,True,False,True,False,J032305.32-081416.0,f,,,"FR-I,WAT",9.2,0.53,3.74,130.6,11.1,24,,,,,,,,,,,
51.03054,4.70038,,,,,,False,False,True,False,J032407.64+044202.1,,DESI J032407.33+044201.4,,"--,WAT",366.64,163.15,1.06,169.2,57.0,29,,,,,,,,,,,
51.15636,-6.82352,0.15931,24.62,113.0,8.51,1.19,True,False,False,True,J032436.94-064916.6,,WISEA J032437.52-064924.6,s,"FR-I,NAT",52.67,17.65,1.43,82.7,17.2,40,-22.36,maxBCG J032432.7-064754,0.2016,p,853.0,115.0,396.0,0.784,36.69,1.65,20.0
51.35183,-0.55325,0.54508,26.24,388.0,,0.09,False,True,True,False,J032524.48-003309.0,,DESI J032524.44-003311.7,p,"FR-II,WAT",153.97,87.0,0.75,166.3,110.9,59,,AMF J032516.7-003157,0.5025,s,1960.0,138.0,873.0,0.491,11.0,0.51,7.0
52.09717,-1.22216,0.50966,25.94,242.0,8.46,2.03,True,False,True,False,J032823.64-011316.8,,WISEA J032823.32-011319.7,s,"FR-I,WAT",87.39,46.44,0.83,118.6,23.0,38,-23.53,WHL J032823.3-011320,0.5043,s,1966.0,1.0,6.0,0.778,48.38,2.16,26.0
52.88055,-7.49967,,,,,,False,True,True,False,J033131.33-072958.8,f,,,"FR-II,WAT",56.9,23.01,1.19,141.1,42.9,34,,,,,,,,,,,
53.01028,-6.9401,0.57002,25.49,208.0,,1.79,False,False,True,False,J033203.00-065619.7,,DESI J033202.47-065624.4,p,"--,WAT",22.44,11.0,0.94,114.0,13.7,31,,WHL J033202.5-065624,0.5741,p,2195.0,0.0,0.0,0.926,88.77,3.89,64.0
53.14997,0.41638,0.41914,24.92,148.0,,1.93,False,False,True,False,J033236.24+002454.6,f,DESI J033235.99+002459.0,p,"--,WAT",14.53,9.8,0.52,118.3,11.0,26,,WHL J033238.0+002543,0.4318,s,1717.0,53.0,308.0,1.014,94.5,4.13,67.0
53.23375,5.65605,,,,,,False,True,True,False,J033256.10+053921.8,,,,"FR-II,WAT",8.43,6.11,0.42,167.7,26.5,25,,,,,,,,,,,
53.50269,1.03784,0.37642,24.69,117.0,8.59,1.92,False,True,True,False,J033400.48+010219.8,f,WISEA J033400.64+010216.2,s,"FR-II,WAT",6.35,1.15,2.24,128.1,14.1,22,-22.66,WHL J033400.6+010216,0.3764,s,1520.0,0.0,0.0,0.574,21.87,1.0,9.0
53.56491,-1.18231,0.12963,26.12,268.0,8.35,1.16,True,False,False,True,J033413.80-011112.6,,DESI J033415.58-011056.3,p,"FR-I,NAT",2657.81,934.15,1.37,87.9,34.6,112,-23.27,GMBCG J033415.6-011056,0.1398,s,601.0,0.0,0.0,0.997,65.57,2.9,35.0
53.64208,-1.16434,0.13895,24.66,88.0,8.43,1.25,False,True,False,True,J033434.44-010957.0,f,WISEA J033434.09-010951.6,s,"FR-II,NAT",89.4,64.03,0.44,88.2,11.9,35,-23.48,WHL J033429.7-010728,0.4117,s,1646.0,158.0,893.0,0.788,42.64,1.91,22.0
53.69548,4.24265,0.44848,25.86,314.0,,,False,False,False,True,J033447.45+041449.8,,DESI J033446.91+041433.5,p,"--,NAT",94.48,46.03,0.94,61.6,16.2,53,,WHL J033447.0+041435,0.3742,p,1512.0,2.0,11.0,0.698,32.84,1.48,6.0
53.7741,4.33799,,,,,inf,False,False,True,False,J033506.10+042013.8,f,DESI J033505.78+042016.8,,"--,WAT",32.65,21.95,0.52,114.7,15.4,34,,WHL J033505.8+042017,0.3618,p,1466.0,0.0,0.0,0.68,22.09,1.21,10.0
53.95066,-7.32039,,,,,,False,True,True,False,J033548.16-071913.4,f,,,"FR-II,WAT",86.87,38.79,1.06,143.9,34.3,50,,,,,,,,,,,
54.46005,4.34939,,,,,inf,True,False,False,True,J033750.58+042106.0,f,DESI J033750.41+042057.8,,"FR-I,NAT",23.16,15.58,0.52,84.5,10.5,26,,WHL J033750.4+042058,0.5083,p,1979.0,0.0,0.0,0.87,52.78,3.09,19.0
55.13144,-1.19459,1.08679,25.22,167.0,,3.01,False,True,True,False,J034031.56-011141.4,f,DESI J034031.55-011140.5,p,"FR-II,WAT",4.36,3.71,0.21,156.3,14.4,20,,WH J034030.2-011342,0.7563,p,2750.0,123.0,933.0,0.525,18.68,0.86,6.0
55.76698,-1.07683,,,,,,False,True,True,False,J034304.08-010436.6,,,,"FR-II,WAT",51.59,27.41,0.83,153.3,41.5,46,,,,,,,,,,,
56.73051,-5.64766,,,,,,False,True,True,False,J034655.32-053851.6,,,,"FR-II,WAT",80.1,32.08,1.2,143.8,24.9,39,,,,,,,,,,,
57.15599,0.483,,,,,,True,False,True,False,J034837.44+002858.8,,,,"FR-I,WAT",102.75,53.28,0.86,101.8,11.9,38,,,,,,,,,,,
57.26104,0.9085,0.14789,24.68,200.0,,1.08,False,True,True,False,J034903.60+005430.0,,DESI J034902.65+005430.6,p,"FR-II,WAT",77.81,41.03,0.84,132.8,63.2,75,,,,,,,,,,,
57.36371,-6.80449,0.28357,25.41,421.0,8.46,1.65,False,True,True,False,J034927.10-064803.0,f,WISEA J034927.28-064816.1,s,"FR-II,WAT",79.47,22.36,1.66,149.5,6.9,95,-23.63,WHL J034927.3-064816,0.2836,s,1174.0,0.0,0.0,0.793,39.31,1.76,12.0
58.04189,-6.47988,0.93853,25.87,300.0,,0.91,False,True,True,False,J035210.32-062843.2,,DESI J035210.05-062847.6,p,"FR-II,WAT",23.92,18.14,0.36,169.1,26.7,37,,GMBCG J035212.5-063124,0.3765,p,1520.0,160.0,857.0,0.72,31.16,1.41,25.0
58.19841,-0.82863,0.1752,24.84,144.0,8.55,1.33,False,True,True,False,J035247.88-004939.0,,2MASX J03524766-0049425,s,"FR-II,WAT",74.65,34.95,1.0,119.2,22.3,47,-22.77,WHL J035250.5-004823,0.1752,s,746.0,91.0,280.0,0.688,24.64,1.12,9.0
58.57167,-0.1671,0.23201,25.19,168.0,,1.73,False,True,True,False,J035417.76-001005.4,,DESI J035417.20-001001.5,p,"FR-II,WAT",94.33,53.26,0.75,142.3,20.1,44,,WHL J035417.2-001002,0.2144,s,904.0,0.0,0.0,0.915,57.37,2.55,33.0
59.22617,0.22538,0.04185,24.41,124.0,,inf,True,False,True,False,J035650.52+001348.6,f,WISEA J035654.29+001331.4,s,"FR-I,WAT",561.78,156.64,1.68,120.7,39.9,145,,WHL J035704.9+001454,0.1371,p,590.0,180.0,453.0,0.65,20.8,1.13,9.0
59.25871,0.66898,,,,,,False,True,True,False,J035702.03+004004.8,,DESI J035702.09+004008.3,,"FR-II,WAT",19.78,14.2,0.43,143.9,20.4,29,,WHL J035653.2+003913,0.3821,p,1540.0,145.0,783.0,0.77,39.69,2.27,17.0
104.01486,57.71463,0.82353,25.45,125.0,,,False,False,True,False,J065604.05+574253.3,,DESI J065603.57+574252.7,p,"--,WAT",12.33,9.56,0.33,126.9,8.5,16,,,,,,,,,,,
104.17346,31.2567,,,,,,False,True,True,False,J065641.63+311524.1,,,,"FR-II,WAT",43.81,21.0,0.96,144.3,65.6,25,,,,,,,,,,,
104.95656,48.02803,0.04998,23.6,33.0,,,False,True,True,False,J065950.31+480143.2,,DESI J065949.57+480140.9,p,"FR-II,WAT",63.65,38.28,0.67,110.4,22.7,33,,,,,,,,,,,
104.99327,48.5399,0.9559,25.62,154.0,,,True,False,True,False,J065958.73+483222.8,,DESI J065958.39+483223.6,p,"FR-I,WAT",11.7,7.88,0.52,119.1,18.1,19,,,,,,,,,,,
105.09508,46.68674,0.44521,25.33,224.0,,,False,True,True,False,J070022.92+464115.5,,DESI J070022.82+464112.3,p,"FR-II,WAT",27.75,13.49,0.95,152.1,75.1,38,,CFSFDP J070022.8+464112,0.442,p,1753.0,0.0,0.0,0.735,36.38,1.64,28.0
105.12452,49.77987,1.16392,26.14,203.0,,,True,False,True,False,J070030.29+494652.6,j,DESI J070029.88+494647.5,p,"FR-I,WAT",22.54,13.75,0.65,113.6,12.2,24,,,,,,,,,,,
105.22614,58.50274,0.15803,24.66,90.0,,,False,True,True,False,J070054.13+583011.3,,DESI J070054.27+583009.9,p,"FR-II,WAT",63.86,34.05,0.83,163.0,17.9,32,,WH J070109.4+583014,0.7963,p,2863.0,119.0,920.0,0.512,18.57,0.85,6.0
105.65579,48.29882,0.41788,25.23,136.0,,,False,False,True,False,J070237.20+481755.1,,DESI J070237.39+481755.7,p,"--,WAT",24.82,11.26,1.04,154.2,17.4,24,,CFSFDP J070236.1+481751,0.4333,p,1722.0,13.0,76.0,0.757,43.05,1.93,35.0
105.65712,60.50352,0.3914,24.61,109.0,,,True,False,True,False,J070238.11+603012.2,,DESI J070237.71+603012.7,p,"FR-I,WAT",9.29,8.15,0.17,131.0,11.6,20,,CFSFDP J070237.7+603013,0.4077,p,1632.0,0.0,0.0,0.732,36.01,1.62,15.0
105.85059,48.4782,0.17909,24.38,78.0,,,False,True,True,False,J070324.55+482843.0,,DESI J070324.14+482841.5,p,"FR-II,WAT",27.99,21.65,0.34,99.1,11.8,25,,WHY18 J070324.1+482842,0.1894,p,804.0,0.0,0.0,0.692,23.47,1.07,18.0
105.90074,51.78857,0.50301,25.79,246.0,,,True,False,True,False,J070335.63+514712.9,f,DESI J070336.18+514718.9,p,"FR-I,WAT",64.25,34.39,0.82,99.7,17.3,39,,CFSFDP J070347.9+514624,0.3892,p,1566.0,122.0,667.0,0.484,12.07,0.56,7.0
106.01669,53.7305,1.00361,25.4,214.0,,,True,False,True,False,J070404.64+534352.3,,DESI J070404.01+534349.8,p,"FR-I,WAT",7.11,5.46,0.35,120.9,17.6,26,,,,,,,,,,,
106.28212,42.24953,0.0565,23.62,32.0,,,False,True,True,False,J070507.74+421451.5,,WISEA J070507.70+421458.3,s,"FR-II,WAT",49.93,16.55,1.45,144.3,16.1,29,,WHY18 J070458.9+421414,0.3228,p,1322.0,108.0,523.0,0.725,35.53,1.6,15.0
106.29103,58.52765,0.18023,24.26,78.0,,,False,False,False,True,J070509.60+583133.0,,DESI J070509.85+583139.5,p,"--,NAT",20.35,14.0,0.49,88.4,7.4,25,,CFSFDP J070509.8+583140,0.1817,p,773.0,0.0,0.0,0.562,12.39,0.58,8.0
106.67604,48.68539,0.00998,21.78,7.0,,,False,False,True,False,J070642.10+484102.5,,DESI J070642.25+484107.4,p,"--,WAT",25.17,16.99,0.52,154.5,,33,,WH J070647.6+484015,0.8177,p,2923.0,74.0,577.0,0.603,28.24,1.28,6.0
106.71328,45.19247,,,,,,False,True,True,False,J070651.19+451132.9,,,,"FR-II,WAT",26.21,14.49,0.78,148.8,28.5,34,,,,,,,,,,,
106.79865,43.45311,,,,,,False,False,True,False,J070711.68+432711.2,,,,"--,WAT",23.02,10.2,1.07,105.2,18.9,28,,,,,,,,,,,
106.84597,59.45707,0.07893,25.14,95.0,,,False,False,True,False,J070725.65+592718.0,,DESI J070723.03+592725.5,p,"--,WAT",706.31,62.73,3.18,115.6,26.3,62,,WHY18 J070723.0+592725,0.0936,p,407.0,0.0,0.0,0.92,50.56,2.25,39.0
106.87053,47.9754,0.34122,25.21,291.0,,,True,False,True,False,J070728.87+475828.4,,DESI J070728.93+475831.4,p,"FR-I,WAT",35.78,13.68,1.26,142.1,42.0,58,,,,,,,,,,,
106.97316,51.62272,0.38455,25.3,282.0,,,False,False,True,False,J070754.02+513727.0,,DESI J070753.56+513721.8,p,"--,WAT",40.52,23.96,0.69,149.0,60.2,52,,WH J070753.6+513722,0.3819,p,1540.0,0.0,0.0,0.536,19.75,0.91,6.0
106.9968,44.81698,0.33319,25.14,475.0,,,False,True,True,False,J070800.05+444909.8,j,DESI J070759.23+444901.1,p,"FR-II,WAT",43.33,35.63,0.26,142.1,83.4,96,,WH J070805.8+444856,0.8721,p,3071.0,71.0,565.0,0.551,27.65,1.25,11.0
107.02827,41.23507,,,,,,False,False,True,False,J070805.68+411345.4,,DESI J070806.79+411406.3,,"--,WAT",120.97,26.66,1.98,93.4,16.9,51,,CFSFDP J070756.4+411256,0.8189,p,2926.0,137.0,1068.0,0.473,19.97,0.91,6.0
107.11613,54.15209,0.07458,24.45,145.0,,,False,True,True,False,J070826.33+540857.3,,DESI J070827.87+540907.5,p,"FR-II,WAT",187.02,68.21,1.32,137.8,23.9,99,,WH J070817.4+540804,0.2466,p,1031.0,111.0,445.0,0.647,26.5,1.2,9.0
107.27662,43.5265,,,,,,False,True,True,False,J070906.39+433135.4,f,,,"FR-II,WAT",12.03,8.24,0.5,134.3,37.8,27,,,,,,,,,,,
107.29157,64.5685,0.60635,25.53,173.0,,,True,False,True,False,J070909.18+643413.0,,DESI J070909.98+643406.6,p,"FR-I,WAT",19.0,7.78,1.17,93.5,34.8,25,,,,,,,,,,,
107.37991,46.26793,,,,,,False,True,True,False,J070931.18+461604.5,,,,"FR-II,WAT",14.29,10.95,0.35,144.2,20.3,33,,,,,,,,,,,
107.46791,55.41916,0.92688,26.25,275.0,,,False,True,True,False,J070952.37+552512.7,,DESI J070952.30+552509.0,p,"FR-II,WAT",45.34,25.38,0.76,153.2,26.0,34,,,,,,,,,,,
107.52263,50.0522,0.15359,24.94,135.0,,,True,False,False,True,J071006.29+500327.0,,DESI J071005.43+500307.9,p,"FR-I,NAT",117.39,35.47,1.57,85.9,221.6,49,,WH J071014.6+500124,0.2736,p,1136.0,136.0,588.0,0.47,11.05,0.52,6.0
107.54996,40.52757,0.43926,25.28,328.0,,1.99,False,True,True,False,J071012.40+403146.6,,DESI J071011.99+403139.3,p,"FR-II,WAT",28.67,17.54,0.64,163.4,91.1,56,,CLuMPR J071012.0+403139,0.4336,p,1724.0,0.0,0.0,0.684,31.05,1.4,11.0
107.68047,60.33662,,,,,,False,True,True,False,J071043.31+602011.8,,,,"FR-II,WAT",19.82,7.99,1.19,142.4,26.0,25,,,,,,,,,,,
107.77958,37.25741,0.2038,25.63,114.0,,,True,False,True,False,J071107.77+371527.5,,DESI J071107.10+371526.7,p,"FR-I,WAT",343.98,189.35,0.78,148.6,27.3,33,,WH J071056.3+371620,0.2153,p,908.0,140.0,507.0,0.537,14.85,0.69,8.0
107.79267,54.22468,0.06116,23.59,58.0,,,False,True,True,False,J071110.67+541332.4,,DESI J071110.24+541328.8,p,"FR-II,WAT",40.55,20.17,0.92,148.1,33.6,48,,,,,,,,,,,
107.87955,64.2351,0.20586,24.89,178.0,,,False,False,True,False,J071132.33+641405.8,,DESI J071131.09+641406.4,p,"--,WAT",54.44,18.04,1.45,168.2,123.5,51,,CFSFDP J071122.8+641434,0.2055,p,868.0,60.0,210.0,0.49,11.06,0.52,6.0
107.96802,37.94383,,,,,,False,False,True,False,J071152.32+375637.8,,,,"--,WAT",47.29,25.55,0.81,147.1,45.8,37,,,,,,,,,,,
108.03565,38.80883,,,,,0.52,False,True,True,False,J071208.56+384831.8,,,,"FR-II,WAT",257.67,150.82,0.7,156.5,31.5,40,,,,,,,,,,,
108.06286,33.29608,0.55047,25.92,317.0,,,False,True,True,False,J071215.07+331747.9,,DESI J071215.09+331745.9,p,"FR-II,WAT",72.7,42.08,0.72,164.0,32.6,48,,CFSFDP J071215.1+331746,0.5623,p,2157.0,0.0,0.0,0.683,34.4,1.55,12.0
108.08581,44.4043,,,,,,False,False,True,False,J071220.59+442415.5,,,,"--,WAT",39.95,24.8,0.63,112.9,22.6,32,,,,,,,,,,,
108.4248,57.85608,0.12884,25.1,121.0,,,False,False,True,False,J071341.65+575116.5,,DESI J071341.95+575121.9,p,"--,WAT",266.1,127.52,0.97,129.5,94.3,51,,,,,,,,,,,
108.47083,40.71987,0.3803,25.18,242.0,,1.79,False,True,False,True,J071352.16+404325.2,,DESI J071353.00+404311.5,p,"FR-II,NAT",29.41,15.35,0.85,76.4,15.4,45,,WHL J071353.0+404312,0.4183,p,1670.0,0.0,0.0,0.827,53.22,2.37,26.0
108.48077,34.82937,,,,,,False,False,True,False,J071355.38+344945.7,,,,"--,WAT",32.02,19.33,0.66,167.2,19.0,33,,,,,,,,,,,
108.51851,51.0012,0.23894,25.15,211.0,,,False,False,True,False,J071405.46+510011.8,g,DESI J071404.44+510004.3,p,"--,WAT",81.19,47.21,0.71,128.4,32.3,54,,CFSFDP J071404.4+510004,0.2568,p,1071.0,0.0,0.0,0.661,25.96,1.18,14.0
108.60256,40.26771,0.37303,26.04,308.0,,1.89,True,False,False,True,J071423.29+401611.0,j,DESI J071424.61+401603.7,p,"FR-I,NAT",213.2,98.59,1.01,75.6,22.7,58,,CFSFDP J071424.6+401604,0.373,p,1507.0,0.0,0.0,0.749,38.47,1.73,23.0
108.83058,48.49368,0.29918,25.12,211.0,,,False,True,False,True,J071520.28+482926.3,,DESI J071519.34+482937.3,p,"FR-II,NAT",42.09,18.88,1.05,74.4,16.2,46,,WHY18 J071519.3+482937,0.2937,p,1212.0,0.0,0.0,0.621,19.81,0.91,17.0
108.8695,51.48859,0.50498,25.27,259.0,,,True,False,True,False,J071529.29+512916.6,,DESI J071528.68+512918.9,p,"FR-I,WAT",22.72,16.46,0.42,145.1,41.3,41,,WHY18 J071538.6+512959,0.2489,p,1040.0,100.0,404.0,0.871,47.74,2.13,24.0
108.95079,56.8259,0.34957,24.99,122.0,,,False,True,True,False,J071548.68+564935.5,,DESI J071548.19+564933.2,p,"FR-II,WAT",25.25,16.34,0.57,141.3,38.8,24,,,,,,,,,,,
109.06369,32.96389,0.57068,25.11,141.0,,,True,False,True,False,J071615.74+325753.2,,DESI J071615.29+325750.0,p,"FR-I,WAT",10.82,6.6,0.65,107.8,32.9,21,,CFSFDP J071613.4+325803,0.623,p,2350.0,27.0,190.0,0.827,64.01,2.83,25.0
109.15373,48.55815,,,,,,False,False,True,False,J071636.90+483329.3,,,,"--,WAT",16.18,10.0,0.63,167.3,87.1,52,,,,,,,,,,,
109.18684,36.19343,,,,,1.93,False,True,False,True,J071644.84+361136.3,,,,"FR-II,NAT",28.39,15.38,0.8,85.2,9.3,28,,,,,,,,,,,
109.36107,44.08398,0.0652,24.39,70.0,,,False,True,True,False,J071727.36+440504.5,,2MASX J07172666+4405020,s,"FR-II,WAT",226.27,117.14,0.86,153.2,65.9,54,,WHY18 J071726.7+440503,0.0652,s,286.0,0.0,0.0,0.893,45.95,2.05,48.0
109.3981,37.75148,0.5528,26.76,690.0,,,False,False,True,False,J071733.98+374531.0,,WISEA J071735.54+374505.3,s,"--,WAT",212.37,27.87,2.66,110.3,28.3,104,,CFSFDP J071724.7+374602,0.5471,p,2108.0,140.0,925.0,1.362,255.63,10.85,140.0
109.60753,48.33882,0.41637,25.77,244.0,,,False,False,False,True,J071826.47+482033.4,f,DESI J071825.81+482019.8,p,"--,NAT",94.19,50.12,0.83,81.6,15.2,43,,CFSFDP J071825.8+482020,0.428,p,1704.0,0.0,0.0,0.593,23.76,1.08,13.0
109.61789,39.25394,,,,,,False,True,True,False,J071828.29+391514.2,,,,"FR-II,WAT",10.09,6.92,0.49,163.1,36.5,39,,,,,,,,,,,
109.62019,43.37008,0.11226,23.92,57.0,,,True,False,True,False,J071828.33+432211.8,,DESI J071828.85+432212.3,p,"FR-I,WAT",23.95,11.63,0.95,121.9,17.4,27,,WHY18 J071829.5+432449,0.1026,p,445.0,157.0,307.0,0.768,28.54,1.29,31.0
109.76145,37.90804,,,,,2.01,False,True,False,True,J071902.75+375429.0,,,,"FR-II,NAT",20.47,9.07,1.07,81.2,8.2,18,,,,,,,,,,,
109.76573,46.96142,0.65564,25.9,208.0,,,True,False,True,False,J071904.11+465739.1,,DESI J071903.78+465741.1,p,"FR-I,WAT",32.02,10.59,1.45,145.4,28.5,29,,CFSFDP J071903.8+465741,0.6451,p,2418.0,0.0,0.0,0.814,62.7,2.78,24.0
109.8738,42.53275,1.27371,26.54,231.0,,,True,False,True,False,J071929.71+423201.4,,DESI J071929.71+423157.9,p,"FR-I,WAT",49.38,32.47,0.55,125.7,16.4,27,,,,,,,,,,,
109.90248,55.32785,,,,,,False,True,True,False,J071936.60+551940.3,f,,,"FR-II,WAT",64.45,28.83,1.06,153.4,60.8,45,,,,,,,,,,,
109.90782,55.43514,0.06562,24.57,86.0,,,True,False,True,False,J071937.42+552618.1,,2MASX J07193787+5526064,s,"FR-I,WAT",329.88,135.95,1.16,113.6,33.7,66,,Y21 J071937.9+552606,0.0656,s,287.0,0.0,0.0,0.722,18.1,0.83,12.0
110.06534,37.49921,0.08718,24.43,93.0,,1.05,True,False,True,False,J072015.01+372956.5,,DESI J072015.68+372957.1,p,"FR-I,WAT",127.62,43.79,1.4,135.7,39.8,55,,CAMIRA J072020.1+373236,0.6375,p,2395.0,167.0,1184.0,0.583,27.75,1.26,12.0
110.17151,62.54531,0.30373,25.6,199.0,,,False,False,True,False,J072041.57+623243.4,,DESI J072041.16+623243.1,p,"--,WAT",132.74,71.38,0.81,130.5,26.4,43,,WH J072041.0+623540,0.7844,p,2830.0,177.0,1361.0,0.453,17.9,0.82,8.0
110.20894,33.98206,0.89686,26.17,216.0,,,True,False,False,True,J072050.82+335854.0,,DESI J072050.15+335855.4,p,"FR-I,NAT",48.62,33.42,0.49,52.4,8.0,27,,,,,,,,,,,
110.2796,36.64743,0.15056,25.26,201.0,,1.24,True,False,False,True,J072108.01+363915.0,,DESI J072107.10+363850.8,p,"FR-I,NAT",262.2,94.4,1.34,89.3,14.3,74,,WHL J072113.7+364000,0.1558,p,667.0,105.0,294.0,0.89,37.7,2.15,33.0
110.28494,46.88917,0.6745,25.95,239.0,,,False,True,True,False,J072108.36+465324.6,,DESI J072108.38+465321.0,p,"FR-II,WAT",53.78,36.18,0.52,149.6,16.5,33,,,,,,,,,,,
110.29732,53.21399,,,,,,False,True,True,False,J072111.36+531250.4,,,,"FR-II,WAT",120.87,52.2,1.1,137.2,91.7,74,,,,,,,,,,,
110.31925,37.71965,,,,,,False,False,True,False,J072116.62+374310.7,c,,,"--,WAT",52.46,22.54,1.11,164.0,91.6,52,,,,,,,,,,,
110.51233,59.94132,0.27809,24.78,157.0,,,False,False,True,False,J072202.77+595635.8,,DESI J072202.96+595628.7,p,"--,WAT",26.49,18.25,0.49,131.7,22.6,36,,CFSFDP J072203.0+595629,0.2827,p,1170.0,0.0,0.0,0.786,41.81,1.87,17.0
110.70174,41.4893,0.0873,23.83,69.0,,,False,False,True,False,J072249.44+412924.4,,WISEA J072248.41+412921.4,s,"--,WAT",32.21,12.44,1.25,165.6,84.9,41,,WHL J072239.3+412843,0.0885,s,385.0,109.0,187.0,0.641,18.15,0.83,16.0
110.79243,32.16759,0.54645,26.3,330.0,,1.31,False,True,True,False,J072310.46+321017.4,,DESI J072310.18+321003.3,p,"FR-II,WAT",165.0,83.31,0.9,161.3,,50,,,,,,,,,,,
110.8579,37.50856,1.077,26.11,376.0,,,False,True,True,False,J072325.90+373032.7,,DESI J072325.90+373030.8,p,"FR-II,WAT",21.82,11.44,0.85,169.7,87.6,45,,,,,,,,,,,
110.99465,43.59934,0.37485,25.32,96.0,,1.87,True,False,True,False,J072359.10+433558.2,,DESI J072358.72+433557.6,p,"FR-I,WAT",27.27,5.02,2.22,129.3,16.2,18,,WHL J072356.4+433535,0.4081,p,1634.0,34.0,191.0,0.875,61.69,2.73,24.0
111.13127,50.18151,0.26645,25.61,419.0,,,False,False,True,False,J072430.85+501057.9,j,DESI J072431.50+501053.4,p,"--,WAT",154.82,51.87,1.43,167.5,38.9,99,,WHY18 J072431.5+501053,0.2552,p,1064.0,0.0,0.0,0.974,68.21,3.01,31.0
111.13849,42.54901,1.0829,27.04,394.0,,,False,True,True,False,J072433.49+423302.7,,DESI J072433.24+423256.5,p,"FR-II,WAT",172.08,85.82,0.91,108.7,20.7,47,,,,,,,,,,,
111.16472,32.92406,,,,,,False,True,True,False,J072439.53+325526.6,,,,"FR-II,WAT",15.53,10.51,0.51,156.8,28.7,29,,,,,,,,,,,
111.26285,22.30617,0.30397,25.09,214.0,,,False,True,True,False,J072503.49+221827.4,,DESI J072503.08+221822.2,p,"FR-II,WAT",45.53,33.65,0.4,136.7,39.6,46,,WH J072501.3+221542,0.4323,p,1719.0,162.0,943.0,0.547,11.48,0.53,8.0
111.34721,62.48828,0.64644,25.63,214.0,,,False,True,False,True,J072523.07+622926.1,,DESI J072523.33+622917.8,p,"FR-II,NAT",30.46,22.94,0.37,71.2,8.9,30,,Y21 J072523.3+622918,0.6464,p,2422.0,0.0,0.0,0.62,32.08,1.45,15.0
111.39831,29.48684,0.23498,24.93,150.0,,,False,True,False,True,J072534.80+292925.3,,DESI J072535.59+292912.6,p,"FR-II,NAT",50.53,29.23,0.72,80.1,53.9,39,,WH J072542.3+292912,0.377,p,1522.0,88.0,472.0,0.628,30.02,1.36,11.0
111.39616,34.26121,0.97698,26.26,532.0,,,False,True,True,False,J072535.58+341536.6,,DESI J072535.08+341540.4,p,"FR-II,WAT",40.39,22.39,0.77,159.8,236.7,65,,WHL J072520.7+341543,0.2824,p,1169.0,178.0,787.0,0.598,12.19,0.57,7.0
111.51829,40.49154,0.84157,25.75,165.0,,,False,True,True,False,J072604.71+402928.6,,DESI J072604.39+402929.5,p,"FR-II,WAT",17.46,9.33,0.82,118.6,19.8,21,,,,,,,,,,,
111.58664,40.65804,0.12107,24.15,104.0,,1.14,True,False,True,False,J072620.54+403939.2,,WISEA J072620.79+403928.9,s,"FR-I,WAT",34.53,15.53,1.05,118.2,25.6,46,,GMBCG J111.57650+40.67217,0.137,p,589.0,58.0,146.0,,,,
111.66209,44.5028,,,,,,False,True,True,False,J072638.90+443010.1,,,,"FR-II,WAT",41.29,29.36,0.45,160.8,42.8,37,,,,,,,,,,,
111.70825,31.0345,0.16719,25.11,94.0,,1.26,True,False,True,False,J072649.81+310204.8,f,DESI J072649.98+310204.2,p,"FR-I,WAT",145.83,49.45,1.42,131.4,12.8,32,,GCwM 043,0.1929,p,818.0,0.0,0.0,,,,
111.75442,48.27466,0.02241,22.29,10.0,,,False,False,True,False,J072700.84+481628.8,,DESI J072701.06+481628.8,p,"--,WAT",15.99,7.66,0.97,147.4,17.7,23,,WH J072700.2+481822,0.8,p,2874.0,114.0,882.0,0.513,21.38,0.98,6.0
111.85821,31.15413,,,,,1.28,True,False,True,False,J072725.97+310914.9,j,,,"FR-I,WAT",452.53,173.93,1.25,162.0,131.3,131,,,,,,,,,,,
111.87036,42.4668,0.01203,22.31,9.0,,0.26,False,False,True,False,J072728.89+422800.4,,DESI J072728.89+422800.5,p,"--,WAT",58.53,27.76,0.98,157.5,42.3,39,,SPIDERS 2_03582,0.1835,p,780.0,6.0,19.0,,,,
111.89769,41.10091,,,,,1.73,False,False,True,False,J072735.45+410603.3,,,,"--,WAT",15.32,9.05,0.69,117.0,10.4,24,,,,,,,,,,,
111.90302,35.88765,1.22315,25.9,307.0,,0.83,False,True,True,False,J072737.11+355315.8,,DESI J072736.72+355315.5,p,"FR-II,WAT",18.67,18.14,0.04,149.0,47.4,36,,WHL J072733.7+355455,0.4193,p,1673.0,106.0,606.0,0.632,23.48,1.07,9.0
111.98644,31.42003,0.18471,24.82,179.0,,1.29,True,False,True,False,J072757.54+312520.8,,DESI J072756.75+312512.1,p,"FR-I,WAT",60.83,22.65,1.3,167.2,96.3,56,,WHL J072756.7+312512,0.2141,p,903.0,0.0,0.0,0.74,24.7,1.36,16.0
112.04065,35.10799,,,,,,False,True,False,True,J072809.76+350628.7,c,,,"FR-II,NAT",185.67,98.35,0.83,50.8,11.1,36,,,,,,,,,,,
112.05363,52.6795,0.37937,25.51,161.0,,,True,False,True,False,J072812.77+524044.8,,DESI J072812.87+524046.2,p,"FR-I,WAT",64.82,35.86,0.78,152.1,23.6,30,,Y21 J072812.9+524046,0.364,p,1475.0,0.0,0.0,0.846,54.47,2.42,33.0
112.05294,55.88137,0.86063,25.67,213.0,,,False,True,True,False,J072812.89+555252.7,,DESI J072812.71+555252.9,p,"FR-II,WAT",16.84,11.68,0.48,168.2,24.4,27,,,,,,,,,,,
112.06349,61.26216,0.26706,24.79,76.0,,,True,False,True,False,J072815.86+611543.7,,DESI J072815.24+611543.8,p,"FR-I,WAT",27.35,14.96,0.79,111.9,8.1,18,,WHY18 J072815.2+611544,0.2632,p,1096.0,0.0,0.0,0.673,28.39,1.29,17.0
112.12689,26.71109,0.14964,24.77,119.0,,1.14,True,False,True,False,J072830.73+264244.5,a,DESI J072830.45+264239.9,p,"FR-I,WAT",97.5,64.67,0.54,145.2,46.2,44,,WHL J072830.5+264240,0.1452,s,623.0,0.0,0.0,0.936,56.62,2.51,43.0
112.25147,61.57264,0.20885,24.63,155.0,,,False,True,True,False,J072900.19+613424.4,,DESI J072900.35+613421.5,p,"FR-II,WAT",32.75,18.32,0.76,159.0,40.2,44,,Y21 J072900.4+613422,0.2078,p,878.0,0.0,0.0,0.667,25.12,1.14,16.0
112.28474,32.19006,0.21643,24.75,163.0,,1.38,False,False,False,True,J072907.47+321122.1,,DESI J072908.34+321124.2,p,"--,NAT",39.38,20.35,0.87,43.4,71.5,45,,AMF J072908.3+321124,0.2224,s,936.0,0.0,0.0,0.695,32.64,1.47,20.0
112.31883,46.28786,,,,,,False,True,True,False,J072916.52+461716.3,,,,"FR-II,WAT",25.55,19.62,0.35,150.3,68.0,65,,,,,,,,,,,
112.3219,56.22421,0.45375,25.19,131.0,,,False,True,True,False,J072917.18+561332.0,,DESI J072917.26+561327.1,p,"FR-II,WAT",23.74,17.21,0.42,113.1,44.2,22,,Y21 J072918.5+561312,0.4373,p,1736.0,18.0,105.0,0.875,63.58,2.81,29.0
112.37673,59.83111,0.27452,25.13,112.0,,,False,False,False,True,J072929.85+594948.4,"f,j",DESI J072930.41+594952.0,p,"--,NAT",54.27,27.27,0.9,48.3,7.1,26,,WHY18 J072923.5+594911,0.2745,p,1139.0,66.0,286.0,1.069,105.06,4.58,64.0
112.39043,23.80113,,,,,,False,True,True,False,J072933.70+234804.1,,,,"FR-II,WAT",31.34,18.91,0.66,145.2,14.2,23,,,,,,,,,,,
112.44206,34.70269,0.32064,24.56,149.0,,1.67,False,True,True,False,J072946.36+344211.4,,DESI J072946.09+344209.7,p,"FR-II,WAT",11.56,8.01,0.48,147.4,31.5,31,,,,,,,,,,,
112.44777,49.88797,0.02013,23.13,15.0,,,False,True,False,True,J072947.45+495323.4,,DESI J072947.47+495316.7,p,"FR-II,NAT",137.12,81.42,0.68,88.2,15.6,37,,WHY18 J072937.0+495416,0.2085,p,880.0,117.0,413.0,0.569,15.71,0.72,8.0
112.45766,27.8289,0.08576,24.06,108.0,,0.94,True,False,True,False,J072948.67+274949.2,,DESI J072949.84+274944.1,p,"FR-I,WAT",61.44,43.18,0.46,140.0,120.5,65,,,,,,,,,,,
112.48257,41.70793,0.20191,25.17,144.0,8.41,1.37,True,False,True,False,J072955.43+414225.2,a,2MASS J07295581+4142285,s,"FR-I,WAT",117.65,58.1,0.93,125.9,26.0,42,-23.21,maxBCG J072956.2+414226,0.2064,s,872.0,5.0,18.0,0.983,66.88,2.95,39.0
112.49584,49.86083,,,,,,False,True,True,False,J072959.00+495139.0,,,,"FR-II,WAT",68.57,26.73,1.24,153.2,72.2,36,,,,,,,,,,,
112.55529,35.80165,0.47808,25.16,141.0,,2.0,False,False,True,False,J073013.10+354809.6,,DESI J073013.27+354806.0,p,"--,WAT",14.36,5.52,1.25,138.4,15.0,23,,WHL J073022.8+354726,0.2869,p,1187.0,123.0,550.0,0.584,18.35,0.84,10.0
112.68941,48.5107,1.06257,25.94,267.0,,,False,True,True,False,J073045.04+483043.2,,DESI J073045.46+483038.5,p,"FR-II,WAT",18.41,11.94,0.57,126.7,23.6,32,,,,,,,,,,,
112.70558,23.48094,0.8693,25.75,166.0,,2.34,True,False,True,False,J073049.39+232852.3,,DESI J073049.34+232851.4,p,"FR-I,WAT",12.54,5.04,1.2,162.2,44.4,21,,CFSFDP J073049.3+232851,0.8986,p,3142.0,0.0,0.0,0.783,67.9,3.0,25.0
112.72176,23.58001,,,,,0.69,False,False,False,True,J073053.22+233448.0,,,,"--,NAT",11.59,7.36,0.6,88.7,11.3,14,,,,,,,,,,,
112.89294,23.35287,0.45598,25.77,359.0,,1.96,False,False,True,False,J073134.84+232105.2,,DESI J073134.30+232110.3,p,"--,WAT",66.29,26.66,1.2,141.6,39.2,60,,WHL J073134.3+232110,0.4689,p,1846.0,0.0,0.0,0.72,31.84,1.79,7.0
112.90352,27.02623,0.48203,25.65,154.0,,1.9,False,False,True,False,J073137.22+270133.9,,DESI J073136.85+270134.4,p,"--,WAT",56.13,36.55,0.56,98.1,13.4,25,,AMF J073136.8+270134,0.4872,p,1908.0,0.0,0.0,0.603,24.64,1.12,11.0
113.00552,42.14163,0.28625,24.98,138.0,8.45,1.6,True,False,True,False,J073201.83+420835.1,f,SDSS J073201.32+420829.8,s,"FR-I,WAT",31.59,11.69,1.3,101.3,13.5,31,-23.45,WH J073157.8+420542,0.4806,s,1886.0,172.0,1062.0,0.421,11.6,0.54,9.0
113.03441,43.97146,0.36358,25.49,209.0,8.5,1.81,False,False,True,False,J073209.24+435817.3,,DESI J073208.32+435817.3,s,"--,WAT",60.3,24.39,1.19,131.7,18.7,40,-22.94,WHL J073208.3+435817,0.3636,s,1473.0,1.0,5.0,0.734,38.67,1.74,23.0
113.08147,61.83442,0.16893,24.91,113.0,,,False,True,True,False,J073220.27+615007.5,f,DESI J073219.55+615003.9,p,"FR-II,WAT",100.79,58.25,0.72,139.2,13.9,38,,,,,,,,,,,
113.1071,56.55983,0.4968,25.23,182.0,,,False,True,True,False,J073225.97+563338.1,,DESI J073225.70+563335.4,p,"FR-II,WAT",20.99,15.11,0.43,169.3,,29,,CFSFDP J073234.3+563431,0.6013,p,2282.0,90.0,622.0,0.445,12.5,0.58,9.0
113.12385,37.73898,0.2012,24.88,151.0,,1.39,False,True,True,False,J073230.04+374417.2,j,WISEA J073229.72+374420.3,s,"FR-II,WAT",57.71,21.17,1.32,146.6,30.4,44,,WHL J073241.5+374500,0.3156,s,1295.0,145.0,692.0,0.763,40.49,1.82,23.0
113.14998,51.93146,,,,,,False,False,True,False,J073236.00+515553.3,,,,"--,WAT",82.23,37.42,1.03,150.7,40.7,42,,,,,,,,,,,
113.15772,35.69484,0.33472,24.74,124.0,,1.72,True,False,False,True,J073238.21+354146.1,c,DESI J073237.85+354141.4,p,"FR-I,NAT",16.35,11.66,0.44,78.0,9.1,25,,WHL J073250.4+354029,0.3039,s,1251.0,169.0,786.0,0.705,28.21,1.28,14.0
113.17721,31.57308,0.17053,24.22,138.0,,1.2,True,False,False,True,J073242.33+313426.9,,WISEA J073242.53+313423.0,s,"FR-I,NAT",19.74,10.51,0.83,69.6,18.7,46,,,,,,,,,,,
113.20037,38.68192,0.60492,26.23,554.0,,1.11,True,False,True,False,J073247.64+384054.6,,DESI J073248.08+384054.9,s,"FR-I,WAT",128.18,83.41,0.56,165.0,126.5,80,-23.12,,,,,,,,,,
113.2812,60.90811,0.28337,24.82,137.0,,,False,True,True,False,J073308.15+605434.0,,DESI J073307.49+605429.2,p,"FR-II,WAT",23.91,10.55,1.07,116.0,21.2,31,,Y21 J073307.5+605429,0.2815,p,1166.0,0.0,0.0,0.592,21.51,0.98,23.0
113.31503,64.03861,0.43121,26.1,98.0,,,True,False,True,False,J073316.01+640218.8,,DESI J073315.61+640219.0,p,"FR-I,WAT",88.14,9.83,2.88,102.9,8.2,17,,Y21 J073315.6+640219,0.4279,p,1704.0,0.0,0.0,0.742,36.61,1.65,21.0
113.34285,64.04982,0.54168,26.15,361.0,,,False,False,True,False,J073322.25+640258.9,,DESI J073322.28+640259.3,p,"--,WAT",99.55,37.33,1.29,163.3,74.4,55,,,,,,,,,,,
113.34494,23.04287,0.786,25.6,238.0,,2.08,True,False,True,False,J073322.88+230238.3,,SDSS J073322.78+230234.3,s,"FR-I,WAT",19.01,14.78,0.33,125.6,16.6,31,,,,,,,,,,,
113.41975,49.50953,0.35124,24.58,97.0,,,True,False,True,False,J073340.78+493031.3,,DESI J073340.74+493034.3,p,"FR-I,WAT",9.95,7.02,0.46,132.5,9.1,19,,Y21 J073340.7+493029,0.3354,p,1369.0,5.0,25.0,1.195,144.35,6.23,81.0
113.52532,29.55355,,,,,,True,False,True,False,J073406.08+293312.8,"c,f",,,"FR-I,WAT",105.63,57.67,0.79,142.2,23.6,37,,,,,,,,,,,
113.67436,36.19162,0.43209,25.57,244.0,8.81,1.89,False,True,True,False,J073442.31+361139.8,"f,j",SDSS J073441.84+361129.6,s,"FR-II,WAT",47.17,18.59,1.22,103.2,15.8,42,-22.83,WHL J073441.9+361130,0.4321,s,1718.0,0.0,0.0,0.59,26.78,1.22,11.0
113.87543,63.7848,0.28378,25.31,137.0,,,True,False,True,False,J073529.78+634706.4,,DESI J073530.10+634705.3,p,"FR-I,WAT",82.45,51.86,0.61,144.7,115.4,31,,Y21 J073530.1+634705,0.2838,p,1175.0,0.0,0.0,0.644,22.05,1.01,9.0
113.91592,25.17237,0.0856,24.67,179.0,,,False,False,True,False,J073540.04+251010.1,"g,j",DESI J073539.82+251020.5,s,"--,WAT",233.01,87.68,1.28,133.5,70.3,108,,WHL J073539.8+251020,0.0856,s,373.0,0.0,0.0,0.88,37.21,2.12,17.0
113.91852,36.32005,0.12827,24.61,45.0,,1.14,True,False,False,True,J073540.42+361918.5,j,DESI J073540.44+361912.2,p,"FR-I,NAT",77.53,16.58,2.02,52.1,6.6,19,,CFSFDP J073540.4+361912,0.1283,p,553.0,0.0,0.0,0.529,12.37,0.58,7.0
113.92878,35.34225,0.01207,22.48,7.0,,0.47,True,False,True,False,J073542.72+352032.3,,DESI J073542.91+352032.1,p,"FR-I,WAT",86.83,43.91,0.89,147.1,137.2,28,,WH J073540.4+351901,0.8964,p,3136.0,96.0,770.0,0.584,32.71,1.48,14.0
113.98839,22.14517,,,,,,False,True,True,False,J073557.21+220842.6,,,,"FR-II,WAT",234.4,109.51,1.0,97.1,12.6,35,,,,,,,,,,,
114.05357,32.20533,0.21539,24.27,90.0,,0.59,False,True,True,False,J073612.98+321211.4,,DESI J073612.86+321219.2,p,"FR-II,WAT",14.04,9.44,0.52,105.7,36.2,25,,,,,,,,,,,
114.07133,18.95283,,,,,,True,False,True,False,J073617.00+185701.8,f,DESI J073617.12+185710.2,,"FR-I,WAT",467.79,130.83,1.67,145.3,40.2,66,,AMF J073617.1+185710,0.0972,s,422.0,0.0,0.0,0.966,57.62,2.56,38.0
114.07541,24.17851,0.14709,25.46,178.0,8.81,1.15,True,False,False,True,J073618.88+241111.9,g,SDSS J073618.09+241042.6,s,"FR-I,NAT",443.73,172.95,1.24,52.6,19.1,67,-23.03,AMF J073618.1+241043,0.1483,s,636.0,0.0,0.0,0.947,58.04,2.58,31.0
114.09553,41.72696,,,,,,False,True,True,False,J073622.93+414337.1,,,,"FR-II,WAT",15.66,10.3,0.55,148.1,28.1,36,,,,,,,,,,,
114.24206,43.48393,0.2731,25.46,297.0,,1.35,True,False,True,False,J073658.15+432856.1,,WISEA J073658.09+432902.1,s,"FR-I,WAT",85.74,15.53,2.24,116.7,37.3,69,,,,,,,,,,,
114.293,20.93762,0.56516,25.56,234.0,,1.95,False,True,True,False,J073710.34+205616.5,,DESI J073710.32+205615.4,p,"FR-II,WAT",25.13,10.74,1.12,167.9,112.4,35,,AMF J073710.3+205615,0.5755,s,2200.0,0.0,0.0,0.87,70.32,3.1,40.0
114.35538,47.63908,0.26375,25.02,172.0,,1.66,False,False,False,True,J073725.19+473822.1,,WISEA J073725.29+473820.6,s,"--,NAT",45.89,21.78,0.98,65.6,242.3,41,,WHL J073710.9+473735,0.349,p,1420.0,152.0,775.0,0.58,17.24,0.79,12.0
114.3888,34.83026,0.57818,25.75,291.0,,1.72,True,False,True,False,J073733.54+344946.7,,WISEA J073733.31+344948.9,s,"FR-I,WAT",41.09,21.52,0.85,168.0,174.6,43,,AMF J073721.0+345123,0.299,s,1233.0,178.0,819.0,0.7,28.46,1.29,19.0
114.4279,59.93597,,,,,,False,True,True,False,J073742.70+595609.5,,,,"FR-II,WAT",92.99,40.64,1.09,116.2,19.1,43,,,,,,,,,,,
114.46764,19.72694,0.56983,25.73,229.0,8.33,1.93,False,True,True,False,J073752.11+194337.6,,WISEA J073752.23+194336.9,s,"FR-II,WAT",32.7,11.9,1.33,159.9,69.5,34,-23.19,WHL J073752.2+194337,0.5699,s,2182.0,0.0,0.0,0.604,25.47,1.16,13.0
114.54877,45.70376,0.763,25.91,205.0,9.18,1.86,False,True,True,False,J073811.30+454215.6,,SDSS J073811.70+454213.5,s,"FR-II,WAT",29.56,14.65,0.92,109.5,12.0,27,-21.87,WH J073811.7+454214,0.763,s,2769.0,0.0,0.0,0.464,17.15,0.79,8.0
114.67419,63.49441,,,,,,True,False,False,True,J073841.81+632939.9,,,,"FR-I,NAT",13.73,7.3,0.83,81.5,7.0,15,,,,,,,,,,,
114.68626,35.84511,0.21637,25.31,112.0,8.83,1.33,True,False,True,False,J073845.13+355046.1,,2MASX J07384471+3550424,s,"FR-I,WAT",151.34,101.35,0.53,105.7,14.1,31,-23.16,AMF J073844.7+355042,0.2164,s,912.0,0.0,0.0,0.953,62.87,2.78,31.0
114.7065,41.98546,0.17945,25.04,172.0,8.68,1.27,True,False,False,True,J073848.31+415925.8,"f,h,j",WISEA J073849.56+415907.6,s,"FR-I,NAT",103.33,31.01,1.58,49.3,23.1,55,-22.8,WHL J073849.5+415908,0.1795,s,764.0,0.0,0.0,0.83,41.13,1.84,21.0
114.70363,32.33796,0.7357,26.28,262.0,,1.77,False,False,True,False,J073848.85+322022.8,,DESI J073848.87+322016.7,p,"--,WAT",80.91,43.8,0.81,100.4,13.1,35,,WH J073854.2+321851,0.3237,s,1326.0,109.0,529.0,0.555,19.25,0.88,9.0
114.72836,38.77444,0.30873,25.61,399.0,,1.71,False,False,True,False,J073855.62+384618.6,f,DESI J073854.81+384628.0,p,"--,WAT",126.85,62.96,0.92,121.3,120.2,85,,WHL J073854.8+384628,0.3152,p,1294.0,0.0,0.0,0.95,77.98,3.43,28.0
114.75965,42.46054,1.08991,26.12,226.0,,,False,False,True,False,J073902.05+422739.0,,DESI J073902.32+422737.9,p,"--,WAT",27.57,18.61,0.52,136.7,102.9,27,,,,,,,,,,,
114.76962,44.46734,0.12762,23.99,108.0,,1.93,True,False,True,False,J073904.14+442804.2,,DESI J073904.71+442802.4,p,"FR-I,WAT",21.0,9.53,1.04,143.8,33.1,46,,WH J073851.4+442800,0.8437,p,2994.0,142.0,1118.0,0.411,11.99,0.56,6.0
114.80896,21.264,0.6772,25.25,101.0,,1.97,True,False,False,True,J073914.35+211549.2,,WISEA J073914.15+211550.3,s,"FR-I,NAT",11.37,8.45,0.39,61.8,7.4,14,,WHL J073914.2+211551,0.6773,s,2517.0,0.0,0.0,0.683,38.78,1.74,20.0
114.87218,26.10897,0.29942,24.74,124.0,,1.59,True,False,False,True,J073929.07+260629.8,,DESI J073929.32+260632.3,p,"FR-I,NAT",19.19,10.91,0.74,77.9,8.4,27,,WHL J073933.0+260724,0.2999,s,1236.0,72.0,332.0,0.68,18.39,0.84,9.0
114.88099,39.78881,0.09766,24.39,112.0,,1.05,True,False,False,True,J073929.76+394705.8,,WISEA J073931.43+394719.7,s,"FR-I,NAT",90.25,27.16,1.58,32.6,15.2,60,,WH J073936.5+394705,0.9002,p,3146.0,60.0,482.0,0.445,17.8,0.82,6.0
115.01683,21.24973,0.7916,25.75,215.0,,2.11,False,True,True,False,J074004.31+211459.8,,DESI J074004.04+211459.0,p,"FR-II,WAT",26.27,19.79,0.37,156.3,36.0,28,,,,,,,,,,,
115.09841,47.45185,0.57604,25.62,223.0,,1.23,False,True,True,False,J074023.04+472704.7,,DESI J074023.62+472706.7,p,"FR-II,WAT",32.35,18.39,0.74,112.4,21.8,33,,WHL J074034.0+472743,0.4924,s,1926.0,111.0,694.0,0.656,23.33,1.06,12.0
115.10633,48.85705,0.90156,25.74,232.0,,1.82,False,False,True,False,J074025.09+485121.0,c,DESI J074025.52+485125.4,p,"--,WAT",17.82,12.36,0.48,99.1,12.4,29,,,,,,,,,,,
115.17877,34.97041,,,,,,True,False,True,False,J074042.90+345813.5,,,,"FR-I,WAT",30.35,7.09,1.91,129.2,8.7,20,,,,,,,,,,,
115.25618,26.34313,,,,,2.08,True,False,True,False,J074101.48+262035.3,f,,,"FR-I,WAT",10.34,5.38,0.86,99.2,8.7,21,,,,,,,,,,,
115.31451,16.54837,0.10131,24.13,32.0,8.16,0.99,True,False,True,False,J074115.74+163257.3,,WISEA J074115.48+163254.1,s,"FR-I,WAT",40.97,5.4,2.66,116.1,12.4,17,-22.21,WHL J074118.0+163156,0.1849,s,786.0,68.0,219.0,0.89,38.26,2.18,17.0
115.32529,16.53233,0.1849,24.9,131.0,,1.01,False,False,True,False,J074118.50+163157.9,j,WISEA J074118.07+163156.3,s,"--,WAT",62.88,12.61,2.11,135.1,18.2,41,,AMF J074118.0+163156,0.1013,s,440.0,0.0,0.0,0.716,23.8,1.08,14.0
115.33659,58.86128,0.37064,25.64,238.0,,,False,False,True,False,J074119.56+585142.8,,DESI J074120.78+585140.6,p,"--,WAT",87.97,41.74,0.98,125.9,57.5,45,,Y21 J074120.8+585141,0.3936,p,1582.0,0.0,0.0,0.742,37.67,1.69,28.0
115.48384,58.31502,0.43797,25.16,252.0,,,False,True,True,False,J074155.82+581858.8,,DESI J074156.12+581854.1,p,"FR-II,WAT",21.89,13.39,0.64,140.7,40.1,43,,,,,,,,,,,
115.48332,36.76613,0.20253,24.66,148.0,8.29,1.43,True,False,True,False,J074156.04+364554.6,,WISEA J074155.99+364558.0,s,"FR-I,WAT",36.23,17.38,0.96,162.0,41.8,43,-23.34,WHL J074156.1+364558,0.2025,s,856.0,1.0,3.0,0.71,18.64,1.0,8.0
115.52584,47.35406,0.51589,25.1,115.0,,1.88,True,False,True,False,J074206.31+472116.2,,DESI J074206.20+472114.6,p,"FR-I,WAT",14.95,11.44,0.35,113.5,10.1,18,,CFSFDP J074206.2+472115,0.5066,s,1974.0,0.0,0.0,0.588,19.8,0.91,14.0
115.70021,58.39485,0.62207,25.31,140.0,,,False,True,True,False,J074248.71+582346.3,,DESI J074248.05+582341.5,p,"FR-II,WAT",15.83,11.78,0.39,91.2,10.3,20,,Y21 J074253.6+582456,0.5865,p,2235.0,86.0,587.0,0.741,42.51,1.9,17.0
115.77175,27.17012,0.38009,25.75,290.0,,0.65,True,False,False,True,J074305.69+271029.1,"f,j",DESI J074305.22+271012.4,p,"FR-I,NAT",111.98,61.31,0.79,84.9,19.4,54,,WHL J074300.8+270828,0.2624,p,1092.0,120.0,503.0,0.79,28.64,1.6,20.0
115.79638,52.06074,0.50907,25.33,184.0,,,True,False,False,True,J074310.59+520347.9,,DESI J074311.13+520338.6,p,"FR-I,NAT",21.95,11.99,0.79,77.4,16.3,29,,Y21 J074311.1+520339,0.5117,p,1991.0,0.0,0.0,0.594,19.76,0.91,9.0
115.79477,18.37727,,,,,,False,True,True,False,J074310.74+182238.2,,,,"FR-II,WAT",20.45,14.05,0.49,136.7,17.3,33,,,,,,,,,,,
115.84622,17.56172,0.1001,25.07,101.0,8.49,1.0,True,False,False,True,J074324.52+173352.9,,WISEA J074323.09+173342.1,s,"FR-I,NAT",428.6,186.58,1.09,63.4,80.8,53,-22.97,WHL J074323.1+173342,0.1001,s,434.0,0.0,0.0,1.0,64.89,2.87,55.0
115.87718,44.22225,0.73546,25.48,285.0,,2.03,False,True,True,False,J074331.02+441320.0,,SDSS J074330.52+441320.1,s,"FR-II,WAT",14.06,8.73,0.63,122.8,30.2,38,,,,,,,,,,,
115.94994,51.57141,0.39379,25.31,148.0,,,False,False,True,False,J074347.73+513416.0,,DESI J074347.99+513417.1,p,"--,WAT",35.0,16.24,1.01,153.9,199.0,27,,Y21 J074339.5+513417,0.3981,p,1598.0,79.0,438.0,0.765,39.21,1.76,20.0
115.98475,32.47709,0.54341,25.16,171.0,,1.99,False,True,True,False,J074355.92+322835.6,,DESI J074356.34+322837.5,p,"FR-II,WAT",11.13,4.91,1.07,110.1,10.0,26,,CAMIRA J074400.6+322918,0.5403,p,2085.0,68.0,446.0,0.818,58.66,2.6,30.0
116.04648,27.67069,,,,,,False,False,True,False,J074411.16+274014.5,c,,,"--,WAT",8.55,3.53,1.16,130.4,8.3,16,,,,,,,,,,,
116.05612,60.26034,,,,,,False,True,True,False,J074413.47+601537.2,,,,"FR-II,WAT",8.6,6.69,0.33,147.9,10.0,18,,,,,,,,,,,
116.23069,21.64237,0.26374,25.09,147.0,,0.23,False,False,True,False,J074455.93+213831.8,,DESI J074455.37+213832.5,p,"--,WAT",58.6,37.93,0.57,108.4,18.1,35,,WHL J074455.7+213817,0.3533,s,1435.0,16.0,82.0,0.716,36.48,1.64,13.0
116.24758,16.98314,0.30149,25.1,143.0,,1.55,False,True,True,False,J074459.81+165859.4,f,DESI J074459.42+165859.3,p,"FR-II,WAT",43.28,25.28,0.71,125.1,13.6,31,,,,,,,,,,,
116.27008,33.21563,0.21967,25.55,216.0,,1.45,True,False,True,False,J074505.45+331251.0,,DESI J074504.83+331256.5,s,"FR-I,WAT",230.07,104.89,1.03,136.4,39.1,59,,maxBCG J074504.8+331256,0.2201,s,926.0,0.0,0.0,0.981,68.31,3.02,56.0
116.43786,22.29003,0.46546,25.23,145.0,,1.89,True,False,True,False,J074544.81+221730.2,,WISEA J074545.08+221724.1,s,"FR-I,WAT",19.14,8.46,1.07,118.2,25.3,24,,CFSFDP J074545.1+221724,0.465,s,1832.0,0.0,0.0,0.59,15.74,0.73,12.0
116.58953,36.0147,0.55184,25.68,238.0,9.26,1.93,True,False,True,False,J074621.56+360055.0,,WISEA J074621.48+360052.9,s,"FR-I,WAT",37.36,17.8,0.97,166.4,58.4,36,-22.95,CAMIRA J074630.8+355923,0.5494,s,2115.0,145.0,960.0,0.764,50.44,2.25,21.0
116.60647,26.35124,1.18971,26.48,579.0,,,False,False,True,False,J074625.77+262110.4,,DESI J074625.55+262104.5,p,"--,WAT",45.78,27.45,0.67,167.5,118.7,68,,WH J074622.6+262210,0.4171,p,1665.0,77.0,439.0,0.504,17.77,0.82,8.0
116.62365,18.90321,0.30193,25.02,189.0,,1.56,False,True,True,False,J074629.87+185420.3,,DESI J074629.68+185411.6,p,"FR-II,WAT",34.96,18.41,0.84,139.6,63.3,41,,,,,,,,,,,
116.65865,21.19533,,,,,,False,True,True,False,J074638.08+211143.2,,,,"FR-II,WAT",14.7,8.26,0.76,167.7,,48,,,,,,,,,,,
116.65763,52.01333,0.91342,26.29,483.0,,1.16,False,True,True,False,J074638.24+520049.2,,DESI J074637.83+520048.0,p,"FR-II,WAT",55.93,34.99,0.62,150.3,221.1,60,,,,,,,,,,,
116.69432,22.42245,0.48816,25.55,205.0,8.56,1.97,False,False,True,False,J074646.98+222523.0,,WISEA J074646.63+222520.8,s,"--,WAT",41.72,24.63,0.69,137.9,30.4,33,-23.39,WHL J074644.4+222439,0.4882,s,1912.0,52.0,324.0,0.914,75.9,3.34,34.0
116.73787,52.77214,0.21269,25.38,423.0,,,False,False,True,False,J074658.05+524616.4,,DESI J074657.09+524619.7,p,"--,WAT",161.55,61.28,1.27,168.3,,118,,,,,,,,,,,
116.77123,28.93021,0.26049,25.44,287.0,8.73,1.5,True,False,True,False,J074704.46+285546.6,,WISEA J074705.09+285548.7,s,"FR-I,WAT",125.68,64.58,0.87,104.7,8.1,69,-22.93,WHL J074705.1+285549,0.2605,s,1085.0,0.0,0.0,0.724,31.54,1.43,26.0
116.91358,30.22532,0.47913,25.0,154.0,7.55,1.87,True,False,True,False,J074739.40+301330.3,,WISEA J074739.25+301331.1,s,"FR-I,WAT",12.57,7.93,0.6,167.4,176.2,25,-23.54,WH J074739.3+301331,0.4791,s,1881.0,0.0,0.0,0.562,25.05,1.14,12.0
117.12561,48.83199,0.60717,25.14,180.0,8.73,1.93,False,False,True,False,J074830.38+484953.1,f,WISEA J074830.14+484955.1,s,"--,WAT",11.01,7.84,0.45,146.5,14.4,26,-22.36,WHL J074830.4+484927,0.6078,s,2302.0,29.0,201.0,0.63,30.51,1.38,13.0
117.17415,17.58234,1.08719,26.6,352.0,,0.35,False,True,True,False,J074841.98+173458.5,,WISEA J074841.79+173456.4,s,"FR-II,WAT",87.27,61.8,0.45,158.1,101.8,42,,,,,,,,,,,
117.18795,23.4127,0.1901,25.74,167.0,,1.3,False,True,True,False,J074845.31+232445.8,f,WISEA J074845.10+232445.7,s,"FR-II,WAT",514.01,280.58,0.79,142.6,41.3,51,,AMF J074842.0+232525,0.3549,s,1441.0,58.0,299.0,0.581,15.49,0.72,6.0
117.28673,30.17153,2.31349,27.23,251.0,,0.15,False,True,True,False,J074909.08+301022.0,c,DESI J074908.82+301017.5,p,"FR-II,WAT",45.61,23.33,0.88,161.1,46.8,30,,,,,,,,,,,
117.33661,52.35089,0.06682,23.7,38.0,,1.05,True,False,False,True,J074921.31+522110.6,,2MASX J07492075+5221029,s,"FR-I,NAT",42.73,18.33,1.11,56.0,12.1,29,,WH J074915.2+521944,0.4155,p,1660.0,94.0,534.0,0.501,12.5,0.58,6.0
117.35439,17.36618,,,,,,False,False,True,False,J074925.05+172158.3,,,,"--,WAT",65.0,36.19,0.77,160.9,92.6,68,,,,,,,,,,,
117.3635,52.0424,0.06828,24.83,159.0,8.64,1.06,True,False,True,False,J074927.47+520218.7,j,MCG +09-13-062,s,"FR-I,WAT",544.75,212.89,1.23,123.3,27.3,118,-22.94,SPIDERS 1_02441,0.0778,p,340.0,0.0,0.0,,,,
117.47473,46.15267,,,,,,False,True,True,False,J074953.94+460909.6,,,,"FR-II,WAT",12.17,5.95,0.94,161.5,95.4,35,,,,,,,,,,,
117.5036,58.94956,0.40779,25.72,196.0,,,False,True,True,False,J075001.14+585652.9,,DESI J075000.86+585658.4,p,"FR-II,WAT",92.39,55.34,0.67,112.7,17.5,35,,Y21 J075000.9+585658,0.4251,p,1694.0,0.0,0.0,0.72,39.51,1.77,25.0
117.57628,58.69341,0.2336,24.87,177.0,,,True,False,True,False,J075018.50+584137.4,f,DESI J075018.31+584136.3,p,"FR-I,WAT",45.54,27.71,0.65,152.5,43.3,46,,Y21 J075018.3+584136,0.2404,p,1007.0,0.0,0.0,0.77,36.46,1.64,18.0
117.62936,24.21082,0.39195,,307.0,,1.92,False,False,False,True,J075030.46+241243.6,,WISEA J075031.04+241238.9,s,"--,NAT",26.3,,,81.0,53.2,56,,WHL J075031.0+241239,0.392,s,1576.0,1.0,5.0,0.611,24.38,1.11,15.0
117.66178,57.49111,0.68,25.33,218.0,,,False,True,True,False,J075038.72+572929.3,,DESI J075038.83+572928.0,p,"FR-II,WAT",12.91,8.77,0.51,152.1,18.5,30,,,,,,,,,,,
117.7072,17.69436,0.18226,24.88,136.0,,1.26,False,True,False,True,J075050.36+174143.8,f,WISEA J075049.72+174139.6,s,"FR-II,NAT",78.75,46.31,0.7,79.6,13.6,43,,WHL J075053.0+174036,0.1886,s,800.0,79.0,258.0,1.232,151.59,6.54,115.0
117.7382,59.97561,,,,,,False,True,True,False,J075057.17+595832.2,,,,"FR-II,WAT",11.23,8.91,0.3,117.8,6.0,19,,,,,,,,,,,
117.78139,16.57551,0.67058,25.39,173.0,,1.93,False,True,True,False,J075107.44+163431.2,,DESI J075107.53+163431.8,p,"FR-II,WAT",14.42,9.17,0.59,162.5,34.2,24,,CFSFDP J075107.5+163432,0.6463,p,2422.0,0.0,0.0,0.556,24.25,1.1,11.0
117.82003,38.47594,0.26266,24.65,155.0,,1.54,False,True,True,False,J075116.80+382836.5,,WISEA J075116.80+382833.3,s,"FR-II,WAT",20.56,11.09,0.81,117.9,18.7,37,,WHL J075120.8+383103,0.2629,s,1094.0,157.0,660.0,0.54,10.35,0.53,6.0
117.86864,24.86718,0.38676,25.08,136.0,7.86,2.35,False,True,True,False,J075128.37+245204.0,a,SDSS J075128.47+245201.8,s,"FR-II,WAT",22.71,11.95,0.84,131.5,17.6,25,-23.58,WHL J075128.5+245201,0.3868,s,1557.0,1.0,5.0,0.79,39.38,1.77,35.0
118.09102,33.56363,0.1403,24.65,253.0,,1.15,False,True,False,True,J075221.47+333342.9,,WISEA J075221.84+333349.0,s,"FR-II,NAT",78.96,39.03,0.92,66.9,75.8,99,,CFSFDP J075221.8+333349,0.1403,s,603.0,0.0,0.0,0.59,16.56,0.76,12.0
118.09874,45.44121,0.81772,26.46,335.0,,1.12,False,True,True,False,J075223.81+452630.5,,DESI J075223.70+452628.4,p,"FR-II,WAT",102.71,60.66,0.69,147.2,30.8,43,,,,,,,,,,,
118.11899,37.84823,1.20739,27.53,384.0,,0.4,False,True,True,False,J075228.68+375058.5,"c,f",[HB89] 0749+379,s,"FR-II,WAT",380.26,175.87,1.01,141.8,31.0,45,,,,,,,,,,,
118.12178,40.379,0.01043,22.19,6.0,,0.66,False,True,False,True,J075229.94+402245.0,,DESI J075229.23+402244.4,p,"FR-II,NAT",58.64,29.61,0.9,83.0,10.7,30,,,,,,,,,,,
118.18418,45.9493,0.05174,24.65,110.0,,,False,True,True,False,J075240.55+455636.7,,DESI J075244.21+455657.4,s,"FR-II,WAT",622.43,153.49,1.84,151.4,117.8,105,,,,,,,,,,,
118.19046,13.46332,0.29755,25.22,192.0,8.49,1.61,False,True,False,True,J075246.27+132800.0,,WISEA J075245.71+132747.9,s,"FR-II,NAT",51.03,19.4,1.27,67.0,17.1,42,-22.55,WHL J075241.7+132644,0.2991,s,1233.0,87.0,400.0,0.83,40.45,1.81,21.0
118.26398,28.54469,1.15819,26.5,212.0,,0.64,False,False,True,False,J075303.38+283243.1,,SDSS J075303.35+283240.8,s,"--,WAT",51.01,30.23,0.69,110.7,13.3,25,,,,,,,,,,,
118.27536,37.2568,0.43642,25.61,193.0,,1.15,False,True,True,False,J075306.23+371522.8,,DESI J075306.09+371524.5,p,"FR-II,WAT",59.77,33.48,0.76,153.4,51.2,33,,,,,,,,,,,
118.34949,55.53961,0.32085,25.29,125.0,,,True,False,False,True,J075324.80+553217.7,,DESI J075323.88+553222.6,p,"FR-I,NAT",54.31,25.76,0.98,68.5,8.4,26,,WHY18 J075323.9+553223,0.3209,p,1315.0,0.0,0.0,0.852,52.72,2.35,36.0
118.36743,33.8476,0.70583,26.5,303.0,,0.13,False,True,True,False,J075328.11+335050.6,,[HB89] 0750+339,s,"FR-II,WAT",147.59,78.06,0.84,149.5,22.7,41,,,,,,,,,,,
118.37046,33.58127,0.18928,24.96,203.0,8.06,1.31,True,False,True,False,J075328.64+333500.2,,WISEA J075328.91+333452.5,s,"FR-I,WAT",85.2,44.88,0.84,162.2,90.7,62,-23.01,maxBCG J075328.9+333453,0.1893,s,803.0,0.0,0.0,0.718,30.09,1.36,23.0
118.39333,36.11037,0.23333,24.54,192.0,,1.45,False,False,True,False,J075334.24+360640.6,,DESI J075334.40+360637.3,p,"--,WAT",25.66,29.52,-0.18,167.4,169.5,50,,CFSFDP J075328.1+360757,0.3922,p,1577.0,110.0,604.0,0.473,10.98,0.51,6.0
118.43883,20.13765,1.01519,25.94,272.0,,1.92,False,False,True,False,J075345.36+200822.2,,DESI J075345.32+200815.5,p,"--,WAT",20.26,13.03,0.58,151.4,28.2,33,,,,,,,,,,,
118.44817,23.03195,0.50159,25.83,322.0,9.39,1.94,True,False,True,False,J075347.28+230206.0,,WISEA J075347.56+230155.0,s,"FR-I,WAT",61.03,24.73,1.19,108.7,24.8,51,-23.44,WHL J075347.6+230155,0.5016,s,1957.0,0.0,0.0,0.952,88.15,3.86,44.0
118.47937,21.09284,0.89848,25.67,385.0,,0.26,False,False,True,False,J075354.73+210535.4,,DESI J075355.05+210534.2,p,"--,WAT",15.12,10.16,0.52,164.6,161.1,48,,WH J075348.7+210524,0.6758,p,2512.0,89.0,647.0,0.464,17.68,0.81,10.0
118.67772,39.86077,0.28909,24.94,166.0,,1.63,True,False,True,False,J075442.72+395137.6,f,WISEA J075442.65+395138.7,s,"FR-I,WAT",35.94,27.22,0.36,105.3,13.5,37,,Y21 J075442.7+395139,0.2891,s,1195.0,0.0,0.0,0.617,22.42,1.02,15.0
118.77781,26.35444,0.1228,24.34,80.0,,1.12,True,False,True,False,J075506.22+262105.6,g,WISEA J075506.67+262115.9,s,"FR-I,WAT",46.7,11.81,1.8,164.0,50.2,35,,AMF J075505.5+262236,0.5974,p,2270.0,82.0,565.0,0.496,15.63,0.72,8.0
118.79703,19.1603,0.31434,24.98,138.0,,1.64,True,False,True,False,J075511.71+190946.5,f,2MASS J07551128+1909370,s,"FR-I,WAT",28.58,14.95,0.85,104.1,20.2,29,,WHL J075511.3+190937,0.3143,s,1290.0,0.0,0.0,0.744,38.78,1.74,22.0
118.82232,17.24866,0.76969,25.87,175.0,,1.49,True,False,False,True,J075517.08+171457.9,c,DESI J075517.36+171455.2,p,"FR-I,NAT",34.19,23.34,0.5,50.7,4.3,23,,CLuMPR J075522.0+171708,0.7892,p,2843.0,148.0,1140.0,0.506,22.18,1.01,12.0
118.85331,61.99398,0.27766,24.92,87.0,,,True,False,True,False,J075524.34+615941.0,,DESI J075524.79+615938.3,p,"FR-I,WAT",28.0,8.75,1.53,113.0,8.4,20,,WHY18 J075524.8+615938,0.3022,p,1245.0,0.0,0.0,0.589,18.68,0.86,12.0
118.97658,48.19202,0.39608,25.69,265.0,,0.7,False,True,True,False,J075553.87+481127.0,,DESI J075554.38+481131.3,p,"FR-II,WAT",84.8,41.59,0.93,169.0,42.0,48,,,,,,,,,,,
119.06438,25.23177,0.21402,25.42,194.0,,1.32,False,True,True,False,J075615.49+251342.2,c,DESI J075615.45+251354.4,p,"FR-II,WAT",185.39,90.21,0.95,128.9,54.8,54,,maxBCG J075614.8+251341,0.2021,s,855.0,16.0,55.0,0.745,31.27,1.41,15.0
119.0982,15.22326,0.29783,25.28,211.0,,1.53,True,False,True,False,J075623.12+151319.0,,DESI J075623.57+151323.7,p,"FR-I,WAT",54.13,16.0,1.6,101.8,25.6,46,,WH J075623.6+151324,0.3181,p,1305.0,0.0,0.0,0.481,13.21,0.61,8.0
119.11212,32.5423,0.20403,24.84,246.0,,1.38,False,True,True,False,J075626.63+323241.2,,SDSS J075626.91+323232.3,s,"FR-II,WAT",51.29,20.36,1.21,153.2,101.2,71,,maxBCG J075626.9+323232,0.2041,s,863.0,0.0,0.0,0.713,29.55,1.34,16.0
119.11588,14.00735,0.63313,25.49,247.0,,1.93,False,True,True,False,J075627.78+140025.1,,DESI J075627.81+140026.5,p,"FR-II,WAT",22.4,16.02,0.44,160.0,348.4,35,,WH J075631.4+140146,0.9444,p,3261.0,96.0,780.0,0.371,11.2,0.52,6.0
119.17296,60.50404,0.26613,25.16,300.0,,,False,False,False,True,J075640.56+603024.6,j,DESI J075641.51+603014.6,p,"--,NAT",55.1,18.16,1.46,29.8,10.3,71,,,,,,,,,,,
119.17928,60.51178,,,,,,False,True,True,False,J075643.03+603042.4,f,,,"FR-II,WAT",54.89,16.23,1.6,90.5,6.6,23,,,,,,,,,,,
119.24297,48.40082,0.5711,25.48,148.0,,1.98,False,True,True,False,J075658.49+482407.8,,SDSS J075658.31+482402.9,s,"FR-II,WAT",24.13,13.89,0.72,113.7,14.2,22,,CFSFDP J075658.3+482403,0.5711,s,2186.0,0.0,0.0,0.558,24.0,1.09,11.0
119.27376,28.90571,0.41594,25.16,244.0,8.96,1.87,False,True,True,False,J075704.68+285419.5,,WISEA J075705.70+285420.5,s,"FR-II,WAT",24.75,15.56,0.61,123.5,129.5,43,-23.05,WH J075705.7+285421,0.4159,s,1661.0,0.0,0.0,0.594,24.88,1.13,12.0
119.27936,35.97969,0.13295,24.93,203.0,8.75,1.14,False,True,False,True,J075706.49+355853.3,,WISEA J075707.04+355846.8,s,"FR-II,NAT",175.66,106.37,0.66,24.1,7.7,83,-23.26,WHL J075707.1+355847,0.1586,p,678.0,0.0,0.0,0.779,38.79,1.74,23.0
119.33525,24.21314,,,,,,False,False,True,False,J075720.46+241247.3,,,,"--,WAT",19.38,10.17,0.85,164.2,55.4,37,,,,,,,,,,,
119.35366,25.8938,,,,,,False,False,True,False,J075724.88+255337.7,,,,"--,WAT",16.57,8.26,0.91,149.8,21.3,27,,,,,,,,,,,
119.36092,20.48607,0.68117,25.62,481.0,,1.47,False,True,True,False,J075726.71+202908.9,,DESI J075726.62+202909.8,p,"FR-II,WAT",19.58,9.39,0.96,169.1,255.3,66,,,,,,,,,,,
119.36933,63.237,0.90187,25.68,393.0,,,False,True,True,False,J075729.43+631416.6,,DESI J075728.64+631413.2,p,"FR-II,WAT",8.92,3.24,1.33,160.7,52.1,49,,CFSFDP J075715.8+631502,0.9494,p,3274.0,100.0,814.0,0.621,32.79,1.48,10.0
119.40955,58.41041,0.19593,24.32,84.0,,,True,False,True,False,J075737.80+582442.3,f,DESI J075738.29+582437.5,p,"FR-I,WAT",18.63,11.05,0.69,141.0,20.6,25,,Y21 J075716.3+582518,0.2227,p,937.0,177.0,658.0,0.649,25.06,1.14,11.0
119.47907,40.89249,0.91211,26.21,418.0,,1.46,False,True,True,False,J075755.33+405335.8,,DESI J075754.98+405333.0,p,"FR-II,WAT",42.82,23.84,0.77,133.9,60.8,52,,maxBCG J075801.0+405411,0.2853,s,1180.0,78.0,347.0,0.745,35.43,1.6,22.0
119.52673,36.81221,0.38514,25.64,282.0,8.36,1.77,False,True,True,False,J075806.64+364846.4,,WISEA J075806.41+364843.9,s,"FR-II,WAT",84.42,45.59,0.81,164.4,131.4,52,-22.86,,,,,,,,,,
119.55855,11.2825,0.29297,25.14,217.0,8.85,1.6,True,False,True,False,J075813.96+111652.2,a,WISEA J075814.05+111657.0,s,"FR-I,WAT",46.96,21.48,1.03,160.1,47.5,48,-22.93,WHL J075814.0+111657,0.293,s,1210.0,0.0,0.0,0.747,34.13,1.54,20.0
119.71733,28.59434,0.47745,25.56,289.0,,1.94,False,True,True,False,J075852.56+283539.2,,DESI J075852.16+283539.6,p,"FR-II,WAT",40.07,19.39,0.95,159.1,47.3,47,,CFSFDP J075852.2+283540,0.4965,s,1940.0,0.0,0.0,0.61,25.69,1.17,11.0
119.8143,58.66155,0.80449,26.26,217.0,,,True,False,True,False,J075915.17+583946.3,,DESI J075915.43+583941.6,p,"FR-I,WAT",57.68,27.48,0.97,116.7,22.0,28,,WH J075915.4+583942,0.8088,p,2898.0,0.0,0.0,0.587,27.97,1.27,10.0
119.82128,27.15447,0.09918,25.14,286.0,8.75,1.01,False,False,True,False,J075916.78+270906.8,a,WISEA J075917.10+270916.0,s,"--,WAT",506.98,214.23,1.13,163.1,441.1,151,-23.6,WHL J075917.1+270916,0.0989,s,430.0,0.0,0.0,0.958,56.54,2.51,35.0
119.97671,8.32733,0.23478,24.92,127.0,8.6,1.4,False,True,True,False,J075954.30+081942.0,,2MASS J07595441+0819383,s,"FR-II,WAT",47.01,22.06,0.99,141.9,20.0,33,-23.39,WHL J075954.0+081944,0.2348,s,985.0,8.0,31.0,0.964,66.65,2.94,46.0
119.98068,44.83916,,,,,,False,True,False,True,J075955.36+445021.0,b,,,"FR-II,NAT",100.21,43.49,1.1,85.6,11.3,31,,,,,,,,,,,
120.03167,18.26103,0.41284,25.19,169.0,,1.89,True,False,True,False,J080008.02+181541.4,,DESI J080007.60+181539.7,p,"FR-I,WAT",23.93,11.35,0.98,127.0,27.2,30,,,,,,,,,,,
120.08817,56.04701,,,,,,True,False,True,False,J080021.20+560246.1,,DESI J080021.16+560249.2,,"FR-I,WAT",71.07,23.87,1.43,141.1,37.0,58,,WH J080026.5+560438,0.9677,p,3320.0,118.0,965.0,0.434,16.28,0.75,6.0
120.09608,31.45268,0.34043,25.05,185.0,,1.74,False,True,True,False,J080023.00+312710.1,,WISEA J080023.05+312709.6,s,"FR-II,WAT",30.57,19.92,0.56,158.5,915.9,37,,AMF J080023.1+312710,0.3404,s,1388.0,0.0,0.0,0.65,20.44,0.94,11.0
120.21993,13.49593,0.30727,25.02,206.0,,1.64,False,False,False,True,J080053.25+132955.4,,WISEA J080052.78+132945.3,s,"--,NAT",37.17,26.63,0.44,54.7,12.0,44,,WHL J080052.8+132945,0.3073,s,1264.0,0.0,0.0,0.514,12.69,0.59,7.0
120.22627,42.04601,0.81193,25.54,186.0,,2.21,True,False,True,False,J080053.97+420244.2,,DESI J080054.31+420245.6,p,"FR-I,WAT",17.24,15.52,0.14,134.8,23.7,24,,WH J080041.9+420328,0.4981,s,1945.0,144.0,906.0,0.515,16.88,0.78,7.0
120.22761,45.01383,2.36317,27.26,267.0,,-0.11,True,False,True,False,J080054.76+450050.2,,DESI J080054.62+450049.7,s,"FR-I,WAT",67.49,43.84,0.57,150.3,44.5,32,,,,,,,,,,,
120.25332,14.90505,0.8145,25.52,280.0,,-0.06,False,True,True,False,J080100.90+145416.9,c,DESI J080100.80+145418.2,p,"FR-II,WAT",16.55,15.0,0.13,149.0,26.7,36,,,,,,,,,,,
120.28292,43.84182,0.25535,25.22,160.0,,1.56,False,True,True,False,J080107.98+435032.3,,2MASX J08010789+4350305,s,"FR-II,WAT",80.53,42.86,0.83,110.5,12.1,39,,Y21 J080107.9+435031,0.2553,s,1065.0,0.0,0.0,0.732,29.58,1.34,11.0
120.41108,43.04117,,,,,,False,True,True,False,J080138.66+430228.2,,,,"FR-II,WAT",30.92,6.72,2.0,169.8,230.2,88,,,,,,,,,,,
120.44117,11.1338,0.92393,26.01,218.0,,0.36,True,False,True,False,J080146.06+110804.8,,WISEA J080145.88+110801.6,s,"FR-I,WAT",26.6,15.13,0.74,125.4,19.5,27,,,,,,,,,,,
120.49664,10.09358,0.07113,23.72,42.0,,0.81,True,False,False,True,J080159.84+100535.1,,DESI J080159.19+100536.9,p,"FR-I,NAT",41.11,28.76,0.47,87.9,14.7,30,,,,,,,,,,,
120.59565,39.07309,0.36432,25.59,131.0,8.56,1.82,False,False,False,True,J080223.65+390416.8,f,WISEA J080222.95+390423.1,s,"--,NAT",71.79,25.02,1.38,74.4,37.9,25,-22.95,GMBCG J080221.4+390336,0.4771,s,1874.0,50.0,308.0,0.566,10.05,0.47,7.0
120.73276,22.47239,0.36284,24.93,125.0,8.8,1.82,False,False,True,False,J080256.04+222820.4,,SDSS J080255.86+222820.6,s,"--,WAT",20.92,14.74,0.46,163.2,27.4,24,-22.78,,,,,,,,,,
120.81885,24.67675,0.04292,23.82,42.0,,,True,False,False,True,J080316.18+244050.9,j,CGCG 118-054,s,"FR-I,NAT",134.9,22.11,2.37,35.3,16.6,48,,,,,,,,,,,
120.86696,33.7383,0.63451,25.78,226.0,,1.64,False,False,True,False,J080327.78+334419.6,,DESI J080328.07+334417.9,p,"--,WAT",25.54,7.91,1.54,146.7,47.3,32,,WHL J080327.9+334416,0.625,s,2356.0,4.0,28.0,0.776,52.51,2.34,23.0
120.90703,10.84524,0.14234,24.97,241.0,,1.14,False,False,False,True,J080336.71+105043.1,d,WISEA J080337.68+105042.8,s,"--,NAT",132.63,21.0,2.42,70.3,22.8,93,,WHL J080337.7+105043,0.1438,s,617.0,0.0,0.0,0.685,23.8,1.08,17.0
120.91627,45.7646,0.50664,25.96,412.0,8.51,2.0,False,True,True,False,J080338.64+454551.8,,WISEA J080339.90+454552.5,s,"FR-II,WAT",93.66,50.29,0.82,157.4,83.5,65,-22.47,GMBCG J120.90370+45.71714,0.14,p,602.0,174.0,445.0,,,,
120.93006,9.95986,0.03431,23.67,73.0,,,True,False,True,False,J080343.80+095736.4,,2MASX J08034320+0957353,s,"FR-I,WAT",149.73,21.32,2.56,163.4,268.8,104,,MSPM 00130,0.0338,p,149.0,9.0,6.0,,,,
120.97214,49.1131,1.09645,26.15,285.0,,,False,True,True,False,J080353.28+490649.6,,DESI J080353.31+490647.2,p,"FR-II,WAT",27.09,16.91,0.62,157.8,15.0,34,,AMF J080345.1+490810,0.5747,s,2197.0,116.0,785.0,0.58,21.03,0.96,17.0
121.07797,60.60617,,,,,,False,True,True,False,J080418.71+603622.2,,,,"FR-II,WAT",40.2,15.64,1.24,161.8,92.4,57,,,,,,,,,,,
121.16572,54.57212,0.25811,24.77,149.0,8.64,1.51,False,False,False,True,J080440.02+543436.8,,WISEA J080439.77+543419.6,s,"--,NAT",28.07,14.76,0.84,39.0,16.5,36,-22.84,ZwCl 0800.8+5441,,p,,114.0,,,,,
121.35339,48.21843,0.47917,24.91,172.0,7.81,1.74,False,False,True,False,J080525.17+481308.7,,WISEA J080524.81+481306.3,s,"--,WAT",11.94,10.19,0.21,151.4,21.8,28,-22.1,WH J080541.4+481310,0.2945,p,1216.0,166.0,756.0,0.492,11.24,0.52,6.0
121.38369,37.85058,0.28493,25.07,249.0,8.31,1.63,False,False,True,False,J080532.95+375058.9,,WISEA J080532.08+375102.0,s,"--,WAT",43.48,20.77,0.97,111.7,277.4,56,-22.85,GMBCG J121.38363+37.85054,0.279,p,1156.0,0.0,0.0,,,,
121.40862,38.14605,1.0064,25.47,173.0,,,True,False,True,False,J080538.11+380848.5,,DESI J080538.07+380845.8,p,"FR-I,WAT",9.11,7.79,0.21,141.8,17.0,21,,CFSFDP J080530.9+380923,0.5625,s,2158.0,92.0,616.0,0.506,19.59,0.9,6.0
121.42955,16.23225,0.10003,24.76,176.0,8.67,,False,False,True,False,J080543.44+161357.0,,WISEA J080543.09+161356.0,s,"--,WAT",189.59,39.49,2.06,162.3,138.8,92,-22.47,maxBCG J080543.1+161356,0.1004,s,436.0,0.0,0.0,0.733,27.09,1.23,17.0
121.50642,19.10406,0.09788,24.65,91.0,8.18,0.94,False,False,True,False,J080601.58+190606.0,,WISEA J080601.54+190614.6,s,"--,WAT",178.62,115.2,0.58,151.6,65.5,49,-22.01,,,,,,,,,,
121.50889,37.15046,0.63431,25.52,183.0,,1.98,False,False,True,False,J080601.94+370905.5,,WISEA J080602.13+370901.6,s,"--,WAT",21.05,12.29,0.71,132.2,28.6,26,,Y21 J080602.1+370902,0.6342,s,2385.0,0.0,0.0,0.703,41.02,1.84,18.0
121.67335,45.22142,0.24385,24.56,103.0,,1.5,True,False,True,False,J080641.50+451321.1,a,WISEA J080641.60+451317.1,s,"FR-I,WAT",22.51,19.69,0.18,119.7,14.9,26,,maxBCG J080641.6+451317,0.2439,s,1020.0,0.0,0.0,0.742,32.34,1.46,26.0
121.67252,49.77478,0.24469,25.22,211.0,8.73,1.59,True,False,True,False,J080642.30+494636.1,,WISEA J080641.40+494629.2,s,"FR-I,WAT",88.61,46.55,0.84,130.7,31.8,53,-23.04,maxBCG J080647.8+494726,0.2447,s,1024.0,84.0,335.0,0.901,56.39,2.5,31.0
121.68795,16.48324,0.19475,24.43,97.0,,1.25,True,False,True,False,J080645.36+162901.5,,WISEA J080645.10+162859.6,s,"FR-I,WAT",26.81,22.74,0.22,149.3,34.1,29,,WH J080641.3+162739,0.795,p,2860.0,98.0,757.0,0.458,13.88,0.64,6.0
121.75532,13.04721,,,,,1.5,True,False,False,True,J080701.28+130249.9,,,,"FR-I,NAT",46.65,29.45,0.6,87.4,14.9,30,,,,,,,,,,,
121.8392,14.27192,,,,,,False,True,True,False,J080721.41+141618.9,"g,j",,,"FR-II,WAT",59.6,29.79,0.91,112.2,23.4,43,,,,,,,,,,,
121.96422,10.45725,0.61634,25.91,167.0,,1.87,True,False,True,False,J080751.35+102726.5,,DESI J080751.41+102726.1,p,"FR-I,WAT",36.6,11.35,1.54,129.6,11.5,24,,CFSFDP J080755.5+102702,0.6161,s,2328.0,64.0,447.0,0.579,22.67,1.03,8.0
122.02789,44.30802,0.84795,25.74,189.0,,,False,False,True,False,J080806.94+441831.0,,DESI J080806.69+441828.9,p,"--,WAT",19.01,11.97,0.61,132.1,15.6,24,,,,,,,,,,,
122.07235,55.19422,0.64724,25.54,264.0,,2.06,False,True,True,False,J080816.62+551139.1,,WISEA J080817.36+551139.1,s,"FR-II,WAT",19.45,10.22,0.84,138.3,40.9,37,,WHL J080817.3+551140,0.6473,s,2425.0,1.0,7.0,0.554,20.23,0.93,9.0
122.09308,39.0164,0.19564,25.02,137.0,,1.31,True,False,True,False,J080822.25+390104.4,a,SDSS J080822.33+390059.0,s,"FR-I,WAT",93.14,50.77,0.8,113.7,17.7,41,,NSC J080817+390052,0.1473,p,632.0,57.0,152.0,,,,
122.11858,53.65682,1.0556,26.29,350.0,,1.83,False,True,True,False,J080829.15+533930.4,,DESI J080828.46+533924.6,p,"FR-II,WAT",38.42,22.84,0.68,145.3,64.8,42,,WH J080818.2+534044,0.5653,s,2167.0,121.0,812.0,0.513,18.75,0.86,8.0
122.15422,16.75419,0.41344,25.19,181.0,8.4,1.89,False,True,True,False,J080837.38+164515.5,,WISEA J080837.01+164515.0,s,"FR-II,WAT",28.7,20.04,0.47,150.0,26.5,32,-23.09,GMBCG J080837.0+164515,0.4493,p,1778.0,0.0,0.0,0.671,33.37,1.51,12.0
122.35021,43.40946,,,,,,False,True,True,False,J080924.05+432434.0,,,,"FR-II,WAT",11.27,6.52,0.72,119.0,10.6,29,,,,,,,,,,,
122.35901,9.56778,0.23233,24.44,65.0,8.53,1.42,True,False,False,True,J080926.46+093405.9,f,WISEA J080926.16+093404.0,s,"FR-I,NAT",16.9,9.86,0.71,75.1,6.9,17,-22.94,WHL J080926.3+093404,0.2323,s,975.0,1.0,4.0,0.677,26.43,1.2,13.0
122.51456,10.66785,0.51064,25.5,235.0,,1.95,False,False,True,False,J081004.04+104004.4,,DESI J081003.49+104004.3,p,"--,WAT",25.98,9.62,1.3,125.9,21.3,37,,AMF J080957.7+103753,0.5151,s,2002.0,156.0,999.0,0.613,18.52,0.85,8.0
122.53671,48.22781,,,,,,False,True,True,False,J081008.81+481340.1,,,,"FR-II,WAT",89.79,44.28,0.93,158.3,14.7,30,,,,,,,,,,,
122.56931,61.32821,0.27223,24.7,146.0,,,False,True,True,False,J081016.45+611943.1,,DESI J081016.63+611941.6,p,"FR-II,WAT",21.51,12.1,0.75,153.7,28.9,34,,,,,,,,,,,
122.63228,4.66924,,,,,1.67,False,False,True,False,J081031.75+044009.2,,,,"--,WAT",44.27,14.81,1.44,166.6,60.2,45,,,,,,,,,,,
122.75009,21.43655,0.54086,25.03,118.0,,1.44,True,False,True,False,J081100.12+212616.7,,DESI J081100.02+212611.6,p,"FR-I,WAT",11.23,8.22,0.41,108.3,17.0,18,,WHL J081058.0+212836,0.299,s,1233.0,147.0,676.0,0.548,15.56,0.72,7.0
122.75253,57.2368,0.61072,26.68,320.0,,-0.15,True,False,True,False,J081100.96+571408.7,,SDSS J081100.60+571412.4,s,"FR-I,WAT",467.34,472.88,-0.02,126.8,25.4,46,,,,,,,,,,,
122.83837,36.44771,,,,,1.86,False,False,True,False,J081121.21+362651.8,,,,"--,WAT",74.44,42.84,0.72,162.6,29.1,39,,,,,,,,,,,
122.86248,10.67721,0.50327,25.51,164.0,9.11,1.97,True,False,True,False,J081127.21+104041.9,,WISEA J081126.99+104037.9,s,"FR-I,WAT",32.48,16.58,0.88,111.3,11.7,26,-21.96,AMF J081126.5+104038,0.5121,p,1992.0,7.0,45.0,0.605,25.28,1.15,18.0
122.86846,41.76637,0.78744,26.22,361.0,8.77,1.79,False,False,True,False,J081128.38+414601.5,,DESI J081128.43+414558.9,p,"--,WAT",56.94,28.74,0.9,164.8,,47,-22.82,,,,,,,,,,
122.91874,40.24925,0.12183,24.45,93.0,8.44,1.13,False,False,True,False,J081139.01+401452.1,,WISEA J081140.49+401457.3,s,"--,WAT",66.64,29.59,1.07,158.9,46.8,41,-22.08,maxBCG J081153.4+401348,0.1227,s,530.0,163.0,373.0,0.797,35.58,1.6,23.0
122.92035,10.4909,0.28524,25.39,262.0,,1.57,True,False,True,False,J081140.77+102920.4,f,DESI J081140.88+102927.2,p,"FR-I,WAT",82.73,31.56,1.26,155.3,50.6,59,,WH J081145.6+102843,0.6349,p,2387.0,82.0,580.0,0.536,18.52,0.85,8.0
123.10899,16.99464,,,,,,False,True,False,True,J081226.16+165940.7,,,,"FR-II,NAT",24.29,7.05,1.62,74.2,182.2,55,,,,,,,,,,,
123.17295,8.83431,0.92155,26.08,234.0,,1.35,False,False,True,False,J081241.71+085006.5,,DESI J081241.51+085003.5,p,"--,WAT",26.26,12.03,1.02,136.6,21.4,29,,WH J081235.1+084948,0.9567,p,3292.0,96.0,783.0,0.632,40.29,1.81,8.0
123.1824,25.0465,0.24102,24.98,201.0,8.8,1.46,False,False,True,False,J081243.91+250247.0,a,WISEA J081243.77+250247.3,s,"--,WAT",55.39,33.5,0.66,147.0,45.3,51,-23.13,Y21 J081243.8+250247,0.241,s,1009.0,0.0,0.0,0.658,22.85,1.04,14.0
123.21511,6.59995,0.56623,25.3,188.0,,0.98,False,True,True,False,J081251.39+063605.2,,DESI J081251.63+063559.8,p,"FR-II,WAT",17.69,11.77,0.53,134.5,22.1,28,,,,,,,,,,,
123.26379,13.43536,0.18804,24.91,188.0,,,False,False,True,False,J081303.47+132617.5,,WISEA J081303.31+132607.3,s,"--,WAT",76.06,37.98,0.91,126.3,72.5,58,,maxBCG J081303.3+132607,0.188,s,798.0,1.0,3.0,0.65,24.32,1.11,26.0
123.3184,16.91385,0.37289,24.99,143.0,7.85,1.85,True,False,True,False,J081316.69+165455.5,,WISEA J081316.41+165449.8,s,"FR-I,WAT",20.68,11.86,0.73,108.7,12.6,27,-23.02,GMBCG J081316.4+165450,0.3729,s,1507.0,0.0,0.0,0.557,14.54,0.67,10.0
123.337,14.2175,0.26433,24.77,113.0,,1.54,False,False,True,False,J081321.02+141257.3,,WISEA J081320.88+141303.0,s,"--,WAT",27.63,16.66,0.66,152.0,15.8,27,,maxBCG J081320.9+141303,0.2643,s,1100.0,0.0,0.0,0.596,20.39,0.93,13.0
123.41692,12.2603,0.21289,24.49,218.0,,1.35,False,False,True,False,J081339.74+121536.5,,DESI J081340.06+121537.1,p,"--,WAT",26.86,27.77,-0.04,159.2,221.5,61,,GMBCG J123.41691+12.26031,0.226,p,950.0,0.0,0.0,,,,
123.45035,14.68154,0.33751,25.06,314.0,7.93,1.58,False,False,True,False,J081348.36+144055.7,,SDSS J081348.08+144053.5,s,"--,WAT",30.6,17.72,0.72,149.5,62.7,63,-22.38,,,,,,,,,,
123.45275,34.19062,0.19357,24.75,153.0,,1.36,True,False,True,False,J081349.18+341126.2,,DESI J081348.66+341126.2,p,"FR-I,WAT",50.5,28.0,0.77,144.2,30.8,46,,maxBCG J081348.7+341126,0.2042,s,863.0,0.0,0.0,0.954,62.67,2.77,29.0
123.51316,43.00292,,,,,,False,False,True,False,J081403.16+430010.5,f,,,"--,WAT",81.07,,,135.7,15.8,37,,,,,,,,,,,
123.63913,22.54323,0.164,24.36,61.0,,1.17,False,True,True,False,J081433.43+223241.3,,WISEA J081433.39+223235.6,s,"FR-II,WAT",29.48,14.91,0.89,90.5,15.5,21,,maxBCG J081433.4+223236,0.1646,s,703.0,0.0,0.0,0.934,57.22,2.54,52.0
123.65229,28.56081,1.62479,27.04,365.0,,0.15,False,True,True,False,J081436.71+283344.9,,WISEA J081436.54+283338.9,s,"FR-II,WAT",81.01,48.31,0.68,151.3,27.9,42,,,,,,,,,,,
123.69182,26.2637,0.27991,24.84,153.0,,1.56,False,True,True,False,J081445.88+261548.0,a,WISEA J081446.03+261549.3,s,"FR-II,WAT",29.25,18.82,0.58,158.1,31.4,35,,CFSFDP J081447.6+261355,0.9197,p,3197.0,116.0,936.0,0.442,16.25,0.75,8.0
123.73997,38.5526,0.18148,24.35,91.0,,1.29,True,False,True,False,J081457.72+383312.3,a,SDSS J081457.58+383309.2,s,"FR-I,WAT",23.18,12.13,0.85,153.3,29.3,29,,WHL J081457.6+383309,0.1809,p,769.0,0.0,0.0,,,,
123.77086,49.13385,0.15654,24.49,95.0,,1.21,False,True,True,False,J081505.25+490758.8,,WISEA J081505.00+490801.8,s,"FR-II,WAT",46.61,34.38,0.4,115.4,13.1,34,,maxBCG J081505.0+490802,0.1582,s,677.0,0.0,0.0,0.684,27.34,1.24,23.0
123.78903,27.06149,,,,,,True,False,True,False,J081509.37+270341.4,,,,"FR-I,WAT",59.65,11.29,2.18,92.6,8.0,24,,,,,,,,,,,
123.84524,13.80946,0.88284,26.66,383.0,,0.08,False,True,True,False,J081522.92+134837.7,,WISEA J081522.85+134834.0,s,"FR-II,WAT",141.36,88.29,0.62,152.5,58.2,48,,,,,,,,,,,
123.84604,19.13514,,,,,,False,True,True,False,J081523.05+190806.5,,,,"FR-II,WAT",40.25,20.06,0.91,168.7,52.1,31,,,,,,,,,,,
123.93127,32.57048,0.40985,25.77,180.0,8.57,1.93,False,False,True,False,J081543.65+323405.2,,WISEA J081543.50+323413.7,s,"--,WAT",89.82,40.77,1.04,98.3,16.5,32,-23.7,WHL J081543.1+323444,0.4098,s,1640.0,31.0,175.0,1.16,131.65,5.7,80.0
123.94706,37.17285,,,,,,True,False,True,False,J081547.29+371022.3,,,,"FR-I,WAT",116.04,23.11,2.12,156.4,36.0,37,,,,,,,,,,,
123.98585,52.11593,,,,,,True,False,True,False,J081556.60+520657.3,c,,,"FR-I,WAT",11.16,7.33,0.55,129.7,18.2,23,,,,,,,,,,,
124.00312,25.61311,,,,,,True,False,True,False,J081600.75+253647.2,c,,,"FR-I,WAT",17.9,11.48,0.58,129.7,12.0,25,,,,,,,,,,,
124.12555,34.27458,0.33358,25.58,331.0,,1.77,True,False,True,False,J081629.15+341633.3,,DESI J081630.13+341628.5,p,"FR-I,WAT",99.46,52.01,0.85,111.8,8.6,67,,WHL J081630.1+341628,0.3749,p,1514.0,0.0,0.0,0.845,48.01,2.14,48.0
124.13972,8.39387,0.24151,24.99,134.0,,1.33,False,True,True,False,J081633.69+082333.6,,DESI J081633.53+082337.9,p,"FR-II,WAT",52.86,25.45,0.96,126.0,21.6,34,,,,,,,,,,,
124.15064,50.38947,0.19385,24.88,156.0,8.53,1.37,False,False,True,False,J081635.23+502330.5,,WISEA J081636.15+502322.0,s,"--,WAT",68.06,37.43,0.78,135.4,20.2,47,-22.9,AMF J081636.2+502322,0.1939,s,822.0,0.0,0.0,0.63,17.56,0.81,10.0
124.16476,30.49452,0.42115,25.0,108.0,,1.87,False,False,True,False,J081639.64+302947.1,,DESI J081639.54+302940.3,p,"--,WAT",14.75,6.98,0.98,125.4,20.2,19,,WHL J081639.5+302940,0.4079,p,1633.0,0.0,0.0,0.698,24.11,1.1,14.0
124.19192,40.22357,0.97869,25.98,516.0,,0.86,False,True,True,False,J081646.85+401331.6,,WISEA J081646.06+401324.8,s,"FR-II,WAT",22.36,13.06,0.71,165.2,83.2,63,,,,,,,,,,,
124.20668,49.57348,0.27995,24.65,127.0,8.31,1.61,False,False,True,False,J081649.61+493428.1,,WISEA J081649.60+493424.5,s,"--,WAT",17.89,9.9,0.78,145.3,23.9,29,-22.53,GMBCG J081646.0+493259,0.3505,s,1425.0,93.0,476.0,1.046,99.12,4.33,48.0
124.21088,12.74059,0.40261,25.6,256.0,,0.25,False,False,True,False,J081650.79+124431.8,,DESI J081650.61+124426.1,p,"--,WAT",73.04,43.59,0.68,163.6,171.2,46,,,,,,,,,,,
124.21427,28.37458,0.35293,25.31,190.0,8.18,1.77,False,False,True,False,J081651.88+282227.1,,WISEA J081651.42+282228.4,s,"--,WAT",45.17,20.44,1.04,118.8,24.0,37,-23.06,RM J081649.3+282234.4,0.3609,p,1463.0,29.0,151.0,,,,
124.21976,41.55903,0.37563,24.99,149.0,9.22,1.92,False,False,True,False,J081652.28+413326.9,"a,j",WISEA J081652.74+413332.5,s,"--,WAT",16.8,6.14,1.32,95.0,10.7,28,-22.33,CFSFDP J081657.2+413255,0.3774,s,1523.0,62.0,332.0,0.504,14.31,0.66,8.0
124.21653,49.42928,0.19091,24.73,115.0,8.51,1.35,False,True,True,False,J081652.41+492536.0,,WISEA J081651.96+492545.3,s,"FR-II,WAT",47.1,19.95,1.13,154.6,26.9,35,-22.83,maxBCG J081652.0+492546,0.1909,s,810.0,0.0,0.0,0.626,18.66,0.86,16.0
124.22395,39.18784,0.46538,25.83,351.0,,1.98,False,False,True,False,J081653.98+391117.4,,DESI J081653.74+391116.1,s,"--,WAT",79.57,38.55,0.95,169.8,115.3,58,,WHL J081653.7+391116,0.4654,s,1834.0,0.0,0.0,0.716,37.4,1.68,21.0
124.24707,57.27457,0.19983,25.23,177.0,,1.4,True,False,False,True,J081659.78+571636.2,"f,g,j",WISEA J081659.29+571628.4,s,"FR-I,NAT",141.65,76.15,0.81,82.8,14.6,52,,WHL J081659.3+571629,0.1998,s,846.0,0.0,0.0,0.777,33.06,1.49,24.0
124.28394,22.40319,,,,,,False,True,True,False,J081708.15+222411.5,,,,"FR-II,WAT",19.91,10.04,0.9,112.7,7.8,30,,,,,,,,,,,
124.31758,17.25076,0.68331,25.98,430.0,,1.87,False,False,True,False,J081716.46+171516.5,,DESI J081716.22+171502.7,p,"--,WAT",52.89,31.88,0.66,115.6,35.0,59,,Y21 J081716.2+171503,0.7041,p,2597.0,0.0,0.0,0.576,24.12,1.1,12.0
124.32731,51.07975,0.07215,23.78,102.0,8.63,1.0,True,False,True,False,J081718.10+510445.7,,WISEA J081718.55+510447.1,s,"FR-I,WAT",42.39,12.09,1.65,166.0,59.8,72,-22.69,AMF J081718.5+510447,0.0721,s,315.0,0.0,0.0,0.544,12.77,0.59,13.0
124.36697,3.55982,,,,,1.6,False,True,True,False,J081728.07+033335.4,,,,"FR-II,WAT",11.72,7.77,0.54,164.6,38.5,29,,,,,,,,,,,
124.38584,43.50321,0.37621,25.03,160.0,,1.57,False,True,True,False,J081732.80+433012.4,,SDSS J081732.59+433011.3,s,"FR-II,WAT",18.91,7.23,1.26,150.9,29.5,30,,CFSFDP J081724.2+432759,0.3609,s,1463.0,161.0,839.0,0.553,16.63,0.77,8.0
124.38657,24.90162,0.76187,25.6,167.0,8.48,1.81,True,False,True,False,J081732.94+245406.5,c,SDSS J081732.77+245405.8,s,"FR-I,WAT",19.96,15.2,0.36,166.1,27.6,22,-19.88,,,,,,,,,,
124.39152,20.49195,0.34736,25.08,162.0,8.71,1.73,False,False,True,False,J081734.06+202926.9,,WISEA J081733.96+202931.0,s,"--,WAT",26.66,11.17,1.14,160.1,21.9,32,-23.49,GMBCG J124.39154+20.49203,0.339,p,1383.0,0.0,0.0,,,,
124.40091,59.95378,0.02859,23.97,88.0,,,False,False,True,False,J081736.44+595718.5,,2MASX J08173619+5957137,s,"--,WAT",457.62,209.15,1.03,154.7,242.3,149,,WH J081756.9+595653,0.9636,p,3310.0,156.0,1275.0,0.528,28.13,1.28,10.0
124.41451,16.36376,0.77832,26.22,237.0,,1.29,False,True,True,False,J081739.55+162153.9,,DESI J081739.48+162149.5,p,"FR-II,WAT",56.06,26.07,1.0,164.4,,31,,WH J081739.5+162150,0.7828,p,2825.0,0.0,0.0,0.428,13.69,0.63,6.0
124.44688,57.71613,0.46942,25.47,170.0,,1.72,False,False,True,False,J081747.12+574259.4,,DESI J081747.25+574258.1,p,"--,WAT",39.2,25.51,0.56,158.8,166.6,28,,WHL J081736.4+574434,0.3246,s,1329.0,129.0,627.0,0.692,24.12,1.1,12.0
124.46211,6.50352,0.16299,24.28,101.0,,1.15,False,False,True,False,J081750.88+063014.4,,WISEA J081750.90+063012.6,s,"--,WAT",25.42,14.5,0.74,156.4,31.2,35,,CFSFDP J081756.2+062911,0.5385,s,2079.0,100.0,655.0,0.465,14.77,0.68,8.0
124.49022,48.20781,0.18125,24.49,85.0,8.33,1.3,False,True,True,False,J081757.23+481220.4,,WISEA J081757.65+481228.1,s,"FR-II,WAT",34.14,23.62,0.48,107.5,8.8,27,-22.4,maxBCG J081805.0+481405,0.1852,s,787.0,121.0,389.0,0.738,28.93,1.31,25.0
124.5031,49.93666,0.28021,25.48,228.0,,1.61,False,True,True,False,J081801.24+495605.4,"f,g,h,j",WISEA J081800.74+495611.9,s,"FR-II,WAT",120.93,69.27,0.73,133.8,25.3,52,,maxBCG J081800.7+495612,0.2803,s,1161.0,0.0,0.0,0.958,70.44,3.11,44.0
124.51617,54.61902,0.11743,25.31,292.0,,1.13,True,False,True,False,J081805.32+543733.0,d,DESI J081803.86+543708.4,s,"FR-I,WAT",516.72,214.41,1.15,127.1,112.7,133,,maxBCG J081803.9+543708,0.118,s,510.0,0.0,0.0,1.002,69.27,3.06,38.0
124.52852,12.25578,0.64459,25.54,270.0,,1.9,False,False,True,False,J081807.18+121521.0,,DESI J081806.85+121520.8,p,"--,WAT",22.06,13.43,0.65,139.6,27.5,38,,WH J081807.5+121726,0.9924,p,3382.0,126.0,1037.0,0.45,15.57,0.72,8.0
124.53165,30.35268,0.41416,25.17,175.0,8.76,1.88,False,True,True,False,J081807.51+302112.0,,WISEA J081807.59+302109.6,s,"FR-II,WAT",24.08,12.88,0.82,168.4,44.8,31,-23.14,WH J081816.2+302100,0.6322,p,2379.0,112.0,791.0,0.503,15.18,0.7,6.0
124.54437,23.53637,0.24449,25.02,123.0,8.65,1.52,True,False,False,True,J081811.32+233212.6,"a,h,j",WISEA J081810.64+233210.9,s,"FR-I,NAT",54.58,25.93,0.98,84.9,12.9,31,-22.97,Y21 J081810.6+233211,0.2445,s,1023.0,0.0,0.0,0.693,30.0,1.36,19.0
124.59363,38.97746,,,,,1.83,True,False,True,False,J081822.47+385838.9,f,,,"FR-I,WAT",52.53,23.78,1.04,117.1,13.8,29,,,,,,,,,,,
124.61008,21.75563,,,,,,False,True,True,False,J081826.42+214520.3,,,,"FR-II,WAT",21.07,13.7,0.56,136.0,17.3,31,,,,,,,,,,,
124.66236,18.31371,0.29398,25.16,231.0,8.66,1.57,True,False,True,False,J081838.87+181853.8,,WISEA J081838.96+181849.3,s,"FR-I,WAT",40.06,10.17,1.8,160.1,104.4,51,-23.3,WHL J081839.0+181848,0.294,s,1214.0,1.0,5.0,0.702,32.96,1.49,13.0
124.72708,31.66846,,,,,,False,False,True,False,J081854.50+314006.5,,,,"--,WAT",23.82,13.86,0.71,168.6,74.1,49,,,,,,,,,,,
124.76026,63.92993,,,,,,False,False,True,False,J081902.46+635547.8,,,,"--,WAT",65.56,17.82,1.71,133.6,21.5,41,,,,,,,,,,,
124.78547,30.05998,0.16417,24.64,93.0,8.56,1.17,True,False,True,False,J081909.05+300345.1,,WISEA J081908.51+300335.9,s,"FR-I,WAT",53.32,21.22,1.21,112.3,14.3,32,-22.63,WHL J081908.5+300336,0.1651,s,705.0,0.0,0.0,0.668,22.39,1.02,9.0
124.79589,58.07,0.25407,24.72,94.0,,1.58,False,False,False,True,J081910.97+580422.8,f,WISEA J081911.01+580412.0,s,"--,NAT",23.28,8.48,1.33,41.9,15.0,23,,maxBCG J081911.0+580412,0.2584,s,1077.0,0.0,0.0,0.86,36.07,1.62,27.0
124.87082,33.54749,0.80296,25.2,123.0,,2.02,False,False,True,False,J081928.92+333248.4,f,DESI J081929.00+333251.0,p,"--,WAT",6.7,4.66,0.48,157.4,21.6,16,,WH J081929.0+333251,0.8161,p,2918.0,0.0,0.0,0.623,22.79,1.04,13.0
124.91433,57.76884,0.3237,25.09,174.0,8.67,1.65,False,True,True,False,J081939.60+574603.2,"f,j",SDSS J081939.43+574607.8,s,"FR-II,WAT",31.59,12.76,1.19,93.4,12.1,36,-23.03,WHL J081940.2+574614,0.3271,s,1338.0,9.0,44.0,0.654,24.53,1.12,10.0
124.94455,32.54623,0.40946,25.29,174.0,,1.88,False,False,True,False,J081946.63+323240.5,c,DESI J081946.69+323246.4,p,"--,WAT",32.4,17.24,0.83,95.4,9.4,31,,CLuMPR J081946.6+323156,0.5059,s,1971.0,50.0,317.0,0.455,10.72,0.5,8.0
124.96087,2.84379,,,,,1.27,False,False,True,False,J081950.61+025037.7,,,,"--,WAT",79.75,35.1,1.08,124.4,26.5,57,,,,,,,,,,,
124.98133,9.28755,0.54961,25.73,191.0,,1.82,False,False,True,False,J081955.61+091714.6,,DESI J081955.52+091715.2,p,"--,WAT",48.56,29.76,0.64,156.0,35.4,29,,WHL J081955.5+091715,0.546,s,2104.0,0.0,0.0,0.74,43.06,1.93,19.0
125.04322,3.95755,0.36827,24.91,205.0,,,False,True,True,False,J082010.38+035729.9,,DESI J082010.37+035727.2,p,"FR-II,WAT",18.85,12.08,0.58,167.4,251.9,39,,WHL J082018.3+035519,0.3921,s,1576.0,174.0,955.0,0.722,38.31,1.72,20.0
125.09964,27.71885,0.72969,26.51,292.0,9.07,1.64,False,False,False,True,J082023.47+274316.5,,WISEA J082023.91+274307.8,s,"--,NAT",141.24,75.89,0.82,78.8,15.2,39,-23.52,WHL J082023.9+274308,0.3429,s,1397.0,0.0,0.0,0.852,54.72,2.43,27.0
125.13508,27.33377,0.5136,25.45,172.0,,1.98,False,True,False,True,J082031.97+271954.4,,WISEA J082032.41+272001.5,s,"FR-II,NAT",25.69,11.83,1.02,74.2,7.1,27,,WH J082032.4+272001,0.5493,p,2115.0,0.0,0.0,0.498,19.52,0.89,6.0
125.13479,30.5805,0.3629,26.39,193.0,,1.7,True,False,True,False,J082032.70+303449.6,f,SDSS J082032.34+303449.8,s,"FR-I,WAT",446.76,150.64,1.43,158.4,77.6,37,,WHL J082032.4+303450,0.3629,s,1470.0,0.0,0.0,0.708,32.08,1.45,15.0
125.1709,16.70813,0.27995,24.75,79.0,,0.45,True,False,False,True,J082041.27+164235.3,f,DESI J082041.02+164229.3,p,"FR-I,NAT",22.87,12.91,0.75,78.1,18.0,18,,,,,,,,,,,
125.21144,40.58238,1.22644,26.22,248.0,,0.33,True,False,True,False,J082051.05+403456.9,,WISEA J082050.74+403456.5,s,"FR-I,WAT",24.89,15.76,0.6,161.5,48.8,29,,,,,,,,,,,
125.25881,42.88485,0.89121,25.46,168.0,,2.27,False,False,True,False,J082102.06+425303.0,,DESI J082102.11+425305.5,p,"--,WAT",10.6,8.2,0.34,125.3,11.8,21,,WH J082101.7+425303,1.0236,p,3460.0,5.0,41.0,0.499,25.8,1.17,8.0
125.26551,52.74327,0.4445,25.39,224.0,8.79,1.92,True,False,True,False,J082103.11+524440.2,,WISEA J082103.72+524435.7,s,"FR-I,WAT",30.03,12.7,1.13,138.7,32.5,38,-23.27,WHL J082103.7+524436,0.4445,s,1762.0,0.0,0.0,0.532,17.98,0.83,7.0
125.29239,10.14216,,,,,3.03,False,True,True,False,J082110.17+100831.8,,,,"FR-II,WAT",68.53,38.46,0.76,153.1,36.5,46,,,,,,,,,,,
125.32255,62.70737,,,,,,False,True,True,False,J082117.41+624226.5,,,,"FR-II,WAT",58.21,35.43,0.65,164.9,239.2,38,,,,,,,,,,,
125.3386,25.31753,0.26757,25.54,229.0,8.76,1.53,True,False,True,False,J082121.17+251908.3,,DESI J082121.27+251903.1,s,"FR-I,WAT",146.42,69.98,0.97,132.5,33.5,54,-23.19,maxBCG J082121.3+251903,0.2712,s,1126.0,0.0,0.0,0.958,70.91,3.13,59.0
125.34466,18.77877,0.56128,25.34,267.0,8.75,1.93,False,True,True,False,J082122.75+184649.7,c,WISEA J082122.71+184643.5,s,"FR-II,WAT",19.79,13.2,0.53,139.3,32.8,40,-22.72,CFSFDP J082122.7+184644,0.5612,s,2154.0,0.0,0.0,0.492,14.16,0.66,7.0
125.46579,13.03424,,,,,,False,True,True,False,J082151.79+130203.3,,,,"FR-II,WAT",47.11,32.22,0.5,137.1,20.7,39,,,,,,,,,,,
125.48007,49.03977,,,,,,False,False,True,False,J082155.22+490223.2,,,,"--,WAT",20.44,14.43,0.46,164.7,44.9,31,,,,,,,,,,,
125.53879,23.07646,0.41186,24.95,277.0,,1.86,False,True,True,False,J082209.59+230430.9,,WISEA J082209.31+230435.2,s,"FR-II,WAT",14.71,7.89,0.82,157.1,74.2,49,,WH J082209.3+230435,0.4119,s,1647.0,0.0,0.0,0.569,11.86,0.55,9.0
125.5634,3.07266,0.44528,24.71,124.0,,1.91,False,True,True,False,J082215.28+030420.2,,DESI J082215.22+030421.6,p,"FR-II,WAT",8.54,6.96,0.27,149.3,20.2,21,,WHL J082215.2+030422,0.4315,p,1716.0,0.0,0.0,0.78,47.8,2.13,36.0
125.57188,8.90883,0.71062,25.52,163.0,,1.92,False,True,True,False,J082217.43+085428.9,,SDSS J082217.25+085431.7,s,"FR-II,WAT",17.66,11.53,0.56,108.3,9.4,22,,CFSFDP J082217.3+085432,0.7514,p,2735.0,0.0,0.0,0.748,55.41,2.46,17.0
125.57257,45.15664,0.58995,25.36,253.0,,1.94,False,True,True,False,J082217.70+450924.2,,DESI J082217.42+450923.9,p,"FR-II,WAT",20.04,14.77,0.4,148.5,19.2,37,,Y21 J082224.8+450907,0.8362,p,2974.0,80.0,628.0,0.656,41.92,1.88,12.0
125.63067,28.68633,,,,,1.49,False,True,True,False,J082231.36+284110.8,,,,"FR-II,WAT",20.75,12.94,0.62,112.7,12.1,21,,,,,,,,,,,
125.64258,26.74963,0.35874,25.0,150.0,8.34,1.74,False,False,True,False,J082234.60+264452.4,,WISEA J082234.21+264458.6,s,"--,WAT",25.32,18.16,0.44,91.0,23.1,29,-23.0,WHL J082230.6+264356,0.3587,s,1455.0,79.0,410.0,0.832,52.56,2.34,38.0
125.68094,41.66647,0.21098,24.71,149.0,,1.41,False,False,True,False,J082243.52+413958.4,,WISEA J082243.42+413959.2,s,"--,WAT",39.04,23.6,0.66,136.0,22.9,42,,WHL J082243.4+413959,0.211,s,890.0,0.0,0.0,0.674,26.42,1.2,11.0
125.69849,4.29722,0.09541,24.69,196.0,8.5,0.98,False,True,True,False,J082247.73+041757.4,,WISEA J082247.63+041750.0,s,"FR-II,WAT",170.29,22.5,2.66,164.3,59.8,107,-22.81,WHL J082247.6+041750,0.0942,s,410.0,0.0,0.0,0.726,24.86,1.13,23.0
125.70507,12.55161,1.53471,26.71,391.0,,0.68,False,False,True,False,J082249.24+123309.6,,WISEA J082249.21+123305.7,s,"--,WAT",39.64,22.03,0.77,146.8,38.8,45,,WH J082256.4+123531,0.4982,s,1945.0,180.0,1133.0,0.465,13.17,0.61,7.0
125.71662,8.78768,0.22414,25.36,265.0,,1.37,False,False,True,False,J082252.30+084720.6,,DESI J082251.99+084715.6,p,"--,WAT",124.43,32.34,1.77,166.7,150.1,71,,CFSFDP J082259.5+084502,0.1525,s,653.0,174.0,478.0,0.552,14.79,0.68,8.0
125.73519,63.74942,,,,,,False,True,True,False,J082256.45+634457.9,,,,"FR-II,WAT",58.46,28.17,0.96,137.1,53.4,60,,,,,,,,,,,
125.74293,14.59653,,,,,,False,False,True,False,J082258.30+143547.5,f,,,"--,WAT",7.52,3.05,1.18,142.0,11.5,19,,,,,,,,,,,
125.86785,3.62591,0.26009,25.18,120.0,,1.54,False,False,True,False,J082328.43+033727.6,,WISEA J082328.28+033733.2,s,"--,WAT",63.28,24.05,1.27,154.6,20.1,29,,WHL J082328.3+033733,0.2601,s,1084.0,0.0,0.0,0.725,30.18,1.37,17.0
126.00117,15.57964,0.09306,24.86,141.0,,,False,False,True,False,J082400.93+153454.0,,SDSS J082400.28+153446.7,s,"--,WAT",295.45,88.6,1.58,99.4,27.2,79,,maxBCG J082400.3+153447,0.0963,s,418.0,0.0,0.0,0.837,38.46,1.73,29.0
126.06752,5.34183,,,,,,False,False,True,False,J082416.20+052030.6,,,,"--,WAT",16.23,9.86,0.65,161.7,192.6,27,,,,,,,,,,,
126.0944,35.1874,0.35748,25.13,181.0,8.52,1.81,False,False,True,False,J082422.88+351112.4,,WISEA J082422.65+351114.6,s,"--,WAT",31.11,17.04,0.79,143.7,30.4,35,-22.96,AMF J082422.6+351114,0.3574,s,1450.0,0.0,0.0,0.727,37.92,1.7,27.0
126.09847,0.93924,0.3835,24.87,184.0,,1.84,False,True,True,False,J082423.88+005622.8,,DESI J082423.63+005621.3,p,"FR-II,WAT",17.06,13.33,0.32,160.2,77.2,34,,WH J082423.6+005621,0.3794,p,1530.0,0.0,0.0,0.479,15.53,0.72,8.0
126.15101,11.03297,0.38632,25.59,320.0,,1.77,False,True,True,False,J082436.37+110154.5,,DESI J082436.24+110158.7,p,"FR-II,WAT",44.44,7.11,2.4,169.0,226.0,59,,WH J082437.8+110255,0.5431,s,2094.0,61.0,401.0,0.551,17.83,0.82,7.0
126.18603,52.00928,0.30419,25.23,223.0,,1.73,True,False,False,True,J082443.02+520027.1,,WISEA J082444.64+520033.4,s,"FR-I,NAT",54.85,28.8,0.85,68.7,16.9,48,,maxBCG J082444.7+520034,0.3042,s,1252.0,1.0,5.0,0.734,35.83,1.61,26.0
126.24847,4.43179,,,,,0.94,False,False,True,False,J082459.63+042554.5,a,,,"--,WAT",80.02,30.26,1.28,168.6,25.7,33,,,,,,,,,,,
126.28239,51.44267,1.3408,26.69,371.0,,0.45,False,True,True,False,J082507.70+512631.8,,WISEA J082507.77+512633.6,s,"FR-II,WAT",47.0,23.68,0.9,169.4,67.7,43,,WHL J082517.0+512615,0.2093,s,884.0,88.0,312.0,0.61,18.35,0.99,7.0
126.42235,19.73247,0.34964,25.4,255.0,8.53,1.69,False,False,True,False,J082541.15+194400.7,,WISEA J082541.36+194356.9,s,"--,WAT",51.55,18.57,1.34,142.3,60.5,50,-23.5,AMF J082541.4+194357,0.3496,s,1422.0,0.0,0.0,0.7,27.88,1.26,12.0
126.485,31.78622,1.19762,27.17,656.0,,0.85,False,True,True,False,J082556.40+314718.2,,DESI J082556.40+314710.4,p,"FR-II,WAT",161.58,71.08,1.08,163.0,75.7,77,,WH J082557.6+314812,0.2102,s,887.0,63.0,224.0,0.538,14.65,0.68,9.0
126.49299,55.01099,0.82418,26.53,250.0,,1.85,True,False,True,False,J082558.20+550041.5,,WISEA J082558.31+550039.5,s,"FR-I,WAT",83.75,32.29,1.25,167.3,31.4,32,,,,,,,,,,,
126.53553,3.98439,0.20131,24.89,189.0,8.55,1.33,True,False,True,False,J082608.21+035856.3,f,WISEA J082608.52+035903.7,s,"FR-I,WAT",59.63,24.37,1.17,136.1,39.3,55,-22.57,WHL J082608.5+035904,0.2013,s,852.0,0.0,0.0,0.62,22.83,1.04,23.0
126.59716,15.52511,,,,,,False,False,True,False,J082623.32+153130.4,f,,,"--,WAT",38.36,19.43,0.89,127.1,12.8,33,,,,,,,,,,,
126.60433,61.24342,0.20633,24.55,143.0,,,False,False,True,False,J082625.61+611436.5,,DESI J082625.04+611436.3,p,"--,WAT",29.96,22.33,0.39,149.2,30.2,41,,WHY18 J082622.6+611357,0.1841,p,782.0,43.0,138.0,0.618,23.22,1.06,11.0
126.62572,10.30148,,,,,,False,True,True,False,J082630.17+101805.3,,,,"FR-II,WAT",39.51,16.71,1.13,158.2,43.9,65,,,,,,,,,,,
126.68107,14.57436,2.31172,27.46,243.0,,-0.01,False,False,True,False,J082643.44+143427.0,c,WISEA J082643.45+143427.7,s,"--,WAT",111.82,72.27,0.57,127.1,11.9,29,,,,,,,,,,,
126.68419,19.72629,0.6518,25.62,229.0,,0.74,False,False,True,False,J082644.00+194338.4,,WISEA J082644.20+194334.6,s,"--,WAT",22.13,10.87,0.93,146.2,30.2,32,,,,,,,,,,,
126.78641,9.38434,0.37214,25.73,191.0,8.75,1.89,False,True,True,False,J082708.69+092303.6,,WISEA J082708.73+092303.6,s,"FR-II,WAT",110.51,58.64,0.83,148.8,26.4,36,-23.53,WHL J082708.7+092303,0.3721,s,1504.0,0.0,0.0,0.892,62.54,2.77,33.0
126.80315,38.33344,0.34336,25.77,222.0,8.4,1.58,True,False,True,False,J082713.11+381954.6,"a,f",2MASX J08271270+3820008,s,"FR-I,WAT",143.75,71.09,0.92,102.3,15.7,44,-23.3,WHL J082712.8+382001,0.3434,s,1399.0,1.0,5.0,0.933,71.61,3.16,51.0
126.8199,21.82223,0.58374,26.3,231.0,,1.94,False,True,True,False,J082716.74+214921.5,,WISEA J082716.77+214920.0,s,"FR-II,WAT",74.69,13.21,2.27,167.4,63.7,34,,Y21 J082721.1+214946,0.7593,s,2758.0,65.0,494.0,0.698,46.04,2.06,19.0
126.82636,46.58638,0.12487,24.67,290.0,8.7,,False,True,False,True,J082717.92+463533.5,"d,g",WISEA J082718.32+463510.9,s,"FR-II,NAT",101.15,35.44,1.38,81.1,79.0,125,-22.69,,,,,,,,,,
126.84807,19.90712,1.15045,26.38,381.0,,0.16,False,True,True,False,J082723.67+195426.3,,DESI J082723.54+195425.6,p,"FR-II,WAT",38.83,23.17,0.68,155.6,52.9,45,,,,,,,,,,,
126.86606,11.18744,0.56405,25.14,328.0,,1.92,False,True,True,False,J082727.95+111119.7,,DESI J082727.85+111114.8,p,"FR-II,WAT",14.8,13.07,0.16,141.0,44.2,49,,Y21 J082721.6+111050,0.5739,s,2194.0,95.0,642.0,0.515,15.04,0.69,7.0
126.87503,8.27381,,,,,,True,False,False,True,J082730.01+081625.7,f,,,"FR-I,NAT",20.16,9.83,0.94,86.9,8.9,25,,,,,,,,,,,
126.88074,0.81066,,,,,,True,False,True,False,J082731.38+004838.4,,,,"FR-I,WAT",35.18,17.63,0.91,134.9,16.4,27,,,,,,,,,,,
127.01249,30.9619,0.30734,25.53,196.0,,1.52,False,True,True,False,J082803.39+305745.8,,DESI J082803.00+305742.8,p,"FR-II,WAT",103.86,49.18,0.98,123.5,28.6,42,,,,,,,,,,,
127.07208,13.8504,0.86222,25.68,269.0,,2.16,False,False,True,False,J082817.18+135106.4,c,DESI J082817.30+135101.4,p,"--,WAT",19.05,15.05,0.31,141.4,36.7,34,,WH J082817.3+135101,0.842,p,2990.0,0.0,0.0,0.46,16.44,0.76,6.0
127.07567,27.78458,0.3681,24.94,110.0,,1.8,False,True,True,False,J082818.47+274705.8,,WISEA J082818.16+274704.4,s,"FR-II,WAT",19.77,12.01,0.65,121.9,18.2,21,,GMBCG J082815.1+274655,0.3684,s,1491.0,42.0,222.0,0.566,18.32,0.84,8.0
127.07989,38.31338,,,,,,False,False,True,False,J082819.17+381848.2,,,,"--,WAT",33.77,21.06,0.62,133.5,13.4,27,,,,,,,,,,,
127.0772,50.38817,0.24965,24.92,202.0,,0.81,False,False,True,False,J082820.31+502332.5,,DESI J082818.53+502317.4,p,"--,WAT",39.19,16.31,1.15,136.9,37.1,50,,,,,,,,,,,
127.14655,32.47377,0.27974,25.11,294.0,9.16,1.61,False,True,True,False,J082834.73+322829.4,a,WISEA J082835.17+322825.5,s,"FR-II,WAT",46.45,18.46,1.21,143.8,52.9,67,-23.2,Y21 J082847.5+322745,0.6569,s,2455.0,162.0,1164.0,0.568,17.1,0.79,9.0
127.15323,16.93731,0.42973,25.16,173.0,,1.9,False,False,True,False,J082836.89+165609.1,,DESI J082836.77+165614.3,p,"--,WAT",22.5,13.46,0.67,131.1,16.2,30,,WHL J082835.1+165639,0.4219,s,1682.0,34.0,195.0,0.702,37.19,1.67,21.0
127.16777,24.61904,0.09209,25.23,108.0,,0.98,False,True,True,False,J082839.68+243708.3,"f,j",DESI J082840.26+243708.5,p,"FR-II,WAT",624.98,60.86,3.06,119.4,22.7,61,,AMF J082843.6+243722,0.0884,s,385.0,48.0,82.0,0.838,34.89,1.57,29.0
127.17012,61.12477,0.82373,25.97,226.0,,1.98,True,False,True,False,J082840.41+610731.5,,DESI J082840.83+610729.2,p,"FR-I,WAT",25.69,11.13,1.1,143.4,35.3,29,,,,,,,,,,,
127.20381,41.09503,0.73518,25.24,120.0,,2.02,True,False,False,True,J082848.78+410547.9,,DESI J082848.91+410542.1,p,"FR-I,NAT",8.55,5.54,0.57,57.1,9.1,16,,Y21 J082855.3+410602,0.7886,p,2842.0,75.0,578.0,0.735,54.55,2.42,25.0
127.24044,45.57883,0.41879,24.89,171.0,8.6,1.89,False,True,True,False,J082858.04+453445.2,,WISEA J082857.70+453443.7,s,"FR-II,WAT",14.59,11.63,0.3,156.4,298.3,30,-22.49,WHL J082857.7+453444,0.4188,s,1671.0,0.0,0.0,0.734,35.21,1.59,24.0
127.25153,58.27658,,,,,,False,False,True,False,J082900.37+581635.7,,,,"--,WAT",25.5,8.84,1.39,99.5,8.8,28,,,,,,,,,,,
127.23488,63.22915,0.12183,24.81,152.0,,,False,False,True,False,J082900.80+631326.8,,DESI J082856.37+631344.9,p,"--,WAT",141.64,38.96,1.69,108.5,24.9,67,,WHY18 J082856.4+631345,0.1221,p,527.0,0.0,0.0,0.681,23.89,1.09,9.0
127.26475,54.45408,0.48442,25.5,167.0,,1.78,False,False,True,False,J082903.79+542714.8,,DESI J082903.54+542714.7,p,"--,WAT",40.95,29.06,0.45,154.7,16.7,27,,,,,,,,,,,
127.29403,63.37458,0.18707,24.54,100.0,,,True,False,False,True,J082910.73+632240.3,"f,j",DESI J082910.57+632228.5,p,"FR-I,NAT",36.35,26.4,0.42,54.5,10.3,31,,WHY18 J082910.6+632228,0.1861,p,790.0,0.0,0.0,0.614,20.93,0.96,9.0
127.31958,12.95435,2.1868,27.47,525.0,,0.26,False,True,True,False,J082917.40+125713.6,,DESI J082916.70+125715.7,p,"FR-II,WAT",88.72,44.62,0.9,154.2,60.0,62,,,,,,,,,,,
127.39711,24.05826,0.66785,26.52,390.0,,-0.12,False,False,True,False,J082935.10+240327.5,,DESI J082935.31+240329.7,p,"--,WAT",168.23,85.13,0.89,157.8,36.1,54,,WH J082927.8+240417,0.9483,p,3271.0,113.0,920.0,0.618,38.98,1.75,10.0
127.41689,6.97807,0.78368,25.93,230.0,,1.97,False,False,True,False,J082940.11+065841.4,,DESI J082940.05+065841.0,p,"--,WAT",29.78,14.9,0.91,157.1,27.0,30,,WH J082940.1+065841,0.7739,p,2800.0,0.0,0.0,0.436,10.44,0.49,6.0
127.43543,39.15867,0.33588,25.04,199.0,,1.62,False,True,True,False,J082944.46+390928.7,,DESI J082944.50+390931.2,p,"FR-II,WAT",29.73,17.81,0.67,164.4,35.1,40,,Y21 J082943.7+390919,0.3217,s,1318.0,15.0,73.0,0.573,20.51,0.94,14.0
127.52619,14.15736,0.13723,24.28,90.0,,1.1,False,True,True,False,J083006.62+140927.0,,WISEA J083006.28+140926.4,s,"FR-II,WAT",35.99,19.66,0.79,159.7,249.4,36,,Y21 J083006.3+140926,0.1372,s,590.0,0.0,0.0,0.637,18.77,0.86,10.0
127.57052,8.61666,,,,,,False,True,True,False,J083016.92+083700.0,f,,,"FR-II,WAT",49.44,21.55,1.09,110.3,14.3,29,,,,,,,,,,,
127.57847,18.42951,0.19164,25.15,178.0,8.76,1.3,True,False,True,False,J083019.54+182535.3,,WISEA J083018.83+182546.2,s,"FR-I,WAT",122.89,50.22,1.17,147.7,25.0,54,-23.32,maxBCG J083018.8+182546,0.1916,s,813.0,0.0,0.0,0.874,49.98,2.23,28.0
127.62678,11.50013,0.59212,26.1,246.0,,1.21,False,True,True,False,J083030.18+112957.5,,DESI J083030.43+113000.5,p,"FR-II,WAT",84.29,41.84,0.92,114.0,16.1,36,,Y21 J083027.5+112926,0.8652,p,3053.0,55.0,436.0,0.621,33.86,1.53,19.0
127.62919,12.2983,,,,,,True,False,True,False,J083031.01+121753.9,,,,"FR-I,WAT",7.19,4.64,0.57,137.3,8.5,16,,,,,,,,,,,
127.65454,59.53153,0.16865,24.23,71.0,,1.52,False,True,True,False,J083037.80+593153.1,,DESI J083037.09+593153.5,p,"FR-II,WAT",19.57,7.93,1.19,137.5,66.3,24,,,,,,,,,,,
127.678,25.72351,0.38146,24.88,107.0,,1.91,True,False,True,False,J083042.82+254329.0,,WISEA J083042.71+254324.6,s,"FR-I,WAT",16.19,10.77,0.53,117.3,23.7,20,,AMF J083042.7+254325,0.3815,s,1538.0,0.0,0.0,0.553,14.88,0.69,9.0
127.70505,36.27937,0.26123,24.95,150.0,,1.56,True,False,True,False,J083048.46+361652.2,,WISEA J083049.21+361645.7,s,"FR-I,WAT",36.6,13.12,1.35,133.7,36.1,36,,GMBCG J083049.2+361646,0.2612,s,1088.0,0.0,0.0,0.806,44.93,2.01,22.0
127.70914,21.93249,0.80609,25.61,217.0,,1.66,False,False,False,True,J083050.52+215606.1,f,DESI J083050.19+215557.0,p,"--,NAT",16.21,10.6,0.56,64.7,11.9,28,,WH J083050.2+215557,0.8491,p,3009.0,0.0,0.0,0.635,32.9,1.48,14.0
127.74825,12.88099,0.16475,24.22,87.0,8.56,1.2,True,False,True,False,J083059.64+125256.0,,WISEA J083059.57+125251.5,s,"FR-I,WAT",18.83,5.8,1.55,166.8,111.7,30,-22.4,maxBCG J083059.6+125252,0.1648,s,704.0,0.0,0.0,0.718,27.89,1.26,22.0
127.78202,39.23893,0.2066,,368.0,,1.4,False,True,True,False,J083106.86+391404.8,f,WISEA J083107.68+391420.1,s,"FR-II,WAT",74.36,,,141.9,37.3,105,,maxBCG J083107.7+391420,0.2066,s,873.0,0.0,0.0,0.77,25.75,1.17,21.0
127.81086,41.78508,,,,,,True,False,True,False,J083114.61+414706.3,,,,"FR-I,WAT",112.55,39.26,1.38,169.8,109.0,43,,,,,,,,,,,
127.84707,41.37647,0.97962,26.31,221.0,,,True,False,True,False,J083123.44+412240.8,,DESI J083123.30+412235.3,p,"FR-I,WAT",36.66,16.01,1.09,143.3,20.9,27,,,,,,,,,,,
127.88407,32.32114,,,,,,True,False,True,False,J083132.18+321916.1,,,,"FR-I,WAT",924.17,,,135.2,13.4,28,,,,,,,,,,,
127.90863,27.11367,0.52978,25.36,298.0,,1.98,False,False,True,False,J083137.83+270647.1,,DESI J083138.07+270649.2,p,"--,WAT",22.3,13.53,0.66,160.9,46.3,46,,AMF J083138.2+270715,0.5281,s,2045.0,26.0,169.0,0.713,36.05,1.62,15.0
127.91194,51.77502,,,,,,True,False,True,False,J083138.87+514630.1,,,,"FR-I,WAT",16.79,11.23,0.53,152.0,27.3,30,,,,,,,,,,,
127.92067,12.96815,0.22607,24.68,112.0,,0.42,True,False,False,True,J083140.51+125816.0,,DESI J083140.96+125805.4,p,"FR-I,NAT",27.73,10.39,1.29,87.9,19.5,30,,Y21 J083140.4+125805,0.258,s,1075.0,9.0,37.0,0.703,32.44,1.46,16.0
127.99451,15.71724,0.58098,25.47,135.0,9.62,1.86,True,False,True,False,J083158.73+154259.5,,SDSS J083158.68+154302.0,s,"FR-I,WAT",19.93,9.06,1.03,154.3,11.3,20,-22.94,Y21 J083158.7+154302,0.581,s,2217.0,0.0,0.0,0.549,23.61,1.08,10.0
128.00358,15.22432,0.1739,24.61,85.0,8.41,1.17,True,False,True,False,J083200.73+151329.5,,WISEA J083200.85+151327.5,s,"FR-I,WAT",48.32,30.56,0.6,141.1,11.3,28,-23.01,AMF J083200.9+151328,0.1739,s,741.0,0.0,0.0,0.647,21.19,0.97,13.0
128.1171,0.65118,0.35318,25.35,164.0,,1.71,False,False,True,False,J083228.01+003907.8,,WISEA J083228.10+003904.2,s,"--,WAT",44.81,16.59,1.3,152.6,37.5,32,,WHL J083228.1+003903,0.3588,s,1456.0,1.0,5.0,0.879,59.35,2.63,30.0
128.13001,35.28709,0.26881,25.29,260.0,,,False,True,True,False,J083231.41+351719.6,a,SDSS J083231.19+351713.5,s,"FR-II,WAT",84.68,44.41,0.85,146.6,60.1,61,,maxBCG J083231.3+351713,0.2679,s,1114.0,1.0,4.0,0.881,55.28,2.46,31.0
128.15237,5.06116,0.06972,23.72,58.0,,0.78,False,True,True,False,J083236.92+050339.0,,DESI J083236.57+050340.2,p,"FR-II,WAT",42.08,23.9,0.74,161.9,76.3,42,,,,,,,,,,,
128.20425,13.4074,0.38781,25.14,136.0,,0.46,False,False,False,True,J083249.32+132421.0,,DESI J083249.02+132426.6,p,"--,NAT",26.84,15.27,0.74,77.8,12.8,25,,WHL J083248.3+132409,0.5807,s,2216.0,21.0,143.0,0.592,28.5,1.29,16.0
128.227,-1.178,,,,,1.35,False,True,True,False,J083254.48-011040.8,,,,"FR-II,WAT",36.56,19.14,0.85,166.3,53.6,44,,,,,,,,,,,
128.27312,41.24347,0.41978,25.96,303.0,,1.55,False,True,True,False,J083306.45+411431.0,c,DESI J083305.55+411436.5,p,"FR-II,WAT",131.17,57.96,1.07,161.1,59.4,53,,CFSFDP J083316.1+411258,0.6202,s,2341.0,155.0,1086.0,0.478,10.78,0.5,7.0
128.28914,40.8794,,,,,,True,False,True,False,J083309.39+405245.8,,,,"FR-I,WAT",15.21,10.29,0.51,108.7,10.4,23,,,,,,,,,,,
128.29237,49.66815,0.05263,23.46,36.0,8.39,0.96,True,False,True,False,J083310.50+494004.2,f,SDSS J083310.16+494005.3,s,"FR-I,WAT",42.05,27.78,0.54,140.6,27.6,34,-21.81,WH J083324.8+494137,0.5992,s,2275.0,169.0,1166.0,0.503,12.55,0.58,6.0
128.30949,7.55287,0.66757,25.69,180.0,,1.95,False,False,True,False,J083314.58+073315.6,,DESI J083314.28+073310.3,p,"--,WAT",22.84,9.97,1.09,130.0,22.2,25,,,,,,,,,,,
128.42137,38.43704,0.39107,25.02,109.0,8.95,1.88,False,False,True,False,J083341.60+382612.1,a,WISEA J083341.12+382613.3,s,"--,WAT",18.0,7.97,1.07,118.6,11.6,20,-23.01,WHL J083342.4+382549,0.3961,s,1591.0,28.0,155.0,0.954,75.3,3.31,34.0
128.43933,10.4648,0.29031,25.45,338.0,8.74,1.6,True,False,True,False,J083345.21+102808.2,f,WISEA J083345.44+102753.2,s,"FR-I,WAT",94.19,37.74,1.2,98.4,28.1,75,-23.5,AMF J083345.4+102753,0.2903,s,1200.0,0.0,0.0,0.811,45.36,2.03,15.0
128.45211,1.00168,0.88194,25.58,462.0,,0.82,False,True,True,False,J083348.30+010002.4,c,DESI J083348.51+010006.0,p,"FR-II,WAT",13.6,9.89,0.42,158.1,65.2,58,,,,,,,,,,,
128.49179,30.58233,,,,,,True,False,True,False,J083358.03+303456.4,,,,"FR-I,WAT",15.79,11.13,0.46,140.0,8.2,19,,,,,,,,,,,
128.50549,22.9623,,,,,,False,True,True,False,J083401.32+225744.3,c,,,"FR-II,WAT",28.33,16.53,0.71,131.1,13.5,29,,,,,,,,,,,
128.54011,0.33026,0.4468,25.44,201.0,,1.71,False,False,True,False,J083409.54+001956.4,f,DESI J083409.63+001948.9,p,"--,WAT",29.32,9.61,1.46,122.3,18.8,34,,AMF J083412.9+001932,0.5147,s,2001.0,52.0,333.0,0.691,38.87,1.75,16.0
128.56464,52.65952,0.49902,25.55,252.0,8.99,1.66,False,False,True,False,J083415.31+523942.3,,WISEA J083415.51+523934.2,s,"--,WAT",37.18,20.06,0.81,125.6,27.9,40,-22.93,,,,,,,,,,
128.66911,9.96524,1.76707,27.63,424.0,,0.47,False,True,True,False,J083440.74+095752.2,,[HB89] 0831+101,s,"FR-II,WAT",189.43,88.18,1.0,161.4,94.7,49,,WH J083445.7+095553,0.5957,p,2264.0,143.0,984.0,0.528,14.86,0.69,9.0
128.67708,34.22917,0.43126,25.3,238.0,,1.97,False,False,True,False,J083441.41+341339.8,,WISEA J083442.49+341345.0,s,"--,WAT",25.56,10.05,1.22,161.8,34.4,41,,WHL J083442.4+341130,0.4313,s,1715.0,135.0,784.0,0.932,73.52,3.24,34.0
128.7044,17.59778,,,,,,True,False,True,False,J083449.06+173552.0,,,,"FR-I,WAT",37.01,8.34,1.96,164.8,37.2,23,,,,,,,,,,,
128.72761,45.497,0.31271,24.68,170.0,,1.57,False,False,True,False,J083455.12+452949.9,,DESI J083454.63+452949.2,p,"--,WAT",18.2,17.1,0.08,166.8,160.2,36,,,,,,,,,,,
128.85724,10.12193,0.44528,25.63,207.0,8.94,1.91,False,False,True,False,J083525.56+100719.7,,WISEA J083525.73+100718.9,s,"--,WAT",65.33,43.92,0.52,158.0,48.1,35,-23.87,WHL J083525.7+100719,0.4443,s,1761.0,0.0,0.0,0.83,39.43,2.26,13.0
128.86778,13.89145,0.83938,25.54,180.0,,2.12,False,True,True,False,J083528.41+135331.1,,DESI J083528.27+135329.2,p,"FR-II,WAT",14.42,11.2,0.33,157.6,57.1,23,,WH J083524.8+135308,0.3501,p,1424.0,55.0,281.0,0.562,18.59,0.85,11.0
128.90522,47.74636,0.70243,25.95,324.0,,1.69,False,False,True,False,J083536.62+474449.7,,DESI J083537.25+474446.9,p,"--,WAT",33.16,12.49,1.28,151.9,46.2,44,,,,,,,,,,,
128.91798,14.47492,1.00208,25.93,197.0,,,False,True,True,False,J083540.72+142832.4,c,DESI J083540.31+142829.7,p,"FR-II,WAT",17.34,9.34,0.81,106.2,13.7,24,,,,,,,,,,,
128.92458,6.49598,0.38733,24.95,212.0,8.75,1.89,True,False,True,False,J083542.54+062942.0,,SDSS J083541.89+062945.5,s,"FR-I,WAT",19.22,14.0,0.42,151.7,22.0,39,-23.09,WH J083541.9+062946,0.3873,s,1559.0,0.0,0.0,0.579,20.37,0.93,8.0
128.92891,15.08234,0.15401,25.0,116.0,,1.14,True,False,True,False,J083542.66+150457.0,,2MASS J08354293+1504564,s,"FR-I,WAT",142.4,59.37,1.15,130.1,30.2,42,,GMBCG J083542.9+150456,0.154,s,660.0,0.0,0.0,0.759,28.9,1.31,22.0
128.99176,22.74053,0.5328,25.25,260.0,8.95,1.92,False,True,True,False,J083558.50+224425.8,c,WISEA J083558.02+224425.9,s,"FR-II,WAT",17.97,11.85,0.55,124.8,25.1,40,-23.44,WHL J083558.0+224426,0.5329,s,2061.0,0.0,0.0,0.598,24.38,1.11,15.0
129.00174,6.501,,,,,,False,True,True,False,J083600.42+063003.6,,,,"FR-II,WAT",18.74,10.07,0.81,152.5,27.9,33,,,,,,,,,,,
129.02923,-1.222,,,,,2.46,False,True,True,False,J083607.02-011319.2,c,,,"FR-II,WAT",11.41,10.9,0.06,134.5,26.4,33,,,,,,,,,,,
129.08096,17.01696,0.32127,25.32,280.0,,1.5,False,True,True,False,J083619.33+170107.1,,DESI J083619.43+170101.1,p,"FR-II,WAT",60.96,32.15,0.84,149.5,147.5,58,,,,,,,,,,,
129.08755,27.18502,0.45312,25.37,143.0,8.58,1.92,False,False,False,True,J083620.84+271102.3,,WISEA J083621.01+271106.0,s,"--,NAT",29.95,15.31,0.88,89.4,9.3,24,-22.76,WHL J083619.7+271134,0.4575,s,1807.0,33.0,198.0,0.684,32.5,1.47,18.0
129.16127,22.73042,,,,,,False,False,True,False,J083638.70+224349.5,,,,"--,WAT",24.43,11.67,0.97,124.6,15.1,30,,,,,,,,,,,
129.18277,42.94152,,,,,,False,True,True,False,J083643.86+425629.5,,,,"FR-II,WAT",14.5,9.64,0.54,157.5,29.5,30,,,,,,,,,,,
129.27182,22.68291,0.54561,25.61,211.0,,1.9,False,True,True,False,J083705.35+224105.2,,DESI J083705.24+224058.5,p,"FR-II,WAT",34.59,17.93,0.86,114.6,17.5,32,,WHL J083705.2+224058,0.5335,s,2063.0,0.0,0.0,0.698,40.61,1.82,19.0
129.33125,1.49743,0.24859,24.64,80.0,,0.53,True,False,True,False,J083719.40+012952.7,,DESI J083719.50+012950.8,p,"FR-I,WAT",24.35,16.3,0.53,99.1,9.5,20,,,,,,,,,,,
129.34575,2.35136,0.60561,25.51,249.0,,1.61,False,False,True,False,J083722.80+022104.1,,GAMAJ083722.97+022104.8,s,"--,WAT",24.15,15.63,0.57,142.9,28.1,36,,WH21 J083723.3+022043,0.6057,s,2296.0,22.0,152.0,0.52,13.74,0.64,8.0
129.40407,16.5359,0.38777,25.1,288.0,,0.55,False,True,True,False,J083737.57+163206.2,,DESI J083736.98+163209.2,p,"FR-II,WAT",23.59,12.35,0.85,128.8,54.4,53,,,,,,,,,,,
129.43473,14.87986,0.32598,25.22,146.0,,1.57,True,False,False,True,J083744.81+145257.4,,DESI J083744.33+145247.5,p,"FR-I,NAT",42.08,17.4,1.16,71.0,19.1,30,,WHL J083743.5+145233,0.3066,s,1261.0,19.0,89.0,0.829,50.6,2.25,33.0
129.46212,16.04746,0.4367,25.24,251.0,,1.85,False,True,True,False,J083751.13+160250.3,,DESI J083750.91+160250.9,p,"FR-II,WAT",25.03,13.35,0.82,136.3,29.7,43,,WHL J083750.9+160251,0.4407,s,1748.0,0.0,0.0,0.651,26.4,1.2,15.0
129.48541,36.82058,0.911,27.04,273.0,,0.94,True,False,True,False,J083756.37+364913.3,,DESI J083756.50+364914.1,p,"FR-I,WAT",259.68,127.51,0.93,125.9,24.2,34,,,,,,,,,,,
129.58703,17.20685,0.37658,25.71,326.0,,1.7,False,True,True,False,J083821.12+171236.4,,DESI J083820.89+171224.6,p,"FR-II,WAT",107.55,63.29,0.7,132.8,55.9,61,,,,,,,,,,,
129.60823,57.2779,0.28184,25.01,119.0,8.18,1.64,False,False,True,False,J083825.75+571642.3,,WISEA J083825.97+571640.4,s,"--,WAT",45.5,35.01,0.34,123.8,11.3,27,-23.27,AMF J083836.3+571445,0.2353,s,987.0,142.0,550.0,0.591,14.09,0.65,8.0
129.62703,64.30316,,,,,,True,False,True,False,J083830.49+641811.4,,,,"FR-I,WAT",16.96,7.85,1.01,157.4,91.5,22,,,,,,,,,,,
129.67253,4.73584,0.45537,25.63,287.0,8.26,1.96,False,True,True,False,J083841.51+044414.4,,SDSS J083841.40+044409.0,s,"FR-II,WAT",48.79,20.33,1.15,145.5,44.7,48,-23.42,WHL J083841.4+044409,0.4554,s,1799.0,0.0,0.0,0.735,39.9,1.79,26.0
129.68588,32.88663,0.21275,25.22,247.0,,1.41,False,False,True,False,J083844.50+325307.1,,SDSS J083844.61+325311.8,s,"--,WAT",119.65,59.4,0.92,164.3,33.0,69,,WHL J083844.6+325312,0.2172,s,915.0,0.0,0.0,0.988,68.95,3.04,39.0
129.6952,43.91917,0.32741,24.96,298.0,,1.68,False,True,True,False,J083847.61+435503.6,,WISEA J083846.84+435509.0,s,"FR-II,WAT",25.36,13.41,0.84,139.8,53.5,61,,CLuMPR J083851.4+435719,0.5764,s,2202.0,139.0,942.0,0.53,15.62,0.72,6.0
129.70055,45.44149,,,,,,True,False,True,False,J083848.13+452629.4,,,,"FR-I,WAT",5.81,4.7,0.28,157.9,16.2,21,,,,,,,,,,,
129.70819,13.97911,0.10221,23.32,54.0,,0.76,False,True,False,True,J083850.41+135855.2,,WISEA J083849.96+135844.7,s,"FR-II,NAT",7.42,3.92,0.84,39.5,17.3,28,,WH J083856.2+135916,0.8364,p,2974.0,96.0,754.0,0.414,13.56,0.63,7.0
129.71753,16.91102,0.37052,24.88,180.0,8.85,1.82,False,False,True,False,J083852.16+165451.0,,WISEA J083852.20+165439.6,s,"--,WAT",14.96,6.77,1.04,149.9,32.8,34,-23.49,WHL J083852.2+165440,0.3705,s,1498.0,0.0,0.0,0.676,29.51,1.34,7.0
129.79184,33.80133,,,,,1.76,False,True,False,True,J083910.04+334804.8,,,,"FR-II,NAT",42.46,26.24,0.63,88.8,11.9,32,,,,,,,,,,,
129.80804,6.16252,0.40883,25.21,157.0,,1.93,True,False,True,False,J083913.69+060940.8,"a,f",WISEA J083913.93+060945.0,s,"FR-I,WAT",28.26,16.99,0.67,133.9,14.3,28,,WHL J083913.9+060945,0.4088,s,1636.0,0.0,0.0,0.848,56.93,2.53,31.0
129.82434,-1.69949,0.27916,25.38,236.0,,1.56,False,False,True,False,J083917.34-014157.6,,DESI J083917.84-014158.1,p,"--,WAT",98.14,57.9,0.69,165.0,80.3,54,,WH J083927.0-014017,0.656,p,2452.0,171.0,1227.0,0.492,19.65,0.9,11.0
129.84549,23.80171,0.66098,25.28,151.0,,1.44,False,False,False,True,J083923.02+234811.3,,DESI J083922.92+234806.1,p,"--,NAT",10.23,5.4,0.84,27.6,8.2,21,,CFSFDP J083921.0+235031,0.596,s,2265.0,147.0,1011.0,0.516,13.08,0.61,7.0
129.86373,54.62424,0.40303,24.97,167.0,8.28,1.85,False,False,True,False,J083928.74+543723.8,,DESI J083927.29+543727.3,p,"--,WAT",17.4,11.17,0.58,112.1,30.1,30,-23.1,GMBCG J083927.3+543727,0.3717,s,1503.0,0.0,0.0,0.629,25.44,1.16,12.0
129.87866,59.82979,0.87671,26.62,390.0,,1.99,False,True,True,False,J083929.98+594948.7,"g,j",DESI J083930.88+594947.2,p,"FR-II,WAT",92.36,37.19,1.19,169.1,48.2,49,,,,,,,,,,,
129.96561,29.47177,1.13662,27.04,515.0,,0.46,False,True,True,False,J083951.81+292812.2,c,DESI J083951.75+292818.3,s,"FR-II,WAT",147.68,70.0,0.98,157.4,62.3,61,,,,,,,,,,,
130.00982,29.81739,0.06484,24.9,106.0,,,False,False,True,False,J084001.03+294848.8,,CGCG 150-014,s,"--,WAT",720.51,274.69,1.27,159.8,79.2,82,,,,,,,,,,,
130.03174,17.0083,0.76993,26.24,183.0,,-0.03,True,False,True,False,J084007.82+170028.7,,WISEA J084007.61+170029.8,s,"FR-I,WAT",72.91,44.81,0.64,161.7,18.4,24,,,,,,,,,,,
130.22117,14.28731,0.32936,24.88,221.0,,1.58,True,False,True,False,J084052.94+141715.0,,WISEA J084053.08+141714.3,s,"FR-I,WAT",21.09,11.68,0.78,149.8,38.5,45,,Y21 J084053.1+141714,0.3294,s,1347.0,0.0,0.0,0.619,14.16,0.66,13.0
130.24636,28.6916,,,,,,False,True,True,False,J084059.13+284129.7,,,,"FR-II,WAT",24.24,10.04,1.16,152.7,55.4,41,,,,,,,,,,,
130.25915,52.98161,0.52539,25.45,155.0,,1.87,False,False,True,False,J084101.93+525852.5,f,WISEA J084102.19+525853.8,s,"--,WAT",27.99,16.8,0.67,131.6,11.9,24,,,,,,,,,,,
130.26891,2.98231,,,,,,False,True,True,False,J084104.54+025856.3,,,,"FR-II,WAT",131.85,62.67,0.98,164.5,40.9,41,,,,,,,,,,,
130.31452,45.78619,0.71812,25.51,148.0,,,False,False,True,False,J084115.71+454712.7,,DESI J084115.49+454710.3,p,"--,WAT",15.21,8.64,0.74,125.7,11.8,20,,,,,,,,,,,
130.36535,16.17867,0.18513,24.4,90.0,8.15,,False,False,True,False,J084127.39+161046.0,,WISEA J084127.68+161043.1,s,"--,WAT",24.75,12.7,0.88,112.3,10.6,28,-23.12,WHL J084127.7+161043,0.1731,p,738.0,0.0,0.0,,,,
130.38335,-2.05548,0.21661,25.0,287.0,,1.36,False,False,True,False,J084131.84-020300.6,f,DESI J084132.00-020319.7,p,"--,WAT",69.3,34.57,0.91,100.8,32.3,79,,maxBCG J084132.0-020320,0.2146,p,905.0,0.0,0.0,0.907,52.65,2.34,28.0
130.39799,-3.0716,0.2217,24.73,92.0,,,False,False,True,False,J084135.72-030418.6,,DESI J084135.52-030417.8,p,"--,WAT",36.08,19.12,0.83,115.3,11.9,25,,WHY18 J084132.7-030246,0.2202,p,927.0,101.0,372.0,0.838,49.29,2.2,28.0
130.42631,49.31978,0.19093,24.75,135.0,,1.47,False,False,False,True,J084143.92+491917.3,,DESI J084142.31+491911.2,p,"--,NAT",51.61,26.89,0.86,83.8,57.2,41,,,,,,,,,,,
130.44204,16.12557,0.15063,24.37,133.0,,1.1,False,False,True,False,J084146.01+160742.6,,WISEA J084146.08+160732.0,s,"--,WAT",34.38,13.57,1.22,140.9,30.7,49,,WH J084152.4+160721,0.4469,p,1770.0,92.0,546.0,0.528,12.32,0.57,7.0
130.45942,25.07449,,,,,1.83,False,False,True,False,J084150.26+250428.2,,,,"--,WAT",19.31,12.27,0.59,138.0,36.8,47,,,,,,,,,,,
130.48605,21.61848,0.41097,25.5,299.0,,1.86,False,False,True,False,J084157.35+213712.6,,WISEA J084156.65+213706.5,s,"--,WAT",58.99,40.22,0.5,124.9,28.6,53,,WHL J084151.9+213738,0.411,s,1644.0,74.0,418.0,0.874,61.67,2.73,29.0
130.49428,12.58675,0.30656,24.57,131.0,8.59,1.72,True,False,True,False,J084158.83+123519.8,f,WISEA J084158.62+123512.3,s,"FR-I,WAT",12.72,8.27,0.56,104.3,17.3,28,-23.02,CFSFDP J084158.6+123512,0.3066,s,1261.0,0.0,0.0,0.441,12.23,0.57,7.0
130.53989,42.98363,0.71014,25.55,437.0,,2.08,False,True,True,False,J084209.94+425910.2,,DESI J084209.57+425901.1,p,"FR-II,WAT",19.02,12.78,0.52,154.5,124.0,59,,CFSFDP J084209.6+425901,0.6935,s,2565.0,0.0,0.0,0.517,20.14,0.92,7.0
130.60757,53.89805,0.27753,25.56,270.0,8.56,1.6,False,True,True,False,J084225.39+535340.0,,WISEA J084225.81+535352.9,s,"FR-II,WAT",147.83,80.34,0.8,137.6,387.0,62,-23.11,maxBCG J084225.8+535353,0.281,s,1164.0,1.0,4.0,1.027,95.16,4.16,46.0
130.67721,63.10606,0.36357,24.73,178.0,,0.94,False,True,False,True,J084241.05+630615.2,,DESI J084242.53+630621.8,p,"FR-II,NAT",14.11,11.62,0.25,30.0,17.7,34,,GMBCG J084239.7+630625,0.584,p,2227.0,19.0,129.0,1.094,154.66,6.66,56.0
130.70168,10.03698,0.37758,25.42,214.0,,1.42,False,True,True,False,J084248.44+100219.0,,DESI J084248.40+100213.1,p,"FR-II,WAT",53.64,29.83,0.77,160.8,88.1,40,,WH J084247.5+100436,0.9945,p,3388.0,144.0,1186.0,0.449,19.67,0.9,6.0
130.72509,19.67366,0.43246,25.58,343.0,,1.71,False,True,True,False,J084254.54+194023.5,,WISEA J084254.02+194025.1,s,"FR-II,WAT",50.57,22.28,1.08,119.7,29.7,59,,,,,,,,,,,
130.75175,36.29579,0.28253,24.91,145.0,,1.66,False,True,True,False,J084259.94+361744.1,,WISEA J084300.41+361744.8,s,"FR-II,WAT",32.09,17.93,0.76,102.2,11.3,33,,GMBCG J130.70611+36.28103,0.381,p,1536.0,143.0,771.0,,,,
130.82578,6.90101,2.47086,27.08,422.0,,1.47,False,True,True,False,J084318.99+065412.8,,DESI J084318.19+065403.6,p,"FR-II,WAT",25.86,12.87,0.92,111.0,538.4,51,,WH J084310.9+065301,0.9362,p,3240.0,126.0,1022.0,0.573,33.45,1.51,6.0
130.87403,23.52503,0.5758,25.64,189.0,,1.88,False,False,True,False,J084329.89+233135.0,,WISEA J084329.77+233130.1,s,"--,WAT",26.69,10.09,1.28,103.8,14.1,28,,,,,,,,,,,
130.91343,62.96892,0.84926,26.28,299.0,,1.3,False,False,True,False,J084338.96+625814.6,,DESI J084339.22+625808.1,p,"--,WAT",60.59,34.09,0.75,140.3,48.2,38,,GMBCG J084321.8+625612,0.3128,s,1285.0,166.0,788.0,0.67,20.51,0.94,14.0
130.92157,59.38379,0.54087,25.47,203.0,,1.84,False,False,True,False,J084341.02+592305.4,,DESI J084341.18+592301.6,p,"--,WAT",26.99,15.62,0.72,133.1,18.7,31,,Y21 J084341.2+592302,0.5191,p,2015.0,0.0,0.0,0.625,26.94,1.22,15.0
130.95515,8.73895,0.24565,25.38,171.0,,1.5,False,False,True,False,J084349.15+084427.8,,DESI J084349.24+084420.2,p,"--,WAT",130.68,78.68,0.67,128.0,22.0,43,,maxBCG J084349.2+084420,0.2471,p,1033.0,0.0,0.0,1.004,73.93,3.26,38.0
130.95333,63.85153,0.75963,25.74,167.0,,,False,False,False,True,J084349.40+635107.0,,DESI J084348.80+635105.5,p,"--,NAT",17.53,7.03,1.2,66.9,7.0,22,,WH J084345.0+635009,0.8479,p,3006.0,62.0,489.0,0.523,25.09,1.14,8.0
130.96937,27.02006,1.25236,26.25,343.0,,0.42,False,True,True,False,J084352.45+270116.4,c,DESI J084352.65+270112.2,p,"FR-II,WAT",24.56,15.11,0.64,133.6,22.4,40,,Y21 J084355.9+270011,0.686,s,2543.0,75.0,548.0,0.582,24.2,1.1,10.0
130.98414,59.82278,,,,,,True,False,True,False,J084356.19+594922.0,,,,"FR-I,WAT",13.36,6.52,0.94,143.5,9.7,18,,,,,,,,,,,
131.01523,19.74945,1.81278,27.14,337.0,,0.12,False,False,True,False,J084403.45+194500.6,,WISEA J084403.66+194458.3,s,"--,WAT",71.54,38.75,0.8,145.3,39.1,39,,,,,,,,,,,
131.05368,63.48737,0.18653,24.13,93.0,,1.54,False,True,True,False,J084413.00+632912.9,,DESI J084412.88+632914.5,p,"FR-II,WAT",14.33,10.63,0.39,151.8,42.3,29,,WH J084410.0+632951,0.6782,s,2519.0,42.0,306.0,0.497,19.51,0.89,7.0
131.07469,31.97943,0.24892,24.75,108.0,8.67,1.43,True,False,True,False,J084418.05+315851.8,,WISEA J084417.92+315845.9,s,"FR-I,WAT",29.58,16.99,0.73,126.9,17.8,27,-22.71,GMBCG J084417.9+315846,0.2489,s,1040.0,1.0,4.0,0.715,25.49,1.16,20.0
131.11103,2.46599,0.4503,25.58,244.0,,1.89,False,True,True,False,J084426.78+022801.2,,WISEA J084426.64+022757.5,s,"FR-II,WAT",45.37,18.99,1.14,167.1,82.2,41,,WH J084434.3+022806,0.3328,p,1360.0,115.0,569.0,0.612,22.37,1.02,11.0
131.13921,26.10423,0.10836,24.67,104.0,,1.03,True,False,True,False,J084433.88+260613.7,f,WISEA J084433.41+260615.2,s,"FR-I,WAT",145.31,69.37,0.97,149.7,37.0,51,,maxBCG J084433.4+260615,0.1096,s,475.0,0.0,0.0,0.668,23.69,1.08,10.0
131.18586,22.82582,0.6915,26.87,506.0,,1.76,False,True,True,False,J084444.96+224935.4,,SDSS J084444.60+224932.9,s,"FR-II,WAT",351.38,178.88,0.89,133.0,25.4,69,,,,,,,,,,,
131.1894,21.49242,0.27201,25.48,245.0,8.87,1.54,False,False,True,False,J084445.23+212924.6,f,SDSS J084445.45+212932.6,s,"--,WAT",122.0,58.4,0.97,114.8,21.0,57,-22.95,GMBCG J084445.5+212933,0.272,s,1129.0,0.0,0.0,0.631,24.86,1.13,19.0
131.23274,5.15197,0.23838,25.02,140.0,,1.45,False,False,True,False,J084456.08+050912.0,,WISEA J084455.85+050907.1,s,"--,WAT",58.45,30.16,0.87,169.3,27.7,36,,CLuMPR J084455.9+050907,0.2384,s,999.0,1.0,4.0,0.674,22.93,1.05,9.0
131.24642,33.21299,0.39054,25.29,295.0,8.88,1.83,False,False,True,False,J084458.50+331251.0,,WISEA J084459.14+331246.7,s,"--,WAT",32.62,13.57,1.15,158.7,122.6,54,-23.84,WHL J084459.1+331246,0.3914,s,1574.0,0.0,0.0,0.803,49.08,2.19,26.0
131.26372,-0.82317,,,,,,False,False,True,False,J084503.29-004923.4,,,,"--,WAT",28.2,16.87,0.67,168.8,64.3,29,,,,,,,,,,,
131.28492,37.5985,0.41358,24.78,113.0,,1.95,False,False,True,False,J084508.37+373555.0,,SDSS J084508.38+373554.5,s,"--,WAT",9.46,4.63,0.94,161.0,52.0,20,,,,,,,,,,,
131.30494,30.3623,0.51456,25.74,185.0,,1.98,False,True,True,False,J084513.40+302141.0,,SDSS J084513.18+302144.2,s,"FR-II,WAT",34.76,8.42,1.86,131.5,19.9,29,,AMF J084513.2+302202,0.509,s,1982.0,18.0,115.0,0.592,17.77,0.82,15.0
131.44651,17.4308,1.23711,26.75,351.0,,0.5,True,False,True,False,J084547.48+172551.2,,DESI J084547.16+172550.9,p,"FR-I,WAT",52.74,21.75,1.16,160.8,99.4,41,,,,,,,,,,,
131.49723,22.51931,0.37232,25.1,228.0,,1.8,True,False,True,False,J084559.04+223105.3,"a,c",WISEA J084559.33+223109.5,s,"FR-I,WAT",25.73,13.35,0.86,118.2,21.8,43,,WHL J084559.3+223109,0.3723,s,1505.0,0.0,0.0,0.717,35.18,1.58,19.0
131.52695,5.1236,0.24014,25.17,157.0,,1.52,True,False,False,True,J084607.04+050729.2,,WISEA J084606.46+050724.9,s,"FR-I,NAT",78.5,34.41,1.08,77.0,13.3,40,,maxBCG J084606.5+050725,0.2383,s,998.0,0.0,0.0,1.198,141.26,6.1,87.0
131.54941,20.33267,0.85254,25.35,197.0,8.57,1.51,False,False,True,False,J084611.98+201959.7,,DESI J084611.86+201957.6,p,"--,WAT",7.93,5.23,0.55,158.7,32.8,25,-18.79,Y21 J084618.5+201953,0.6161,s,2328.0,94.0,657.0,0.581,24.2,1.1,11.0
131.55591,4.00769,0.94762,25.96,244.0,,2.36,False,True,True,False,J084613.55+040028.0,,DESI J084613.42+040027.7,p,"FR-II,WAT",21.85,11.95,0.79,148.3,28.9,30,,WH J084613.5+040000,0.9817,p,3356.0,28.0,230.0,0.591,35.24,1.59,7.0
131.62502,27.00359,0.89622,25.84,224.0,,2.23,False,False,True,False,J084629.50+270012.6,,DESI J084630.00+270012.9,p,"--,WAT",18.96,10.43,0.78,161.3,35.1,28,,,,,,,,,,,
131.62685,34.98326,,,,,0.31,False,False,True,False,J084630.44+345859.7,,,,"--,WAT",64.05,41.08,0.58,134.9,24.7,38,,,,,,,,,,,
131.65528,17.29725,1.62838,26.7,252.0,,0.42,False,False,True,False,J084636.98+171750.6,,WISEA J084637.26+171750.1,s,"--,WAT",46.12,32.7,0.45,149.0,14.8,29,,,,,,,,,,,
131.67765,57.69627,0.41089,25.27,220.0,8.57,2.01,True,False,True,False,J084643.35+574153.2,,WISEA J084642.63+574146.5,s,"FR-I,WAT",29.66,14.41,0.95,156.1,42.8,39,-23.16,WHL J084642.6+574147,0.4109,s,1643.0,0.0,0.0,0.795,35.75,1.61,22.0
131.69392,13.21335,0.29194,24.99,135.0,,1.52,True,False,True,False,J084647.09+131247.4,,WISEA J084646.54+131248.0,s,"FR-I,WAT",41.74,35.71,0.2,125.6,114.2,30,,WHL J084642.5+131106,0.5625,s,2158.0,117.0,783.0,0.615,27.68,1.26,16.0
131.70055,48.72356,0.55242,26.12,437.0,9.25,1.43,False,False,True,False,J084648.08+484327.4,,WISEA J084648.13+484324.8,s,"--,WAT",111.83,61.09,0.79,156.4,72.9,66,-22.64,,,,,,,,,,
131.70032,20.40283,0.67517,26.65,842.0,,1.66,False,True,True,False,J084648.24+202404.5,,DESI J084648.08+202410.2,p,"FR-II,WAT",135.16,32.68,1.86,166.6,185.9,116,,Y21 J084646.6+202232,0.8254,p,2944.0,100.0,782.0,0.494,21.83,1.0,6.0
131.72078,27.00006,0.36502,25.45,241.0,,1.78,False,False,True,False,J084653.40+265957.2,,SDSS J084652.98+270000.2,s,"--,WAT",58.02,27.86,0.96,161.7,69.5,46,,WHL J084653.5+270020,0.3661,s,1482.0,21.0,110.0,0.63,23.9,1.09,23.0
131.72505,17.04379,0.19423,24.62,187.0,,1.2,False,True,True,False,J084654.42+170243.7,,DESI J084654.01+170237.7,p,"FR-II,WAT",33.55,11.05,1.46,118.3,176.7,56,,,,,,,,,,,
131.73004,-1.52905,0.44808,25.34,291.0,,1.9,False,True,True,False,J084654.63-013145.5,"f,j",GAMAJ084655.21-013144.5,s,"FR-II,WAT",28.78,14.65,0.89,106.3,23.1,49,,WHL J084655.2-013145,0.46,p,1815.0,0.0,0.0,0.744,39.04,1.75,24.0
131.7829,28.52633,,,,,2.52,False,True,True,False,J084707.90+283134.8,c,,,"FR-II,WAT",213.82,95.99,1.05,125.0,33.7,58,,,,,,,,,,,
131.80925,21.26606,,,,,,True,False,True,False,J084714.22+211557.8,,,,"FR-I,WAT",29.39,9.09,1.54,144.7,8.8,20,,,,,,,,,,,
131.84243,8.79502,0.4083,25.32,129.0,9.15,1.88,True,False,True,False,J084722.17+084738.9,,2MASS J08472216+0847422,s,"FR-I,WAT",33.72,16.51,0.94,127.7,37.2,23,-23.26,Y21 J084722.2+084742,0.4083,s,1634.0,0.0,0.0,0.615,27.86,1.26,15.0
131.85983,31.52396,0.43297,26.16,291.0,,1.89,False,True,False,True,J084727.41+313146.5,,DESI J084726.36+313126.2,p,"FR-II,NAT",159.4,46.27,1.62,37.1,50.5,50,,WHL J084718.1+313220,0.5177,s,2011.0,119.0,764.0,0.827,59.12,2.62,23.0
131.8653,10.67023,0.35556,25.28,289.0,8.4,1.73,False,True,True,False,J084727.94+104011.9,,WISEA J084727.67+104012.8,s,"FR-II,WAT",45.34,26.78,0.69,165.8,74.6,56,-21.15,,,,,,,,,,
131.91843,19.71963,0.55036,25.36,139.0,,1.99,True,False,True,False,J084740.43+194309.5,,DESI J084740.42+194310.7,p,"FR-I,WAT",17.11,7.57,1.07,144.5,11.5,21,,Y21 J084740.4+194311,0.5489,s,2114.0,0.0,0.0,0.663,35.15,1.58,15.0
131.94078,11.2251,0.60626,25.62,187.0,,1.46,True,False,True,False,J084745.99+111327.6,,DESI J084745.79+111330.4,p,"FR-I,WAT",27.99,15.3,0.79,145.3,19.9,27,,WH J084739.7+111140,0.8212,p,2932.0,142.0,1108.0,0.464,16.23,0.75,6.0
131.94409,11.51928,0.67289,25.96,174.0,,1.9,False,True,False,True,J084746.34+113115.0,,DESI J084746.58+113109.4,p,"FR-II,NAT",48.68,27.33,0.76,35.6,4.1,24,,WHL J084746.6+113109,0.6751,s,2510.0,0.0,0.0,0.923,99.15,4.33,50.0
131.95447,34.88998,0.45711,25.39,222.0,,1.93,False,True,True,False,J084749.98+345327.0,,DESI J084749.07+345323.9,p,"FR-II,WAT",33.89,20.82,0.64,128.8,39.7,37,,AMF J084749.1+345324,0.4571,p,1805.0,0.0,0.0,0.599,24.09,1.1,20.0
131.96118,49.56979,1.0256,27.16,472.0,,1.0,False,True,True,False,J084750.87+493416.8,,WISEA J084750.68+493411.2,s,"FR-II,WAT",235.28,105.68,1.05,166.2,81.2,57,,,,,,,,,,,
132.07315,44.22213,0.37728,24.98,268.0,,1.79,True,False,True,False,J084817.52+441323.9,,DESI J084817.56+441319.7,p,"FR-I,WAT",19.9,11.35,0.74,149.9,118.5,50,,,,,,,,,,,
132.08853,38.1298,0.78754,25.35,153.0,,1.92,False,True,True,False,J084821.44+380741.9,,DESI J084821.25+380747.3,p,"FR-II,WAT",10.68,8.15,0.35,90.1,10.0,20,,,,,,,,,,,
132.10635,15.70093,0.32333,25.32,121.0,8.64,1.71,True,False,True,False,J084825.24+154202.3,,WISEA J084825.52+154203.3,s,"FR-I,WAT",57.38,27.38,0.97,119.9,18.8,25,-18.25,WHL J084824.8+154200,0.3233,s,1324.0,11.0,53.0,0.895,60.44,2.68,21.0
132.16884,16.18804,0.56731,25.35,356.0,,1.83,True,False,True,False,J084840.79+161120.2,,WISEA J084840.52+161116.9,s,"FR-I,WAT",15.61,7.03,1.05,104.6,44.5,53,,WH J084840.5+161117,0.5674,s,2174.0,0.0,0.0,0.569,18.97,0.87,6.0
132.24312,30.28841,0.74422,26.04,286.0,,0.92,False,True,True,False,J084858.23+301720.8,,DESI J084858.35+301718.3,p,"FR-II,WAT",36.32,14.39,1.21,164.7,41.8,38,,WH J084900.3+301535,1.0775,s,3590.0,106.0,888.0,0.499,22.52,1.03,9.0
132.25512,40.51418,0.1813,25.1,180.0,,1.29,True,False,True,False,J084900.52+403046.6,,WISEA J084901.22+403051.0,s,"FR-I,WAT",125.66,57.99,1.01,148.6,53.2,57,,maxBCG J084905.7+403202,0.184,s,782.0,88.0,282.0,0.799,35.19,1.58,24.0
132.29854,49.18522,0.181,24.68,186.0,8.52,1.27,True,False,True,False,J084910.62+491111.9,,WISEA J084911.64+491106.8,s,"FR-I,WAT",48.83,23.76,0.95,133.2,25.3,59,-22.82,AMF J084911.6+491107,0.1809,s,769.0,0.0,0.0,0.699,11.76,0.55,11.0
132.33868,53.58629,,,,,,False,False,True,False,J084921.28+533510.7,,,,"--,WAT",21.49,10.89,0.89,125.3,5.8,20,,,,,,,,,,,
132.33991,40.00203,0.50033,25.28,151.0,,2.03,False,False,True,False,J084921.86+400008.4,,WISEA J084921.57+400007.3,s,"--,WAT",20.86,11.87,0.74,163.8,50.0,24,,WHL J084921.6+400007,0.5003,s,1952.0,0.0,0.0,0.648,25.66,1.17,18.0
132.35583,31.07484,,,,,1.72,False,True,True,False,J084925.40+310429.4,,,,"FR-II,WAT",34.6,17.0,0.93,159.3,104.4,41,,,,,,,,,,,
132.39428,28.36548,0.49476,25.98,269.0,8.72,1.94,False,True,True,False,J084933.61+282154.1,j,WISEA J084934.62+282155.7,s,"FR-II,WAT",87.86,35.49,1.19,114.4,17.1,43,-23.73,WHL J084934.6+282156,0.4948,s,1934.0,0.0,0.0,0.894,77.02,3.39,47.0
132.41901,34.83821,0.5821,25.3,129.0,,1.86,True,False,True,False,J084940.13+345021.6,,WISEA J084940.56+345017.5,s,"FR-I,WAT",13.2,5.88,1.06,147.1,28.5,19,,WHL J084940.6+345018,0.5842,s,2228.0,0.0,0.0,0.759,47.79,2.13,21.0
132.42605,23.83233,0.54191,25.13,118.0,,1.87,False,True,True,False,J084942.53+234952.8,,DESI J084942.25+234956.4,p,"FR-II,WAT",13.52,9.33,0.49,146.9,8.0,18,,WHL J084942.3+234956,0.538,p,2078.0,0.0,0.0,0.765,50.2,2.24,17.0
132.45173,42.92148,0.68388,26.11,394.0,,1.72,False,False,True,False,J084948.81+425522.0,,DESI J084948.42+425517.3,p,"--,WAT",69.3,40.66,0.7,117.6,24.1,54,,,,,,,,,,,
132.46226,4.68427,,,,,2.09,False,True,True,False,J084950.94+044103.4,c,,,"FR-II,WAT",15.87,8.92,0.76,93.0,21.0,25,,,,,,,,,,,
132.49807,42.77457,0.42332,24.91,178.0,,1.81,False,False,True,False,J084959.45+424626.0,,WISEA J084959.53+424628.4,s,"--,WAT",15.45,12.87,0.24,170.0,117.8,31,,WHL J084959.5+424628,0.4233,s,1687.0,0.0,0.0,0.641,27.27,1.24,16.0
132.52216,12.77354,0.15182,24.49,76.0,,1.29,True,False,False,True,J085005.30+124616.5,,SDSS J085005.31+124624.7,s,"FR-I,NAT",43.86,15.17,1.39,45.7,7.0,28,,WHL J085005.4+124627,0.1521,s,652.0,3.0,8.0,1.051,78.34,3.44,52.0
132.56117,31.0702,,,,,1.43,True,False,True,False,J085014.68+310412.7,,,,"FR-I,WAT",26.84,16.93,0.6,164.3,82.1,52,,,,,,,,,,,
132.60053,25.94634,0.83337,25.64,180.0,,3.9,False,True,True,False,J085024.30+255646.5,,DESI J085024.13+255646.8,p,"FR-II,WAT",15.45,9.49,0.64,141.1,17.4,23,,,,,,,,,,,
132.60649,-3.21011,0.45568,25.46,167.0,,,True,False,True,False,J085025.56-031239.0,,DESI J085025.56-031236.4,p,"FR-I,WAT",39.06,23.01,0.69,145.2,16.7,28,,CFSFDP J085025.6-031236,0.4586,p,1810.0,0.0,0.0,0.619,25.19,1.15,10.0
132.60386,0.20729,0.19244,24.82,152.0,,1.07,False,True,True,False,J085025.73+001228.8,,DESI J085024.93+001226.3,p,"FR-II,WAT",61.44,34.38,0.76,148.4,52.5,46,,eFEDS J085027.8+001503,0.1984,p,840.0,163.0,554.0,,,,
132.66911,29.15188,0.43322,25.37,168.0,,1.83,False,True,True,False,J085040.90+290902.9,,WISEA J085040.58+290906.7,s,"FR-II,WAT",34.81,19.42,0.77,137.8,20.2,29,,GMBCG J085040.6+290906,0.4332,s,1722.0,0.0,0.0,0.76,41.97,1.88,23.0
132.6768,0.34812,0.19186,24.61,129.0,8.91,1.3,False,True,True,False,J085041.69+002054.0,,WISEA J085042.43+002053.2,s,"FR-II,WAT",36.51,17.19,0.99,99.0,19.8,39,-23.04,CLuMPR J085052.1+001913,0.8062,p,2891.0,177.0,1373.0,0.571,20.19,0.92,11.0
132.71017,33.55537,0.653,26.06,372.0,,1.75,False,True,True,False,J085050.15+333321.0,c,DESI J085050.44+333319.3,p,"FR-II,WAT",60.69,29.97,0.93,162.4,26.3,52,,,,,,,,,,,
132.72255,47.89771,0.18448,24.83,144.0,8.2,1.24,False,False,True,False,J085053.49+475355.2,,WISEA J085053.41+475351.7,s,"--,WAT",68.02,35.99,0.84,155.3,140.0,45,-22.6,CFSFDP J085109.0+475450,0.7412,p,2706.0,168.0,1266.0,0.515,23.38,1.07,8.0
132.72262,13.81625,0.1923,25.19,248.0,8.4,1.25,False,True,True,False,J085053.51+134921.0,"f,j",WISEA J085053.42+134858.5,s,"FR-II,WAT",136.45,64.09,0.99,106.5,46.0,75,-23.11,maxBCG J085053.4+134858,0.1923,s,815.0,1.0,3.0,0.761,32.67,1.47,22.0
132.7571,16.64927,0.33246,25.12,489.0,,1.64,False,False,True,False,J085101.56+163848.6,,WISEA J085101.70+163857.3,s,"--,WAT",33.41,14.94,1.06,164.4,148.3,99,,WHL J085101.7+163857,0.3325,s,1358.0,0.0,0.0,0.718,33.86,1.53,18.0
132.78477,16.28473,0.65828,25.71,129.0,,1.87,False,True,True,False,J085108.43+161707.8,,DESI J085108.35+161705.0,p,"FR-II,WAT",21.3,7.36,1.39,106.4,11.8,18,,,,,,,,,,,
132.79312,16.25854,0.65759,25.56,208.0,,1.95,True,False,False,True,J085110.18+161541.4,,WISEA J085110.34+161530.7,s,"FR-I,NAT",20.65,11.47,0.77,72.5,22.5,29,,WHL J085110.3+161530,0.6575,s,2457.0,0.0,0.0,0.63,27.68,1.26,18.0
132.80089,50.37917,0.31232,24.91,127.0,,1.69,True,False,True,False,J085113.11+502249.2,,WISEA J085112.21+502245.0,s,"FR-I,WAT",24.18,11.77,0.94,120.7,12.8,27,,AMF J085112.2+502245,0.3123,s,1283.0,0.0,0.0,0.63,20.29,0.93,12.0
132.80852,47.3439,0.28564,25.53,147.0,,1.38,False,True,True,False,J085113.92+472038.3,,DESI J085114.04+472038.0,p,"FR-II,WAT",129.89,72.93,0.76,114.1,12.6,33,,,,,,,,,,,
132.82253,37.07463,0.22069,24.67,261.0,8.98,1.4,False,True,True,False,J085115.12+370441.9,,SDSS J085117.40+370428.7,s,"FR-II,WAT",30.82,15.81,0.88,143.4,78.1,71,-23.42,Y21 J085117.4+370429,0.2222,s,935.0,0.0,0.0,0.691,25.89,1.18,9.0
132.81766,8.45659,0.06354,24.25,101.0,8.57,,True,False,False,True,J085116.80+082726.4,d,WISEA J085116.23+082723.7,s,"FR-I,NAT",166.01,55.21,1.44,23.5,20.7,80,-22.53,CFSFDP J085116.2+082723,0.0635,s,278.0,1.0,1.0,0.529,10.44,0.49,8.0
132.91124,30.31609,,,,,,False,True,True,False,J085138.70+301857.9,,,,"FR-II,WAT",71.12,34.82,0.94,98.3,18.2,49,,,,,,,,,,,
132.99625,62.46602,0.05246,24.3,36.0,,0.31,False,False,True,False,J085159.03+622801.5,f,DESI J085159.10+622757.7,p,"--,WAT",281.91,129.66,1.02,134.9,15.5,34,,,,,,,,,,,
132.99716,27.33626,0.19351,24.35,119.0,,1.27,False,False,True,False,J085159.51+272010.0,,WISEA J085159.31+272010.5,s,"--,WAT",18.58,7.06,1.27,167.1,58.6,36,,maxBCG J085159.3+272011,0.1935,s,820.0,0.0,0.0,0.723,30.36,1.37,19.0
133.0046,17.36642,0.1932,24.56,179.0,8.77,1.26,False,True,True,False,J085201.04+172204.2,,WISEA J085201.10+172159.1,s,"FR-II,WAT",31.07,13.64,1.08,160.7,69.7,54,-23.1,CFSFDP J085201.1+172159,0.1932,s,819.0,0.0,0.0,0.571,16.32,0.75,6.0
133.03761,24.84652,0.25855,25.12,203.0,8.52,1.51,False,False,True,False,J085207.91+245049.4,"h,j",WISEA J085209.02+245047.4,s,"--,WAT",59.77,27.05,1.04,167.6,68.5,49,-23.23,maxBCG J085209.0+245047,0.2597,s,1082.0,0.0,0.0,0.894,56.96,2.53,41.0
133.06563,56.65422,0.414,25.14,209.0,8.9,1.93,False,True,True,False,J085216.34+563915.4,f,DESI J085215.75+563915.2,p,"FR-II,WAT",23.16,13.26,0.73,147.1,47.9,37,-22.87,WHL J085215.8+563915,0.4226,p,1685.0,0.0,0.0,0.979,92.11,4.03,47.0
133.07198,53.26571,0.34719,25.01,122.0,,1.79,False,False,True,False,J085217.58+531554.2,,WISEA J085217.27+531556.5,s,"--,WAT",28.13,20.56,0.41,107.2,18.9,24,,WHL J085217.3+531556,0.3472,s,1413.0,0.0,0.0,0.667,30.59,1.38,8.0
133.10794,-0.75259,0.45743,25.28,162.0,,1.9,False,False,True,False,J085226.46-004507.7,,WISEA J085225.90-004509.3,s,"--,WAT",25.52,14.4,0.75,116.0,16.7,27,,WHL J085234.8-004552,0.5065,s,1973.0,140.0,889.0,0.614,15.25,0.7,10.0
133.17724,15.73515,0.09988,24.28,101.0,8.62,0.99,True,False,True,False,J085242.51+154416.5,,WISEA J085242.53+154406.5,s,"FR-I,WAT",70.76,34.14,0.96,151.2,69.0,53,-22.73,maxBCG J085242.5+154407,0.1016,s,441.0,0.0,0.0,0.767,30.26,1.37,20.0
133.2821,4.23858,0.28227,24.71,97.0,,1.57,True,False,False,True,J085308.07+041425.1,,WISEA J085307.70+041418.8,s,"FR-I,NAT",18.28,7.49,1.17,77.5,11.3,22,,AMF J085307.7+041419,0.2823,s,1169.0,0.0,0.0,0.625,25.44,1.16,15.0
133.31157,8.1926,0.16217,24.53,208.0,8.51,1.18,False,False,True,False,J085314.59+081128.6,,WISEA J085314.77+081133.3,s,"--,WAT",44.63,22.93,0.87,163.4,33.7,72,-22.61,maxBCG J085314.8+081133,0.1622,s,693.0,0.0,0.0,0.777,36.95,1.66,21.0
133.33114,38.87752,0.12765,24.51,78.0,,,False,False,True,False,J085320.31+385235.2,,WISEA J085319.47+385239.0,s,"--,WAT",70.1,34.27,0.94,133.1,16.6,33,,,,,,,,,,,
133.38274,23.39997,0.30558,25.14,247.0,8.8,1.62,False,True,True,False,J085331.50+232404.6,,WISEA J085331.85+232359.9,s,"FR-II,WAT",43.13,21.18,0.93,153.2,52.6,53,-23.41,GMBCG J085331.9+232400,0.3056,s,1258.0,0.0,0.0,0.8,45.35,2.03,17.0
133.39801,-5.59132,,,,,,False,True,True,False,J085335.52-053528.8,,,,"FR-II,WAT",22.71,11.76,0.86,156.9,70.6,36,,,,,,,,,,,
133.40196,10.9388,0.48589,25.21,204.0,,1.86,False,True,True,False,J085336.35+105617.9,,SDSS J085336.46+105619.6,s,"FR-II,WAT",13.13,3.73,1.65,158.1,54.8,33,,,,,,,,,,,
133.46053,13.35099,0.30802,24.81,169.0,8.36,1.62,False,False,True,False,J085350.31+132104.8,,WISEA J085350.52+132103.5,s,"--,WAT",23.72,19.15,0.28,142.8,31.4,36,-22.95,WH J085351.9+132234,1.3477,p,4184.0,93.0,803.0,0.367,10.79,0.5,6.0
133.47769,31.60916,,,,,,False,True,True,False,J085354.65+313633.0,c,,,"FR-II,WAT",55.52,30.78,0.77,139.4,28.1,46,,,,,,,,,,,
133.5206,7.7895,1.31394,26.96,336.0,,,True,False,True,False,J085405.26+074724.0,,DESI J085404.94+074722.2,p,"FR-I,WAT",88.08,42.57,0.95,161.0,41.3,39,,,,,,,,,,,
133.6087,15.30562,0.43158,24.89,162.0,8.1,1.71,True,False,True,False,J085426.31+151821.5,,WISEA J085426.08+151820.2,s,"FR-I,WAT",14.7,13.28,0.13,137.6,20.9,28,-22.12,GMBCG J085421.4+151645,0.321,s,1316.0,117.0,565.0,0.485,14.78,0.68,6.0
133.69875,35.78525,0.12834,24.17,95.0,8.65,1.0,True,False,False,True,J085448.02+354659.3,,WISEA J085447.70+354706.8,s,"FR-I,NAT",33.01,21.29,0.58,86.5,19.1,40,-22.53,maxBCG J085448.4+354654,0.128,s,552.0,16.0,38.0,0.672,26.12,1.19,9.0
133.75109,30.34786,0.28608,25.09,200.0,,1.55,True,False,True,False,J085459.44+302059.3,,WISEA J085500.26+302052.2,s,"FR-I,WAT",36.34,9.57,1.75,110.3,25.9,45,,maxBCG J085500.2+302052,0.2861,s,1184.0,0.0,0.0,0.983,75.08,3.31,48.0
133.76768,57.54327,0.33771,25.08,129.0,8.0,1.61,False,False,False,True,J085503.89+573244.6,,WISEA J085504.24+573235.7,s,"--,NAT",35.99,27.53,0.35,79.5,13.5,26,-22.63,WHL J085458.6+573122,0.3383,s,1380.0,87.0,435.0,0.746,32.98,1.49,20.0
133.84846,-4.08202,1.17988,26.53,323.0,,,False,False,True,False,J085523.91-040452.5,,DESI J085523.63-040455.3,p,"--,WAT",45.8,24.02,0.85,128.1,24.9,38,,,,,,,,,,,
133.86563,15.2632,,,,,,False,True,True,False,J085527.75+151547.5,,,,"FR-II,WAT",33.54,18.59,0.77,163.7,41.4,30,,,,,,,,,,,
133.89463,34.90863,0.21147,24.97,89.0,,1.3,False,False,True,False,J085534.88+345431.5,f,DESI J085534.71+345431.1,p,"--,WAT",67.08,30.84,1.02,162.1,26.2,25,,,,,,,,,,,
133.93135,26.03373,0.263,24.74,180.0,,1.47,False,False,True,False,J085543.41+260158.7,a,DESI J085543.52+260201.4,p,"--,WAT",24.99,13.16,0.84,156.8,43.6,43,,maxBCG J085543.5+260201,0.2636,p,1097.0,0.0,0.0,0.596,14.22,0.66,12.0
133.98411,37.22849,0.62889,26.07,422.0,,0.18,False,True,True,False,J085556.40+371348.1,,DESI J085556.19+371342.6,p,"FR-II,WAT",74.18,41.29,0.77,145.4,43.8,60,,RXGCC 305,0.0888,s,387.0,77.0,133.0,,,,
134.00352,48.48622,0.11885,24.73,215.0,8.92,1.09,False,True,True,False,J085602.35+482927.3,,WISEA J085600.84+482910.3,s,"FR-II,WAT",120.05,25.07,2.06,122.1,64.2,97,-23.05,maxBCG J085600.8+482910,0.1237,s,534.0,0.0,0.0,0.963,58.88,2.61,37.0
134.05512,63.49061,0.40271,25.02,128.0,8.28,1.99,True,False,True,False,J085613.02+632929.1,,WISEA J085613.22+632926.1,s,"FR-I,WAT",17.97,9.46,0.84,144.6,53.3,23,-23.5,WHL J085613.3+632926,0.4027,s,1614.0,0.0,6.0,0.563,19.2,0.88,6.0
134.07791,49.8517,0.62495,25.72,231.0,,1.94,True,False,True,False,J085618.61+495111.5,f,WISEA J085618.69+495106.1,s,"FR-I,WAT",36.37,22.95,0.6,130.2,31.9,33,,Y21 J085618.7+495106,0.625,s,2356.0,0.0,0.0,0.631,30.9,1.4,12.0
134.086,1.41758,0.71864,25.15,119.0,,1.57,True,False,True,False,J085620.68+012503.0,,SDSS J085620.64+012503.3,s,"FR-I,WAT",9.31,8.58,0.11,138.9,15.5,16,,WH21 J085620.6+012503,0.7186,s,2640.0,0.0,0.0,0.703,43.35,1.94,17.0
134.11637,36.05434,0.34522,25.32,131.0,,0.95,False,False,True,False,J085627.64+360318.9,,WISEA J085627.92+360315.6,s,"--,WAT",50.83,26.97,0.83,120.6,94.6,26,-22.74,WHL J085620.2+360425,0.3807,s,1535.0,117.0,631.0,0.68,20.9,1.14,9.0
134.12673,10.94456,0.26167,24.71,117.0,,1.42,False,False,True,False,J085630.72+105644.9,,DESI J085630.41+105640.4,p,"--,WAT",21.85,8.76,1.2,138.3,16.7,28,,WH J085631.1+105636,0.4626,s,1824.0,11.0,67.0,0.485,14.98,0.69,7.0
134.13548,26.12108,1.29326,27.2,284.0,,,False,True,True,False,J085632.40+260713.0,c,DESI J085632.51+260715.9,p,"FR-II,WAT",177.31,95.11,0.82,168.8,62.5,33,,,,,,,,,,,
134.13645,29.79828,0.45276,25.1,119.0,,1.84,True,False,False,True,J085633.04+294750.8,,WISEA J085632.74+294753.7,s,"FR-I,NAT",18.68,12.98,0.48,71.7,6.7,20,-23.64,GMBCG J085632.7+294754,0.4527,s,1790.0,1.0,6.0,0.737,43.4,1.94,20.0
134.15227,51.9646,0.28904,24.8,121.0,,1.57,False,True,True,False,J085636.95+515757.5,,DESI J085636.54+515752.6,p,"FR-II,WAT",21.86,9.82,1.05,128.4,36.4,27,,WHL J085634.4+515735,0.3361,s,1372.0,27.0,134.0,0.961,72.21,3.18,50.0
134.28421,9.98268,0.43696,25.07,216.0,8.7,1.93,False,True,True,False,J085708.10+095857.6,,WISEA J085708.20+095857.6,s,"FR-II,WAT",15.62,7.03,1.05,147.1,24.5,37,-23.2,WHL J085702.8+095741,0.5086,s,1980.0,111.0,706.0,0.849,62.79,2.78,23.0
134.28597,47.47149,,,,,,False,True,True,False,J085708.63+472817.4,,,,"FR-II,WAT",24.19,13.45,0.77,162.9,24.9,29,,,,,,,,,,,
134.34188,35.96717,0.4137,25.48,147.0,,1.83,False,True,False,True,J085722.68+355756.9,,2MASS J08572209+3558024,s,"FR-II,NAT",51.11,29.06,0.74,41.2,6.6,26,,WHL J085719.2+355638,0.4102,s,1641.0,90.0,508.0,0.677,21.85,1.0,17.0
134.36704,35.90781,1.19193,26.69,306.0,,,False,True,True,False,J085728.45+355433.4,,DESI J085728.09+355428.1,p,"FR-II,WAT",74.8,44.89,0.67,115.4,24.6,36,,,,,,,,,,,
134.42434,38.2765,0.38587,25.6,173.0,,1.32,True,False,True,False,J085742.12+381635.3,,DESI J085741.84+381635.4,p,"FR-I,WAT",72.58,34.45,0.98,108.0,15.9,32,,,,,,,,,,,
134.4591,17.87715,0.59303,25.58,199.0,,1.91,False,True,True,False,J085749.86+175242.2,,WISEA J085750.18+175237.7,s,"FR-II,WAT",28.86,17.23,0.68,119.5,18.0,29,,WHL J085750.2+175237,0.593,s,2256.0,0.0,0.0,0.884,78.62,3.46,42.0
134.4876,17.07988,0.32276,25.58,251.0,8.36,1.65,False,True,False,True,J085756.68+170433.7,"f,h,j",WISEA J085757.02+170447.5,s,"FR-II,NAT",105.72,53.25,0.9,25.5,26.6,52,-23.36,WHL J085757.1+170447,0.3228,s,1322.0,1.0,5.0,0.702,31.04,1.4,21.0
134.4926,17.0588,0.32182,25.62,111.0,8.89,1.63,True,False,False,True,J085758.80+170334.3,j,WISEA J085758.22+170331.6,s,"FR-I,NAT",80.24,13.8,2.31,60.4,7.3,23,-22.78,WHL J085757.1+170447,0.3302,p,1350.0,77.0,379.0,0.71,28.31,1.58,12.0
134.49659,14.9602,,,,,0.62,False,True,False,True,J085759.18+145736.7,,,,"FR-II,NAT",72.3,41.04,0.74,79.5,9.7,26,,,,,,,,,,,
134.51211,39.04266,0.3334,25.12,143.0,,1.7,False,False,True,False,J085802.42+390239.2,,DESI J085802.91+390233.6,p,"--,WAT",33.53,15.62,1.0,94.6,13.7,29,,WHL J085802.9+390234,0.3353,s,1369.0,0.0,0.0,0.71,33.15,1.5,26.0
134.55615,12.64793,0.61984,25.97,399.0,,1.31,False,False,True,False,J085813.36+123851.6,,DESI J085813.48+123852.6,p,"--,WAT",56.86,28.17,0.92,161.6,55.5,57,,,,,,,,,,,
134.5636,50.88425,0.18257,25.12,404.0,8.47,1.27,False,False,True,False,J085814.32+505333.3,"g,j",WISEA J085815.26+505303.2,s,"--,WAT",116.16,32.58,1.67,140.8,87.7,127,-23.04,GMBCG J085830.3+505423,0.3715,s,1502.0,163.0,865.0,0.525,14.03,0.65,8.0
134.59486,-4.64978,0.6431,25.55,142.0,,,True,False,False,True,J085822.65-043855.5,,DESI J085822.77-043859.2,p,"FR-I,NAT",18.98,9.05,0.97,86.1,6.8,20,,Y21 J085822.8-043859,0.644,p,2415.0,0.0,0.0,0.714,46.32,2.07,20.0
134.59926,12.56309,0.28033,25.71,241.0,,1.52,False,True,True,False,J085824.40+123350.8,,DESI J085823.82+123347.1,p,"FR-II,WAT",197.72,95.57,0.95,130.7,40.2,55,,WH J085823.8+123347,0.2922,p,1207.0,0.0,0.0,0.516,12.18,0.57,8.0
134.6202,17.73138,0.95316,25.64,162.0,,2.01,False,True,True,False,J085829.01+174355.8,,DESI J085828.85+174353.0,p,"FR-II,WAT",11.8,7.67,0.57,139.8,34.9,20,,WH J085828.8+174353,1.0044,p,3412.0,0.0,0.0,0.515,27.91,1.27,6.0
134.62156,-1.11777,0.225,25.39,254.0,,1.37,True,False,True,False,J085829.23-010729.9,j,WISEA J085829.17-010703.9,s,"FR-I,WAT",143.86,54.42,1.28,169.1,266.0,68,,maxBCG J085829.2-010704,0.2454,s,1026.0,0.0,0.0,1.008,73.83,3.25,26.0
134.66572,-0.469,0.67501,27.09,646.0,,1.87,False,True,True,False,J085840.25-002751.6,,DESI J085839.77-002808.4,p,"FR-II,WAT",570.87,258.68,1.04,133.8,75.5,89,,WH21 J085842.3-002746,0.6532,s,2443.0,45.0,322.0,0.624,31.39,1.42,15.0
134.6659,16.33546,0.45129,25.15,149.0,,1.83,False,True,False,True,J085840.40+162008.7,f,DESI J085839.82+162007.7,p,"FR-II,NAT",19.35,11.11,0.73,59.1,7.2,25,,WHL J085840.6+162008,0.4405,s,1748.0,12.0,71.0,0.881,64.6,2.86,36.0
134.68785,17.16741,0.33025,25.38,211.0,,1.71,False,False,True,False,J085844.58+170957.3,"f,j",WISEA J085845.08+171002.6,s,"--,WAT",67.84,40.15,0.69,97.5,14.4,43,,WHL J085845.1+171003,0.3326,s,1359.0,1.0,5.0,0.814,45.41,2.03,26.0
134.70709,0.67022,0.90075,26.05,232.0,,2.64,False,True,True,False,J085849.85+004010.8,,DESI J085849.70+004012.8,p,"FR-II,WAT",33.07,20.63,0.62,148.1,35.7,29,,WH J085858.4+004138,0.6654,p,2481.0,155.0,1119.0,0.505,16.84,0.78,8.0
134.73623,37.40767,0.40835,25.24,202.0,,1.84,False,False,True,False,J085856.48+372424.7,,DESI J085856.70+372427.6,p,"--,WAT",28.36,14.22,0.91,158.3,45.1,36,,WHL J085857.2+372416,0.3755,s,1516.0,13.0,69.0,0.704,30.32,1.37,12.0
134.73922,2.43617,0.49685,25.59,282.0,8.41,1.89,False,False,True,False,J085857.60+022616.7,,WISEA J085857.41+022610.1,s,"--,WAT",44.65,28.06,0.61,161.1,27.8,45,-23.43,WHL J085857.4+022610,0.4969,s,1941.0,0.0,0.0,0.665,31.28,1.41,9.0
134.74721,4.36653,0.5205,25.22,128.0,8.82,1.92,False,False,False,True,J085859.64+042205.9,,WISEA J085859.32+042159.4,s,"--,NAT",15.4,7.94,0.87,73.4,6.8,20,-22.9,Y21 J085859.3+042200,0.5205,s,2020.0,0.0,0.0,0.542,20.5,0.94,12.0
134.8022,3.23489,0.18943,24.53,81.0,8.64,1.3,True,False,False,True,J085912.94+031401.7,a,WISEA J085912.52+031405.5,s,"FR-I,NAT",30.46,13.03,1.11,66.7,7.9,25,-22.71,WH J085915.1+031343,0.5113,s,1989.0,45.0,287.0,0.551,19.88,0.91,10.0
134.81308,8.09428,0.56516,25.59,181.0,8.43,1.97,False,False,True,False,J085915.40+080543.0,,WISEA J085915.14+080539.4,s,"--,WAT",35.95,24.83,0.49,160.3,20.0,27,-22.56,Y21 J085915.2+080540,0.5651,s,2166.0,1.0,7.0,0.485,17.46,0.8,10.0
134.85077,36.224,0.83928,25.97,298.0,,1.46,False,True,True,False,J085924.53+361330.9,,DESI J085924.19+361326.4,p,"FR-II,WAT",33.19,20.99,0.6,154.7,49.4,38,,,,,,,,,,,
134.89646,37.1731,0.32662,24.64,126.0,,1.43,False,False,True,False,J085935.62+371023.7,,DESI J085935.15+371023.2,p,"--,WAT",14.84,13.12,0.16,150.1,22.5,26,,maxBCG J085931.9+370916,0.2863,s,1184.0,78.0,348.0,0.677,21.28,0.97,14.0
134.92789,58.85467,0.37159,25.29,175.0,,1.34,False,True,True,False,J085942.53+585119.7,,DESI J085942.69+585116.8,p,"FR-II,WAT",40.91,22.31,0.8,113.1,14.0,33,,,,,,,,,,,
134.93263,18.76301,0.32744,25.98,327.0,,1.49,False,True,False,True,J085943.65+184601.2,,DESI J085943.83+184546.8,p,"FR-II,NAT",234.69,92.91,1.22,67.6,17.1,67,,,,,,,,,,,
134.95655,13.20298,1.02205,26.07,281.0,,,False,True,True,False,J085949.83+131212.0,,DESI J085949.57+131210.7,p,"FR-II,WAT",28.51,19.24,0.52,142.4,22.7,34,,,,,,,,,,,
134.95753,13.75662,0.50698,25.69,228.0,,1.74,False,False,True,False,J085949.93+134525.2,,DESI J085949.81+134523.8,p,"--,WAT",54.79,35.55,0.57,128.9,13.7,36,,,,,,,,,,,
134.9622,32.13018,0.26899,25.08,277.0,8.78,1.49,False,False,True,False,J085950.60+320754.5,,WISEA J085950.92+320748.6,s,"--,WAT",50.29,23.42,1.0,169.4,,65,-23.05,WHL J085950.9+320748,0.2713,s,1127.0,0.0,0.0,0.669,28.97,1.31,15.0
135.00067,32.71491,0.26824,24.69,140.0,8.47,1.58,False,False,True,False,J090000.37+324258.4,,WISEA J090000.16+324253.6,s,"--,WAT",21.95,12.69,0.72,142.6,25.2,33,-22.97,maxBCG J090000.2+324254,0.2681,s,1114.0,0.0,0.0,0.709,24.39,1.11,16.0
135.00472,-1.5165,,,,,,False,True,True,False,J090001.13-013059.4,,,,"FR-II,WAT",34.17,15.89,1.0,169.7,75.4,42,,,,,,,,,,,
135.01766,3.55529,0.64269,25.71,377.0,8.1,1.91,False,True,True,False,J090003.66+033303.0,,WISEA J090004.23+033319.0,s,"FR-II,WAT",25.55,10.65,1.15,105.5,39.4,53,-23.09,WH21 J090004.2+033319,0.6427,s,2411.0,0.0,0.0,0.602,28.85,1.31,11.0
135.01551,7.51573,0.38431,25.39,206.0,9.11,1.95,False,True,True,False,J090003.69+073057.0,a,WISEA J090003.72+073056.6,s,"FR-II,WAT",43.52,19.5,1.05,158.5,483.3,38,-23.35,Y21 J090003.7+073057,0.3843,s,1548.0,0.0,0.0,0.768,31.5,1.42,9.0
135.02681,2.40121,0.34947,25.03,153.0,,1.73,False,False,True,False,J090006.54+022401.8,,DESI J090006.43+022404.3,p,"--,WAT",24.8,11.82,0.97,150.6,25.6,30,,WHL J090007.4+022417,0.3505,s,1425.0,19.0,97.0,0.878,59.2,2.63,30.0
135.03066,49.72433,,,,,,False,False,True,False,J090007.36+494327.6,,,,"--,WAT",18.16,16.53,0.12,164.7,95.7,45,,,,,,,,,,,
135.13321,16.24041,0.06975,24.17,53.0,,0.95,True,False,True,False,J090031.31+161431.1,f,DESI J090031.97+161425.5,p,"FR-I,WAT",113.2,40.35,1.35,96.2,11.5,39,,Y21 J090039.2+161543,0.6996,p,2584.0,130.0,958.0,0.613,30.83,1.39,7.0
135.13115,28.9834,0.47045,25.49,170.0,,1.85,False,True,True,False,J090031.45+285900.8,,WISEA J090031.47+285900.2,s,"FR-II,WAT",39.8,24.24,0.65,159.5,16.3,28,,WH J090031.5+285900,0.4705,s,1851.0,0.0,0.0,0.512,14.86,0.69,8.0
135.13338,6.27364,1.12273,26.87,371.0,,0.64,True,False,True,False,J090031.80+061632.9,,DESI J090032.01+061625.1,p,"FR-I,WAT",84.86,33.14,1.23,94.9,16.2,44,,,,,,,,,,,
135.15932,34.91011,0.56831,25.56,363.0,8.52,1.85,False,True,True,False,J090037.25+345427.8,,WISEA J090038.23+345436.4,s,"FR-II,WAT",31.23,19.65,0.61,150.0,65.4,54,-23.21,AMF J090038.2+345436,0.5683,s,2176.0,0.0,0.0,0.758,49.37,2.2,18.0
135.21909,50.9396,0.20168,25.44,237.0,,1.38,True,False,True,False,J090051.16+505626.9,f,WISEA J090052.58+505622.5,s,"FR-I,WAT",220.87,102.29,1.01,130.4,45.9,69,,maxBCG J090052.6+505623,0.2017,s,853.0,0.0,0.0,0.863,45.04,2.01,32.0
135.25042,10.61714,0.02946,23.16,20.0,8.52,,True,False,True,False,J090100.25+103702.6,,UGC 04731,s,"FR-I,WAT",68.63,39.34,0.73,148.3,25.1,33,-21.11,,,,,,,,,,
135.26138,42.12956,1.6231,26.37,208.0,,0.11,False,False,True,False,J090102.71+420749.9,c,WISEA J090102.64+420746.9,s,"--,WAT",20.28,13.6,0.52,145.5,23.8,24,,WH J090101.6+420616,0.9852,p,3364.0,92.0,756.0,0.357,11.08,0.52,6.0
135.32727,40.11377,0.09617,24.2,42.0,8.27,1.03,True,False,True,False,J090118.66+400645.8,,SDSS J090118.54+400649.5,s,"FR-I,WAT",58.39,12.99,1.97,166.9,37.3,23,-22.05,WHL J090113.1+400627,0.3925,s,1578.0,67.0,368.0,0.587,21.21,0.97,11.0
135.33664,52.15664,0.75193,26.13,340.0,,1.65,False,True,True,False,J090121.54+520926.8,,DESI J090120.79+520923.9,p,"FR-II,WAT",52.22,26.51,0.89,137.8,36.6,45,,,,,,,,,,,
135.33998,38.46677,0.18959,24.83,163.0,,1.25,False,False,True,False,J090121.72+382803.2,,WISEA J090121.59+382800.3,s,"--,WAT",61.78,29.15,0.99,128.5,,50,,WHL J090121.5+382749,0.1896,s,804.0,12.0,39.0,0.648,19.0,0.87,10.0
135.35756,2.99133,0.19324,25.57,289.0,8.36,1.31,True,False,False,True,J090124.29+025859.8,"f,j",WISEA J090125.81+025928.7,s,"FR-I,NAT",281.82,70.86,1.81,85.7,90.1,87,-22.72,maxBCG J090131.1+030057,0.1967,s,833.0,118.0,398.0,1.01,74.79,3.29,59.0
135.36345,15.19771,,,,,,False,True,True,False,J090127.23+151151.7,,,,"FR-II,WAT",14.47,7.96,0.78,169.4,83.7,40,,,,,,,,,,,
135.37021,20.6154,0.83757,26.85,298.0,,1.29,False,True,True,False,J090128.91+203659.2,,DESI J090128.85+203655.4,p,"FR-II,WAT",207.2,100.91,0.94,167.9,,38,,Y21 J090127.0+203818,0.7839,p,2828.0,87.0,669.0,0.472,17.13,0.79,8.0
135.37963,-1.74153,0.31056,24.93,160.0,,1.62,False,True,True,False,J090130.97-014426.9,,DESI J090131.11-014429.5,p,"FR-II,WAT",26.08,13.45,0.87,151.2,31.0,34,,,,,,,,,,,
135.42838,51.21495,0.3553,24.69,129.0,,1.45,True,False,True,False,J090142.54+511257.8,,DESI J090142.81+511253.8,p,"FR-I,WAT",13.68,11.5,0.23,102.7,12.7,25,,,,,,,,,,,
135.43236,60.16363,1.03739,26.32,265.0,,,False,True,True,False,J090143.89+600955.1,,DESI J090143.77+600949.1,p,"FR-II,WAT",42.14,24.36,0.72,149.5,15.7,32,,,,,,,,,,,
135.47154,-1.36815,,,,,1.68,False,False,True,False,J090153.43-012204.7,,DESI J090153.17-012205.4,,"--,WAT",38.47,21.78,0.75,168.4,96.6,28,,AMF J090147.3-012239,0.3304,p,1351.0,94.0,463.0,1.024,91.64,4.01,56.0
135.50503,29.88054,0.26803,24.84,123.0,,1.5,False,False,True,False,J090200.90+295258.0,,WISEA J090201.20+295249.9,s,"--,WAT",29.58,14.68,0.92,133.2,56.8,29,,maxBCG J090159.1+295224,0.3224,p,1321.0,38.0,184.0,0.705,33.58,1.51,20.0
135.52008,61.05323,0.69969,26.34,331.0,,1.71,False,False,True,False,J090205.64+610310.1,,WISEA J090204.81+610311.6,s,"--,WAT",80.36,29.79,1.3,160.7,62.7,45,,WH J090150.5+610409,0.8049,p,2887.0,119.0,923.0,0.448,15.84,0.73,6.0
135.53665,-1.49749,,,,,0.49,False,False,True,False,J090208.80-012951.0,,,,"--,WAT",186.6,106.78,0.73,167.1,93.7,56,,,,,,,,,,,
135.55076,49.42263,0.18373,24.63,207.0,8.68,1.29,False,False,True,False,J090211.79+492511.4,,WISEA J090212.18+492521.4,s,"--,WAT",46.77,36.9,0.31,123.5,26.7,65,-22.84,WHL J090212.2+492521,0.1837,s,781.0,0.0,0.0,0.73,31.79,1.44,23.0
135.58464,8.31545,0.49181,25.34,300.0,9.64,1.94,False,True,True,False,J090219.79+081853.3,,WISEA J090220.31+081855.6,s,"FR-II,WAT",28.23,20.49,0.42,157.5,103.3,48,-23.83,WHL J090220.3+081856,0.4918,s,1924.0,0.0,0.0,0.718,40.66,1.82,19.0
135.58879,26.72209,0.56811,25.08,114.0,,1.77,False,False,False,True,J090221.24+264323.7,,WISEA J090221.30+264319.5,s,"--,NAT",11.01,7.77,0.46,43.7,9.3,17,,CAMIRA J090221.3+264320,0.5682,s,2176.0,0.0,0.0,0.657,26.7,1.21,19.0
135.62621,35.08638,0.08475,23.46,29.0,,0.68,True,False,True,False,J090230.60+350514.2,"a,f",DESI J090230.29+350511.0,p,"FR-I,WAT",15.26,7.78,0.88,153.4,290.0,18,,WHL J090237.8+350542,0.3735,s,1509.0,97.0,517.0,0.61,20.84,0.95,21.0
135.64378,-0.35472,0.47207,26.05,238.0,,1.48,False,False,True,False,J090234.49-002115.6,,DESI J090234.51-002117.0,p,"--,WAT",113.51,42.74,1.28,169.7,115.8,39,,,,,,,,,,,
135.64543,20.73832,0.08343,24.4,104.0,8.35,0.99,True,False,True,False,J090235.04+204412.5,,WISEA J090234.90+204417.9,s,"FR-I,WAT",135.1,62.52,1.01,136.4,43.5,64,-22.52,AMF J090234.9+204418,0.0837,s,365.0,0.0,0.0,0.795,27.16,1.23,15.0
135.64822,-0.53133,,,,,0.96,False,True,True,False,J090235.57-003152.8,,,,"FR-II,WAT",24.76,17.82,0.43,123.2,24.0,33,,,,,,,,,,,
135.65801,34.9217,0.43833,25.46,216.0,,1.79,True,False,True,False,J090237.69+345518.5,,WISEA J090237.92+345518.1,s,"FR-I,WAT",32.58,10.67,1.46,156.6,28.7,37,,WHL J090239.4+345230,0.3581,s,1453.0,169.0,877.0,0.503,14.82,0.69,7.0
135.74762,19.30964,0.76592,25.81,274.0,,1.9,False,True,True,False,J090259.68+191836.6,,DESI J090259.43+191834.7,p,"FR-II,WAT",23.71,11.89,0.91,128.7,15.0,36,,WH J090259.4+191835,0.7409,p,2705.0,0.0,0.0,0.398,10.39,0.49,6.0
135.75505,27.95531,0.76743,25.47,175.0,,1.97,False,True,True,False,J090301.29+275721.0,,SDSS J090301.21+275719.1,s,"FR-II,WAT",14.03,9.95,0.45,151.0,12.2,23,,WH J090300.3+275843,0.5742,s,2195.0,85.0,575.0,0.449,14.6,0.68,9.0
135.77244,45.16657,0.21096,25.24,238.0,8.49,1.39,True,False,False,True,J090304.53+450945.6,"f,j",WISEA J090305.38+450959.6,s,"FR-I,NAT",128.66,69.53,0.81,72.7,24.2,67,-23.04,maxBCG J090305.4+451000,0.211,s,890.0,0.0,0.0,0.889,52.38,2.33,26.0
135.79645,54.06434,0.08313,24.16,43.0,8.73,0.99,True,False,True,False,J090311.18+540353.4,,WISEA J090311.14+540351.6,s,"FR-I,WAT",80.03,49.45,0.63,144.5,25.8,27,-23.01,WH J090311.1+540352,0.0831,s,362.0,0.0,0.0,0.601,13.49,0.63,10.0
135.79643,57.66784,0.8319,25.29,195.0,,2.2,True,False,True,False,J090311.37+574010.2,,SDSS J090311.14+574004.2,s,"FR-I,WAT",9.38,8.54,0.12,141.7,29.3,25,-22.65,,,,,,,,,,
135.86685,22.85085,1.27586,26.54,524.0,,0.88,False,True,True,False,J090327.93+225112.4,,DESI J090328.04+225103.1,p,"FR-II,WAT",30.13,12.34,1.17,146.9,25.8,61,,,,,,,,,,,
135.8745,5.99127,1.18475,25.89,195.0,,,False,False,True,False,J090329.86+055928.7,,DESI J090329.88+055928.6,p,"--,WAT",10.63,5.64,0.83,167.8,20.5,23,,Y21 J090338.1+060127,0.5913,p,2250.0,171.0,1172.0,0.642,32.94,1.49,15.0
135.87936,56.01115,0.40866,25.88,163.0,,1.75,False,False,True,False,J090330.84+560041.8,,DESI J090331.05+560040.1,p,"--,WAT",131.03,73.18,0.76,162.3,28.8,29,,WH J090330.7+560024,0.6564,p,2453.0,17.0,122.0,0.414,13.51,0.63,6.0
135.97422,44.03257,0.46804,25.24,255.0,,1.69,False,False,True,False,J090353.85+440158.6,,DESI J090353.81+440157.2,p,"--,WAT",24.03,16.56,0.49,159.8,86.6,42,,,,,,,,,,,
136.04554,0.43497,0.38904,25.28,152.0,9.12,1.98,False,True,True,False,J090411.22+002603.6,,WISEA J090410.93+002605.9,s,"FR-II,WAT",33.48,15.7,0.99,132.2,15.8,28,-23.26,AMF J090410.9+002605,0.3895,s,1567.0,1.0,5.0,0.669,30.06,1.36,16.0
136.12934,1.01308,0.31384,24.98,133.0,7.71,1.6,True,False,False,True,J090431.12+010040.1,,WISEA J090431.04+010047.0,s,"FR-I,NAT",30.51,18.23,0.68,67.6,11.0,28,-22.41,CAMIRA J090431.0+010047,0.3138,s,1288.0,0.0,0.0,0.571,17.71,0.81,14.0
136.13774,31.95142,0.9919,26.98,469.0,,1.19,False,True,True,False,J090432.81+315707.8,,DESI J090433.06+315705.1,p,"FR-II,WAT",188.92,94.96,0.9,168.4,174.8,57,,,,,,,,,,,
136.15586,25.12479,1.33859,26.76,215.0,,,False,False,True,False,J090437.49+250730.4,,DESI J090437.41+250729.2,p,"--,WAT",58.1,30.6,0.84,157.0,17.2,25,,GMBCG J136.17873+25.08464,0.444,p,1760.0,163.0,963.0,,,,
136.15852,-5.93593,0.18338,24.83,102.0,,,False,False,True,False,J090437.65-055612.2,,DESI J090438.05-055609.3,p,"--,WAT",62.3,21.29,1.41,120.3,15.7,32,,WHY18 J090438.0-055609,0.1882,p,799.0,0.0,0.0,0.762,34.39,1.55,20.0
136.21709,38.08238,0.47744,25.02,141.0,,1.86,False,True,True,False,J090452.15+380448.8,,DESI J090452.10+380456.6,p,"FR-II,WAT",13.8,9.33,0.51,135.4,14.4,23,,,,,,,,,,,
136.29252,10.64625,1.08977,25.61,159.0,,1.27,True,False,True,False,J090510.24+103849.0,,DESI J090510.20+103846.5,p,"FR-I,WAT",9.83,7.64,0.33,155.0,25.3,19,,WH J090511.5+103932,1.1568,p,3774.0,50.0,424.0,0.543,33.17,1.5,6.0
136.29429,19.94985,0.44242,25.27,159.0,,1.86,False,True,True,False,J090510.91+195702.6,,DESI J090510.63+195659.5,p,"FR-II,WAT",20.24,6.59,1.47,140.5,86.3,27,,WHL J090509.5+195759,0.5041,s,1965.0,61.0,386.0,0.613,25.92,1.18,16.0
136.30487,42.41451,1.15732,26.84,500.0,,0.74,False,False,True,False,J090513.12+422449.2,,WISEA J090513.16+422452.2,s,"--,WAT",105.48,59.94,0.74,165.1,75.7,59,,MaxBCG J136.25858+42.42223,0.243,p,1017.0,126.0,500.0,,,,
136.31425,26.83338,,,,,,False,True,True,False,J090515.42+265000.2,c,,,"FR-II,WAT",16.33,10.09,0.63,104.3,10.5,21,,,,,,,,,,,
136.43616,-2.5275,,,,,1.89,True,False,True,False,J090544.68-023139.0,,,,"FR-I,WAT",21.95,10.74,0.94,106.2,9.8,32,,,,,,,,,,,
136.48162,-0.88966,0.93508,25.0,178.0,,1.43,False,True,True,False,J090555.49-005324.6,,DESI J090555.59-005322.8,p,"FR-II,WAT",4.51,5.04,-0.15,158.1,14.1,22,,WH J090556.2-005236,0.8762,p,3082.0,48.0,382.0,0.615,29.43,1.33,17.0
136.53811,63.81307,0.64029,26.29,454.0,,1.59,False,True,False,True,J090609.45+634852.8,,DESI J090609.15+634847.0,p,"FR-II,NAT",93.94,37.51,1.2,48.1,64.2,64,,,,,,,,,,,
136.57061,44.31565,0.42047,25.52,188.0,,1.48,True,False,False,True,J090616.20+441909.5,j,DESI J090616.95+441856.3,p,"FR-I,NAT",49.03,23.22,0.98,29.0,21.0,33,,WHL J090618.4+441915,0.375,s,1515.0,25.0,134.0,0.74,34.24,1.54,16.0
136.62702,36.07201,,,,,,False,False,True,False,J090630.48+360419.2,,,,"--,WAT",64.6,23.44,1.33,111.0,11.9,32,,,,,,,,,,,
136.73774,-0.71116,,,,,,False,True,True,False,J090657.06-004240.2,,,,"FR-II,WAT",35.24,21.0,0.68,160.1,28.1,36,,,,,,,,,,,
136.74081,46.1298,0.16688,24.59,171.0,,1.24,True,False,True,False,J090657.77+460747.1,,WISEA J090657.79+460747.2,s,"FR-I,WAT",48.32,24.3,0.9,167.4,124.4,58,,maxBCG J090657.8+460747,0.1669,s,712.0,0.0,0.0,0.77,35.71,1.61,21.0
136.75253,3.36693,0.4629,25.45,139.0,,1.75,False,True,True,False,J090700.40+032200.5,,WISEA J090700.59+032201.0,s,"FR-II,WAT",39.7,27.09,0.5,90.1,5.6,23,,WH J090655.7+032422,0.863,p,3047.0,159.0,1261.0,0.469,10.4,0.49,7.0
136.76788,2.5775,0.85012,26.18,205.0,,1.69,False,False,True,False,J090704.32+023437.1,f,DESI J090704.29+023439.0,p,"--,WAT",41.7,20.21,0.95,112.9,12.3,26,,WH J090704.3+023439,0.8166,p,2920.0,0.0,0.0,0.8,69.11,3.05,16.0
136.77742,62.62555,0.16456,24.4,90.0,8.94,1.29,True,False,True,False,J090706.48+623730.8,,WISEA J090706.58+623731.9,s,"FR-I,WAT",34.22,24.15,0.46,168.4,60.9,31,-23.3,AMF J090706.6+623732,0.1646,s,703.0,0.0,0.0,0.543,13.73,0.64,6.0
136.82061,12.31865,,,,,,False,True,True,False,J090716.95+121907.1,c,,,"FR-II,WAT",33.26,19.99,0.67,156.6,36.6,38,,,,,,,,,,,
136.82954,32.46055,0.95775,26.62,269.0,,1.62,False,False,True,False,J090719.02+322735.1,,DESI J090719.09+322738.0,p,"--,WAT",86.22,41.52,0.96,130.2,20.0,33,,WH J090719.1+322738,1.2084,p,3889.0,0.0,0.0,0.38,11.72,0.55,6.0
136.86936,8.75436,0.37114,24.93,164.0,,1.84,False,True,False,True,J090728.81+084525.2,,DESI J090728.65+084515.7,p,"FR-II,NAT",18.72,11.32,0.66,70.0,13.4,31,,WHL J090726.5+084415,0.4248,p,1692.0,68.0,392.0,0.673,32.51,1.47,20.0
136.89483,6.12976,0.53217,25.18,208.0,,1.92,True,False,True,False,J090734.73+060748.8,,DESI J090734.76+060747.1,p,"FR-I,WAT",15.41,10.22,0.54,151.5,32.6,32,,WH J090734.8+060747,0.5297,p,2050.0,0.0,0.0,0.509,11.57,0.54,7.0
136.93946,38.46086,1.74021,27.5,277.0,,0.18,False,False,True,False,J090745.76+382742.9,c,[HB89] 0904+386,s,"--,WAT",163.08,82.92,0.89,159.4,159.8,32,,,,,,,,,,,
136.9999,20.18513,0.795,25.7,270.0,,1.99,False,False,True,False,J090759.97+201110.8,,DESI J090759.98+201106.5,p,"--,WAT",22.67,16.9,0.39,142.3,35.3,35,,Y21 J090749.4+200949,0.5312,s,2055.0,168.0,1093.0,0.577,17.26,0.79,6.0
137.03666,0.58348,1.65047,26.2,217.0,,0.15,False,True,True,False,J090808.81+003501.8,,WISEA J090808.79+003500.5,s,"FR-II,WAT",14.35,10.15,0.45,165.0,20.4,25,,,,,,,,,,,
137.03817,-5.7208,,,,,,True,False,True,False,J090809.16-054314.9,,,,"FR-I,WAT",24.75,7.41,1.58,159.9,29.3,27,,,,,,,,,,,
137.03723,16.08479,0.17938,24.7,122.0,,1.23,False,True,True,False,J090809.23+160509.2,,WISEA J090808.93+160505.2,s,"FR-II,WAT",54.82,34.55,0.61,150.7,111.2,39,,CLuMPR J090817.4+160631,0.3382,p,1380.0,149.0,745.0,0.523,14.7,0.68,7.0
137.03829,58.18145,0.61521,25.54,223.0,8.28,1.96,False,True,True,False,J090809.40+581057.5,c,WISEA J090809.18+581053.2,s,"FR-II,WAT",22.36,11.82,0.84,133.4,22.8,32,-23.04,CAMIRA J090809.2+581053,0.6157,s,2327.0,0.0,0.0,0.607,25.72,1.17,10.0
137.15195,48.65509,0.11675,24.63,245.0,,1.06,False,False,True,False,J090835.77+483916.6,,WISEA J090836.46+483918.3,s,"--,WAT",101.05,21.32,2.04,165.4,206.0,112,,WHL J090836.5+483918,0.1215,s,525.0,0.0,0.0,0.592,15.12,0.7,11.0
137.15641,25.72857,1.0828,25.96,343.0,,2.19,False,False,True,False,J090837.15+254336.5,,DESI J090837.54+254342.8,p,"--,WAT",14.85,7.63,0.87,168.6,65.8,41,,,,,,,,,,,
137.18741,49.46282,,,,,,False,True,True,False,J090844.98+492746.1,,,,"FR-II,WAT",5.21,5.46,-0.06,157.7,103.1,21,,,,,,,,,,,
137.19653,34.62773,0.36302,24.75,94.0,8.6,1.8,True,False,True,False,J090847.44+343737.6,f,SDSS J090847.16+343739.8,s,"FR-I,WAT",14.44,11.42,0.31,95.6,9.2,18,-22.82,WHL J090847.2+343740,0.363,s,1471.0,0.0,0.0,0.617,24.49,1.12,16.0
137.24901,34.51771,0.25428,24.63,155.0,,1.52,False,True,True,False,J090900.57+343110.7,a,WISEA J090859.76+343103.7,s,"FR-II,WAT",20.15,9.21,1.03,146.2,71.4,38,,WHL J090859.8+343104,0.2562,s,1068.0,0.0,0.0,0.769,39.44,1.77,20.0
137.28016,9.74833,,,,,,False,True,True,False,J090907.24+094454.0,,,,"FR-II,WAT",40.19,22.34,0.77,164.7,37.2,28,,,,,,,,,,,
137.30047,48.61153,0.3567,25.19,196.0,,1.57,False,True,True,False,J090913.18+483642.0,,DESI J090912.11+483641.5,p,"FR-II,WAT",38.19,24.45,0.59,161.0,39.0,38,,,,,,,,,,,
137.40863,23.39176,0.58437,25.94,518.0,8.33,1.81,False,False,True,False,J090937.72+232326.7,,WISEA J090938.07+232330.3,s,"--,WAT",60.25,29.99,0.92,134.2,367.3,76,-22.46,WH J090941.6+232214,1.0653,p,3560.0,91.0,760.0,0.446,17.89,0.82,6.0
137.41352,33.37827,0.77685,26.8,628.0,,1.48,False,False,True,False,J090938.45+332244.6,,DESI J090939.24+332241.8,p,"--,WAT",193.36,80.46,1.15,155.5,135.3,82,,WH J090939.2+332242,0.7937,p,2856.0,0.0,0.0,0.432,14.64,0.68,8.0
137.51963,17.21084,0.43794,25.41,222.0,,1.76,False,True,True,False,J091004.38+171239.6,,DESI J091004.71+171239.0,p,"FR-II,WAT",28.46,8.96,1.52,140.2,42.4,38,,WHL J091004.6+171251,0.4096,s,1639.0,12.0,68.0,0.743,42.11,1.89,20.0
137.5307,18.58458,0.2231,24.9,174.0,8.36,1.41,False,True,True,False,J091007.54+183452.7,a,WISEA J091007.36+183504.4,s,"FR-II,WAT",56.69,40.2,0.45,95.0,17.7,47,-22.85,CAMIRA J091007.4+183504,0.2231,s,938.0,0.0,0.0,0.54,14.1,0.65,12.0
137.54822,1.65107,0.2842,25.52,395.0,,1.53,True,False,True,False,J091011.60+013915.5,,WISEA J091011.57+013903.8,s,"FR-I,WAT",118.75,51.87,1.09,145.7,90.6,89,,maxBCG J091011.6+013904,0.2847,s,1178.0,0.0,0.0,0.9,59.13,2.62,26.0
137.57058,6.94956,,,,,,False,True,True,False,J091016.94+065658.4,,,,"FR-II,WAT",131.57,47.87,1.33,120.1,15.9,40,,,,,,,,,,,
137.59923,0.26183,,,,,,False,True,True,False,J091023.82+001542.6,,,,"FR-II,WAT",26.22,11.9,1.04,161.3,49.3,37,,,,,,,,,,,
137.59906,35.40479,0.35222,24.91,200.0,,1.71,False,True,True,False,J091024.29+352416.8,a,WISEA J091023.77+352417.2,s,"FR-II,WAT",16.73,6.37,1.27,149.8,32.1,39,,maxBCG J091023.1+352603,0.1885,s,800.0,106.0,346.0,0.807,33.1,1.49,29.0
137.61506,21.29811,0.44148,25.52,147.0,,1.77,False,True,False,True,J091028.16+211755.6,,DESI J091027.61+211753.2,p,"FR-II,NAT",47.42,26.46,0.77,74.2,20.6,25,,WHL J091026.1+211526,0.404,s,1619.0,148.0,827.0,0.739,32.88,1.48,16.0
137.67612,38.69019,0.53355,25.9,313.0,,1.83,False,False,True,False,J091041.83+384123.6,"f,j",DESI J091042.27+384124.7,p,"--,WAT",83.4,57.27,0.49,142.3,38.5,48,,WHL J091042.3+384125,0.5066,s,1974.0,0.0,0.0,0.832,59.46,2.64,31.0
137.74466,15.50222,1.18204,25.93,178.0,,,True,False,True,False,J091058.54+153010.3,,DESI J091058.72+153008.0,p,"FR-I,WAT",14.99,10.14,0.51,105.7,8.0,21,,WH J091052.2+152833,0.7411,p,2706.0,133.0,1002.0,0.454,12.14,0.56,6.0
137.81399,53.26461,0.64036,25.53,177.0,,0.94,False,True,True,False,J091115.60+531553.5,,DESI J091115.36+531552.6,p,"FR-II,WAT",23.8,16.51,0.48,124.8,9.7,25,,,,,,,,,,,
137.8215,3.08002,0.21342,24.37,89.0,7.89,1.36,False,True,True,False,J091117.03+030447.3,,WISEA J091117.16+030448.0,s,"FR-II,WAT",18.11,12.09,0.53,148.4,18.3,25,-22.62,maxBCG J091116.7+030523,0.2133,s,900.0,35.0,126.0,0.863,37.78,1.7,23.0
137.82847,7.54405,1.13144,26.93,498.0,,0.74,False,True,True,False,J091119.50+073237.7,j,DESI J091118.83+073238.6,p,"FR-II,WAT",82.73,27.79,1.43,132.8,38.0,59,,WH J091118.6+073240,1.1657,p,3794.0,4.0,34.0,0.447,19.08,0.88,7.0
137.84337,12.80179,0.09796,23.89,56.0,8.74,0.99,False,False,True,False,J091122.52+124804.6,,WISEA J091122.40+124806.4,s,"--,WAT",30.03,16.38,0.8,160.0,24.6,30,-22.31,WHL J091122.4+124806,0.0975,s,424.0,0.0,0.0,,,,
137.94521,-0.24597,0.24618,24.65,88.0,,1.48,True,False,True,False,J091146.85-001443.2,,WISEA J091146.85-001445.4,s,"FR-I,WAT",23.71,13.42,0.75,127.4,11.1,22,,,,,,,,,,,
137.94887,25.00689,0.77998,25.84,207.0,,1.92,False,False,True,False,J091147.88+250021.6,,DESI J091147.73+250024.8,p,"--,WAT",26.16,14.55,0.77,124.2,12.1,27,,Y21 J091149.3+250039,0.6817,p,2530.0,25.0,182.0,0.512,16.91,0.78,8.0
138.01079,7.4135,0.24841,24.6,100.0,,1.49,False,False,False,True,J091202.59+072446.2,,WISEA J091202.58+072448.6,s,"--,NAT",20.88,11.66,0.76,87.4,9.3,25,,WHL J091202.6+072449,0.2484,s,1038.0,1.0,4.0,0.699,20.92,0.96,13.0
138.01226,2.0631,0.45517,25.31,185.0,8.19,1.91,False,False,True,False,J091203.06+020347.4,,SDSS J091202.94+020347.1,s,"--,WAT",27.93,16.16,0.72,138.0,85.9,31,-22.84,WHL J091202.8+020353,0.4591,s,1812.0,6.0,36.0,0.793,51.41,2.29,25.0
138.01812,9.73402,0.27944,25.17,263.0,,1.31,False,True,True,False,J091204.56+094414.4,"f,g,j",DESI J091204.35+094402.5,p,"FR-II,WAT",58.8,30.42,0.86,104.9,27.6,60,,maxBCG J091204.8+094407,0.2433,s,1018.0,8.0,32.0,0.668,16.61,0.77,15.0
138.03004,21.38559,1.29863,27.35,327.0,,0.7,False,False,True,False,J091207.41+212312.0,,WISEA J091207.21+212308.1,s,"--,WAT",217.28,104.33,0.96,127.4,15.1,38,,,,,,,,,,,
138.03105,47.89966,,,,,,False,True,True,False,J091207.45+475358.8,,,,"FR-II,WAT",11.13,6.7,0.67,157.6,16.5,20,,,,,,,,,,,
138.05096,13.64395,0.18547,25.02,270.0,,1.23,False,False,True,False,J091212.65+133904.8,j,DESI J091212.23+133838.2,p,"--,WAT",97.55,39.76,1.18,142.2,15.1,84,,WHL J091211.2+133839,0.1812,s,770.0,15.0,47.0,1.044,76.91,3.38,58.0
138.10327,22.08507,0.99348,26.36,345.0,,0.39,False,False,True,False,J091224.54+220504.7,,WISEA J091224.78+220506.2,s,"--,WAT",147.89,278.49,-0.83,169.7,37.7,42,,,,,,,,,,,
138.11343,42.59587,0.26615,25.36,152.0,8.16,1.58,True,False,True,False,J091227.65+423553.2,,WISEA J091227.22+423545.1,s,"FR-I,WAT",93.2,38.76,1.15,116.7,32.8,36,-23.3,maxBCG J091227.2+423545,0.3171,s,1301.0,0.0,0.0,0.914,62.93,2.79,38.0
138.13035,5.85494,0.25896,24.59,103.0,8.55,1.53,False,True,True,False,J091231.12+055119.2,,WISEA J091231.28+055117.7,s,"FR-II,WAT",19.28,12.51,0.57,142.8,34.8,25,-23.17,WH J091231.3+055118,0.259,s,1079.0,0.0,0.0,0.543,14.45,0.67,7.0
138.1466,16.00019,0.08905,24.63,158.0,8.31,0.98,True,False,True,False,J091234.76+160007.0,j,SDSS J091235.18+160000.6,s,"FR-I,WAT",203.28,105.35,0.86,142.5,59.0,92,-22.73,CFSFDP J091235.2+160001,0.089,s,387.0,0.0,0.0,0.568,15.22,0.7,10.0
138.14949,5.56529,0.91126,25.69,273.0,,2.16,False,True,True,False,J091235.81+053400.5,f,DESI J091235.88+053355.0,p,"FR-II,WAT",17.55,14.2,0.28,123.6,20.2,34,,Y21 J091235.9+053355,0.903,p,3153.0,0.0,0.0,0.672,47.76,2.13,18.0
138.16947,16.70966,0.3895,25.15,131.0,8.42,1.88,False,True,False,True,J091241.03+164240.5,,DESI J091240.67+164234.8,p,"FR-II,NAT",28.47,17.97,0.6,78.8,9.9,24,-23.32,WHL J091235.9+163950,0.4086,s,1635.0,179.0,1007.0,0.898,65.71,2.9,34.0
138.18254,35.68203,,,,,1.17,False,True,True,False,J091243.81+354055.3,,,,"FR-II,WAT",29.56,18.63,0.61,159.4,29.7,28,,,,,,,,,,,
138.18347,11.33016,0.40086,25.01,178.0,8.68,1.89,True,False,True,False,J091243.99+111950.8,,WISEA J091244.03+111948.5,s,"FR-I,WAT",17.15,8.32,0.95,138.6,24.0,32,-23.29,,,,,,,,,,
138.22142,53.63984,0.43605,25.67,146.0,,1.6,False,True,True,False,J091252.56+533821.5,,DESI J091253.14+533823.4,p,"FR-II,WAT",58.4,22.75,1.24,160.6,12.5,25,,,,,,,,,,,
138.30784,-6.72541,,,,,,False,True,True,False,J091313.88-064331.5,,,,"FR-II,WAT",32.17,21.32,0.54,97.8,10.7,27,,,,,,,,,,,
138.31577,52.14856,0.18998,25.4,265.0,,1.34,True,False,True,False,J091314.44+520853.7,,WISEA J091315.78+520854.8,s,"FR-I,WAT",224.02,98.97,1.07,156.3,104.2,81,,maxBCG J091315.8+520855,0.2121,p,895.0,0.0,0.0,1.064,90.15,3.95,61.0
138.31529,0.74564,0.22531,24.81,183.0,,1.26,False,True,True,False,J091315.78+004449.8,,WISEA J091315.66+004444.3,s,"FR-II,WAT",44.13,30.78,0.47,139.4,34.2,49,-22.51,WH21 J091311.7+004648,0.7999,p,2873.0,138.0,1068.0,0.494,16.27,0.75,11.0
138.37121,33.77886,,,,,,False,True,True,False,J091329.09+334643.9,,,,"FR-II,WAT",41.7,20.54,0.93,154.0,66.6,29,,,,,,,,,,,
138.48513,40.15001,0.83605,25.93,298.0,,1.75,False,True,True,False,J091355.87+400903.8,,DESI J091356.43+400900.0,p,"FR-II,WAT",29.42,17.78,0.66,131.3,20.8,38,,,,,,,,,,,
138.49088,2.9522,0.41667,25.34,210.0,,1.9,False,True,True,False,J091357.93+025706.5,,WISEA J091357.81+025707.9,s,"FR-II,WAT",38.53,25.83,0.52,168.7,582.1,37,,WHL J091357.8+025708,0.435,p,1728.0,0.0,0.0,0.71,21.73,1.19,7.0
138.52235,30.01149,0.32143,25.03,198.0,8.58,1.65,True,False,True,False,J091404.98+300047.7,,WISEA J091405.36+300041.3,s,"FR-I,WAT",32.5,20.21,0.62,103.7,15.7,41,-23.28,WHL J091405.4+300041,0.3516,p,1429.0,0.0,0.0,0.756,40.37,1.81,19.0
138.53924,51.24355,0.7478,25.98,256.0,,0.72,False,True,True,False,J091409.52+511432.3,,DESI J091409.42+511436.8,p,"FR-II,WAT",39.0,21.11,0.81,116.4,14.3,34,,,,,,,,,,,
138.54428,30.54141,0.29192,24.54,171.0,8.26,1.5,False,True,True,False,J091410.54+303232.4,,WISEA J091410.62+303229.0,s,"FR-II,WAT",11.87,5.36,1.04,149.8,40.0,38,-23.14,WHL J091410.7+303229,0.2919,s,1206.0,0.0,0.0,0.441,10.63,0.5,6.0
138.54532,26.57855,1.49477,25.98,234.0,,0.51,False,False,True,False,J091411.09+263446.9,,DESI J091410.88+263442.8,p,"--,WAT",13.1,11.18,0.21,136.7,22.5,27,,WHL J091411.7+263148,0.2218,p,934.0,175.0,648.0,,,,
138.54886,26.53015,0.21605,24.58,127.0,,1.37,False,False,True,False,J091412.32+263145.1,,WISEA J091411.72+263148.5,s,"--,WAT",24.72,9.6,1.24,108.5,24.8,35,,maxBCG J091411.7+263149,0.216,s,910.0,0.0,0.0,0.775,37.69,1.69,24.0
138.5795,24.00157,,,,,1.79,True,False,True,False,J091419.08+240005.7,,,,"FR-I,WAT",48.34,19.14,1.22,100.0,11.7,35,,,,,,,,,,,
138.58328,12.00453,0.39686,25.2,309.0,9.0,1.89,False,True,True,False,J091419.45+120019.0,a,DESI J091419.99+120016.3,p,"FR-II,WAT",33.44,25.81,0.34,152.2,30.1,56,-23.14,AMF J091420.0+120016,0.4022,s,1612.0,0.0,0.0,0.56,19.24,0.88,12.0
138.58351,17.43635,0.32837,25.46,205.0,8.62,1.62,False,False,True,False,J091419.93+172607.5,,SDSS J091420.04+172610.8,s,"--,WAT",79.92,44.08,0.78,128.0,18.2,42,-23.21,WHL J091420.0+172611,0.3284,s,1343.0,0.0,0.0,0.75,39.93,1.79,24.0
138.58284,-3.31317,0.40069,25.24,150.0,,,False,False,True,False,J091420.03-031844.3,,DESI J091419.88-031847.4,p,"--,WAT",33.06,20.92,0.6,138.5,23.8,27,,Y21 J091419.9-031847,0.4148,p,1657.0,0.0,0.0,0.865,60.33,2.67,34.0
138.59002,58.38371,0.55669,26.08,359.0,,1.41,True,False,False,True,J091422.16+582257.8,g,WISEA J091421.60+582301.3,s,"FR-I,NAT",85.6,36.54,1.12,56.9,11.0,54,,,,,,,,,,,
138.59869,3.79973,0.58381,25.85,320.0,8.21,1.7,False,False,True,False,J091424.21+034757.6,,WISEA J091423.68+034759.0,s,"--,WAT",59.04,39.16,0.54,146.7,63.2,47,-21.52,,,,,,,,,,
138.63961,29.17078,0.70767,25.24,103.0,,1.66,False,True,True,False,J091433.61+291013.3,,DESI J091433.51+291014.8,p,"FR-II,WAT",8.83,5.32,0.66,120.4,8.6,14,,Y21 J091433.6+291006,0.6975,s,2577.0,8.0,59.0,0.658,36.95,1.66,27.0
138.67508,15.3656,0.14027,24.17,66.0,,,True,False,True,False,J091442.39+152155.8,,WISEA J091442.01+152156.1,s,"FR-I,WAT",27.99,18.22,0.56,101.1,10.4,26,,WHY18 J091442.0+152156,0.1403,s,603.0,0.0,0.0,0.623,19.16,0.88,9.0
138.71232,8.41133,,,,,1.26,True,False,True,False,J091450.96+082440.8,f,,,"FR-I,WAT",76.81,43.07,0.76,143.0,14.7,26,,,,,,,,,,,
138.78203,36.37565,0.19125,24.87,178.0,,1.3,True,False,True,False,J091507.24+362228.8,,WISEA J091507.68+362232.3,s,"FR-I,WAT",70.62,44.41,0.61,124.2,12.7,54,,WH J091507.7+362232,0.1917,s,813.0,0.0,0.0,0.552,11.6,0.54,6.0
138.85237,46.62062,,,,,1.4,False,False,False,True,J091524.57+463714.2,,,,"--,NAT",63.74,36.3,0.74,71.9,13.2,25,,,,,,,,,,,
138.85886,3.88004,0.12575,24.11,67.0,,0.61,False,False,True,False,J091526.03+035254.6,,DESI J091526.13+035248.1,p,"--,WAT",29.15,15.33,0.84,117.8,14.3,29,,WHL J091520.7+035129,0.4632,s,1826.0,114.0,690.0,0.804,53.6,2.38,33.0
138.87718,47.81213,0.4522,25.03,167.0,,1.92,False,False,True,False,J091530.85+474845.3,,WISEA J091530.52+474843.6,s,"--,WAT",15.3,9.62,0.61,141.7,27.0,28,,Y21 J091530.5+474843,0.4794,p,1882.0,0.0,0.0,0.56,20.43,0.94,13.0
138.88722,54.4272,0.22029,24.39,117.0,8.3,1.4,False,False,True,False,J091533.35+542532.7,,2MASX J09153293+5425382,s,"--,WAT",17.08,10.11,0.69,133.6,23.7,32,-23.02,maxBCG J091532.9+542538,0.2203,s,927.0,0.0,0.0,0.75,35.19,1.58,26.0
138.93103,29.43632,0.87007,26.33,222.0,,,False,True,True,False,J091543.68+292608.8,,DESI J091543.45+292610.8,p,"FR-II,WAT",63.01,34.97,0.77,136.8,12.4,28,,WHL J091554.8+292544,0.5137,p,1997.0,151.0,966.0,,,,
139.00948,53.96375,1.08635,26.03,276.0,,0.21,False,False,True,False,J091602.35+535749.4,,DESI J091602.28+535749.5,p,"--,WAT",19.42,11.34,0.71,165.1,86.7,33,,,,,,,,,,,
139.04017,1.57761,0.4536,24.91,113.0,,1.9,False,False,True,False,J091609.56+013438.3,,WISEA J091609.63+013439.3,s,"--,WAT",10.62,5.54,0.85,151.8,44.6,19,,WHL J091610.7+013406,0.4572,s,1806.0,37.0,222.0,0.838,55.39,2.46,27.0
139.12159,60.88314,0.98344,26.61,246.0,,0.55,False,True,True,False,J091629.43+605258.1,,DESI J091629.18+605259.3,p,"FR-II,WAT",80.76,40.41,0.91,167.0,362.5,30,,,,,,,,,,,
139.14895,4.68718,0.17363,25.31,378.0,,1.23,False,False,True,False,J091635.65+044057.9,,WISEA J091635.74+044113.8,s,"--,WAT",212.63,74.48,1.38,158.4,,124,,maxBCG J091635.8+044114,0.1743,s,742.0,0.0,0.0,0.735,29.83,1.35,17.0
139.16438,5.43147,0.14286,24.91,143.0,8.69,,True,False,True,False,J091639.53+052556.1,"g,j",2MASX J09163945+0525530,s,"FR-I,WAT",134.98,52.15,1.25,160.8,107.3,55,-22.9,WHL J091639.5+052553,0.1429,s,614.0,0.0,0.0,0.857,45.6,2.04,21.0
139.1686,52.2007,1.06099,25.82,200.0,,0.81,False,False,False,True,J091640.44+521204.3,,DESI J091640.46+521202.5,p,"--,NAT",13.3,8.04,0.66,60.4,9.4,24,,Y21 J091636.4+521435,0.6548,p,2448.0,156.0,1119.0,0.522,16.39,0.76,7.0
139.17886,17.49031,0.43599,25.51,163.0,,1.94,False,True,False,True,J091643.06+172917.7,f,DESI J091642.93+172925.1,p,"FR-II,NAT",47.63,26.45,0.77,68.3,8.0,28,,WHL J091639.1+172924,0.4571,s,1805.0,55.0,330.0,0.882,66.28,2.93,39.0
139.19804,8.14664,0.22306,24.72,145.0,,1.24,False,True,True,False,J091647.81+080851.8,f,DESI J091647.53+080847.9,p,"FR-II,WAT",35.85,22.27,0.62,140.7,64.1,39,,,,,,,,,,,
139.199,38.30165,0.07106,24.63,67.0,,,False,True,True,False,J091648.09+381811.8,f,DESI J091647.76+381805.8,s,"FR-II,WAT",332.91,201.14,0.66,90.8,15.3,48,,CFSFDP J091656.0+381714,0.512,p,1992.0,110.0,702.0,0.534,13.57,0.63,8.0
139.225,44.65976,0.71896,25.7,186.0,,1.88,False,False,True,False,J091653.97+443937.8,,WISEA J091653.99+443935.1,s,"--,WAT",23.35,13.1,0.76,139.6,28.5,25,,WHL J091654.0+443935,0.7189,s,2641.0,0.0,0.0,0.716,46.63,2.08,14.0
139.2833,55.15228,0.18202,25.36,355.0,8.73,1.3,True,False,True,False,J091710.38+550853.3,,WISEA J091707.99+550908.2,s,"FR-I,WAT",222.21,89.79,1.19,119.6,55.7,112,-23.57,maxBCG J091708.0+550908,0.1827,s,777.0,0.0,0.0,0.805,39.54,1.77,20.0
139.35002,3.83418,0.40689,25.31,202.0,,1.86,False,True,True,False,J091724.21+035009.0,f,SDSS J091724.00+035003.0,s,"FR-II,WAT",33.33,16.21,0.95,126.5,23.4,36,,WHL J091723.3+034917,0.4133,s,1652.0,47.0,266.0,0.821,50.98,2.27,29.0
139.35832,-6.39769,0.5083,25.44,267.0,,,False,False,True,False,J091725.64-062354.5,,DESI J091726.00-062351.7,p,"--,WAT",25.4,11.62,1.03,151.0,,42,,Y21 J091726.0-062352,0.5005,p,1953.0,0.0,0.0,0.624,31.19,1.41,9.0
139.40808,44.85395,0.67628,25.34,312.0,,2.03,False,True,True,False,J091738.10+445109.5,,WISEA J091737.93+445114.2,s,"FR-II,WAT",12.68,8.09,0.59,128.2,123.2,43,,Y21 J091737.9+445114,0.6763,s,2514.0,0.0,0.0,0.644,32.72,1.48,14.0
139.41146,2.75595,0.486,25.37,192.0,8.39,1.88,True,False,True,False,J091739.15+024527.0,j,SDSS J091738.74+024521.2,s,"FR-I,WAT",25.01,12.26,0.94,110.0,16.1,31,-22.6,WHL J091741.4+024535,0.4901,s,1918.0,41.0,256.0,0.775,47.77,2.13,24.0
139.47186,24.66558,1.19377,25.82,221.0,,,False,True,True,False,J091753.59+243957.0,c,DESI J091753.25+243956.1,p,"FR-II,WAT",10.35,6.42,0.63,122.1,16.8,26,,,,,,,,,,,
139.51743,14.69686,0.62927,25.37,204.0,8.77,1.85,False,False,True,False,J091804.15+144154.0,,DESI J091804.18+144148.7,p,"--,WAT",16.84,11.71,0.48,119.6,19.5,29,-23.05,Y21 J091804.2+144149,0.6106,s,2311.0,0.0,0.0,0.687,37.14,1.67,17.0
139.6582,51.84445,0.43622,25.32,432.0,,1.87,False,True,True,False,J091838.39+515039.8,,WISEA J091837.96+515040.0,s,"FR-II,WAT",34.41,24.75,0.43,167.0,77.9,74,,WHL J091838.0+515040,0.4362,s,1732.0,0.0,0.0,0.812,45.57,2.04,29.0
139.69249,8.00813,0.3523,25.06,184.0,8.35,1.68,False,False,False,True,J091846.35+080028.6,,WISEA J091846.19+080029.2,s,"--,NAT",25.35,11.58,1.03,66.8,74.8,36,-22.87,AMF J091846.2+080029,0.3523,s,1432.0,0.0,0.0,0.577,18.21,0.84,9.0
139.74753,31.86128,0.06218,24.5,210.0,8.42,0.91,False,False,True,False,J091858.29+315148.4,,DESI J091859.41+315140.6,p,"--,WAT",302.15,72.96,1.86,152.3,364.2,169,-22.97,WH J091908.1+315352,0.9507,p,3277.0,172.0,1401.0,0.454,12.77,0.59,8.0
139.78227,15.82224,0.738,25.61,150.0,8.52,2.02,True,False,True,False,J091907.78+154917.3,,WISEA J091907.74+154920.0,s,"FR-I,WAT",18.15,10.41,0.73,149.1,17.6,20,-23.41,WH J091907.7+154920,0.738,s,2696.0,0.0,0.0,0.546,25.54,1.16,8.0
139.85168,13.73673,0.46002,25.8,192.0,8.4,1.43,True,False,True,False,J091924.68+134411.7,,DESI J091924.40+134412.2,p,"FR-I,WAT",94.01,68.9,0.41,166.4,53.3,32,-22.65,WHL J091924.4+134412,0.4618,s,1821.0,0.0,0.0,0.488,14.82,0.69,9.0
139.88425,-1.69775,0.49418,25.58,225.0,8.27,1.6,True,False,True,False,J091931.57-014159.3,,WISEA J091932.22-014151.9,s,"FR-I,WAT",42.44,24.64,0.71,160.5,55.8,36,-22.65,WH J091932.2-014152,0.4942,s,1932.0,0.0,0.0,0.39,11.3,0.53,8.0
139.91777,-1.49773,0.29146,24.96,117.0,,1.58,True,False,False,True,J091940.71-012952.7,f,2MASS J09194033-0129519,s,"FR-I,NAT",33.61,19.56,0.71,77.2,8.6,26,,Y21 J091940.3-012952,0.2914,s,1204.0,0.0,0.0,0.685,23.48,1.07,16.0
139.92765,43.69065,0.84993,26.16,220.0,,1.0,True,False,False,True,J091942.43+434132.0,,DESI J091942.64+434126.3,p,"FR-I,NAT",38.55,17.66,1.02,76.5,13.2,28,,WH J091954.0+434216,0.7626,p,2768.0,133.0,1012.0,0.512,22.83,1.04,7.0
139.95204,57.84888,0.13695,24.33,228.0,,1.17,True,False,True,False,J091947.75+575104.2,,WISEA J091948.48+575055.9,s,"FR-I,WAT",37.97,13.75,1.33,150.6,119.5,91,,WHL J091948.5+575056,0.1369,s,589.0,0.0,0.0,0.49,10.96,0.51,6.0
139.96108,35.8458,0.22157,25.5,236.0,,1.37,True,False,False,True,J091950.36+355018.0,,WISEA J091950.65+355044.8,s,"FR-I,NAT",205.87,103.48,0.9,51.8,19.1,64,,maxBCG J091950.7+355045,0.2255,s,948.0,0.0,0.0,0.989,69.66,3.07,42.0
140.08769,33.21067,0.81319,26.56,280.0,,1.0,True,False,True,False,J092021.06+331241.6,,DESI J092021.04+331238.4,p,"FR-I,WAT",142.81,94.84,0.54,119.9,18.5,36,,,,,,,,,,,
140.17708,14.52911,0.33771,25.03,134.0,,1.72,True,False,False,True,J092042.33+143152.2,,SDSS J092042.50+143144.8,s,"FR-I,NAT",26.76,13.36,0.91,87.3,13.0,27,,WHL J092042.5+143145,0.3377,s,1378.0,0.0,0.0,0.72,36.65,1.65,19.0
140.20193,48.61348,0.37566,25.53,240.0,,0.22,True,False,True,False,J092048.32+483654.6,,DESI J092048.46+483648.5,p,"FR-I,WAT",71.22,40.31,0.75,151.6,108.6,45,,,,,,,,,,,
140.27001,7.39393,0.29731,25.06,155.0,,1.59,False,False,True,False,J092105.14+072345.0,f,WISEA J092104.80+072338.1,s,"--,WAT",41.18,23.91,0.71,102.9,13.3,34,,Y21 J092104.8+072338,0.2973,s,1226.0,0.0,0.0,0.651,22.76,1.04,12.0
140.28447,-3.33026,0.27902,24.92,96.0,,,True,False,True,False,J092108.47-031951.0,,DESI J092108.27-031948.9,p,"FR-I,WAT",32.54,16.4,0.9,102.4,10.6,22,,Y21 J092108.3-031949,0.2908,p,1202.0,0.0,0.0,0.685,15.58,0.72,12.0
140.28577,38.95258,0.40639,25.22,173.0,8.55,1.89,False,True,False,True,J092109.19+385710.8,,SDSS J092108.58+385709.2,s,"FR-II,NAT",32.27,23.79,0.4,84.1,10.3,31,-23.3,GMBCG J092112.0+385637,0.4064,s,1627.0,51.0,286.0,0.779,45.33,2.03,21.0
140.30333,57.73741,0.19593,24.97,168.0,,1.15,False,True,True,False,J092112.06+574418.6,,DESI J092112.80+574414.7,p,"FR-II,WAT",80.17,39.75,0.92,107.3,31.2,50,,,,,,,,,,,
140.31467,31.67402,0.81109,25.86,279.0,,1.28,False,False,True,False,J092115.72+314026.9,,DESI J092115.52+314026.5,p,"--,WAT",21.87,10.12,1.01,138.5,27.8,36,,,,,,,,,,,
140.32935,-2.49579,0.27313,24.77,107.0,,1.54,True,False,True,False,J092118.79-022940.2,,DESI J092119.04-022944.8,p,"FR-I,WAT",23.55,10.63,1.04,129.6,15.2,25,,maxBCG J092113.9-023056,0.2878,p,1190.0,104.0,466.0,0.87,53.89,2.4,27.0
140.33345,36.35794,0.70398,25.97,302.0,,1.71,True,False,True,False,J092120.03+362129.6,,DESI J092120.03+362128.6,p,"FR-I,WAT",46.9,27.63,0.69,162.6,59.8,41,,,,,,,,,,,
140.35369,50.76847,0.94984,25.94,162.0,,,True,False,True,False,J092125.17+504608.2,,DESI J092124.89+504606.5,p,"FR-I,WAT",15.95,6.47,1.18,134.6,19.1,20,,,,,,,,,,,
140.40525,9.83477,0.7771,25.57,114.0,,2.14,True,False,False,True,J092137.57+095006.5,,DESI J092137.26+095005.2,p,"FR-I,NAT",15.78,9.99,0.6,53.2,5.0,15,,WH J092140.1+094806,0.738,p,2696.0,126.0,948.0,0.43,15.54,0.72,7.0
140.41063,57.17029,0.28252,24.64,207.0,8.42,1.6,False,True,True,False,J092137.57+571008.0,,WISEA J092138.55+571013.0,s,"FR-II,WAT",18.27,12.62,0.49,119.7,33.3,47,-22.84,maxBCG J092137.3+571203,0.2825,s,1170.0,110.0,486.0,0.796,39.03,1.75,20.0
140.42938,13.54322,0.79517,25.71,223.0,8.09,1.99,False,False,True,False,J092143.38+133243.0,,WISEA J092143.05+133235.5,s,"--,WAT",17.22,8.64,0.9,121.3,19.6,29,-24.09,CLuMPR J092142.6+133235,0.79,p,2845.0,7.0,54.0,0.443,16.93,0.78,9.0
140.44647,49.41384,,,,,,False,False,True,False,J092147.15+492449.8,,,,"--,WAT",18.07,10.73,0.68,123.8,11.5,23,,,,,,,,,,,
140.46022,-7.33171,0.16733,24.59,83.0,,,False,False,True,False,J092150.39-071952.6,,DESI J092150.45-071954.2,p,"--,WAT",47.63,24.34,0.88,165.3,38.9,28,,Y21 J092150.5-071954,0.1714,p,731.0,0.0,0.0,0.601,17.68,0.81,9.0
140.54925,19.46168,0.47787,25.38,233.0,9.27,2.01,False,True,True,False,J092211.97+192748.3,,WISEA J092211.81+192742.0,s,"FR-II,WAT",29.52,17.24,0.71,138.2,21.5,38,-23.06,WHL J092211.9+192742,0.4778,s,1876.0,1.0,6.0,0.768,45.49,2.03,25.0
140.59354,27.00365,0.54468,25.42,158.0,7.05,1.94,True,False,False,True,J092222.23+270018.3,,WISEA J092222.45+270013.1,s,"FR-I,NAT",22.66,11.98,0.84,72.2,7.2,24,-23.21,AMF J092222.4+270013,0.5448,s,2100.0,1.0,7.0,0.704,38.76,1.74,20.0
140.60092,33.5112,1.13503,26.05,202.0,,0.45,False,True,True,False,J092224.42+333039.0,,WISEA J092224.22+333040.3,s,"FR-II,WAT",23.52,17.35,0.4,117.6,10.1,24,,,,,,,,,,,
140.66733,-7.41114,0.40329,25.74,234.0,,,False,False,True,False,J092239.58-072426.0,"b,f",DESI J092240.16-072440.1,p,"--,WAT",93.79,48.53,0.86,97.7,15.2,42,,Y21 J092240.2-072440,0.477,p,1874.0,0.0,0.0,0.719,33.67,1.52,28.0
140.73839,9.81706,,,,,1.91,False,False,True,False,J092257.21+094901.4,,,,"--,WAT",21.28,13.13,0.63,132.1,28.1,27,,,,,,,,,,,
140.76893,27.97444,0.49227,25.55,175.0,,0.87,False,True,False,True,J092304.77+275835.9,c,SDSS J092304.54+275828.0,s,"FR-II,NAT",39.77,22.29,0.76,83.7,10.4,28,,Y21 J092304.9+275842,0.9358,s,3239.0,15.0,122.0,0.58,34.49,1.55,11.0
140.78112,54.61535,0.18358,24.97,169.0,,1.27,False,True,True,False,J092307.50+543650.9,,WISEA J092307.46+543655.2,s,"FR-II,WAT",86.81,30.76,1.36,164.1,34.3,53,,CFSFDP J092307.5+543655,0.1836,s,780.0,0.0,0.0,0.593,16.56,0.76,12.0
140.78903,49.43964,,,,,,True,False,True,False,J092309.37+492622.7,,,,"FR-I,WAT",23.69,15.5,0.56,119.8,8.1,21,,,,,,,,,,,
140.88108,29.82131,0.46048,25.59,211.0,,1.88,False,False,True,False,J092331.78+294924.4,,WISEA J092331.45+294916.7,s,"--,WAT",50.0,26.69,0.82,94.1,14.1,35,,Y21 J092331.5+294917,0.4635,s,1827.0,1.0,6.0,0.52,13.5,0.63,8.0
140.91194,57.09983,0.28467,24.86,213.0,,1.68,True,False,True,False,J092338.51+570607.0,,2MASX J09233888+5705591,s,"FR-I,WAT",26.46,12.1,1.03,148.3,21.1,48,,maxBCG J092338.9+570559,0.2847,s,1178.0,0.0,0.0,0.855,46.9,2.09,29.0
140.94337,36.23541,0.78299,26.38,291.0,,1.72,False,False,True,False,J092346.56+361410.5,c,DESI J092346.41+361407.5,p,"--,WAT",85.66,45.16,0.84,150.1,107.4,38,,WH J092340.5+361423,0.4942,s,1932.0,74.0,464.0,0.365,10.23,0.48,6.0
141.00477,7.9825,,,,,1.98,False,True,True,False,J092401.14+075857.0,f,,,"FR-II,WAT",48.27,23.89,0.92,127.3,35.0,51,,,,,,,,,,,
141.12039,14.23597,0.13842,24.37,141.0,8.46,1.09,True,False,True,False,J092429.52+141404.7,"d,j",WISEA J092428.89+141409.4,s,"FR-I,WAT",41.76,16.71,1.2,114.4,28.3,56,-22.78,,,,,,,,,,
141.12844,7.94893,0.10429,24.27,81.0,8.87,,False,True,True,False,J092431.32+075656.3,,WISEA J092430.82+075656.1,s,"FR-II,WAT",63.71,34.94,0.79,113.6,17.4,41,-22.59,maxBCG J092430.8+075656,0.1043,s,452.0,0.0,0.0,0.618,19.02,0.87,17.0
141.12867,51.77922,0.65607,25.7,323.0,8.83,2.09,False,True,True,False,J092431.94+514647.7,,WISEA J092430.88+514645.1,s,"FR-II,WAT",27.31,14.09,0.87,115.9,26.0,45,-23.62,WHL J092430.9+514645,0.656,s,2452.0,0.0,0.0,0.72,45.01,2.01,17.0
141.21871,57.20901,0.58166,25.3,333.0,8.98,1.85,False,True,True,False,J092452.68+571238.9,,WISEA J092452.48+571232.4,s,"FR-II,WAT",17.81,13.1,0.4,156.2,87.4,49,-23.62,WHL J092452.5+571232,0.5817,s,2220.0,0.0,0.0,0.741,43.95,1.97,25.0
141.27254,13.43859,0.70124,25.49,169.0,,2.17,True,False,True,False,J092505.20+132617.5,,DESI J092505.41+132618.9,p,"FR-I,WAT",16.56,10.64,0.58,115.9,11.6,23,,Y21 J092507.1+132709,0.6912,p,2558.0,56.0,411.0,0.821,69.67,3.07,47.0
141.29928,9.57827,0.41749,24.96,159.0,8.8,1.92,False,True,False,True,J092511.25+093446.9,,SDSS J092511.82+093441.7,s,"FR-II,NAT",16.29,11.27,0.48,60.4,9.9,28,-22.39,WHL J092510.5+093447,0.4224,s,1684.0,21.0,121.0,0.881,63.45,2.81,27.0
141.30192,22.70894,0.89986,25.42,329.0,,2.14,True,False,True,False,J092512.52+224229.6,c,DESI J092512.46+224232.2,p,"FR-I,WAT",9.66,7.64,0.31,155.2,20.9,41,,,,,,,,,,,
141.31359,47.9872,0.91456,26.11,266.0,,1.48,True,False,True,False,J092515.06+475914.1,,DESI J092515.26+475913.9,p,"FR-I,WAT",22.59,7.92,1.38,156.5,20.6,33,,WH J092515.3+475914,0.9813,p,3354.0,0.0,0.0,0.493,17.83,0.82,6.0
141.39747,30.60371,0.35738,25.27,186.0,,1.25,False,False,True,False,J092535.28+303615.7,,DESI J092535.39+303613.4,p,"--,WAT",41.63,20.81,0.91,146.5,25.0,36,,CFSFDP J092530.5+303531,0.5579,s,2143.0,77.0,513.0,0.52,16.33,0.75,8.0
141.4128,36.45156,0.11212,25.44,387.0,8.69,1.08,True,False,True,False,J092538.91+362740.3,,DESI J092539.07+362705.6,s,"FR-I,WAT",737.56,227.1,1.55,164.4,106.7,183,-23.45,maxBCG J092539.1+362706,0.1121,s,485.0,0.0,0.0,0.699,23.31,1.06,14.0
141.49034,29.2491,0.35261,25.1,210.0,8.57,1.69,True,False,True,False,J092557.85+291453.4,,WISEA J092557.68+291456.7,s,"FR-I,WAT",29.7,15.6,0.84,160.0,46.3,41,-22.96,WHL J092557.7+291457,0.3536,s,1436.0,0.0,5.0,0.829,46.93,2.1,28.0
141.50215,19.05205,0.33073,25.42,162.0,,1.71,False,True,True,False,J092600.65+190310.2,,WISEA J092600.51+190307.3,s,"FR-II,WAT",77.59,50.63,0.56,108.6,11.4,33,,WHL J092600.5+190307,0.3307,s,1352.0,0.0,0.0,0.666,25.61,1.16,11.0
141.52427,16.90727,0.67198,25.84,319.0,8.6,1.98,True,False,True,False,J092605.88+165432.6,,WISEA J092605.82+165426.1,s,"FR-I,WAT",33.07,15.43,1.0,164.2,15.3,44,-24.14,WH J092605.8+165426,0.6721,s,2501.0,0.0,0.0,0.677,37.92,1.7,9.0
141.53597,-1.99015,0.37183,25.5,164.0,,1.42,False,True,True,False,J092609.02-015931.7,,DESI J092608.63-015924.5,p,"FR-II,WAT",60.57,26.57,1.08,110.5,25.1,31,,maxBCG J092606.1-015837,0.2385,p,999.0,61.0,239.0,0.725,33.64,1.52,14.0
141.55148,32.78919,0.13953,25.33,176.0,7.94,1.11,False,False,True,False,J092613.11+324712.1,d,WISEA J092612.35+324721.0,s,"--,WAT",270.82,16.65,3.66,112.1,27.4,69,-22.14,maxBCG J092610.9+324930,0.1415,s,608.0,130.0,336.0,0.69,22.15,1.01,13.0
141.55879,3.87331,,,,,,False,False,True,False,J092614.11+035223.9,,,,"--,WAT",15.58,8.99,0.72,152.4,37.4,21,,,,,,,,,,,
141.56336,16.85353,0.21196,25.04,132.0,9.59,1.37,False,True,True,False,J092615.17+165114.7,b,WISEA J092615.20+165112.7,s,"FR-II,WAT",77.7,37.24,0.97,158.0,76.5,37,-23.14,maxBCG J092615.2+165113,0.2145,s,904.0,0.0,0.0,0.729,31.43,1.42,22.0
141.58246,2.20653,0.47541,26.0,362.0,,1.61,False,False,True,False,J092619.70+021215.0,,SDSS J092619.79+021223.5,s,"--,WAT",108.54,49.48,1.03,139.7,8.1,59,,AMF J092619.8+021223,0.4928,s,1927.0,0.0,0.0,0.507,17.29,0.8,7.0
141.62627,10.98683,0.24724,25.61,228.0,8.87,1.48,True,False,False,True,J092631.21+105856.3,h,WISEA J092630.30+105912.5,s,"FR-I,NAT",201.76,92.52,1.02,66.2,13.2,57,-23.09,maxBCG J092630.3+105913,0.2497,s,1043.0,0.0,0.0,0.792,41.98,1.88,17.0
141.63619,9.07684,0.8489,25.83,236.0,,2.47,False,True,True,False,J092632.59+090437.1,c,DESI J092632.68+090436.6,p,"FR-II,WAT",20.62,11.03,0.82,132.5,15.6,30,,CFSFDP J092632.7+090437,0.8317,p,2962.0,0.0,0.0,0.582,26.08,1.19,9.0
141.64785,29.57281,0.28904,25.4,296.0,,1.53,True,False,True,False,J092635.55+293423.5,,WISEA J092635.48+293422.1,s,"FR-I,WAT",87.59,39.03,1.06,160.7,96.9,66,,maxBCG J092635.5+293422,0.2929,s,1210.0,0.0,0.0,0.849,52.26,2.33,35.0
141.657,27.43876,0.74326,26.81,324.0,,1.42,False,True,True,False,J092637.89+272616.1,,DESI J092637.68+272619.5,p,"FR-II,WAT",144.54,33.7,1.91,150.4,43.2,43,,WH J092637.7+272620,0.7672,p,2781.0,0.0,0.0,0.429,15.13,0.7,8.0
141.68411,3.15552,0.22556,25.25,251.0,,1.38,False,True,True,False,J092644.91+030928.2,"f,j",WISEA J092644.18+030919.8,s,"FR-II,WAT",110.07,53.01,0.96,101.8,24.4,67,,WHL J092644.2+030920,0.2257,s,949.0,0.0,0.0,0.71,30.08,1.36,12.0
141.73461,63.54812,0.77537,25.83,290.0,,1.89,False,True,True,False,J092656.13+633258.7,c,DESI J092656.31+633253.2,p,"FR-II,WAT",32.59,24.61,0.37,161.8,40.3,38,,,,,,,,,,,
141.74614,33.05867,,,,,,True,False,True,False,J092659.07+330331.2,,,,"FR-I,WAT",28.23,15.85,0.76,150.1,19.2,29,,,,,,,,,,,
141.74433,56.55865,0.57662,25.6,162.0,8.31,1.96,True,False,True,False,J092659.07+563331.2,,WISEA J092658.63+563331.1,s,"FR-I,WAT",24.04,8.81,1.32,146.8,82.5,24,-23.72,WHL J092658.6+563331,0.5765,s,2203.0,0.0,0.0,0.628,29.2,1.32,9.0
141.7479,27.18488,1.09206,26.34,218.0,,0.31,True,False,True,False,J092659.66+271106.0,,WISEA J092659.49+271105.5,s,"FR-I,WAT",72.18,79.38,-0.12,150.7,16.0,26,,,,,,,,,,,
141.75642,35.42221,0.7493,25.88,219.0,8.7,2.01,False,False,True,False,J092701.84+352513.8,,WISEA J092701.54+352519.9,s,"--,WAT",29.56,14.86,0.9,103.3,19.7,29,-23.46,CLuMPR J092701.6+352520,0.7514,s,2735.0,0.0,0.0,0.79,64.91,2.87,15.0
141.76782,54.39632,0.12425,24.85,136.0,,,False,True,False,True,J092703.44+542352.2,"f,j",WISEA J092704.27+542346.7,s,"FR-II,NAT",165.98,87.32,0.84,68.7,17.2,59,,maxBCG J092659.7+542236,0.1284,s,553.0,82.0,195.0,0.983,62.12,2.75,35.0
141.78289,47.85791,0.61999,25.34,252.0,,2.03,False,False,True,False,J092708.52+475129.4,,WISEA J092707.89+475128.4,s,"--,WAT",15.04,9.3,0.63,146.7,82.4,36,,Y21 J092658.3+475326,0.2208,s,929.0,152.0,561.0,0.585,17.95,0.83,6.0
141.84922,6.69653,0.54681,25.41,277.0,8.27,1.95,False,False,True,False,J092723.62+064147.4,,WISEA J092723.81+064147.4,s,"--,WAT",25.28,17.11,0.51,153.9,69.0,42,-23.39,AMF J092730.2+064018,0.56,s,2150.0,130.0,868.0,0.735,39.1,1.76,20.0
141.95552,31.47522,0.70551,25.22,140.0,,2.17,True,False,True,False,J092749.24+312829.5,,DESI J092749.32+312830.8,p,"FR-I,WAT",10.12,7.87,0.33,129.6,14.1,19,,WH J092749.3+312831,0.7048,p,2599.0,0.0,0.0,0.502,14.63,0.68,6.0
141.97419,5.32129,,,,,0.28,False,False,True,False,J092753.81+051916.7,,,,"--,WAT",84.46,31.2,1.31,126.5,12.1,38,,,,,,,,,,,
142.01142,-6.13139,0.24394,25.58,238.0,,,False,False,True,False,J092802.69-060801.6,,DESI J092802.74-060753.0,p,"--,WAT",194.05,84.67,1.09,107.9,21.4,60,,,,,,,,,,,
142.06067,25.07056,0.67912,26.08,269.0,,1.9,True,False,False,True,J092814.92+250419.8,,DESI J092814.56+250414.0,p,"FR-I,NAT",60.27,31.42,0.85,77.1,9.4,37,,WH J092814.6+250414,0.6988,p,2581.0,0.0,0.0,0.41,11.99,0.56,7.0
142.0755,24.03473,1.36763,26.28,224.0,,0.76,False,False,True,False,J092818.37+240208.9,,DESI J092818.12+240205.0,p,"--,WAT",21.57,13.2,0.64,111.9,14.4,26,,,,,,,,,,,
142.09052,50.89456,0.71584,25.73,163.0,9.2,1.88,False,True,True,False,J092821.76+505341.2,,SDSS J092821.72+505340.1,s,"FR-II,WAT",25.39,14.5,0.74,164.5,12.7,22,-23.62,WHL J092821.7+505340,0.7158,s,2632.0,0.0,0.0,0.659,39.83,1.79,11.0
142.11465,31.14478,0.34563,24.97,131.0,9.01,1.78,False,True,True,False,J092827.90+310845.6,,WISEA J092827.51+310841.2,s,"FR-II,WAT",22.16,10.85,0.94,108.0,15.0,26,-22.98,WHL J092820.9+310842,0.3456,s,1407.0,85.0,431.0,0.867,57.08,2.53,32.0
142.16009,13.63544,0.58494,26.22,184.0,,1.78,False,True,True,False,J092838.19+133810.0,,WISEA J092838.42+133807.5,s,"FR-II,WAT",115.52,58.56,0.89,116.9,17.4,27,,WH J092838.4+133808,0.5849,s,2230.0,0.0,0.0,0.513,14.13,0.65,6.0
142.21509,-5.11977,,,,,,False,False,True,False,J092851.62-050711.2,f,,,"--,WAT",138.57,70.87,0.88,122.0,32.5,57,,,,,,,,,,,
142.21638,-0.10341,0.45124,26.02,429.0,8.6,1.47,False,False,True,False,J092852.08-000607.2,,WISEA J092851.93-000612.2,s,"--,WAT",106.91,32.66,1.56,159.1,91.0,72,-23.18,WHL J092851.9-000612,0.4573,s,1806.0,0.0,0.0,0.515,15.09,0.7,6.0
142.23673,7.60531,0.72927,26.15,411.0,,0.16,False,False,True,False,J092856.74+073620.7,,WISEA J092856.81+073619.1,s,"--,WAT",65.88,38.52,0.7,158.2,83.5,55,,,,,,,,,,,
142.27077,2.57598,,,,,,False,False,True,False,J092904.98+023433.5,,,,"--,WAT",70.4,27.23,1.25,98.8,38.6,51,,,,,,,,,,,
142.27345,13.03386,0.47019,25.47,298.0,8.57,1.94,True,False,True,False,J092905.56+130150.6,,WISEA J092905.62+130201.8,s,"FR-I,WAT",33.59,16.14,0.96,139.7,38.1,49,-23.77,AMF J092905.6+130202,0.4717,s,1855.0,0.0,0.0,0.769,47.14,2.1,23.0
142.29484,30.07086,0.61098,25.38,229.0,,1.83,False,False,True,False,J092910.64+300416.2,,WISEA J092910.76+300415.1,s,"--,WAT",16.43,9.48,0.72,168.9,54.3,33,,WHL J092910.8+300415,0.611,s,2312.0,0.0,0.0,0.664,34.85,1.57,16.0
142.30725,34.44601,0.77819,25.89,206.0,8.09,1.88,True,False,False,True,J092913.36+342644.9,,DESI J092913.74+342645.6,p,"FR-I,NAT",25.33,11.26,1.06,65.5,11.4,27,-22.4,Y21 J092912.5+342839,0.7815,s,2821.0,114.0,875.0,0.641,29.33,1.33,14.0
142.39592,62.94982,0.12064,,58.0,,1.12,True,False,True,False,J092935.66+625701.1,,SDSS J092935.01+625659.3,s,"FR-I,WAT",57.16,,,161.1,28.9,26,,WH J092935.0+625659,0.1206,s,521.0,0.0,0.0,0.633,14.39,0.67,6.0
142.44171,1.244,,,,,,False,True,True,False,J092946.01+011438.4,,,,"FR-II,WAT",144.95,75.08,0.86,149.8,25.1,38,,,,,,,,,,,
142.44619,51.94863,0.7039,26.59,650.0,,0.02,False,False,False,True,J092947.86+515656.4,,WISEA J092947.08+515655.0,s,"--,NAT",149.27,58.96,1.22,23.4,7.1,88,,,,,,,,,,,
142.51557,11.34478,0.17927,24.93,131.0,9.15,1.19,False,False,True,False,J093004.34+112046.8,,2MASX J09300372+1120409,s,"--,WAT",91.57,51.26,0.76,139.2,,42,-22.72,maxBCG J093003.7+112041,0.1803,s,767.0,0.0,0.0,0.977,65.75,2.91,38.0
142.52873,59.50898,1.03583,26.29,390.0,,0.75,False,True,True,False,J093007.50+593030.6,,DESI J093006.90+593032.3,p,"FR-II,WAT",40.51,24.05,0.68,159.9,51.4,47,,,,,,,,,,,
142.59666,48.79002,1.66023,26.43,243.0,,-0.05,False,True,True,False,J093023.61+484726.3,c,SDSS J093023.19+484724.0,s,"FR-II,WAT",24.98,18.23,0.41,141.1,65.9,28,,GMBCG J142.63842+48.78276,0.432,p,1718.0,102.0,593.0,,,,
142.61509,-2.07255,0.24196,25.34,284.0,,1.41,False,False,False,True,J093027.91-020351.0,,DESI J093027.62-020421.2,p,"--,NAT",105.36,33.99,1.48,67.9,48.5,72,,WHL J093025.1-020457,0.6163,s,2329.0,51.0,356.0,0.618,29.17,1.32,13.0
142.66706,5.70162,0.39936,24.92,166.0,,1.82,False,True,True,False,J093040.45+054210.1,c,DESI J093040.09+054205.8,p,"FR-II,WAT",16.44,11.25,0.5,153.1,21.2,30,,WHL J093040.4+054221,0.4004,p,1606.0,16.0,89.0,0.77,39.35,1.77,22.0
142.9274,62.78282,0.6811,26.11,306.0,,2.63,False,True,False,True,J093143.58+624707.2,,DESI J093142.58+624658.2,p,"FR-II,NAT",64.77,34.65,0.82,82.7,13.9,42,,,,,,,,,,,
142.9545,19.71252,0.72654,25.94,366.0,,1.93,True,False,True,False,J093149.19+194243.5,,DESI J093149.08+194245.1,p,"FR-I,WAT",35.61,17.53,0.93,162.1,62.8,49,,,,,,,,,,,
142.95747,30.55424,0.72722,25.63,194.0,8.84,1.95,False,False,True,False,J093149.72+303319.2,,WISEA J093149.79+303315.2,s,"--,WAT",21.23,13.86,0.56,130.8,17.1,26,-20.12,Y21 J093149.8+303316,0.7278,s,2667.0,1.0,7.0,0.663,42.05,1.88,16.0
143.05008,48.90953,0.6732,25.6,181.0,,2.01,False,True,True,False,J093212.10+485435.4,,DESI J093212.02+485434.3,p,"FR-II,WAT",24.64,17.08,0.48,150.5,16.8,25,,WH J093217.6+485221,0.6991,p,2582.0,144.0,1061.0,0.574,20.65,0.95,7.0
143.14009,2.81733,,,,,,False,False,True,False,J093233.62+024902.4,c,,,"--,WAT",33.6,13.47,1.2,107.5,19.5,28,,,,,,,,,,,
143.1509,60.47395,0.40646,25.35,224.0,8.97,1.9,True,False,True,False,J093236.75+602827.9,,WISEA J093236.21+602826.2,s,"FR-I,WAT",38.36,21.33,0.77,145.1,44.7,40,-23.77,WHL J093236.2+602826,0.4065,s,1628.0,0.0,0.0,0.725,40.48,1.82,14.0
143.19707,35.25032,0.89978,26.59,256.0,,,False,False,True,False,J093247.48+351505.7,c,DESI J093247.30+351501.1,p,"--,WAT",87.89,38.77,1.07,110.9,15.7,32,,,,,,,,,,,
143.23004,33.65864,0.01457,23.1,9.0,,0.46,True,False,True,False,J093255.50+333929.6,,DESI J093255.21+333931.1,p,"FR-I,WAT",249.08,203.59,0.26,146.7,72.3,32,,CFSFDP J093253.2+334126,0.6772,p,2516.0,118.0,858.0,0.478,13.7,0.63,9.0
143.27313,48.54066,,,,,,False,True,True,False,J093305.55+483226.4,c,,,"FR-II,WAT",29.79,20.96,0.46,150.0,50.0,51,,,,,,,,,,,
143.28248,5.24408,0.42134,25.69,177.0,9.17,1.89,False,True,False,True,J093308.25+051450.4,"h,j",WISEA J093307.79+051438.6,s,"FR-II,NAT",78.6,43.6,0.77,47.8,10.1,31,-23.33,WHL J093309.4+051453,0.4213,s,1680.0,28.0,160.0,0.901,75.44,3.32,40.0
143.28239,63.6221,1.09712,27.49,277.0,,,False,False,True,False,J093308.41+633721.8,,DESI J093307.77+633719.6,p,"--,WAT",425.68,189.44,1.06,128.0,17.2,33,,,,,,,,,,,
143.35279,6.01182,,,,,,False,True,True,False,J093324.67+060042.6,f,,,"FR-II,WAT",95.86,50.09,0.85,153.7,49.2,55,,,,,,,,,,,
143.3628,15.43747,,,,,1.33,False,False,True,False,J093327.07+152614.9,,,,"--,WAT",42.83,21.23,0.92,137.5,,30,,,,,,,,,,,
143.36393,18.42883,0.49343,25.44,212.0,,1.85,False,False,True,False,J093327.57+182547.9,b,SDSS J093327.34+182543.7,s,"--,WAT",28.86,14.73,0.88,156.1,16.3,34,,WH J093327.3+182544,0.4934,s,1929.0,0.0,0.0,0.577,21.93,1.0,8.0
143.37454,47.80083,0.75684,26.35,296.0,,0.94,False,True,True,False,J093329.77+474807.6,c,WISEA J093329.88+474802.9,s,"FR-II,WAT",76.56,33.38,1.09,142.6,28.9,39,-21.14,,,,,,,,,,
143.39485,36.8529,1.14498,26.51,431.0,,,False,True,True,False,J093334.88+365114.7,,DESI J093334.76+365110.4,p,"FR-II,WAT",40.74,18.35,1.05,155.9,75.9,51,,,,,,,,,,,
143.45765,45.33277,0.13387,25.21,288.0,8.28,1.14,True,False,True,False,J093350.12+452008.9,"d,g",DESI J093349.83+451957.8,s,"FR-I,WAT",305.15,113.61,1.3,150.4,130.0,117,-22.89,maxBCG J093349.8+451958,0.1339,s,576.0,0.0,0.0,0.627,18.74,0.86,11.0
143.46757,-3.23031,,,,,,False,True,False,True,J093352.22-031349.1,,,,"FR-II,NAT",34.18,18.51,0.8,51.3,37.1,35,,,,,,,,,,,
143.46917,58.02185,0.22762,24.86,241.0,,1.47,False,False,True,False,J093355.46+580126.8,,WISEA J093352.60+580118.6,s,"--,WAT",40.28,14.01,1.39,160.4,69.8,64,,CAMIRA J093352.6+580119,0.2276,s,956.0,0.0,0.0,0.586,14.81,0.68,11.0
143.48848,55.73632,0.5204,25.61,199.0,8.54,1.87,True,False,False,True,J093358.13+554414.7,,WISEA J093357.23+554410.7,s,"FR-I,NAT",40.15,22.79,0.74,73.7,9.9,31,-23.95,WHL J093357.2+554411,0.5204,s,2020.0,0.0,0.0,0.724,39.19,1.76,17.0
143.52626,24.34536,0.29607,24.91,132.0,,1.54,True,False,False,True,J093406.97+242036.3,,DESI J093406.30+242043.3,p,"FR-I,NAT",30.19,19.1,0.6,65.1,9.0,29,,maxBCG J093405.6+242138,0.2814,s,1166.0,55.0,243.0,0.864,50.76,2.26,42.0
143.54342,2.94314,0.63978,25.49,312.0,,0.11,False,True,True,False,J093410.47+025637.7,,DESI J093410.42+025635.3,p,"FR-II,WAT",24.33,20.59,0.22,167.7,106.3,44,,WHL J093417.5+025725,0.4657,s,1835.0,118.0,716.0,0.647,31.76,1.43,17.0
143.63165,3.81341,0.23893,24.24,97.0,,1.4,True,False,True,False,J093431.90+034847.7,,DESI J093431.60+034848.3,p,"FR-I,WAT",10.13,6.25,0.63,124.4,20.9,25,,WH J093428.1+034711,0.4871,s,1908.0,110.0,684.0,0.443,12.5,0.58,8.0
143.64294,18.4918,0.2487,24.99,169.0,,1.47,False,True,True,False,J093434.39+182937.2,f,WISEA J093434.30+182930.4,s,"FR-II,WAT",52.76,33.33,0.6,161.0,38.0,42,,WH J093427.4+182702,0.9994,p,3400.0,178.0,1467.0,0.613,40.99,1.84,8.0
143.6852,45.6857,0.49212,24.88,187.0,,1.94,False,False,True,False,J093444.35+454106.2,,WISEA J093444.44+454108.5,s,"--,WAT",11.37,11.38,-0.0,154.7,21.6,30,,Y21 J093444.4+454109,0.4921,s,1925.0,0.0,0.0,0.557,17.92,0.82,14.0
143.81094,12.34683,0.17962,24.86,157.0,,1.24,True,False,True,False,J093514.48+122053.8,,WISEA J093514.62+122048.5,s,"FR-I,WAT",78.09,46.13,0.69,157.8,612.3,50,,Y21 J093514.6+122049,0.1796,s,764.0,0.0,0.0,0.661,16.06,0.74,13.0
143.84255,25.63055,0.28576,25.23,401.0,,0.69,False,True,True,False,J093522.53+253814.1,,DESI J093522.21+253750.0,p,"FR-II,WAT",65.32,37.57,0.73,162.6,120.5,90,,WH J093511.1+253718,0.6524,s,2441.0,154.0,1103.0,0.59,25.01,1.14,11.0
143.85201,23.91646,0.27745,25.63,231.0,,1.53,False,False,False,True,J093523.18+235508.7,,DESI J093524.48+235459.3,p,"--,NAT",168.25,83.05,0.93,46.6,14.7,53,,AMF J093524.9+235504,0.2652,s,1103.0,8.0,34.0,0.889,55.72,2.48,44.0
143.91402,1.91747,0.35031,25.46,240.0,,1.74,False,False,True,False,J093539.76+015511.4,,WISEA J093539.36+015502.9,s,"--,WAT",66.73,33.77,0.89,102.0,19.8,47,,GMBCG J093539.4+015503,0.3503,s,1424.0,0.0,0.0,0.677,27.68,1.26,13.0
144.00667,-3.21365,0.33731,24.98,179.0,,,False,True,True,False,J093601.50-031249.8,,DESI J093601.60-031249.1,p,"FR-II,WAT",27.85,20.29,0.42,160.6,19.0,36,,WH J093602.3-031158,0.38,p,1533.0,52.0,280.0,0.475,12.81,0.59,6.0
144.0091,-6.46723,0.24621,25.3,260.0,,,False,False,True,False,J093602.71-062757.6,f,DESI J093602.18-062802.0,p,"--,WAT",105.63,54.65,0.86,134.0,38.6,65,,Y21 J093602.2-062802,0.2443,p,1022.0,0.0,0.0,0.749,36.41,1.64,13.0
144.01809,54.46835,0.49529,25.11,125.0,,1.87,False,False,True,False,J093604.75+542806.0,,WISEA J093604.34+542806.0,s,"--,WAT",14.91,9.08,0.65,126.7,15.2,20,,,,,,,,,,,
144.12938,-4.35641,0.5005,26.12,201.0,,,False,True,False,True,J093631.46-042128.2,,DESI J093631.05-042123.1,p,"FR-II,NAT",82.87,17.33,2.05,47.2,10.5,32,,Y21 J093624.6-042131,0.4981,p,1945.0,96.0,604.0,0.597,27.32,1.24,14.0
144.14173,9.61894,0.0023,20.28,1.0,8.36,1.97,False,False,True,False,J093634.01+093705.9,,WISEA J093634.01+093708.1,s,"--,WAT",15.07,6.89,1.03,166.6,61.4,23,-23.85,WHL J093634.0+093709,0.7457,p,2719.0,0.0,0.0,0.765,58.0,2.57,29.0
144.14853,50.84735,0.43116,25.26,243.0,,1.87,False,True,True,False,J093635.67+505059.7,,WISEA J093635.64+505050.4,s,"FR-II,WAT",27.79,16.12,0.71,134.3,143.0,42,,WHL J093638.4+505133,0.4311,s,1715.0,49.0,285.0,0.691,30.97,1.4,15.0
144.15279,10.03399,0.67841,25.47,225.0,,2.04,False,True,True,False,J093636.74+100202.9,,DESI J093636.67+100202.4,p,"FR-II,WAT",18.29,12.75,0.47,169.0,44.4,31,,WHL J093627.4+100006,0.4283,s,1705.0,179.0,1036.0,0.648,29.72,1.35,9.0
144.17445,7.82181,0.56568,26.5,328.0,8.34,1.88,False,False,True,False,J093641.84+074926.3,,SDSS J093641.86+074918.5,s,"--,WAT",230.66,109.25,0.98,136.1,100.3,49,-22.16,CAMIRA J093641.9+074919,0.5657,s,2168.0,0.0,0.0,0.521,13.48,0.62,6.0
144.17829,56.08888,0.43147,25.71,185.0,,1.71,False,True,True,False,J093643.38+560524.2,c,DESI J093642.79+560520.0,p,"FR-II,WAT",79.24,46.22,0.71,144.7,43.6,32,,CLuMPR J093643.8+560526,0.3941,p,1584.0,10.0,55.0,0.508,14.87,0.69,9.0
144.18184,8.83083,0.13708,25.02,108.0,,1.09,True,False,True,False,J093644.02+084948.4,,WISEA J093643.64+084950.9,s,"FR-I,WAT",198.14,104.77,0.84,117.0,23.8,43,,Y21 J093636.3+085148,0.634,p,2384.0,160.0,1132.0,0.692,36.57,1.65,19.0
144.18176,3.67891,0.26687,24.98,144.0,,1.48,True,False,False,True,J093644.18+034047.3,f,DESI J093643.62+034044.1,p,"FR-I,NAT",36.43,12.01,1.46,84.6,14.5,34,,maxBCG J093643.2+034025,0.2724,s,1131.0,20.0,86.0,0.741,40.55,1.82,18.0
144.20103,60.87119,0.61233,25.56,188.0,,2.02,True,False,True,False,J093648.25+605216.3,,WISEA J093648.24+605216.2,s,"FR-I,WAT",28.28,20.31,0.43,150.5,15.1,27,,WHL J093710.4+605204,0.4485,s,1775.0,162.0,963.0,0.658,25.75,1.17,17.0
144.21275,17.31867,0.39058,24.53,104.0,,1.79,False,True,False,True,J093651.22+171911.6,,DESI J093651.06+171907.2,p,"FR-II,NAT",8.6,9.39,-0.12,83.8,8.6,19,,WHL J093652.7+171901,0.4016,s,1610.0,24.0,134.0,0.711,30.68,1.39,13.0
144.36834,58.00407,0.66562,25.44,303.0,9.4,1.79,False,True,True,False,J093728.50+580013.7,f,WISEA J093728.40+580014.6,s,"FR-II,WAT",20.18,17.43,0.19,158.6,88.0,42,-22.77,WHL J093725.7+575852,0.6673,s,2486.0,86.0,615.0,0.811,64.44,2.85,31.0
144.41513,43.49144,0.47651,25.09,190.0,,1.87,False,False,True,False,J093739.71+432931.3,,WISEA J093739.63+432929.1,s,"--,WAT",16.26,10.84,0.53,135.3,23.8,31,,WHL J093751.4+433012,0.477,s,1874.0,135.0,830.0,0.845,60.15,2.67,22.0
144.42156,18.05472,,,,,,False,False,True,False,J093741.17+180317.0,,,,"--,WAT",15.32,13.0,0.22,151.5,12.9,23,,,,,,,,,,,
144.43314,29.882,0.72981,26.23,284.0,,1.87,False,False,True,False,J093743.74+295259.2,,DESI J093743.95+295255.2,p,"--,WAT",69.03,33.35,0.95,132.3,29.4,38,,Y21 J093744.0+295255,0.7291,p,2671.0,0.0,0.0,0.714,42.54,1.91,22.0
144.43385,2.76046,,,,,0.24,False,False,True,False,J093744.12+024537.7,f,,,"--,WAT",29.72,17.29,0.71,127.2,20.1,38,,,,,,,,,,,
144.51126,18.22585,,,,,,False,True,True,False,J093802.70+181333.1,,,,"FR-II,WAT",112.0,55.91,0.91,167.0,146.1,49,,,,,,,,,,,
144.60721,28.06466,0.90811,26.21,233.0,,1.03,False,True,True,False,J093825.80+280353.1,,DESI J093825.73+280352.8,p,"FR-II,WAT",48.04,30.42,0.6,119.1,12.2,29,,WH J093824.8+280320,0.5452,s,2101.0,36.0,237.0,0.44,12.85,0.6,7.0
144.6163,52.14581,0.31982,24.92,144.0,8.45,1.68,False,False,True,False,J093827.86+520854.9,,WISEA J093827.91+520844.9,s,"--,WAT",26.02,16.42,0.6,118.7,20.9,30,-23.42,GMBCG J093827.9+520845,0.3198,s,1311.0,0.0,0.0,0.613,21.2,0.97,17.0
144.63272,30.40261,0.31079,24.82,170.0,8.4,1.64,False,False,True,False,J093831.73+302411.3,,SDSS J093831.85+302409.3,s,"--,WAT",21.76,13.35,0.64,140.3,20.9,36,-22.3,GMBCG J093831.9+302409,0.3111,s,1278.0,0.0,0.0,0.738,31.73,1.43,17.0
144.66817,19.32318,0.22506,24.83,112.0,,1.4,False,True,True,False,J093840.73+191919.7,,WISEA J093840.36+191923.4,s,"FR-II,WAT",45.37,27.07,0.68,117.6,12.4,30,,maxBCG J093840.4+191924,0.2251,s,946.0,0.0,0.0,0.745,35.68,1.61,20.0
144.6932,53.64899,,,,,,False,False,True,False,J093846.37+533856.4,,,,"--,WAT",30.89,11.91,1.25,117.0,8.6,21,,,,,,,,,,,
144.77733,-5.09683,,,,,,False,True,True,False,J093906.56-050548.6,,,,"FR-II,WAT",48.68,22.53,1.01,168.3,92.0,56,,,,,,,,,,,
144.80136,43.1721,0.61053,25.52,187.0,,,False,False,True,False,J093912.11+431024.6,,WISEA J093912.32+431019.5,s,"--,WAT",21.2,10.75,0.89,96.0,10.4,27,,CFSFDP J093912.3+431019,0.6795,p,2523.0,0.0,0.0,0.706,37.52,1.69,6.0
144.86056,40.73393,0.23569,24.56,81.0,8.0,1.44,True,False,True,False,J093926.54+404356.8,a,SDSS J093926.53+404402.1,s,"FR-I,WAT",18.06,5.28,1.61,147.8,15.4,21,-22.34,maxBCG J093925.8+404527,0.236,s,989.0,85.0,330.0,1.118,102.56,4.47,63.0
144.87833,44.83215,0.34459,25.55,136.0,8.44,1.67,False,False,True,False,J093930.73+444959.1,,WISEA J093930.79+444955.7,s,"--,WAT",90.73,54.11,0.68,97.9,9.3,27,-23.05,WHL J093930.8+444956,0.3446,s,1403.0,0.0,0.0,0.797,42.66,1.91,21.0
144.88892,23.80736,0.33584,24.91,218.0,,1.65,True,False,True,False,J093933.12+234831.0,,WISEA J093933.34+234826.4,s,"FR-I,WAT",21.07,11.0,0.85,93.4,91.6,44,,GMBCG J093933.3+234827,0.3358,s,1371.0,1.0,5.0,0.524,11.06,0.52,11.0
144.95426,-2.24079,0.77632,25.69,176.0,,1.93,False,False,True,False,J093949.24-021431.8,c,DESI J093949.02-021426.8,p,"--,WAT",16.31,7.63,1.0,111.2,10.2,23,,Y21 J093949.0-021427,0.7632,p,2769.0,0.0,0.0,0.594,24.76,1.13,9.0
144.97192,23.65036,0.85514,26.36,308.0,,0.83,False,False,True,False,J093953.25+233905.4,,SDSS J093953.25+233901.3,s,"--,WAT",87.04,63.22,0.42,164.1,139.6,39,,,,,,,,,,,
145.02883,48.44702,0.41767,25.17,159.0,,1.91,True,False,False,True,J094006.33+482652.2,f,WISEA J094006.92+482649.2,s,"FR-I,NAT",25.97,16.84,0.57,81.3,9.9,28,,Y21 J094006.9+482649,0.4276,p,1702.0,0.0,0.0,0.598,23.42,1.07,9.0
145.05648,15.18143,0.62819,25.59,204.0,8.99,1.87,True,False,True,False,J094013.54+151058.0,f,WISEA J094013.55+151053.1,s,"FR-I,WAT",25.89,15.94,0.64,104.8,,29,-23.88,WHL J094013.5+151053,0.6282,s,2366.0,0.0,0.0,0.686,41.56,1.86,16.0
145.05598,31.36352,0.40015,25.19,172.0,,1.77,False,True,True,False,J094013.99+312149.9,,WISEA J094013.43+312148.6,s,"FR-II,WAT",23.6,9.22,1.23,117.1,20.3,31,,AMF J094013.5+312148,0.4003,s,1606.0,1.0,6.0,0.63,20.84,0.95,13.0
145.14449,14.01349,0.19246,24.45,79.0,8.44,1.28,False,True,True,False,J094034.72+140047.7,,WISEA J094034.67+140048.5,s,"FR-II,WAT",25.22,12.66,0.9,162.6,35.3,24,-22.89,,,,,,,,,,
145.2025,21.7839,,,,,,False,False,True,False,J094048.60+214702.0,,,,"--,WAT",40.6,27.06,0.53,105.1,8.0,25,,,,,,,,,,,
145.2038,37.10747,,,,,,False,True,True,False,J094048.91+370626.9,c,,,"FR-II,WAT",34.47,14.11,1.17,143.9,14.7,25,,,,,,,,,,,
145.2167,6.07479,0.45112,25.4,321.0,,1.89,False,False,True,False,J094052.11+060439.9,,WISEA J094052.02+060429.1,s,"--,WAT",31.04,14.02,1.04,148.5,108.9,54,,WHL J094052.0+060429,0.4523,s,1789.0,0.0,0.0,0.639,21.56,0.99,11.0
145.23087,11.97871,,,,,,False,False,True,False,J094055.41+115843.3,,,,"--,WAT",13.55,12.92,0.06,124.3,11.6,31,,,,,,,,,,,
145.23562,25.50679,0.11166,24.29,160.0,,0.82,False,True,True,False,J094055.45+253030.9,c,DESI J094056.55+253024.5,p,"FR-II,WAT",54.05,17.49,1.48,105.1,13.5,76,,WH J094056.0+253024,0.7481,p,2726.0,8.0,60.0,0.514,10.96,0.51,8.0
145.24369,47.49466,0.56688,25.34,161.0,8.31,1.75,False,False,True,False,J094059.02+472937.4,,WISEA J094058.48+472940.7,s,"--,WAT",17.47,9.54,0.79,122.7,41.8,24,-22.54,AMF J094056.3+472808,0.5656,s,2168.0,95.0,638.0,0.833,62.31,2.76,31.0
145.24224,64.01858,0.41147,25.3,333.0,,1.87,False,True,True,False,J094059.12+640110.0,,DESI J094058.14+640106.9,p,"FR-II,WAT",31.77,16.02,0.9,167.0,62.8,59,,AMF J094058.1+640107,0.4115,p,1646.0,0.0,0.0,0.497,11.8,0.55,6.0
145.28942,51.83637,0.34816,25.35,234.0,8.72,1.76,False,False,True,False,J094110.02+515008.9,,WISEA J094109.46+515010.9,s,"--,WAT",52.63,26.61,0.89,135.2,23.6,46,-22.81,WHL J094109.9+515108,0.3486,s,1418.0,57.0,291.0,0.876,58.71,2.6,32.0
145.33279,56.09708,0.64263,26.04,391.0,,1.94,False,True,True,False,J094119.70+560545.8,c,DESI J094119.87+560549.5,p,"FR-II,WAT",60.98,30.76,0.9,133.0,28.3,55,,WH J094127.9+560601,0.8164,p,2919.0,68.0,530.0,0.474,13.38,0.62,8.0
145.36042,39.39982,0.28745,25.09,241.0,8.94,1.64,False,True,True,False,J094126.81+392413.6,,WISEA J094126.50+392359.3,s,"FR-II,WAT",46.98,27.18,0.72,128.4,53.9,54,-23.06,GMBCG J145.37596+39.39453,0.265,p,1102.0,47.0,199.0,,,,
145.42647,8.23483,,,,,0.28,False,False,True,False,J094142.35+081405.4,"c,f",,,"--,WAT",37.76,17.76,0.99,149.7,24.1,37,,,,,,,,,,,
145.43726,56.58748,0.17399,24.42,73.0,,1.17,True,False,True,False,J094144.25+563511.9,,WISEA J094144.94+563514.9,s,"FR-I,WAT",29.12,14.13,0.95,114.8,5.6,24,,maxBCG J094159.7+563349,0.174,s,741.0,149.0,456.0,0.786,34.21,1.54,28.0
145.43679,57.85655,0.15855,24.89,116.0,,1.14,False,True,True,False,J094145.71+575123.4,f,WISEA J094144.83+575123.5,s,"FR-II,WAT",108.64,61.47,0.75,127.2,14.2,41,,,,,,,,,,,
145.46487,9.50749,0.47442,24.96,165.0,,1.9,False,True,True,False,J094151.90+093031.8,,SDSS J094151.56+093026.9,s,"FR-II,WAT",11.73,7.5,0.59,110.8,19.8,27,,WH J094152.0+093013,0.4744,s,1865.0,15.0,92.0,0.46,14.52,0.67,6.0
145.49566,32.55914,0.92389,25.95,258.0,,1.87,False,True,True,False,J094158.86+323334.0,,DESI J094158.96+323332.9,p,"FR-II,WAT",22.34,12.34,0.78,133.2,24.2,32,,WH J094159.0+323333,1.0978,p,3637.0,0.0,0.0,0.721,63.26,2.8,18.0
145.52125,43.64334,0.24094,24.88,271.0,8.36,1.46,True,False,True,False,J094205.57+433830.0,,WISEA J094205.09+433836.0,s,"FR-I,WAT",32.52,7.1,2.0,166.2,126.0,69,-23.26,WHY18 J094205.1+433836,0.2409,s,1009.0,0.0,0.0,0.725,26.43,1.2,11.0
145.52186,16.71585,0.35265,25.14,169.0,,0.6,False,False,True,False,J094205.82+164300.6,,DESI J094205.25+164257.1,p,"--,WAT",26.78,8.74,1.47,117.0,28.7,33,,WH J094205.5+164256,1.1435,p,3743.0,4.0,34.0,0.52,30.3,1.37,8.0
145.53939,30.95462,0.29734,24.88,178.0,8.62,1.57,False,True,True,False,J094209.10+305723.4,c,2MASS J09420945+3057166,s,"FR-II,WAT",25.82,13.65,0.84,131.8,26.0,39,-22.99,WHL J094209.5+305717,0.3005,s,1238.0,0.0,0.0,0.61,24.5,1.12,12.0
145.55925,43.74715,,,,,1.89,False,False,True,False,J094214.22+434449.7,,,,"--,WAT",44.08,12.55,1.65,155.6,60.3,58,,,,,,,,,,,
145.56145,15.38102,0.16411,24.9,84.0,8.9,1.14,True,False,True,False,J094214.37+152258.8,f,WISEA J094214.74+152251.6,s,"FR-I,WAT",93.92,33.2,1.36,163.5,10.8,29,-23.95,WHL J094214.8+152252,0.1707,s,728.0,0.0,0.0,1.104,86.91,3.81,51.0
145.55932,6.46456,0.35667,25.52,294.0,,1.68,False,False,True,False,J094214.79+062803.0,,WISEA J094214.21+062751.9,s,"--,WAT",77.6,45.0,0.71,150.0,69.1,57,,WHL J094214.6+062814,0.3585,s,1454.0,22.0,114.0,0.762,35.32,1.59,17.0
145.70132,23.82881,0.67529,25.54,297.0,8.62,2.03,True,False,True,False,J094248.08+234946.3,,WISEA J094248.31+234943.7,s,"FR-I,WAT",19.02,11.07,0.71,154.9,401.5,41,-23.07,WH J094248.3+234944,0.6753,s,2511.0,0.0,0.0,0.438,15.7,0.72,6.0
145.73358,4.97734,0.38296,25.24,156.0,8.53,1.89,False,False,True,False,J094255.94+045836.5,,WISEA J094256.05+045838.4,s,"--,WAT",34.56,19.48,0.75,136.0,20.0,29,-23.02,WHL J094256.1+045838,0.3829,s,1543.0,1.0,5.0,0.609,23.74,1.08,18.0
145.76802,30.29056,0.48912,25.21,218.0,,1.91,False,False,True,False,J094304.76+301731.4,,WISEA J094304.32+301726.0,s,"--,WAT",18.58,10.46,0.75,114.2,19.9,35,,WHL J094304.3+301726,0.4905,s,1919.0,0.0,0.0,0.716,38.46,1.73,19.0
145.78969,6.19426,0.56247,25.03,167.0,8.22,1.96,False,False,True,False,J094309.46+061139.3,,SDSS J094309.52+061139.3,s,"--,WAT",10.84,8.79,0.28,147.8,14.7,25,-21.83,WH J094316.3+061122,0.9178,p,3192.0,103.0,831.0,0.441,10.1,0.47,6.0
145.83415,15.5969,0.61158,25.67,208.0,,1.04,False,True,True,False,J094320.17+153554.3,,DESI J094320.20+153548.8,p,"FR-II,WAT",27.55,12.24,1.06,148.6,39.3,30,,,,,,,,,,,
145.84929,5.77402,0.08499,23.88,97.0,8.37,,False,True,True,False,J094323.88+054625.4,,WISEA J094323.82+054626.4,s,"FR-II,WAT",40.38,27.01,0.53,167.6,,59,-22.83,Y21 J094324.4+054331,0.8371,p,2976.0,175.0,1374.0,0.53,25.23,1.15,10.0
145.8496,35.90681,0.26031,24.34,104.0,8.89,1.53,True,False,True,False,J094324.02+355428.1,,WISEA J094323.90+355424.5,s,"FR-I,WAT",9.98,5.08,0.89,161.0,117.7,25,-22.99,GMBCG J094323.9+355424,0.2603,s,1084.0,0.0,0.0,0.662,28.08,1.27,15.0
145.89279,-5.12723,,,,,,False,False,True,False,J094334.27-050738.0,"g,j",,,"--,WAT",130.24,53.27,1.17,102.5,20.5,78,,,,,,,,,,,
146.04651,45.2273,0.40492,25.14,274.0,8.28,1.84,False,False,True,False,J094411.44+451331.8,,WISEA J094411.16+451338.2,s,"--,WAT",24.09,13.49,0.76,119.7,25.1,49,-22.98,GMBCG J094411.2+451338,0.4049,s,1622.0,0.0,0.0,0.734,27.92,1.27,12.0
146.17993,2.79839,0.22041,25.74,493.0,,1.39,True,False,True,False,J094444.43+024810.8,"h,j",WISEA J094443.18+024754.1,s,"FR-I,WAT",355.15,154.48,1.09,133.6,95.1,134,,maxBCG J094443.2+024754,0.2204,s,928.0,0.0,0.0,1.222,128.1,5.55,65.0
146.20648,58.46291,0.56744,25.0,282.0,9.09,1.85,False,True,True,False,J094450.06+582744.4,,WISEA J094449.55+582746.4,s,"FR-II,WAT",9.94,8.08,0.27,143.8,41.7,42,-22.68,Y21 J094449.5+582746,0.5674,s,2174.0,0.0,0.0,0.545,20.52,0.94,13.0
146.23009,-6.2674,0.26977,25.31,192.0,,,False,True,True,False,J094454.86-061606.0,"f,g,j",DESI J094455.22-061602.6,p,"FR-II,WAT",87.88,45.41,0.87,95.2,14.7,45,,WHY18 J094455.2-061603,0.2825,p,1170.0,0.0,0.0,0.856,51.79,2.31,16.0
146.25994,11.26998,0.43264,25.52,168.0,8.78,1.85,True,False,True,False,J094502.63+111607.8,,WISEA J094502.38+111611.9,s,"FR-I,WAT",44.97,20.01,1.06,106.1,11.3,29,-23.02,AMF J094502.3+111612,0.4326,s,1720.0,1.0,6.0,0.639,29.6,1.34,20.0
146.29259,0.04531,0.56197,25.91,361.0,,1.93,False,True,True,False,J094509.89+000243.8,,DESI J094510.22+000243.1,p,"FR-II,WAT",49.34,16.49,1.44,132.9,30.5,54,,,,,,,,,,,
146.36611,5.78909,0.74385,26.25,422.0,,1.83,False,True,True,False,J094528.16+054723.4,,DESI J094527.87+054720.7,p,"FR-II,WAT",65.43,29.96,1.02,145.4,37.0,56,,CFSFDP J094527.9+054721,0.7545,p,2744.0,0.0,0.0,0.419,15.3,0.71,7.0
146.46723,44.66463,,,,,,False,True,True,False,J094552.14+443952.7,,,,"FR-II,WAT",11.3,7.99,0.45,167.6,217.3,47,,,,,,,,,,,
146.47242,25.94173,0.95339,26.46,423.0,,0.84,False,True,True,False,J094553.71+255630.0,,DESI J094553.38+255630.2,p,"FR-II,WAT",57.81,26.28,1.03,151.0,45.3,52,,WH J094553.6+255749,0.5004,p,1953.0,79.0,498.0,0.439,12.81,0.59,6.0
146.48132,1.65632,,,,,,False,False,True,False,J094555.52+013922.7,,,,"--,WAT",19.25,10.18,0.84,137.7,23.3,38,,,,,,,,,,,
146.51696,48.43623,0.35132,25.09,143.0,,1.52,True,False,True,False,J094604.39+482607.3,,WISEA J094604.06+482610.4,s,"FR-I,WAT",31.88,20.86,0.56,141.1,33.5,28,,,,,,,,,,,
146.55762,2.37971,0.11813,24.95,168.0,8.62,1.1,False,False,True,False,J094612.84+022217.9,,WISEA J094613.82+022246.9,s,"--,WAT",226.66,102.59,1.04,160.8,831.7,76,-22.67,maxBCG J094612.0+022208,0.1198,s,518.0,48.0,108.0,0.882,46.76,2.09,27.0
146.56077,8.50663,0.3853,25.03,244.0,8.76,1.8,False,True,True,False,J094614.31+083025.3,,WISEA J094614.58+083023.8,s,"FR-II,WAT",22.14,14.25,0.58,153.1,,45,-23.6,WHL J094614.6+083024,0.3853,s,1552.0,0.0,0.0,0.697,29.05,1.32,13.0
146.62359,-7.09202,,,,,,False,False,True,False,J094629.66-070531.3,f,,,"--,WAT",50.79,27.47,0.81,125.3,25.2,42,,,,,,,,,,,
146.69727,18.2636,0.94363,26.25,251.0,,0.49,False,False,True,False,J094647.90+181544.2,c,SDSS J094647.34+181548.9,s,"--,WAT",38.14,18.31,0.96,121.2,14.2,31,-20.68,CFSFDP J094654.6+181522,0.606,s,2297.0,107.0,742.0,0.48,10.81,0.5,6.0
146.70991,38.33682,0.55875,25.49,173.0,,1.71,False,False,True,False,J094650.30+382014.0,,DESI J094650.38+382012.6,p,"--,WAT",29.22,20.08,0.49,169.9,130.1,26,,AMF J094643.6+381907,0.4602,p,1816.0,103.0,621.0,0.428,12.27,0.57,7.0
146.75069,63.31809,0.70994,26.02,407.0,,2.16,False,False,True,False,J094700.07+631913.0,,WISEA J094700.16+631905.1,s,"--,WAT",50.02,27.88,0.77,145.2,53.3,55,,Y21 J094700.2+631905,0.7099,s,2614.0,0.0,0.0,0.712,48.03,2.14,17.0
146.76271,23.27065,0.08393,23.84,125.0,8.4,,False,True,True,False,J094702.98+231614.4,,WISEA J094703.05+231614.3,s,"FR-II,WAT",35.87,12.44,1.39,168.8,153.8,77,-21.68,WHL J094703.0+231614,0.0839,s,366.0,0.0,0.0,0.601,13.37,0.62,10.0
146.77343,18.17337,,,,,,False,True,True,False,J094705.62+181024.1,,,,"FR-II,WAT",22.67,9.18,1.19,165.9,77.7,50,,,,,,,,,,,
146.78162,0.738,0.26188,25.08,230.0,8.41,1.7,False,True,True,False,J094707.01+004415.6,"f,j",2MASX J09470758+0044167,s,"FR-II,WAT",50.93,21.09,1.16,160.1,52.7,55,-23.9,maxBCG J094707.6+004417,0.2621,s,1091.0,0.0,0.0,0.912,59.06,2.62,21.0
146.81377,52.84959,0.33399,25.29,247.0,,1.68,False,False,False,True,J094716.21+525112.1,"f,h,j",WISEA J094715.30+525058.5,s,"--,NAT",51.69,26.93,0.86,65.7,15.1,50,,WHL J094706.5+524944,0.3343,s,1365.0,109.0,541.0,0.867,56.64,2.51,34.0
146.93035,18.27544,0.29259,24.94,167.0,8.27,,False,False,True,False,J094743.63+181633.6,,WISEA J094743.28+181631.5,s,"--,WAT",27.19,9.5,1.38,159.8,59.3,37,-22.62,maxBCG J094741.8+181611,0.3061,p,1260.0,30.0,140.0,0.625,20.06,0.92,18.0
146.99755,63.46754,2.60726,27.51,221.0,,0.12,False,False,True,False,J094759.40+632803.0,,SDSS J094759.41+632803.1,s,"--,WAT",79.51,45.81,0.72,160.4,32.8,27,,,,,,,,,,,
147.00652,59.60147,0.6654,25.78,216.0,,1.05,False,True,True,False,J094801.83+593607.2,,DESI J094801.57+593605.3,p,"FR-II,WAT",33.82,19.26,0.74,113.0,12.2,30,,,,,,,,,,,
147.07657,56.31646,0.13892,24.93,137.0,8.21,1.05,True,False,True,False,J094818.77+561908.9,,2MASX J09481838+5618589,s,"FR-I,WAT",134.54,29.74,1.98,99.6,18.3,54,-22.55,,,,,,,,,,
147.0943,-2.36766,,,,,0.28,True,False,True,False,J094822.63-022203.6,,,,"FR-I,WAT",11.22,11.35,-0.02,166.9,39.8,24,,,,,,,,,,,
147.12434,41.64975,0.62595,25.91,232.0,8.8,1.78,False,False,True,False,J094829.53+413901.8,,WISEA J094829.84+413859.1,s,"--,WAT",55.23,34.1,0.63,139.6,31.9,33,-23.69,AMF J094829.8+413859,0.626,s,2359.0,0.0,0.0,0.797,59.47,2.64,24.0
147.17926,42.30853,0.4422,25.95,436.0,,1.43,False,False,False,True,J094841.47+421831.3,,WISEA J094843.02+421830.7,s,"--,NAT",103.28,36.84,1.35,54.5,16.4,74,,WHL J094841.1+421813,0.4404,s,1747.0,28.0,165.0,0.656,24.77,1.13,18.0
147.17486,-1.04827,1.22626,25.98,290.0,,0.63,False,True,True,False,J094842.30-010253.4,,DESI J094841.97-010253.8,p,"FR-II,WAT",13.94,8.56,0.64,133.2,24.3,34,,WH21 J094837.9-010132,1.2022,p,3875.0,102.0,870.0,0.492,23.92,1.09,7.0
147.24597,17.38235,,,,,1.91,False,True,True,False,J094859.03+172256.5,,,,"FR-II,WAT",92.37,40.34,1.09,162.9,279.6,50,,,,,,,,,,,
147.3141,6.79008,0.32822,25.93,210.0,,1.69,True,False,True,False,J094915.71+064729.6,,WISEA J094915.38+064724.2,s,"FR-I,WAT",225.66,111.3,0.93,128.5,24.0,43,,WHL J094915.4+064724,0.3282,s,1342.0,0.0,0.0,0.86,53.5,2.38,31.0
147.39242,7.61869,1.29955,25.9,137.0,,,True,False,True,False,J094934.22+073707.9,,DESI J094934.18+073707.3,p,"FR-I,WAT",12.52,9.33,0.39,150.5,8.7,16,,Y21 J094929.8+073820,0.6169,p,2331.0,98.0,685.0,0.555,19.85,0.91,8.0
147.40226,-2.40872,1.17681,27.01,255.0,,0.21,True,False,True,False,J094936.46-022430.4,,DESI J094936.54-022431.4,p,"FR-I,WAT",155.66,91.64,0.7,95.2,8.0,30,,,,,,,,,,,
147.42827,-0.84006,0.08097,24.5,104.0,8.16,0.99,False,False,True,False,J094942.77-005026.4,,WISEA J094942.78-005024.2,s,"--,WAT",180.61,88.45,0.94,144.5,47.6,66,-21.85,,,,,,,,,,
147.44466,49.69036,0.29257,25.46,308.0,,1.48,False,False,True,False,J094947.59+494120.2,,DESI J094946.72+494125.3,p,"--,WAT",101.13,49.33,0.94,127.0,58.5,68,,WH J094947.9+494154,0.8573,p,3031.0,31.0,245.0,0.436,12.55,0.58,6.0
147.50896,11.46594,0.38065,24.78,161.0,,1.74,False,False,True,False,J095002.08+112753.0,,DESI J095002.15+112757.4,p,"--,WAT",13.12,8.79,0.53,134.1,15.7,30,,AMF J094957.1+112600,0.432,s,1718.0,139.0,808.0,0.665,23.33,1.06,11.0
147.51629,27.2999,0.84163,25.85,267.0,,1.84,True,False,True,False,J095003.89+271755.1,,DESI J095003.91+271759.7,p,"FR-I,WAT",22.34,12.35,0.78,126.9,7.1,34,,Y21 J095004.1+271816,0.8802,p,3093.0,17.0,136.0,0.545,22.97,1.05,6.0
147.51832,31.92052,0.55641,25.06,113.0,8.55,1.85,True,False,True,False,J095004.37+315511.9,,WISEA J095004.39+315513.8,s,"FR-I,WAT",9.51,5.14,0.81,163.0,10.4,17,-23.28,AMF J095004.8+315327,0.5518,s,2123.0,107.0,710.0,0.915,78.9,3.47,59.0
147.51917,29.29075,0.25065,24.97,133.0,8.86,1.46,True,False,False,True,J095005.25+291730.4,a,WISEA J095004.60+291726.7,s,"FR-I,NAT",48.07,26.77,0.77,75.8,9.8,33,-22.75,Y21 J095003.6+291736,0.3844,p,1549.0,16.0,87.0,0.503,13.38,0.62,9.0
147.53157,43.7342,0.41858,25.7,285.0,,1.48,True,False,True,False,J095007.79+434400.5,"g,j",DESI J095007.58+434403.1,p,"FR-I,WAT",78.78,40.84,0.86,131.0,20.1,50,,,,,,,,,,,
147.67433,51.50259,0.41695,24.88,153.0,8.48,1.85,False,True,True,False,J095041.43+513012.5,,DESI J095041.84+513009.3,p,"FR-II,WAT",12.62,7.37,0.71,115.3,25.5,27,-23.15,GMBCG J095041.8+513009,0.4098,s,1640.0,0.0,0.0,0.611,23.08,1.05,6.0
147.70682,-7.5352,0.45026,24.94,119.0,,,True,False,True,False,J095049.83-073203.6,,DESI J095049.64-073206.7,p,"FR-I,WAT",13.37,9.49,0.45,99.2,12.6,20,,Y21 J095049.6-073207,0.4366,p,1734.0,0.0,0.0,0.661,32.37,1.46,22.0
147.76083,10.37041,0.22806,25.0,215.0,,1.45,True,False,True,False,J095102.37+102219.2,,WISEA J095102.59+102213.4,s,"FR-I,WAT",61.54,31.48,0.88,141.2,51.3,57,,maxBCG J095102.6+102214,0.2281,s,958.0,0.0,0.0,0.961,65.28,2.89,28.0
147.79225,25.12395,0.26788,24.61,123.0,8.57,1.53,True,False,True,False,J095110.40+250728.2,,WISEA J095110.13+250726.2,s,"FR-I,WAT",17.58,9.04,0.87,142.8,35.5,29,-23.48,Y21 J095110.1+250726,0.2679,s,1114.0,0.0,0.0,0.693,30.74,1.39,9.0
147.80495,18.02877,0.17348,25.19,280.0,,1.21,True,False,False,True,J095114.32+180211.4,f,DESI J095113.19+180143.6,p,"FR-I,NAT",169.65,74.51,1.08,22.2,21.6,92,,WHL J095113.2+180144,0.1665,s,711.0,0.0,0.0,0.83,37.55,1.69,28.0
147.83113,54.8862,0.54709,25.1,132.0,,1.93,True,False,True,False,J095119.76+545312.5,,WISEA J095119.47+545310.3,s,"FR-I,WAT",10.82,5.94,0.79,125.1,16.6,20,,,,,,,,,,,
147.853,-4.21983,,,,,,True,False,True,False,J095124.72-041311.4,,,,"FR-I,WAT",40.43,22.54,0.77,159.9,40.5,36,,,,,,,,,,,
147.93224,8.27466,0.13935,24.55,68.0,,1.13,False,False,True,False,J095144.07+081629.2,,WISEA J095143.73+081628.7,s,"--,WAT",60.73,22.84,1.28,128.2,16.6,27,,GMBCG J147.93223+08.27464,0.148,p,635.0,0.0,0.0,,,,
147.97662,30.02301,0.33613,24.85,99.0,8.64,1.64,True,False,False,True,J095154.61+300118.5,,WISEA J095154.38+300122.8,s,"FR-I,NAT",19.65,11.92,0.66,76.4,7.4,20,-23.01,WHL J095154.4+300123,0.3369,s,1375.0,0.0,0.0,0.763,37.18,1.67,27.0
148.02002,10.53685,1.38687,27.23,415.0,,,False,True,True,False,J095204.75+103218.2,,DESI J095204.80+103212.7,p,"FR-II,WAT",149.16,74.46,0.91,136.4,96.1,48,,WH J095203.7+103405,0.9182,p,3193.0,114.0,920.0,0.543,12.18,0.57,10.0
148.03594,45.22363,0.33068,25.06,270.0,,1.65,False,True,False,True,J095210.64+451343.6,,WISEA J095208.62+451325.0,s,"FR-II,NAT",27.89,11.0,1.22,46.5,20.6,55,,GMBCG J095208.6+451325,0.3307,s,1352.0,0.0,0.0,0.62,19.95,0.91,15.0
148.1087,31.60259,0.29281,24.92,140.0,8.36,1.57,True,False,True,False,J095226.44+313609.6,,WISEA J095226.08+313609.3,s,"FR-I,WAT",29.64,15.47,0.85,152.3,37.5,31,-22.93,,,,,,,,,,
148.13856,11.77237,0.50583,26.08,329.0,,0.74,False,True,True,False,J095233.27+114621.4,,DESI J095233.26+114620.5,p,"FR-II,WAT",125.73,71.65,0.74,163.4,93.7,52,,,,,,,,,,,
148.16046,53.35529,2.05845,27.32,384.0,,-0.05,False,True,True,False,J095239.11+532127.1,,WISEA J095238.51+532119.0,s,"FR-II,WAT",71.75,36.15,0.9,158.8,147.5,45,,,,,,,,,,,
148.16381,-6.16349,0.42304,25.24,218.0,,,True,False,True,False,J095239.31-060940.4,,DESI J095239.31-060948.6,p,"FR-I,WAT",22.83,8.62,1.28,150.3,32.9,38,,CFSFDP J095239.3-060949,0.4279,p,1704.0,0.0,0.0,0.592,19.93,0.91,10.0
148.19194,53.07183,1.67419,26.62,217.0,,-0.03,False,False,True,False,J095246.03+530416.0,,SDSS J095246.06+530418.5,s,"--,WAT",27.91,16.1,0.72,130.8,9.7,25,,WHL J095228.2+530522,0.5773,s,2205.0,173.0,1173.0,0.673,38.36,1.72,21.0
148.21844,-4.83385,0.17387,24.84,104.0,,,True,False,True,False,J095253.10-045003.4,j,DESI J095252.43-045001.8,p,"FR-I,WAT",73.85,28.49,1.25,135.2,26.4,34,,Y21 J095254.4-045134,0.1689,p,720.0,97.0,290.0,0.794,37.48,1.68,26.0
148.23737,10.41016,0.37364,25.4,340.0,8.81,1.84,False,False,True,False,J095256.73+102435.6,,WISEA J095256.96+102436.5,s,"--,WAT",47.66,20.52,1.11,151.8,63.3,64,-23.16,GMBCG J095255.3+102720,0.4531,p,1791.0,165.0,986.0,0.597,24.21,1.1,12.0
148.28619,60.62652,0.52171,25.64,328.0,7.21,1.48,False,False,True,False,J095308.63+603732.4,,WISEA J095308.68+603735.4,s,"--,WAT",43.67,25.51,0.71,149.9,38.2,51,-22.78,WH J095255.5+603643,0.4669,s,1839.0,110.0,669.0,0.515,10.44,0.49,8.0
148.36593,29.40518,1.56007,27.51,687.0,,1.74,True,False,True,False,J095328.59+292438.8,"f,j",WISEA J095327.82+292418.6,s,"FR-I,WAT",162.66,65.15,1.2,102.5,34.5,79,,WHL J095329.6+292235,0.6302,s,2372.0,107.0,755.0,0.71,44.15,1.97,23.0
148.41056,7.80987,0.10368,23.66,82.0,,0.99,False,True,False,True,J095338.74+074836.0,,DESI J095338.54+074835.5,p,"FR-II,NAT",15.94,9.69,0.65,51.8,47.7,42,,WH J095344.6+074648,0.83,p,2957.0,140.0,1097.0,0.481,13.3,0.62,6.0
148.46413,22.25882,0.26421,25.27,189.0,,1.54,False,True,True,False,J095351.64+221537.2,,WISEA J095351.39+221531.7,s,"FR-II,WAT",89.01,56.12,0.61,145.5,38.0,45,,GMBCG J148.46405+22.25892,0.2738,p,1137.0,0.0,0.0,,,,
148.47157,20.59534,0.37307,25.22,175.0,8.92,1.84,False,False,True,False,J095353.27+203545.0,,WISEA J095353.17+203543.2,s,"--,WAT",35.34,19.89,0.75,166.6,28.3,33,-22.98,WHL J095355.3+203547,0.3731,s,1508.0,30.0,160.0,0.815,48.22,2.15,26.0
148.51501,46.60317,,,,,,False,True,True,False,J095403.60+463611.4,,,,"FR-II,WAT",13.55,10.0,0.4,145.9,17.9,26,,,,,,,,,,,
148.60779,43.07114,0.48112,25.78,259.0,,1.98,False,False,True,False,J095426.22+430421.4,f,WISEA J095425.87+430416.1,s,"--,WAT",55.97,20.25,1.33,100.3,15.4,42,,,,,,,,,,,
148.64182,55.17744,0.2103,24.72,88.0,,1.34,True,False,True,False,J095434.61+551038.1,,2MASS J09543403+5510387,s,"FR-I,WAT",39.43,21.33,0.81,93.9,12.0,25,,maxBCG J095433.7+551032,0.2155,s,908.0,7.0,25.0,0.819,43.76,1.96,24.0
148.73123,62.69187,0.22856,25.17,102.0,,1.47,True,False,True,False,J095455.91+624134.1,f,WISEA J095455.49+624130.7,s,"FR-I,WAT",93.78,53.35,0.74,104.2,11.0,27,,maxBCG J095455.5+624130,0.2286,s,960.0,1.0,4.0,0.805,41.38,1.85,16.0
148.73142,57.33129,0.98105,26.97,385.0,,0.23,False,True,True,False,J095456.41+571958.0,,WISEA J095455.54+571952.6,s,"FR-II,WAT",198.15,105.82,0.82,139.6,45.3,47,,,,,,,,,,,
148.78267,11.32059,0.38862,25.27,283.0,8.74,1.88,False,True,True,False,J095508.22+111916.3,,DESI J095507.84+111914.1,p,"FR-II,WAT",31.66,13.31,1.14,149.6,36.6,52,-23.31,Y21 J095507.8+111914,0.3948,s,1586.0,0.0,0.0,0.649,22.66,1.03,10.0
148.80626,-2.78769,0.308,25.25,183.0,,1.64,False,False,True,False,J095513.34-024720.3,f,DESI J095513.50-024715.7,p,"--,WAT",58.4,34.42,0.69,133.9,39.2,39,,CAMIRA J095513.5-024716,0.3174,p,1302.0,0.0,0.0,0.663,24.14,1.1,14.0
148.86572,3.7547,0.09097,24.1,116.0,8.04,0.98,True,False,True,False,J095528.08+034517.1,,WISEA J095527.77+034516.9,s,"FR-I,WAT",53.59,16.87,1.52,141.6,48.8,66,-21.97,NSC J095531+034309,0.0879,p,383.0,117.0,200.0,,,,
148.90438,8.69613,0.52767,25.62,214.0,,1.98,False,True,True,False,J095537.02+084140.2,,DESI J095537.05+084146.1,p,"FR-II,WAT",44.16,30.56,0.48,92.9,12.9,33,,WH J095537.0+084146,0.5294,p,2049.0,0.0,0.0,0.429,10.56,0.49,7.0
148.90594,42.61365,,,,,,True,False,True,False,J095537.43+423649.1,,,,"FR-I,WAT",17.12,12.25,0.44,134.9,8.1,21,,,,,,,,,,,
148.91459,1.59681,0.09874,24.65,117.0,8.36,0.98,True,False,False,True,J095539.14+013526.9,"h,j",WISEA J095539.50+013548.5,s,"FR-I,NAT",162.71,56.93,1.38,72.0,24.0,62,-22.6,WH J095529.6+013730,1.0515,s,3527.0,180.0,1500.0,0.351,11.45,0.53,7.0
148.96506,11.0426,0.28087,24.91,140.0,,1.5,False,True,True,False,J095551.59+110235.5,f,WISEA J095551.61+110233.3,s,"FR-II,WAT",32.06,17.32,0.81,158.3,51.0,32,,maxBCG J095551.6+110233,0.2809,s,1164.0,0.0,0.0,0.709,32.28,1.46,15.0
148.97261,41.47263,1.05966,26.24,258.0,,,False,False,True,False,J095554.02+412825.2,,DESI J095553.43+412821.5,p,"--,WAT",23.32,9.26,1.21,139.4,22.4,31,,,,,,,,,,,
149.01408,23.63639,0.34411,25.3,257.0,,1.7,True,False,True,False,J095603.15+233809.5,"g,j",DESI J095603.38+233811.0,p,"FR-I,WAT",44.15,17.76,1.19,156.2,66.6,51,,WHL J095603.4+233811,0.3437,s,1400.0,0.0,0.0,0.744,37.78,1.7,19.0
149.0516,21.98571,0.40205,25.24,379.0,,1.57,False,True,True,False,J095612.70+215859.0,,DESI J095612.38+215908.6,p,"FR-II,WAT",30.27,16.36,0.81,131.2,85.3,68,,WH J095608.5+215805,0.8627,p,3046.0,83.0,658.0,0.457,15.47,0.71,6.0
149.10961,27.74487,0.71098,25.7,177.0,9.22,2.26,False,False,True,False,J095626.51+274444.7,,WISEA J095626.30+274441.5,s,"--,WAT",23.9,13.71,0.73,106.1,10.8,24,-23.06,Y21 J095626.3+274442,0.7114,s,2618.0,1.0,7.0,0.691,42.4,1.9,20.0
149.17376,18.59656,0.16577,24.73,179.0,,1.17,True,False,True,False,J095641.95+183540.1,,2MASX J09564172+1835470,s,"FR-I,WAT",68.28,39.19,0.73,114.2,29.1,61,,WH J095631.3+183418,0.7726,p,2796.0,173.0,1323.0,0.518,10.55,0.49,7.0
149.20795,9.13858,0.48421,25.23,216.0,,1.91,False,True,True,False,J095650.09+090811.4,,DESI J095649.91+090818.9,p,"FR-II,WAT",21.6,14.27,0.54,99.2,19.0,35,,WHL J095649.9+090819,0.4926,s,1926.0,0.0,0.0,0.65,28.64,1.3,21.0
149.21615,-2.46265,0.50667,25.37,304.0,,1.98,False,True,False,True,J095652.61-022748.6,,DESI J095651.87-022745.5,p,"FR-II,NAT",23.52,12.14,0.87,80.3,20.7,48,,WHL J095651.9-022746,0.4948,s,1934.0,0.0,0.0,0.85,57.71,3.41,21.0
149.25135,6.1675,1.12365,26.09,303.0,,1.21,False,False,False,True,J095700.42+061007.8,,DESI J095700.32+061003.0,p,"--,NAT",21.04,12.54,0.68,46.5,44.0,36,,,,,,,,,,,
149.25181,-6.74046,0.1394,25.39,407.0,,,True,False,False,True,J095700.90-064358.8,j,WISEA J095700.43-064425.6,s,"FR-I,NAT",403.17,119.12,1.6,25.7,131.3,160,,WHY18 J095700.4-064425,0.1399,p,601.0,0.0,0.0,0.852,43.75,1.96,28.0
149.31128,9.8795,0.27905,24.98,92.0,8.04,1.56,False,True,False,True,J095714.55+095243.2,,WISEA J095714.70+095246.2,s,"FR-II,NAT",35.94,15.88,1.07,74.4,9.1,21,-22.99,maxBCG J095720.7+095252,0.2863,s,1184.0,89.0,397.0,1.159,118.79,5.16,60.0
149.33381,-6.75066,,,,,,False,False,True,False,J095720.11-064502.4,f,,,"--,WAT",10.76,0.05,7.05,164.4,57.1,29,,,,,,,,,,,
149.37217,7.78858,0.40156,24.88,128.0,8.24,1.88,True,False,True,False,J095729.36+074718.5,,WISEA J095729.32+074718.8,s,"FR-I,WAT",13.01,6.53,0.9,164.3,20.1,23,-22.96,GMBCG J095729.3+074719,0.4015,s,1610.0,0.0,0.0,0.698,35.38,1.59,16.0
149.39225,19.63716,0.17125,24.77,81.0,8.88,1.25,True,False,False,True,J095734.59+193814.2,,WISEA J095734.14+193813.7,s,"FR-I,NAT",67.25,31.01,1.02,80.0,9.0,27,-23.15,maxBCG J095734.1+193814,0.1861,p,790.0,0.0,0.0,1.055,83.54,3.67,44.0
149.41175,55.18573,,,,,,False,True,True,False,J095738.82+551108.6,,,,"FR-II,WAT",57.14,25.93,1.04,139.5,13.0,24,,,,,,,,,,,
149.4661,30.82383,0.31911,25.41,226.0,,1.28,False,False,True,False,J095752.12+304931.6,,DESI J095751.86+304925.8,p,"--,WAT",65.21,22.72,1.38,147.7,41.8,47,,,,,,,,,,,
149.49721,3.45717,0.16533,25.77,281.0,,1.15,True,False,False,True,J095800.16+032722.7,g,DESI J095759.33+032725.9,s,"FR-I,NAT",704.93,296.36,1.14,23.7,56.4,96,,maxBCG J095759.3+032726,0.1653,s,706.0,0.0,0.0,0.927,56.01,2.49,45.0
149.49814,19.26936,0.10954,25.15,259.0,,1.02,True,False,True,False,J095801.20+191606.6,,DESI J095759.55+191609.7,p,"FR-I,WAT",428.59,213.05,0.92,159.3,210.0,125,,maxBCG J095759.4+191607,0.0981,s,426.0,3.0,6.0,0.744,26.54,1.21,24.0
149.55004,19.63385,0.40914,25.75,343.0,,1.84,False,False,True,False,J095811.66+193802.7,,SDSS J095812.00+193801.8,s,"--,WAT",90.62,45.26,0.91,161.5,51.1,61,,CFSFDP J095812.0+193802,0.4092,s,1637.0,0.0,0.0,0.542,14.88,0.69,12.0
149.54961,22.84878,0.19423,25.1,157.0,8.95,1.28,True,False,True,False,J095811.75+225053.6,,WISEA J095811.90+225055.5,s,"FR-I,WAT",113.37,62.49,0.78,140.5,31.7,47,-23.14,maxBCG J095811.9+225056,0.1942,s,823.0,0.0,0.0,0.882,50.16,2.24,33.0
149.60009,2.82116,0.34471,25.47,253.0,,1.72,False,False,True,False,J095823.68+024920.2,,SDSS J095824.01+024916.2,s,"--,WAT",63.02,23.79,1.28,145.9,39.3,50,,WHL J095824.0+024916,0.3485,s,1418.0,0.0,0.0,0.863,56.44,2.51,26.0
149.63854,-8.06978,0.29427,25.17,277.0,,,False,False,True,False,J095833.64-080416.9,,DESI J095833.25-080411.2,p,"--,WAT",54.63,33.18,0.65,128.8,51.2,61,,Y21 J095826.9-080505,0.2562,p,1068.0,108.0,445.0,0.589,17.98,0.83,13.0
149.66411,26.69456,0.48434,26.02,396.0,,1.83,False,False,True,False,J095838.94+264141.8,,SDSS J095839.38+264140.4,s,"--,WAT",79.66,19.99,1.81,149.2,49.7,64,,WH J095830.5+264057,0.7922,p,2852.0,127.0,980.0,0.45,11.46,0.53,7.0
149.69028,7.20173,,,,,-0.06,False,False,True,False,J095845.67+071206.2,,,,"--,WAT",17.32,9.99,0.72,145.3,20.9,29,,,,,,,,,,,
149.69903,-4.50348,1.43174,26.08,260.0,,,False,True,True,False,J095848.07-043011.8,,DESI J095847.77-043012.5,p,"FR-II,WAT",13.11,8.46,0.57,149.5,19.7,30,,WH J095840.1-042850,0.6823,p,2532.0,141.0,1029.0,0.406,11.08,0.52,6.0
149.73325,52.08747,0.38341,25.47,254.0,,0.68,False,False,True,False,J095855.88+520512.7,,DESI J095855.98+520514.9,p,"--,WAT",50.35,19.56,1.24,154.9,39.9,47,,Y21 J095841.9+520639,0.6206,s,2342.0,155.0,1086.0,0.57,26.91,1.22,9.0
149.74085,18.83882,,,,,,True,False,True,False,J095857.80+185019.8,,,,"FR-I,WAT",17.21,4.51,1.76,128.6,6.3,15,,,,,,,,,,,
149.86006,52.63564,0.61507,25.26,111.0,,1.83,True,False,True,False,J095926.32+523806.3,,WISEA J095926.41+523808.3,s,"FR-I,WAT",11.45,5.84,0.88,132.5,7.0,16,,WHL J095926.4+523808,0.615,s,2325.0,0.0,0.0,0.67,38.22,1.72,17.0
149.90429,8.48847,0.39666,25.68,149.0,,1.69,False,False,True,False,J095937.07+082919.2,a,WISEA J095937.02+082918.4,s,"--,WAT",87.74,50.01,0.74,160.8,20.5,27,,WH J095929.7+082824,0.3971,s,1594.0,122.0,675.0,0.527,10.88,0.51,6.0
149.90724,57.86587,0.08024,23.93,75.0,,,False,False,True,False,J095938.49+575155.7,f,WISEA J095937.73+575157.1,s,"--,WAT",51.88,33.13,0.59,152.5,48.7,48,,Y21 J095917.7+575144,0.8481,p,3006.0,161.0,1270.0,0.708,49.56,2.21,19.0
149.96759,24.79958,0.55515,25.62,299.0,8.69,1.89,False,True,True,False,J095952.53+244752.2,j,WISEA J095952.22+244758.4,s,"FR-II,WAT",35.91,20.73,0.72,102.0,16.6,45,-23.0,WHL J095952.2+244758,0.5552,s,2134.0,0.0,0.0,0.615,27.58,1.25,15.0
149.97724,10.97075,0.25945,24.92,158.0,,1.48,False,False,False,True,J095955.53+105815.0,,WISEA J095954.53+105814.7,s,"--,NAT",44.35,36.0,0.27,66.4,14.9,38,,CFSFDP J095945.8+105844,0.6728,s,2503.0,132.0,958.0,0.64,28.61,1.3,13.0
149.98617,56.68797,0.58776,25.42,205.0,,1.93,False,False,True,False,J095956.66+564117.4,f,DESI J095956.68+564116.7,p,"--,WAT",20.25,11.99,0.69,156.3,20.0,30,,,,,,,,,,,
150.00249,43.79617,,,,,,False,False,True,False,J100000.60+434746.2,,,,"--,WAT",65.68,28.36,1.1,134.1,13.9,27,,,,,,,,,,,
150.08889,-2.74276,0.52668,25.33,304.0,,1.85,False,False,False,True,J100021.20-024434.8,,WISEA J100021.33-024433.9,s,"--,NAT",23.87,18.03,0.37,39.0,7.6,47,,AMF J100022.1-024415,0.5333,s,2062.0,22.0,143.0,0.929,83.17,3.65,42.0
150.11242,10.11167,0.27749,25.37,209.0,8.83,1.58,True,False,True,False,J100026.63+100645.5,,WISEA J100026.98+100642.0,s,"FR-I,WAT",89.13,40.54,1.03,153.1,41.3,48,-23.36,WHL J100027.0+100642,0.2775,s,1151.0,0.0,0.0,0.834,47.68,2.13,22.0
150.10976,54.24057,0.84666,25.58,118.0,,1.96,True,False,True,False,J100027.04+541419.6,,DESI J100026.34+541426.0,p,"FR-I,WAT",9.64,4.16,1.1,151.4,9.5,15,,CFSFDP J100030.5+541424,0.8182,p,2924.0,37.0,288.0,0.702,49.92,2.22,22.0
150.13298,-6.09782,,,,,,False,False,True,False,J100031.92-060552.1,,,,"--,WAT",122.36,48.89,1.2,131.1,33.7,55,,,,,,,,,,,
150.21525,-2.33786,0.45272,25.61,400.0,,1.89,False,False,True,False,J100051.34-022017.3,,DESI J100051.66-022016.3,p,"--,WAT",43.36,15.13,1.38,156.3,62.0,67,,AMF J100051.2-022101,0.4748,p,1866.0,45.0,276.0,0.495,13.12,0.61,10.0
150.22145,62.13401,0.31263,25.15,156.0,,0.53,False,False,True,False,J100053.92+620804.1,,DESI J100053.15+620802.4,p,"--,WAT",44.03,23.74,0.81,137.8,42.8,33,,WH J100054.8+620912,0.7789,p,2814.0,71.0,544.0,0.34,10.31,0.48,6.0
150.27245,22.632,0.53822,25.45,157.0,,1.45,False,False,True,False,J100105.59+223757.4,,DESI J100105.39+223755.2,p,"--,WAT",28.52,19.0,0.53,102.6,8.1,24,,GMBCG J150.28915+22.67032,0.419,p,1672.0,149.0,851.0,,,,
150.28699,10.08431,0.15949,24.72,128.0,,1.18,False,True,True,False,J100109.77+100504.3,,WISEA J100108.87+100503.4,s,"FR-II,WAT",72.15,37.69,0.85,124.3,53.0,45,,maxBCG J100111.0+100440,0.1638,s,700.0,38.0,111.0,0.875,46.86,2.09,27.0
150.2946,10.95369,,,,,,False,True,True,False,J100110.70+105713.3,c,,,"FR-II,WAT",23.22,14.93,0.58,118.7,11.5,29,,,,,,,,,,,
150.29718,55.13938,0.21446,25.22,223.0,,1.35,False,False,True,False,J100112.58+550818.5,,WISEA J100111.32+550821.7,s,"--,WAT",123.34,74.45,0.66,152.3,65.4,62,,WHL J100111.3+550822,0.2145,s,904.0,0.0,0.0,0.87,47.98,2.14,22.0
150.35351,6.4021,0.55865,25.51,180.0,8.47,1.46,False,True,True,False,J100124.94+062412.2,,WISEA J100124.84+062407.5,s,"FR-II,WAT",24.66,11.72,0.98,151.3,32.0,27,-23.17,,,,,,,,,,
150.3698,4.577,0.22153,25.25,344.0,,1.36,False,False,True,False,J100129.50+043439.8,,WISEA J100128.75+043437.2,s,"--,WAT",110.81,44.28,1.2,132.9,70.7,93,,maxBCG J100128.8+043437,0.2215,s,932.0,0.0,0.0,1.037,82.54,3.62,54.0
150.41054,21.16542,0.68823,26.17,197.0,,2.0,False,False,True,False,J100138.74+210953.4,c,DESI J100138.53+210955.5,p,"--,WAT",66.35,30.83,1.01,131.4,17.4,27,,GMBCG J100132.8+210925,0.3792,p,1530.0,86.0,462.0,0.415,10.92,0.51,7.0
150.41771,13.98583,0.38736,25.59,294.0,8.51,1.86,False,False,True,False,J100140.29+135903.4,,WISEA J100140.24+135909.0,s,"--,WAT",74.66,41.45,0.77,146.8,40.2,54,-23.24,WHL J100140.3+135909,0.3874,s,1559.0,0.0,0.0,0.819,50.06,2.23,34.0
150.47321,49.34256,0.17593,24.58,117.0,,1.2,False,False,True,False,J100153.45+492026.4,f,DESI J100153.57+492033.2,p,"--,WAT",40.49,18.66,1.02,132.7,14.4,38,,maxBCG J100151.3+492034,0.172,s,733.0,22.0,67.0,0.703,23.54,1.07,15.0
150.5696,25.18639,,,,,,False,False,True,False,J100216.70+251111.0,,,,"--,WAT",13.66,9.16,0.52,106.7,10.0,23,,,,,,,,,,,
150.61486,19.15644,0.35501,25.1,134.0,,0.98,False,True,True,False,J100227.67+190929.2,,DESI J100227.57+190923.2,p,"FR-II,WAT",29.38,15.85,0.81,161.8,17.5,26,,,,,,,,,,,
150.61832,27.6015,0.90631,25.33,120.0,,2.88,True,False,True,False,J100228.25+273604.6,c,DESI J100228.40+273605.4,p,"FR-I,WAT",7.75,6.2,0.29,127.2,9.1,15,,WH J100236.2+273733,0.8511,p,3014.0,136.0,1074.0,0.378,13.45,0.62,6.0
150.63937,21.1694,0.55555,24.91,166.0,,1.93,False,True,True,False,J100233.68+211007.1,,DESI J100233.45+211009.8,p,"FR-II,WAT",7.06,4.11,0.71,130.3,33.7,25,,,,,,,,,,,
150.68349,47.93893,0.06006,22.98,25.0,,0.48,False,True,True,False,J100243.81+475622.7,f,DESI J100244.04+475620.2,p,"FR-II,WAT",10.58,8.67,0.26,159.7,11.3,21,,Y21 J100247.6+475710,0.8486,p,3008.0,61.0,481.0,0.588,28.11,1.27,16.0
150.80829,15.10843,0.63512,25.34,169.0,,1.43,False,True,True,False,J100314.10+150628.8,,DESI J100313.99+150630.3,p,"FR-II,WAT",13.15,7.05,0.82,166.1,,24,,CFSFDP J100306.5+150658,0.6212,p,2344.0,112.0,785.0,0.514,13.2,0.61,10.0
150.8422,10.28078,0.16186,24.67,95.0,7.95,1.08,False,False,True,False,J100322.50+101651.5,,WISEA J100322.12+101650.8,s,"--,WAT",64.25,42.96,0.53,150.2,275.0,33,-22.05,MSPM 10275,0.1614,p,690.0,0.0,0.0,,,,
150.85917,12.3386,0.66961,25.92,231.0,,0.9,False,False,True,False,J100326.47+122014.3,,DESI J100326.20+122019.0,p,"--,WAT",46.81,27.26,0.71,151.4,18.1,32,,MaxBCG J150.90515+12.35160,0.2349,p,985.0,168.0,650.0,,,,
150.8686,-4.63586,,,,,,False,True,True,False,J100327.99-043821.6,,DESI J100328.46-043809.1,,"FR-II,WAT",580.98,219.34,1.28,92.7,32.5,93,,,,,,,,,,,
150.95153,41.32575,,,,,,False,True,True,False,J100348.37+411932.7,c,,,"FR-II,WAT",30.68,14.34,1.0,129.0,31.1,52,,,,,,,,,,,
151.02856,20.8021,0.3147,25.27,185.0,8.44,1.59,False,False,True,False,J100407.33+204807.6,,WISEA J100406.85+204807.5,s,"--,WAT",54.2,25.77,0.98,131.1,57.9,39,-22.86,maxBCG J100406.9+204910,0.3147,s,1292.0,63.0,300.0,1.086,111.69,4.86,84.0
151.02898,43.88955,0.44539,25.08,147.0,,1.88,False,True,False,True,J100407.37+435328.8,,WISEA J100406.95+435322.3,s,"FR-II,NAT",17.87,11.2,0.61,88.8,9.5,25,,WHL J100406.9+435323,0.4484,s,1775.0,0.0,0.0,0.631,25.5,1.16,15.0
151.03626,18.0782,1.06075,26.39,292.0,,2.01,False,False,True,False,J100408.86+180438.2,,DESI J100408.70+180441.5,p,"--,WAT",57.68,41.64,0.43,152.9,58.9,35,,WH J100408.7+180442,1.1019,p,3647.0,0.0,0.0,0.542,28.14,1.28,6.0
151.15116,42.60677,0.44202,24.98,111.0,8.53,1.87,False,False,True,False,J100436.94+423632.9,,WISEA J100436.27+423624.3,s,"--,WAT",14.72,9.47,0.58,125.1,7.8,19,-22.44,WH J100436.3+423625,0.4421,s,1753.0,1.0,6.0,0.499,16.87,0.78,10.0
151.17936,62.11712,0.02549,22.86,19.0,,0.3,False,True,True,False,J100442.96+620656.9,,DESI J100443.05+620701.6,p,"FR-II,WAT",45.21,21.82,0.96,151.6,62.8,36,,,,,,,,,,,
151.25586,30.00457,0.35314,24.95,215.0,,1.7,False,True,True,False,J100501.34+300022.2,,WISEA J100501.40+300016.4,s,"FR-II,WAT",23.16,15.86,0.5,97.6,16.7,42,,AMF J100449.0+300101,0.4715,s,1855.0,167.0,1020.0,0.478,12.77,0.59,7.0
151.26381,48.61755,0.40834,24.97,309.0,,1.77,False,False,True,False,J100503.48+483715.3,,DESI J100503.31+483703.2,p,"--,WAT",13.48,5.19,1.25,141.3,59.3,55,,maxBCG J100512.3+483857,0.1543,s,661.0,144.0,400.0,0.65,21.97,1.0,11.0
151.31666,22.17946,0.4671,25.48,176.0,9.02,1.96,True,False,False,True,J100515.36+221037.4,"f,j",WISEA J100515.99+221046.0,s,"FR-I,NAT",34.64,15.99,1.01,66.7,9.5,29,-23.23,WH J100510.8+221133,0.1469,s,630.0,87.0,232.0,0.645,21.46,0.98,9.0
151.3169,23.25159,0.67136,26.65,514.0,,1.76,False,False,True,False,J100515.66+231506.2,j,WISEA J100516.05+231505.7,s,"--,WAT",147.16,39.42,1.73,134.3,37.7,71,,WH J100515.1+231355,0.7193,s,2642.0,72.0,536.0,0.557,23.62,1.08,9.0
151.31786,-5.647,0.70493,25.04,169.0,,,False,True,False,True,J100516.04-053841.3,,DESI J100516.29-053849.2,p,"FR-II,NAT",7.03,5.91,0.23,31.9,21.1,23,,,,,,,,,,,
151.32272,55.39421,,,,,0.2,False,False,True,False,J100517.45+552339.2,,,,"--,WAT",188.84,99.14,0.85,156.4,64.7,46,,,,,,,,,,,
151.49901,35.73475,0.39705,25.55,298.0,,1.89,True,False,True,False,J100600.53+354408.4,,WISEA J100559.76+354405.1,s,"FR-I,WAT",63.73,34.87,0.79,147.4,38.2,54,,WHL J100556.0+354121,0.3984,s,1599.0,171.0,948.0,0.728,31.67,1.43,16.0
151.61465,-7.40657,1.25218,26.08,351.0,,,False,True,True,False,J100627.28-072422.7,,DESI J100627.52-072423.7,p,"FR-II,WAT",16.8,10.36,0.63,150.9,53.0,41,,,,,,,,,,,
151.69475,-6.35703,0.0608,24.42,169.0,,,False,False,True,False,J100646.24-062119.7,,LCRS B100416.8-060644,s,"--,WAT",267.21,95.59,1.35,159.5,69.2,139,,WHY18 J100647.5-062222,0.0625,p,274.0,58.0,72.0,0.666,15.36,0.71,16.0
151.74146,55.33461,,,,,,False,True,True,False,J100657.95+552004.6,,,,"FR-II,WAT",71.88,38.25,0.83,145.3,25.8,39,,,,,,,,,,,
151.7478,41.13754,1.14211,26.57,440.0,,0.16,False,False,True,False,J100700.00+410817.6,,DESI J100659.47+410815.1,p,"--,WAT",47.9,22.41,1.0,137.6,41.8,52,,WHL J100713.9+410741,0.2977,p,1228.0,167.0,766.0,0.67,23.67,1.3,16.0
151.76965,9.84829,0.93409,25.68,202.0,,,False,False,True,False,J100704.61+095054.8,,DESI J100704.72+095053.9,p,"--,WAT",14.39,9.9,0.49,144.9,18.0,25,,,,,,,,,,,
151.79092,13.5982,0.9273,26.36,404.0,,0.18,False,True,True,False,J100709.94+133555.2,,WISEA J100709.82+133553.5,s,"FR-II,WAT",60.94,36.02,0.69,168.2,152.9,50,,WH J100720.2+133523,1.0036,p,3410.0,155.0,1279.0,0.462,13.14,0.61,6.0
151.89582,12.04904,0.393,25.35,153.0,,,False,False,True,False,J100735.02+120256.8,,DESI J100735.00+120256.5,p,"--,WAT",39.11,18.38,0.99,167.1,25.3,28,,WHL J100724.3+120223,0.4934,s,1929.0,160.0,1002.0,0.695,34.0,1.53,15.0
151.9041,64.5541,,,,,,False,True,True,False,J100736.98+643314.7,,,,"FR-II,WAT",28.5,14.91,0.85,128.3,10.8,24,,,,,,,,,,,
151.94,58.12089,0.65593,25.39,179.0,,1.83,False,True,True,False,J100745.18+580719.0,c,WISEA J100745.59+580715.1,s,"FR-II,WAT",17.16,12.87,0.38,122.4,13.1,25,,Y21 J100739.5+580747,0.7931,s,2854.0,58.0,448.0,0.62,34.25,1.54,14.0
151.98283,-3.15359,1.1138,26.29,539.0,,0.21,False,True,True,False,J100755.64-030910.1,,DESI J100755.88-030912.9,p,"FR-II,WAT",43.33,32.62,0.37,163.1,104.5,64,,,,,,,,,,,
151.98498,15.83861,1.45283,26.94,321.0,,0.62,False,False,True,False,J100756.57+155015.0,j,WISEA J100756.39+155019.0,s,"--,WAT",50.2,19.49,1.24,134.8,22.4,37,,WHL J100803.1+155106,0.2866,s,1186.0,108.0,482.0,0.825,39.24,1.76,14.0
152.05999,12.20724,0.16346,24.69,180.0,,1.46,False,True,True,False,J100813.89+121231.6,,WISEA J100814.39+121226.0,s,"FR-II,WAT",59.31,23.17,1.23,112.1,65.2,62,,WHL J100814.4+121226,0.1636,s,699.0,0.0,0.0,0.681,22.7,1.04,8.0
152.06528,8.98495,2.33896,27.35,243.0,,-0.0,False,True,True,False,J100815.83+085909.4,,WISEA J100815.66+085905.8,s,"FR-II,WAT",75.96,46.42,0.65,131.2,18.2,29,,,,,,,,,,,
152.08248,-5.15341,0.76882,25.99,251.0,,,False,False,True,False,J100819.81-050910.1,,DESI J100819.80-050912.3,p,"--,WAT",39.54,22.94,0.71,165.3,73.9,33,,Y21 J100819.8-050912,0.7929,p,2854.0,0.0,0.0,0.847,83.0,3.64,23.0
152.15493,28.21862,0.13707,24.7,145.0,,0.77,False,True,True,False,J100836.78+281259.3,g,DESI J100837.18+281307.0,p,"FR-II,WAT",96.63,55.67,0.72,145.8,39.5,58,,,,,,,,,,,
152.17375,37.42054,1.14321,25.83,186.0,,,True,False,True,False,J100842.04+372518.0,c,DESI J100841.70+372513.9,p,"FR-I,WAT",20.14,21.74,-0.1,109.8,16.5,22,,,,,,,,,,,
152.18634,1.7031,1.10061,27.06,344.0,,,False,True,True,False,J100844.69+014215.6,f,DESI J100844.72+014211.2,p,"FR-II,WAT",179.71,91.51,0.89,140.8,28.4,41,,WH J100842.6+014505,0.9698,p,3326.0,177.0,1449.0,0.502,19.45,0.89,13.0
152.23819,-4.01483,,,,,,False,True,True,False,J100857.17-040053.4,,,,"FR-II,WAT",13.69,10.68,0.33,152.5,33.2,21,,,,,,,,,,,
152.26154,15.58083,0.29141,24.86,162.0,,1.52,False,True,True,False,J100902.80+153454.0,,DESI J100902.77+153451.0,p,"FR-II,WAT",31.41,27.76,0.16,153.0,48.7,36,,,,,,,,,,,
152.26945,13.37165,0.32996,24.89,93.0,8.92,1.71,False,True,True,False,J100904.62+132218.6,,WISEA J100904.66+132217.9,s,"FR-II,WAT",19.66,8.51,1.1,126.7,10.1,19,-23.56,WHL J100904.7+132218,0.33,s,1349.0,0.0,0.0,0.605,22.15,1.01,12.0
152.33471,44.54778,0.23894,25.07,313.0,,1.38,False,False,False,True,J100920.31+443235.9,,DESI J100920.33+443252.0,p,"--,NAT",65.14,33.79,0.86,31.0,223.1,80,,WHL J100919.8+443308,0.2167,s,913.0,17.0,62.0,0.667,27.1,1.23,14.0
152.35699,28.29991,0.45925,25.63,264.0,,1.85,True,False,True,False,J100925.83+281754.4,c,WISEA J100925.67+281759.6,s,"FR-I,WAT",51.62,24.97,0.95,161.0,27.6,44,,WHL J100925.7+281800,0.4616,s,1821.0,0.0,0.0,0.752,41.41,1.86,24.0
152.39892,18.43384,0.11648,24.79,131.0,8.45,1.0,True,False,False,True,J100935.22+182620.2,"h,j",WISEA J100935.73+182601.8,s,"FR-I,NAT",161.47,71.73,1.06,46.1,18.2,60,-22.71,maxBCG J100941.9+182506,0.1121,s,485.0,103.0,218.0,0.749,20.51,0.94,17.0
152.43122,3.62298,0.10513,24.79,233.0,8.7,1.01,False,True,True,False,J100942.62+033709.5,"f,j",2MASX J10094349+0337229,s,"FR-II,WAT",183.97,40.74,1.98,138.6,68.0,117,-23.6,WHL J100943.5+033723,0.1068,s,463.0,0.0,0.0,0.779,32.28,1.46,10.0
152.53852,1.94398,0.59565,26.05,309.0,8.86,1.82,False,False,True,False,J101009.57+015639.5,,WISEA J101009.24+015638.3,s,"--,WAT",79.33,43.08,0.8,149.7,49.2,45,-22.65,,,,,,,,,,
152.54089,21.64194,0.63623,25.71,276.0,,1.72,False,True,True,False,J101010.55+213823.7,,DESI J101009.81+213831.0,p,"FR-II,WAT",27.7,12.95,1.0,96.8,19.7,39,,Y21 J101009.8+213831,0.6269,p,2362.0,0.0,0.0,0.555,26.6,1.21,12.0
152.67713,21.76463,0.3913,25.06,169.0,,1.8,False,True,False,True,J101042.92+214558.9,f,WISEA J101042.51+214552.6,s,"FR-II,NAT",21.02,10.91,0.86,68.4,10.2,31,,WHL J101042.3+214543,0.3913,s,1573.0,10.0,55.0,0.629,25.93,1.18,16.0
152.68836,21.68356,1.68121,26.75,217.0,,0.22,False,True,True,False,J101045.16+214058.4,,SDSS J101045.20+214100.8,s,"FR-II,WAT",45.81,30.84,0.52,134.0,11.5,25,,Y21 J101052.5+214111,0.6209,s,2344.0,103.0,722.0,0.547,20.41,0.93,15.0
152.69118,16.11742,0.87799,25.62,199.0,,,False,True,True,False,J101046.24+160705.8,c,DESI J101045.88+160702.7,p,"FR-II,WAT",16.56,13.49,0.27,91.8,9.8,25,,,,,,,,,,,
152.71831,24.06196,0.7653,25.51,228.0,,2.13,False,True,False,True,J101053.04+240341.1,,DESI J101052.40+240343.0,p,"FR-II,NAT",13.4,7.81,0.71,88.5,15.4,30,,Y21 J101050.5+240343,0.7594,p,2758.0,26.0,198.0,0.702,48.17,2.15,19.0
152.72853,13.30185,0.98639,25.67,205.0,,0.78,False,True,True,False,J101055.07+131811.5,,DESI J101054.85+131806.7,p,"FR-II,WAT",10.55,6.07,0.73,123.7,29.3,25,,WH J101104.3+131807,1.0141,p,3436.0,137.0,1133.0,0.57,30.16,1.36,7.0
152.74096,-6.02288,1.10328,26.23,387.0,,,True,False,True,False,J101058.39-060122.0,f,DESI J101057.83-060122.4,p,"FR-I,WAT",31.13,18.62,0.67,143.2,35.7,46,,,,,,,,,,,
152.77571,32.80492,0.29294,25.79,244.0,8.47,1.62,False,False,True,False,J101105.33+324808.8,,DESI J101106.13+324817.3,s,"--,WAT",188.74,61.76,1.47,96.8,67.7,54,-22.82,GMBCG J101107.7+324834,0.295,s,1218.0,25.0,114.0,0.776,39.63,1.78,27.0
152.801,55.74654,0.70785,26.55,229.0,,0.8,False,False,True,False,J101112.60+554451.0,,DESI J101112.24+554447.5,p,"--,WAT",174.23,99.81,0.73,159.9,38.4,31,,,,,,,,,,,
152.86692,52.95743,,,,,,False,True,True,False,J101128.06+525726.7,,,,"FR-II,WAT",30.37,23.45,0.34,148.1,35.9,38,,,,,,,,,,,
152.876,-4.39103,1.66143,27.05,260.0,,,False,False,True,False,J101130.21-042327.0,,DESI J101130.24-042327.7,p,"--,WAT",173.65,189.9,-0.12,147.1,492.9,30,,,,,,,,,,,
152.89774,0.96201,1.07271,27.07,560.0,,0.52,False,True,True,False,J101135.45+005736.6,,WISEA J101135.45+005743.2,s,"FR-II,WAT",176.61,80.41,1.03,167.1,126.0,67,,,,,,,,,,,
153.00226,-0.41491,0.25521,24.47,111.0,,1.48,False,False,False,True,J101200.89-002446.2,,WISEA J101200.54-002453.6,s,"--,NAT",13.06,5.21,1.21,88.7,12.8,27,,maxBCG J101200.5-002454,0.2605,s,1085.0,0.0,0.0,0.882,54.19,2.41,37.0
153.02669,8.69265,0.09844,24.75,173.0,8.41,,True,False,True,False,J101206.49+084146.2,,WISEA J101206.40+084133.5,s,"FR-I,WAT",208.02,78.01,1.29,125.4,48.3,92,-22.25,maxBCG J101206.4+084133,0.0984,s,427.0,0.0,0.0,0.681,14.41,0.67,15.0
153.08348,36.65892,0.0843,23.95,75.0,,-0.64,True,False,True,False,J101220.58+363932.9,g,DESI J101220.03+363932.1,p,"FR-I,WAT",48.83,30.07,0.64,140.7,29.9,46,,WH J101214.8+364055,0.8779,s,3087.0,104.0,829.0,0.548,23.01,1.05,7.0
153.27985,55.53397,0.54486,25.34,158.0,,1.93,False,True,False,True,J101306.93+553206.2,f,DESI J101307.17+553202.3,p,"FR-II,NAT",21.76,14.96,0.49,62.4,5.5,24,,WHL J101307.2+553202,0.5725,s,2190.0,0.0,0.0,0.763,51.11,2.28,24.0
153.28024,6.86758,,,,,,False,True,True,False,J101307.26+065203.3,,,,"FR-II,WAT",20.74,10.55,0.89,147.0,20.2,30,,,,,,,,,,,
153.42384,23.9778,0.21153,24.85,117.0,,1.29,False,True,True,False,J101341.52+235851.0,,WISEA J101341.72+235840.0,s,"FR-II,WAT",52.91,30.74,0.71,120.4,18.7,33,,WHL J101341.7+235840,0.2115,s,892.0,0.0,0.0,0.542,13.63,0.63,8.0
153.43949,13.08843,0.42103,25.28,189.0,,1.87,False,False,True,False,J101346.14+130517.3,,DESI J101345.48+130518.3,p,"--,WAT",27.51,12.55,1.03,113.1,18.1,33,,WHL J101348.3+130540,0.4282,s,1704.0,46.0,266.0,0.634,28.35,1.29,14.0
153.56994,34.44022,0.15702,24.42,95.0,,1.16,False,True,False,True,J101417.80+342636.0,,SDSS J101416.78+342624.7,s,"FR-II,NAT",35.79,14.68,1.17,38.5,34.2,34,,maxBCG J101416.8+342625,0.157,s,672.0,0.0,0.0,0.646,22.07,1.01,14.0
153.60006,50.30554,0.38167,25.59,172.0,9.01,1.84,False,True,True,False,J101423.86+501820.7,,WISEA J101424.01+501819.9,s,"FR-II,WAT",66.87,26.31,1.22,169.5,36.6,32,-23.39,WHL J101424.1+501820,0.382,s,1540.0,0.0,0.0,0.875,60.4,2.68,37.0
153.65082,49.75906,0.209,25.76,424.0,,1.34,True,False,True,False,J101436.16+494510.0,"f,g",DESI J101436.20+494532.6,p,"FR-I,WAT",413.43,182.42,1.07,148.0,87.2,120,,maxBCG J101436.2+494533,0.2091,s,883.0,0.0,0.0,0.841,45.4,2.03,29.0
153.65478,18.90551,0.26266,24.65,205.0,,1.52,False,True,False,True,J101436.97+185421.5,,WISEA J101437.14+185419.8,s,"FR-II,NAT",20.22,10.33,0.88,23.6,111.6,49,,WH J101437.2+185420,0.2627,s,1094.0,0.0,0.0,0.573,15.13,0.7,9.0
153.67558,3.53733,,,,,1.2,False,True,True,False,J101442.14+033214.4,,,,"FR-II,WAT",15.56,8.91,0.73,166.7,163.8,55,,,,,,,,,,,
153.67698,-6.14277,0.43794,25.31,199.0,,,False,False,True,False,J101442.43-060830.6,,DESI J101442.47-060834.0,p,"--,WAT",28.68,14.92,0.86,156.1,57.3,34,,CFSFDP J101442.5-060834,0.4406,p,1748.0,0.0,0.0,0.56,18.27,0.84,13.0
153.67806,0.6334,0.60061,25.95,276.0,,1.9,False,False,True,False,J101442.77+003810.8,"f,j",WISEA J101442.73+003800.2,s,"--,WAT",61.08,33.45,0.79,129.4,40.7,40,,Y21 J101442.7+003800,0.6007,s,2280.0,0.0,0.0,0.665,35.38,1.59,12.0
153.72766,22.35065,0.25736,24.82,115.0,8.61,1.49,False,False,True,False,J101454.87+222101.2,,WISEA J101454.63+222102.3,s,"--,WAT",32.56,18.59,0.74,140.8,15.9,28,-22.97,maxBCG J101454.6+222102,0.2574,s,1073.0,0.0,0.0,0.758,38.7,1.74,29.0
153.72911,38.54923,0.33237,25.0,138.0,,1.68,False,False,True,False,J101455.02+383302.7,,DESI J101454.99+383257.2,p,"--,WAT",27.3,15.3,0.76,150.3,201.9,28,,WH J101454.8+383126,0.8372,s,2976.0,92.0,723.0,0.479,15.84,0.73,6.0
153.73045,-0.78844,0.39668,25.01,204.0,8.7,1.92,True,False,True,False,J101455.73-004719.2,,WISEA J101455.30-004718.3,s,"FR-I,WAT",18.08,9.2,0.89,151.6,51.2,37,-23.37,WHL J101455.3-004719,0.3967,s,1593.0,0.0,0.0,0.623,18.23,0.84,7.0
153.80169,10.83668,0.66817,25.65,195.0,9.12,2.11,False,False,True,False,J101513.13+105009.0,,WISEA J101512.40+105012.0,s,"--,WAT",23.34,11.99,0.87,127.5,13.6,27,-23.3,Y21 J101512.4+105012,0.6682,s,2489.0,0.0,0.0,0.579,23.44,1.07,11.0
153.82703,26.47063,0.32544,25.49,160.0,,1.62,False,True,False,True,J101519.10+262800.5,"c,f",WISEA J101518.48+262814.2,s,"FR-II,NAT",80.07,33.43,1.15,57.3,17.6,33,,WHL J101518.0+262718,0.3257,s,1333.0,56.0,273.0,0.627,22.42,1.02,9.0
153.84164,-7.72079,0.92397,26.21,379.0,,,False,True,True,False,J101522.21-074308.4,,DESI J101521.99-074314.8,p,"FR-II,WAT",39.38,20.94,0.83,133.5,33.3,47,,WH J101513.0-074213,0.308,p,1267.0,147.0,690.0,0.599,20.76,0.95,6.0
153.84404,23.95502,0.45827,25.04,162.0,,1.9,False,False,True,False,J101522.65+235714.9,,WISEA J101522.57+235718.0,s,"--,WAT",18.7,17.69,0.07,132.7,15.0,27,,CFSFDP J101522.6+235718,0.4583,s,1809.0,0.0,0.0,0.531,13.56,0.63,12.0
153.87403,55.06713,0.55453,25.67,538.0,,1.35,False,False,True,False,J101529.91+550420.2,,WISEA J101529.76+550401.6,s,"--,WAT",30.69,11.35,1.31,165.7,60.5,81,,,,,,,,,,,
153.8998,-2.19803,0.71965,26.39,275.0,,1.43,False,True,True,False,J101536.08-021155.2,,DESI J101535.95-021152.9,p,"FR-II,WAT",95.21,42.12,1.07,145.5,51.2,37,,Y21 J101539.7-021252,0.7686,p,2785.0,81.0,618.0,0.47,13.53,0.63,7.0
153.93573,14.60009,,,,,,False,True,True,False,J101544.58+143600.3,c,,,"FR-II,WAT",21.14,15.9,0.37,132.1,16.6,27,,,,,,,,,,,
153.97562,13.94874,0.6831,25.4,182.0,9.21,1.85,False,True,True,False,J101553.72+135657.8,,WISEA J101554.14+135655.4,s,"FR-II,WAT",13.77,8.21,0.68,160.4,27.5,25,-22.26,Y21 J101554.1+135655,0.6827,s,2533.0,1.0,7.0,0.478,19.49,0.89,11.0
153.98765,7.70443,,,,,,False,False,True,False,J101557.04+074216.0,,,,"--,WAT",92.63,39.04,1.13,162.0,43.4,31,,,,,,,,,,,
154.01013,24.00183,0.30927,24.96,235.0,,1.64,False,False,True,False,J101602.59+240017.8,"a,j",WISEA J101602.43+240006.5,s,"--,WAT",30.68,19.86,0.57,101.4,20.8,50,,,,,,,,,,,
154.02182,7.11459,,,,,,False,True,True,False,J101605.24+070652.5,,,,"FR-II,WAT",15.14,4.33,1.64,161.5,39.4,34,,,,,,,,,,,
154.02482,9.50343,0.20229,25.04,155.0,,1.31,True,False,True,False,J101605.88+093018.8,f,WISEA J101605.95+093012.3,s,"FR-I,WAT",89.54,48.65,0.8,149.7,136.3,45,,WHL J101606.0+093012,0.2009,s,850.0,0.0,0.0,0.51,8.08,0.41,3.0
154.02903,47.13683,0.16579,24.66,97.0,,1.17,False,False,False,True,J101607.32+470806.6,f,WISEA J101606.96+470812.5,s,"--,NAT",57.49,30.75,0.82,84.3,8.7,33,,maxBCG J101604.9+470847,0.17,s,725.0,40.0,120.0,0.776,24.68,1.12,21.0
154.0767,44.19556,0.71876,25.04,134.0,,2.02,False,True,False,True,J101618.43+441150.5,,DESI J101618.41+441144.0,p,"FR-II,NAT",7.72,7.8,-0.01,75.7,10.9,18,,Y21 J101618.4+441144,0.7258,p,2661.0,0.0,0.0,0.489,11.97,0.56,6.0
154.10594,8.65184,0.37551,24.97,224.0,,0.36,False,True,True,False,J101625.63+083905.4,,DESI J101625.43+083906.6,p,"FR-II,WAT",24.39,23.23,0.06,167.1,197.6,42,,Y21 J101622.5+084105,0.5371,s,2075.0,127.0,831.0,0.651,31.39,1.42,11.0
154.11658,4.91874,,,,,,False,False,True,False,J101627.98+045507.5,,,,"--,WAT",45.06,21.2,0.99,163.0,29.6,25,,,,,,,,,,,
154.11683,56.71094,0.23846,24.99,168.0,,1.43,True,False,True,False,J101628.48+564238.3,,WISEA J101628.03+564239.3,s,"FR-I,WAT",54.03,26.39,0.94,156.2,82.9,43,,Y21 J101618.8+564258,0.7629,p,2768.0,79.0,601.0,0.499,12.7,0.59,9.0
154.11904,7.36516,0.48287,25.17,198.0,,1.79,True,False,True,False,J101628.63+072200.1,,WISEA J101628.56+072154.5,s,"FR-I,WAT",20.03,14.86,0.39,146.8,52.9,32,,WHL J101628.6+072155,0.4829,s,1894.0,0.0,0.0,0.556,20.74,0.95,8.0
154.16096,4.01728,0.2986,24.84,151.0,,1.51,True,False,True,False,J101638.61+040102.2,,WISEA J101638.63+040102.2,s,"FR-I,WAT",24.38,13.88,0.74,112.7,10.6,33,,,,,,,,,,,
154.17144,24.78613,0.17067,24.46,66.0,8.33,1.19,False,True,False,True,J101641.42+244711.3,,SDSS J101641.14+244710.0,s,"FR-II,NAT",35.21,20.69,0.7,88.6,10.9,22,-22.68,WH J101640.6+244608,0.4655,s,1834.0,63.0,382.0,0.409,10.54,0.49,7.0
154.27405,-6.48231,0.22293,24.57,156.0,,,True,False,True,False,J101706.07-062847.8,,DESI J101705.77-062856.3,p,"FR-I,WAT",26.51,18.7,0.46,126.5,28.0,42,,WH J101705.8-062856,0.2402,p,1006.0,0.0,0.0,0.743,37.12,1.67,6.0
154.30974,50.53318,0.44104,25.24,170.0,8.84,1.88,False,True,True,False,J101714.06+503159.4,,WISEA J101714.33+503159.4,s,"FR-II,WAT",26.97,17.63,0.56,157.4,38.6,29,-23.25,WHL J101714.0+503331,0.4453,s,1764.0,92.0,544.0,0.796,43.76,1.96,27.0
154.33298,62.3793,0.67795,26.44,211.0,,1.96,True,False,False,True,J101719.55+622251.2,c,DESI J101719.91+622245.5,p,"FR-I,NAT",129.41,60.71,0.99,77.2,13.7,29,,WHL J101717.4+622228,0.6819,p,2531.0,25.0,182.0,0.583,25.0,1.14,10.0
154.34318,43.34225,0.19805,24.47,84.0,,1.32,True,False,True,False,J101722.64+432038.0,,WISEA J101722.36+432032.1,s,"FR-I,WAT",23.32,8.89,1.27,163.3,16.4,25,,WHY18 J101722.4+432032,0.198,s,838.0,0.0,0.0,0.557,15.74,0.73,11.0
154.4652,14.20192,0.19836,24.47,88.0,8.55,1.33,True,False,True,False,J101751.89+141206.0,,WISEA J101751.64+141206.9,s,"FR-I,WAT",24.92,12.66,0.89,122.2,19.0,26,-22.92,CLuMPR J101751.7+141207,0.1984,s,840.0,0.0,0.0,0.515,16.36,0.75,9.0
154.47935,10.07452,0.39312,25.14,258.0,8.79,1.87,False,True,True,False,J101754.94+100428.8,,WISEA J101755.04+100428.2,s,"FR-II,WAT",24.2,11.51,0.98,164.9,283.6,47,-22.73,WHL J101758.9+100440,0.3931,s,1580.0,59.0,324.0,0.845,56.26,2.5,26.0
154.50786,63.87499,0.2336,25.59,215.0,,1.42,True,False,True,False,J101801.57+635227.0,"f,j",2MASX J10180179+6352298,s,"FR-I,WAT",223.83,108.61,0.95,105.7,18.2,56,,maxBCG J101801.9+635230,0.2336,s,980.0,0.0,0.0,0.863,50.18,2.24,25.0
154.58382,17.53301,1.29865,26.43,249.0,,0.69,False,True,True,False,J101820.32+173158.7,,DESI J101820.12+173158.8,p,"FR-II,WAT",30.12,16.31,0.8,159.8,457.2,29,,WH J101815.1+173001,0.9116,p,3176.0,138.0,1111.0,0.472,21.63,0.99,6.0
154.60609,38.09242,0.38644,26.18,391.0,,-0.02,False,True,True,False,J101825.55+380530.4,,DESI J101825.45+380532.8,s,"FR-II,WAT",271.5,125.62,1.01,140.6,23.1,72,,,,,,,,,,,
154.71663,3.81269,0.72498,25.33,179.0,8.22,1.82,False,True,True,False,J101852.13+034856.9,f,WISEA J101851.99+034845.6,s,"FR-II,WAT",10.23,6.13,0.67,144.1,16.6,24,-23.51,WH J101852.0+034846,0.7251,s,2659.0,0.0,0.0,0.584,29.56,1.34,9.0
154.75476,29.55141,1.06236,26.26,442.0,,0.77,False,True,True,False,J101900.99+293312.6,c,DESI J101901.14+293305.1,p,"FR-II,WAT",33.92,19.29,0.74,162.0,65.9,53,,WH J101859.5+293455,0.5659,s,2169.0,112.0,752.0,0.543,16.37,0.75,8.0
154.77654,-5.60027,,,,,,False,True,True,False,J101906.37-053601.0,,,,"FR-II,WAT",61.45,35.5,0.72,152.3,34.2,43,,,,,,,,,,,
154.78741,26.22957,0.43041,24.88,150.0,,1.87,True,False,True,False,J101908.96+261348.2,,DESI J101908.98+261346.5,p,"FR-I,WAT",12.18,7.83,0.58,147.7,26.0,26,,WH J101908.2+261436,0.6515,p,2438.0,51.0,365.0,0.382,11.86,0.55,7.0
154.82336,33.87455,,,,,,False,True,True,False,J101917.61+335228.4,c,,,"FR-II,WAT",24.1,12.56,0.86,149.6,20.4,28,,,,,,,,,,,
154.83341,42.45955,0.17393,24.78,174.0,7.9,1.45,False,False,True,False,J101919.80+422737.3,,SDSS J101920.01+422734.2,s,"--,WAT",64.47,25.84,1.2,164.6,98.5,57,-22.96,AMF J101924.7+422727,0.4115,p,1646.0,53.0,300.0,0.773,37.87,1.7,29.0
154.88475,14.0506,0.14558,25.3,158.0,8.62,1.11,False,False,True,False,J101931.61+140251.8,"d,j",WISEA J101932.34+140302.1,s,"--,WAT",327.46,149.56,1.03,136.4,29.3,60,-23.29,maxBCG J101932.3+140302,0.1533,s,657.0,0.0,0.0,1.08,84.1,3.69,47.0
154.90808,0.33214,0.09556,24.11,90.0,,0.99,False,True,True,False,J101938.81+001943.8,"f,g",2MASX J10193793+0019555,s,"FR-II,WAT",51.13,20.44,1.2,134.5,30.2,49,,AMF J101937.9+001956,0.0956,s,416.0,0.0,0.0,0.609,14.14,0.65,8.0
154.91622,32.45021,0.32998,25.0,147.0,,1.74,False,True,False,True,J101940.40+322707.1,,DESI J101939.89+322700.8,p,"FR-II,NAT",25.21,10.87,1.1,74.5,11.2,30,,maxBCG J101938.3+322653,0.307,s,1263.0,21.0,98.0,0.809,45.69,2.04,31.0
155.00342,17.248,0.38858,25.12,278.0,8.73,1.85,False,False,True,False,J102000.75+171501.9,j,WISEA J102000.82+171452.7,s,"--,WAT",30.99,27.81,0.14,133.1,30.3,51,-23.11,WHL J102000.8+171452,0.3886,s,1564.0,1.0,5.0,0.878,61.04,2.7,27.0
155.02056,10.21007,0.31089,25.2,217.0,,1.55,True,False,True,False,J102004.70+101243.5,,DESI J102004.93+101236.2,p,"FR-I,WAT",40.82,12.55,1.55,125.1,32.3,46,,,,,,,,,,,
155.02325,27.46905,0.98832,26.14,205.0,,1.17,False,True,True,False,J102005.70+272810.7,,DESI J102005.58+272808.6,p,"FR-II,WAT",30.67,17.31,0.75,154.7,34.7,25,,,,,,,,,,,
155.17016,31.9195,0.28558,25.28,325.0,,1.58,False,True,True,False,J102040.85+315514.3,,WISEA J102040.83+315510.2,s,"FR-II,WAT",61.26,19.45,1.51,156.6,125.9,73,,maxBCG J102040.8+315510,0.2856,s,1182.0,0.0,0.0,0.721,35.04,1.58,19.0
155.26196,26.71692,0.5016,26.35,309.0,,1.59,False,True,True,False,J102103.16+264304.2,,WISEA J102102.87+264300.9,s,"FR-II,WAT",233.21,123.37,0.84,129.1,34.6,49,,WH J102102.9+264301,0.5016,s,1957.0,0.0,0.0,0.427,11.32,0.53,7.0
155.38249,49.53498,0.69476,25.67,191.0,8.7,1.94,False,True,False,True,J102132.11+493203.3,,WISEA J102131.79+493205.9,s,"FR-II,NAT",25.4,16.19,0.59,87.9,8.2,26,-22.86,Y21 J102131.8+493205,0.6948,s,2569.0,1.0,7.0,0.632,32.66,1.47,14.0
155.42168,0.41323,0.37998,25.09,145.0,,1.77,False,False,True,False,J102141.34+002449.8,f,DESI J102141.20+002447.6,p,"--,WAT",25.69,15.47,0.67,160.2,43.3,27,,WHL J102141.5+002608,0.3742,s,1512.0,80.0,427.0,0.693,32.37,1.46,21.0
155.47409,-7.419,0.90141,26.65,377.0,,,False,True,False,True,J102153.78-072458.6,,DESI J102153.78-072508.4,p,"FR-II,NAT",101.34,46.01,1.04,76.2,15.2,47,,WH J102204.0-072334,1.0097,p,3425.0,179.0,1479.0,0.435,15.91,0.73,8.0
155.47673,56.2515,0.61977,25.56,154.0,,1.93,False,True,True,False,J102154.79+561501.7,,DESI J102154.42+561505.4,p,"FR-II,WAT",25.61,16.0,0.62,96.2,11.0,22,,WHL J102152.6+561422,0.5172,s,2009.0,46.0,295.0,0.637,27.23,1.24,13.0
155.4858,40.87362,0.75689,25.37,242.0,,2.28,False,True,True,False,J102156.45+405222.0,c,DESI J102156.59+405225.0,p,"FR-II,WAT",14.26,13.61,0.06,142.2,19.2,32,,CFSFDP J102156.6+405225,0.7314,s,2677.0,0.0,0.0,0.544,25.43,1.16,9.0
155.50785,-3.71675,0.49645,26.52,439.0,,,False,True,True,False,J102201.62-034258.7,,DESI J102201.88-034300.3,p,"FR-II,WAT",330.28,154.03,1.0,167.5,105.1,70,,Y21 J102201.9-034300,0.4825,p,1892.0,0.0,0.0,0.681,30.74,1.39,13.0
155.55514,52.2283,0.86614,26.8,317.0,,0.96,False,True,True,False,J102212.82+521345.4,,DESI J102213.23+521341.9,p,"FR-II,WAT",152.49,65.88,1.1,159.8,30.2,40,,KDCS 290,0.8,p,2874.0,90.0,697.0,,,,
155.56893,-4.34619,0.17918,24.9,222.0,,,True,False,True,False,J102217.20-042055.6,j,DESI J102216.54-042046.3,p,"FR-I,WAT",79.05,30.19,1.26,114.5,32.6,71,,CFSFDP J102216.5-042046,0.1775,p,756.0,0.0,0.0,0.626,13.57,0.63,12.0
155.6177,16.8882,0.51698,25.4,186.0,8.74,1.91,False,True,False,True,J102227.72+165325.2,j,WISEA J102228.24+165317.5,s,"FR-II,NAT",20.91,8.59,1.17,80.8,11.1,29,-23.37,AMF J102228.3+165317,0.517,s,2008.0,0.0,0.0,0.616,29.45,1.33,19.0
155.65327,28.46168,0.55081,25.37,165.0,,0.43,True,False,True,False,J102236.83+282741.4,,DESI J102236.78+282742.1,p,"FR-I,WAT",22.24,14.75,0.54,154.9,21.3,25,,WH J102228.1+282935,0.8572,p,3031.0,160.0,1266.0,0.521,22.06,1.01,8.0
155.65595,38.57916,0.05175,23.9,103.0,,0.92,False,False,True,False,J102238.27+383449.2,,NGC 3219,s,"--,WAT",116.3,52.08,1.05,142.7,,99,,AMF J102237.4+383445,0.0517,s,227.0,0.0,0.0,0.73,20.18,0.92,20.0
155.69276,29.6008,0.42198,25.48,286.0,,1.76,False,True,True,False,J102247.10+293610.0,,DESI J102246.26+293602.9,p,"FR-II,WAT",47.4,25.64,0.81,134.9,8.7,50,,GMBCG J102246.0+293558,0.4369,s,1735.0,6.0,35.0,0.559,10.44,0.49,14.0
155.72614,37.97132,0.23451,24.77,158.0,,1.44,False,False,True,False,J102254.74+375815.3,f,WISEA J102254.27+375816.7,s,"--,WAT",38.56,31.15,0.28,142.0,30.1,41,,CFSFDP J102240.4+375854,0.5182,s,2012.0,168.0,1080.0,0.478,14.23,0.66,6.0
155.74168,27.72593,0.32439,24.95,160.0,10.16,1.63,False,False,True,False,J102257.98+274330.3,,WISEA J102258.00+274333.3,s,"--,WAT",25.17,13.53,0.81,142.4,23.3,33,-23.59,WHL J102258.0+274334,0.3337,s,1363.0,0.0,0.0,0.926,66.63,2.94,36.0
155.74296,35.87722,0.3902,25.65,158.0,,1.29,True,False,True,False,J102258.29+355237.3,,DESI J102258.31+355238.0,p,"FR-I,WAT",91.61,61.16,0.53,148.3,19.5,29,,,,,,,,,,,
155.77162,39.47961,0.37653,25.15,149.0,8.55,1.78,False,True,True,False,J102305.56+392847.2,,WISEA J102305.18+392846.5,s,"FR-II,WAT",32.52,24.14,0.39,143.4,29.4,28,-22.48,Y21 J102305.2+392846,0.3766,s,1520.0,0.0,0.0,0.555,19.5,0.89,10.0
155.7831,7.10784,0.29019,24.76,117.0,,1.59,False,True,True,False,J102308.17+070627.4,a,WISEA J102307.94+070628.2,s,"FR-II,WAT",21.55,12.44,0.72,155.8,18.9,26,,maxBCG J102307.9+070628,0.2883,s,1192.0,0.0,0.0,1.056,89.06,3.9,62.0
155.81068,14.11497,0.29773,24.74,192.0,,1.54,True,False,True,False,J102314.15+140653.7,,DESI J102314.56+140653.9,p,"FR-I,WAT",19.74,12.06,0.65,136.3,21.7,42,,,,,,,,,,,
155.81533,-7.42013,0.31339,25.53,266.0,,,True,False,True,False,J102315.64-072511.3,,DESI J102315.68-072512.5,p,"FR-I,WAT",95.9,41.1,1.11,163.7,77.6,56,,Y21 J102315.7-072512,0.317,p,1301.0,0.0,0.0,0.833,47.93,2.14,35.0
155.81718,-6.10243,0.64909,25.77,207.0,,,False,True,True,False,J102316.13-060608.3,,DESI J102316.12-060608.7,p,"FR-II,WAT",29.04,12.36,1.12,142.4,16.9,29,,CFSFDP J102316.1-060609,0.6261,p,2360.0,0.0,0.0,0.46,15.3,0.71,6.0
155.81953,-6.60732,0.26813,25.29,217.0,,,False,False,True,False,J102316.32-063628.7,,DESI J102316.69-063626.4,p,"--,WAT",83.68,42.86,0.88,160.8,158.6,51,,Y21 J102316.7-063626,0.2731,p,1134.0,0.0,0.0,1.013,93.57,4.09,75.0
155.90494,32.77372,0.30487,24.95,209.0,,1.69,False,True,True,False,J102336.96+324629.3,a,WISEA J102337.18+324625.4,s,"FR-II,WAT",29.06,15.92,0.79,153.8,52.0,45,,WHL J102337.2+324625,0.3226,p,1322.0,0.0,0.0,0.719,34.14,1.54,19.0
155.90771,9.93419,0.57392,25.46,290.0,,1.8,False,True,True,False,J102337.88+095608.4,,DESI J102337.85+095603.1,p,"FR-II,WAT",23.11,13.41,0.71,156.6,53.6,43,,CAMIRA J102337.9+095603,0.5283,s,2046.0,0.0,0.0,0.622,30.39,1.37,13.0
155.94809,53.10499,,,,,,False,False,True,False,J102347.54+530618.0,,,,"--,WAT",23.17,7.35,1.51,120.1,27.1,32,,,,,,,,,,,
155.98451,4.47678,0.32664,25.42,234.0,8.77,1.7,False,False,True,False,J102356.80+042836.6,,WISEA J102356.28+042836.4,s,"--,WAT",73.93,39.15,0.83,136.4,40.8,48,-24.2,WHL J102356.3+042836,0.3266,s,1336.0,1.0,5.0,0.861,55.31,2.46,18.0
156.19844,1.83848,0.39234,24.86,192.0,,1.7,False,True,True,False,J102447.96+015018.0,,DESI J102447.63+015018.5,p,"FR-II,WAT",15.02,10.68,0.45,109.7,12.5,35,,Y21 J102442.9+015051,0.8428,p,2992.0,78.0,614.0,0.578,24.14,1.1,17.0
156.23922,27.73325,0.54352,25.96,309.0,8.66,1.94,False,False,True,False,J102457.55+274359.2,,DESI J102457.41+274359.5,s,"--,WAT",89.42,59.58,0.53,154.5,,47,-23.63,,,,,,,,,,
156.25667,4.03405,0.21123,25.16,149.0,8.78,1.34,False,False,True,False,J102501.53+040158.1,g,WISEA J102501.59+040202.5,s,"--,WAT",108.56,62.79,0.72,146.5,13.6,42,-23.89,maxBCG J102501.6+040202,0.2112,s,891.0,0.0,0.0,0.932,59.65,2.64,38.0
156.26472,32.81885,0.23897,24.81,188.0,8.58,1.48,True,False,True,False,J102503.62+324908.6,,WISEA J102503.53+324907.8,s,"FR-I,WAT",36.16,18.93,0.85,167.2,97.9,48,-22.52,maxBCG J102506.8+325125,0.2389,s,1001.0,143.0,560.0,0.94,65.49,2.9,42.0
156.33529,23.61689,0.67623,26.21,545.0,,1.81,False,True,True,False,J102520.35+233709.5,,DESI J102520.47+233700.8,p,"FR-II,WAT",50.63,12.83,1.8,157.9,140.8,75,,,,,,,,,,,
156.34115,54.73753,0.23294,24.58,153.0,,2.11,False,False,True,False,J102521.82+544420.9,,WISEA J102521.87+544415.1,s,"--,WAT",21.39,9.11,1.12,153.7,59.3,40,,,,,,,,,,,
156.38408,53.05524,0.48728,25.17,149.0,,1.23,False,True,True,False,J102531.49+530317.8,,DESI J102532.18+530318.9,p,"FR-II,WAT",16.84,9.41,0.76,146.3,25.6,24,,KDCS 191,1.1,p,3643.0,135.0,1135.0,,,,
156.44896,52.30701,0.35347,25.24,185.0,,1.76,False,False,False,True,J102548.30+521833.4,,WISEA J102547.75+521825.2,s,"--,NAT",43.42,27.7,0.59,77.4,10.6,36,,AMF J102547.8+521825,0.3535,s,1436.0,0.0,0.0,0.759,40.58,1.82,11.0
156.5083,29.02953,,,,,,False,True,True,False,J102601.99+290146.3,,,,"FR-II,WAT",15.8,9.04,0.73,158.8,33.5,33,,,,,,,,,,,
156.58481,36.43601,0.54318,25.66,243.0,,1.74,False,False,True,False,J102620.13+362608.6,,WISEA J102620.35+362609.6,s,"--,WAT",36.45,16.81,1.02,144.9,25.3,37,,WHL J102620.4+362609,0.5431,s,2094.0,0.0,0.0,0.584,18.17,0.84,10.0
156.58529,30.59734,0.56935,25.41,141.0,,1.73,False,False,False,True,J102620.82+303556.0,,WISEA J102620.46+303550.4,s,"--,NAT",19.65,10.42,0.83,86.7,12.8,21,,AMF J102620.4+303550,0.5694,s,2180.0,0.0,0.0,0.632,32.48,1.47,20.0
156.59296,32.98655,0.23788,25.0,121.0,,1.47,False,False,True,False,J102622.88+325909.9,f,WISEA J102622.31+325911.5,s,"--,WAT",56.37,27.81,0.93,133.4,22.9,31,,maxBCG J102622.3+325912,0.2391,s,1002.0,0.0,0.0,0.94,62.96,2.79,52.0
156.65654,13.61511,1.52952,26.82,443.0,,0.37,False,False,True,False,J102637.83+133653.3,,DESI J102637.57+133654.4,p,"--,WAT",44.24,21.44,0.95,153.9,58.9,51,,,,,,,,,,,
156.70458,-2.58211,0.0571,23.39,44.0,,1.01,False,True,False,True,J102650.20-023446.2,,LCRS B102416.5-021937,s,"FR-II,NAT",30.14,19.53,0.57,50.4,21.0,39,,,,,,,,,,,
156.73818,58.62045,0.28444,24.98,164.0,,1.14,False,True,True,False,J102657.39+583715.1,,DESI J102657.16+583713.6,p,"FR-II,WAT",34.04,14.82,1.09,159.6,47.3,37,,,,,,,,,,,
156.7435,43.68217,,,,,,False,True,True,False,J102658.44+434055.8,,,,"FR-II,WAT",22.49,10.19,1.04,140.4,11.5,24,,,,,,,,,,,
156.83499,-2.17739,0.31674,25.39,172.0,,1.57,False,False,True,False,J102720.23-021034.2,,WISEA J102720.39-021038.6,s,"--,WAT",74.26,39.57,0.83,140.5,24.5,36,,maxBCG J102720.4-021039,0.3167,s,1299.0,0.0,0.0,0.661,21.51,0.98,13.0
156.88209,7.37917,0.32806,25.27,191.0,,1.69,False,False,True,False,J102732.00+072243.7,a,WISEA J102731.70+072245.0,s,"--,WAT",53.6,32.78,0.65,151.3,44.3,39,,WHL J102720.9+072301,0.3305,s,1351.0,162.0,798.0,0.872,56.69,2.52,20.0
156.94183,40.73744,0.71545,25.44,260.0,,2.03,False,False,True,False,J102746.02+404418.0,,DESI J102746.04+404414.8,p,"--,WAT",15.95,11.95,0.38,154.9,187.2,35,,MSPM 06021,0.0764,p,333.0,167.0,251.0,,,,
156.95449,34.59036,0.17166,24.6,87.0,8.24,1.22,True,False,True,False,J102748.62+343522.2,,WISEA J102749.07+343525.3,s,"FR-I,WAT",43.14,15.86,1.31,129.3,15.5,29,-22.82,Y21 J102735.7+343601,0.2826,s,1170.0,169.0,747.0,0.701,20.15,0.92,16.0
156.96222,17.73544,0.49407,25.23,282.0,,1.96,False,True,True,False,J102750.96+174412.8,,WISEA J102750.93+174407.5,s,"FR-II,WAT",19.01,11.08,0.71,161.2,74.5,45,,WHL J102750.9+174407,0.4941,s,1932.0,0.0,0.0,0.665,28.1,1.27,12.0
157.0437,8.93582,0.19244,24.65,165.0,8.18,1.26,False,False,True,False,J102810.39+085611.0,,WISEA J102810.48+085608.9,s,"--,WAT",41.66,23.62,0.74,169.6,111.1,50,-22.36,WH J102811.9+085525,0.7832,p,2826.0,49.0,376.0,0.459,16.12,0.74,6.0
157.0605,63.49683,,,,,,False,True,True,False,J102814.52+632948.6,,,,"FR-II,WAT",10.92,8.65,0.31,162.1,13.2,20,,,,,,,,,,,
157.06802,61.86549,0.90366,26.34,232.0,,0.75,False,True,False,True,J102815.59+615202.9,,DESI J102816.32+615155.7,p,"FR-II,NAT",66.83,43.17,0.57,87.1,14.3,29,,CFSFDP J102815.1+615448,0.6111,p,2313.0,173.0,1204.0,0.459,14.22,0.66,8.0
157.0734,31.12624,0.24017,25.28,114.0,8.42,0.78,True,False,True,False,J102817.58+310737.7,,WISEA J102817.61+310734.4,s,"FR-I,WAT",117.5,86.49,0.4,130.9,26.4,29,-22.42,,,,,,,,,,
157.09509,5.85844,0.23696,24.66,105.0,,,False,True,True,False,J102822.93+055133.2,,WISEA J102822.82+055130.3,s,"FR-II,WAT",25.17,11.73,1.0,114.3,20.1,27,,maxBCG J102822.8+055130,0.2335,s,980.0,1.0,4.0,0.748,31.48,1.42,15.0
157.09785,3.75879,0.07328,24.64,154.0,,0.96,True,False,True,False,J102823.15+034540.5,,CGCG 037-042 NED01,s,"FR-I,WAT",303.71,133.55,1.08,155.5,175.6,107,,WHL J102832.7+034705,0.1451,s,623.0,167.0,440.0,0.575,17.1,0.79,11.0
157.12719,37.25297,2.61223,27.97,540.0,,0.69,False,False,True,False,J102831.02+371508.1,,DESI J102830.52+371510.7,s,"--,WAT",189.37,96.83,0.88,151.9,61.5,66,,,,,,,,,,,
157.13523,26.39087,,,,,,False,False,True,False,J102832.46+262327.1,,,,"--,WAT",13.41,5.16,1.25,154.4,26.0,29,,,,,,,,,,,
157.13832,44.41531,0.43938,25.37,182.0,,1.84,False,True,True,False,J102833.07+442458.5,,DESI J102833.20+442455.1,p,"FR-II,WAT",34.55,20.25,0.7,114.0,21.1,31,,,,,,,,,,,
157.14011,12.11675,1.16259,25.94,314.0,,,False,True,True,False,J102833.65+120659.8,,DESI J102833.63+120700.3,p,"FR-II,WAT",18.18,14.02,0.34,157.8,168.7,37,,,,,,,,,,,
157.16387,17.03635,0.16905,24.8,95.0,,1.13,True,False,True,False,J102839.73+170212.8,,WISEA J102839.32+170210.8,s,"FR-I,WAT",79.39,50.69,0.59,100.9,15.5,32,,WH J102839.3+170211,0.1691,s,721.0,0.0,0.0,0.592,15.59,0.72,6.0
157.21147,16.38764,2.58138,26.23,221.0,,0.24,False,False,True,False,J102851.01+162312.5,,WISEA J102850.82+162315.2,s,"--,WAT",9.43,8.68,0.11,165.3,32.9,27,,,,,,,,,,,
157.24594,3.12435,0.07256,24.26,118.0,,0.98,True,False,False,True,J102857.56+030734.7,,WISEA J102859.02+030727.6,s,"FR-I,NAT",127.84,41.01,1.49,73.6,20.4,83,,AMF J102859.0+030728,0.074,s,323.0,0.0,0.0,0.601,15.61,0.72,13.0
157.24521,-5.12078,,,,,,False,False,True,False,J102858.85-050714.8,,,,"--,WAT",109.27,44.65,1.17,121.5,8.4,32,,,,,,,,,,,
157.2863,47.96475,0.93143,25.7,243.0,9.13,1.83,True,False,True,False,J102908.68+475752.1,c,WISEA J102908.71+475753.0,s,"FR-I,WAT",12.64,7.12,0.75,139.5,19.9,30,-21.75,CLuMPR J102908.7+475753,0.9593,p,3299.0,0.0,0.0,0.521,26.16,1.19,8.0
157.28818,15.43247,0.30878,25.41,300.0,,1.64,False,False,True,False,J102909.76+152600.3,a,WISEA J102909.16+152556.8,s,"--,WAT",80.96,42.43,0.85,128.2,39.1,64,,WHL J102909.1+152556,0.3088,s,1270.0,1.0,5.0,0.751,41.19,1.85,28.0
157.29979,10.02213,0.35003,25.0,158.0,,1.65,False,True,False,True,J102911.68+100134.0,,DESI J102911.95+100119.7,p,"FR-II,NAT",23.11,11.3,0.94,69.4,16.8,31,,Y21 J102911.8+100131,0.6295,p,2370.0,12.0,85.0,0.522,20.22,0.93,9.0
157.31289,47.52016,0.21973,24.31,158.0,,1.34,False,False,True,False,J102915.15+473116.9,,DESI J102915.09+473112.6,p,"--,WAT",14.71,9.88,0.52,153.1,64.3,43,,,,,,,,,,,
157.33249,17.64909,0.67234,25.65,326.0,,1.94,False,False,True,False,J102919.58+173903.3,,DESI J102919.80+173856.7,p,"--,WAT",27.51,18.73,0.5,130.0,45.5,45,,WHL J102921.1+174013,0.3324,s,1358.0,79.0,390.0,0.647,21.13,0.97,12.0
157.3819,46.90511,,,,,,False,False,True,False,J102931.66+465418.4,,,,"--,WAT",18.72,8.65,1.01,168.2,115.2,35,,,,,,,,,,,
157.4374,25.38634,0.2368,25.65,213.0,8.7,1.42,True,False,False,True,J102945.45+252327.0,"a,h,j",WISEA J102944.97+252310.8,s,"FR-I,NAT",245.23,108.04,1.08,53.4,16.3,55,-23.26,WHL J102942.9+252546,0.3913,s,1573.0,158.0,866.0,0.635,19.39,0.89,17.0
157.48933,3.19706,1.00913,26.46,305.0,,0.56,False,True,True,False,J102957.53+031150.4,,DESI J102957.44+031149.4,p,"FR-II,WAT",46.56,19.62,1.13,98.0,12.1,37,,Y21 J103003.8+031045,0.7365,p,2692.0,115.0,864.0,0.561,26.5,1.2,8.0
157.54809,61.60966,,,,,,False,True,True,False,J103011.54+613634.8,,,,"FR-II,WAT",52.99,26.64,0.9,159.5,52.2,47,,,,,,,,,,,
157.58045,-7.29161,0.11685,24.59,249.0,,,False,True,True,False,J103019.17-071725.2,,WISEA J103019.30-071730.9,s,"FR-II,WAT",103.85,50.94,0.93,158.3,126.8,114,,WHY18 J103019.3-071730,0.1269,p,547.0,0.0,0.0,0.674,22.58,1.03,16.0
157.65236,14.62138,0.7384,26.21,458.0,,1.93,False,False,False,True,J103035.90+143725.0,,DESI J103036.57+143717.0,p,"--,NAT",58.04,25.32,1.09,61.9,10.4,61,,WHL J103035.8+143658,0.7061,s,2603.0,21.0,155.0,0.77,55.83,2.48,18.0
157.6507,14.74828,,,,,2.3,True,False,True,False,J103036.17+144453.8,,,,"FR-I,WAT",6.15,4.24,0.49,123.9,7.9,13,,,,,,,,,,,
157.72234,28.71468,0.66277,25.43,180.0,,0.99,False,True,True,False,J103053.65+284253.1,c,DESI J103053.36+284252.8,p,"FR-II,WAT",16.7,10.96,0.55,90.1,9.2,25,,,,,,,,,,,
157.74839,14.54225,0.3182,25.18,211.0,8.47,1.34,True,False,True,False,J103059.32+143231.3,,2MASS J10305959+1432322,s,"FR-I,WAT",48.83,32.6,0.53,144.8,24.0,44,-22.86,redMaPPer J103059.6+143232,0.3182,s,1305.0,0.0,0.0,0.652,29.47,1.33,17.0
157.79183,29.53275,1.13351,26.31,245.0,,,False,True,True,False,J103109.89+293155.9,c,DESI J103110.04+293157.9,p,"FR-II,WAT",33.83,19.68,0.71,136.8,14.0,29,,,,,,,,,,,
157.85351,11.85802,0.33825,25.06,124.0,8.78,1.77,True,False,True,False,J103124.78+115132.8,,WISEA J103124.84+115128.8,s,"FR-I,WAT",25.95,10.04,1.25,124.3,20.5,25,-23.0,GMBCG J103124.8+115129,0.34,s,1386.0,0.0,0.0,0.616,16.87,0.78,8.0
157.92404,35.04481,0.11961,24.66,170.0,,1.04,False,True,True,False,J103143.43+350212.9,,WISEA J103141.76+350241.3,s,"FR-II,WAT",107.17,33.33,1.53,137.8,47.3,76,,maxBCG J103144.3+350229,0.1277,s,550.0,34.0,80.0,1.173,101.27,4.42,62.0
157.96309,16.37881,,,,,,True,False,True,False,J103151.14+162243.7,,,,"FR-I,WAT",22.29,16.78,0.37,152.7,21.6,32,,,,,,,,,,,
157.97634,42.2838,0.40719,24.83,112.0,,1.74,False,False,True,False,J103154.56+421707.8,,DESI J103154.32+421701.7,p,"--,WAT",10.81,5.09,0.99,96.0,46.1,20,,,,,,,,,,,
158.00675,35.04804,0.12082,24.33,85.0,8.0,1.1,True,False,False,True,J103201.01+350247.7,"a,f",WISEA J103201.61+350252.9,s,"FR-I,NAT",49.93,18.34,1.31,89.6,14.5,38,-21.64,,,,,,,,,,
158.00513,55.09869,0.97318,25.57,163.0,,,True,False,True,False,J103201.21+550556.7,f,DESI J103201.23+550555.3,p,"FR-I,WAT",10.0,6.8,0.51,159.7,18.1,20,,,,,,,,,,,
158.02693,7.88254,0.67326,25.49,224.0,,1.97,False,False,True,False,J103206.87+075256.8,,WISEA J103206.46+075257.1,s,"--,WAT",18.4,11.95,0.57,141.4,18.1,31,,WHL J103206.5+075258,0.6734,s,2505.0,0.0,0.0,0.816,66.12,2.92,39.0
158.0596,3.25087,0.53863,25.31,216.0,8.11,1.88,False,False,False,True,J103214.14+031506.5,,WISEA J103214.30+031503.1,s,"--,NAT",20.1,13.07,0.56,73.9,16.5,33,-22.95,WHL J103214.3+031504,0.5386,s,2080.0,0.0,0.0,0.533,17.29,0.8,9.0
158.0585,-0.20455,0.9287,26.25,275.0,,0.26,True,False,False,True,J103214.45-001205.4,,SDSS J103214.03-001216.3,s,"FR-I,NAT",35.2,14.66,1.15,85.9,12.8,34,,WH J103206.7-001359,0.7605,s,2762.0,150.0,1141.0,0.573,26.95,1.22,7.0
158.06698,19.95436,0.39648,26.14,502.0,,1.86,False,False,True,False,J103215.38+195718.9,,SDSS J103216.07+195715.6,s,"--,WAT",146.56,23.45,2.4,169.7,,91,,WHL J103222.0+195800,0.3953,s,1588.0,94.0,519.0,0.783,48.17,2.15,20.0
158.06617,31.87662,0.33417,25.73,158.0,,1.63,True,False,True,False,J103215.99+315231.9,"a,f,h,j",WISEA J103215.88+315235.8,s,"FR-I,WAT",119.69,40.03,1.44,113.4,20.5,32,,WHL J103214.4+315214,0.3411,s,1390.0,29.0,146.0,1.039,90.23,3.95,41.0
158.07586,0.77576,0.75465,25.9,250.0,,2.06,False,True,True,False,J103218.17+004630.6,,DESI J103218.21+004632.7,p,"FR-II,WAT",32.57,17.93,0.78,142.3,18.1,33,,Y21 J103218.2+004633,0.7717,p,2794.0,0.0,0.0,0.706,46.47,2.08,28.0
158.08972,5.24011,0.24468,25.11,75.0,8.48,1.49,True,False,False,True,J103221.49+051432.3,,SDSS J103221.53+051424.3,s,"FR-I,NAT",54.09,12.8,1.89,72.7,6.6,19,-22.77,WHL J103220.6+051416,0.2501,p,1045.0,17.0,69.0,0.693,32.44,1.46,19.0
158.09227,51.68478,0.38887,25.41,218.0,,1.8,False,False,True,False,J103222.58+514105.6,,DESI J103222.14+514105.2,p,"--,WAT",49.94,28.94,0.72,169.0,50.0,40,,WHL J103224.3+514115,0.4137,s,1653.0,22.0,125.0,0.761,45.33,2.03,29.0
158.143,4.99167,0.24244,25.07,241.0,,1.47,False,True,True,False,J103234.76+045928.8,,WISEA J103234.32+045930.0,s,"FR-II,WAT",55.05,17.28,1.52,159.7,106.8,61,,maxBCG J103231.0+050122,0.2452,s,1025.0,122.0,487.0,0.793,41.58,1.86,21.0
158.15404,-5.65768,0.57194,25.48,202.0,,,True,False,True,False,J103236.90-053919.2,,DESI J103236.97-053927.7,p,"FR-I,WAT",29.16,22.64,0.33,130.6,24.5,30,,,,,,,,,,,
158.17086,1.74175,0.73165,25.92,209.0,,0.6,True,False,True,False,J103241.33+014432.4,f,WISEA J103241.02+014430.4,s,"FR-I,WAT",36.03,19.74,0.79,110.6,13.3,28,,WH J103237.5+014607,0.4722,s,1857.0,110.0,673.0,0.49,16.08,0.74,6.0
158.24481,30.76089,0.41944,25.19,188.0,,1.89,True,False,True,False,J103258.82+304544.0,"a,f",SDSS J103258.75+304539.2,s,"FR-I,WAT",23.24,11.21,0.96,132.9,20.7,33,,WHL J103256.0+304459,0.4228,s,1686.0,53.0,304.0,0.955,79.04,3.47,57.0
158.28198,9.03347,0.22394,24.99,130.0,,1.41,False,True,False,True,J103307.22+090153.4,,WISEA J103307.67+090200.4,s,"FR-II,NAT",64.29,34.53,0.82,85.6,266.3,35,,maxBCG J103308.5+090214,0.2268,s,953.0,18.0,68.0,0.962,65.19,2.88,35.0
158.28384,19.39875,0.19162,24.57,158.0,,1.25,False,True,True,False,J103307.69+192355.2,f,WISEA J103308.12+192355.5,s,"FR-II,WAT",35.36,20.94,0.69,137.7,32.7,48,,AMF J103308.1+192356,0.1916,s,813.0,0.0,0.0,0.577,17.2,0.79,9.0
158.36683,63.20372,0.60589,25.25,117.0,,0.49,True,False,True,False,J103328.21+631212.4,,DESI J103328.04+631213.4,p,"FR-I,WAT",14.13,10.05,0.45,135.7,9.9,17,,,,,,,,,,,
158.3753,47.78123,0.80766,25.91,279.0,,2.19,False,True,True,False,J103330.11+474648.4,,DESI J103330.07+474652.4,p,"FR-II,WAT",25.59,12.39,0.95,166.1,501.6,36,,CLuMPR J103330.2+474703,0.8965,p,3136.0,10.0,80.0,0.511,20.98,0.96,10.0
158.39279,39.41983,0.42305,25.14,270.0,,1.85,False,False,True,False,J103334.10+392511.9,,DESI J103334.27+392511.4,p,"--,WAT",23.46,15.61,0.53,160.7,84.2,47,,,,,,,,,,,
158.41623,7.92707,0.62949,26.6,211.0,,1.35,False,True,True,False,J103339.55+075533.5,f,DESI J103339.89+075537.4,p,"FR-II,WAT",125.75,23.62,2.19,143.2,871.6,30,,WHL J103335.7+075320,0.4296,s,1709.0,151.0,875.0,0.782,40.67,1.82,30.0
158.41697,7.93266,0.89032,26.63,512.0,,1.26,False,True,True,False,J103339.67+075555.1,,WISEA J103340.07+075557.5,s,"FR-II,WAT",90.38,36.64,1.18,164.5,30.6,64,,WHL J103335.7+075319,0.3994,p,1602.0,171.0,949.0,,,,
158.4442,12.36529,0.37864,25.04,209.0,,1.79,False,True,True,False,J103346.74+122156.8,,DESI J103346.61+122155.0,p,"FR-II,WAT",24.34,16.42,0.52,160.1,46.6,39,,,,,,,,,,,
158.50823,33.44875,0.83763,26.16,400.0,,1.57,False,True,True,False,J103402.35+332654.8,,DESI J103401.97+332655.5,p,"FR-II,WAT",46.31,25.73,0.77,154.2,134.0,51,,WH J103405.8+332707,0.9082,s,3167.0,49.0,394.0,0.639,41.73,1.87,12.0
158.54506,7.60064,0.63002,26.67,712.0,,1.68,False,False,True,False,J103409.18+073609.9,,DESI J103410.82+073602.3,p,"--,WAT",123.89,18.03,2.53,93.0,43.0,101,,AMF J103410.1+073606,0.5886,s,2242.0,12.0,82.0,0.652,34.88,1.57,16.0
158.58473,-6.48054,1.14525,26.74,262.0,,,False,False,True,False,J103420.13-062851.2,,DESI J103420.33-062849.9,p,"--,WAT",78.58,40.39,0.87,130.1,12.5,31,,,,,,,,,,,
158.59525,51.20769,0.65439,26.03,329.0,,1.98,False,False,True,False,J103422.82+511233.5,,SDSS J103422.86+511227.3,s,"--,WAT",63.78,38.07,0.68,151.0,40.6,46,,WH J103412.6+511110,0.6585,s,2460.0,124.0,892.0,0.612,29.47,1.33,8.0
158.5998,-2.88145,0.2753,24.86,125.0,,1.58,False,True,True,False,J103423.80-025240.0,,WISEA J103423.95-025253.2,s,"FR-II,WAT",25.29,8.28,1.47,152.3,24.2,29,,WHL J103423.9-025253,0.2867,p,1186.0,0.0,0.0,0.74,34.06,1.54,15.0
158.65846,-3.49583,0.215,24.77,86.0,,1.3,True,False,True,False,J103438.30-032941.2,,LCRS B103205.7-031411,s,"FR-I,WAT",40.54,19.21,0.98,101.0,11.2,24,,WHL J103438.1-032944,0.2215,p,932.0,1.0,4.0,0.809,41.16,1.85,29.0
158.70582,18.38849,0.1844,24.54,105.0,8.11,1.19,False,True,False,True,J103450.13+182317.8,a,WISEA J103449.39+182318.5,s,"FR-II,NAT",35.01,20.04,0.73,73.9,16.1,33,-22.43,GMBCG J103451.3+182158,0.1834,s,780.0,85.0,271.0,0.753,31.79,1.44,17.0
158.76097,42.93007,0.13602,24.72,249.0,,1.13,True,False,True,False,J103502.74+425538.7,d,WISEA J103502.63+425548.2,s,"FR-I,WAT",100.08,51.18,0.88,146.3,211.8,100,,WHL J103502.6+425548,0.136,s,585.0,0.0,0.0,0.61,16.76,0.77,11.0
158.79857,34.10701,0.67881,26.18,400.0,,0.35,False,True,True,False,J103511.46+340619.6,f,SDSS J103511.65+340625.2,s,"FR-II,WAT",128.36,143.44,-0.15,168.5,92.4,55,,,,,,,,,,,
158.80522,1.51677,0.62524,26.32,295.0,8.71,1.94,False,True,True,False,J103513.84+013100.6,,WISEA J103513.25+013100.3,s,"FR-II,WAT",115.59,51.19,1.07,127.5,35.0,42,-24.16,Y21 J103513.3+013100,0.6252,s,2357.0,0.0,0.0,0.872,80.95,3.56,32.0
158.92306,59.11891,0.47403,25.28,134.0,,1.81,True,False,False,True,J103540.99+590713.7,f,WISEA J103541.53+590708.0,s,"FR-I,NAT",18.6,6.81,1.32,68.0,7.2,22,,WHL J103541.5+590708,0.4756,s,1869.0,0.0,0.0,0.906,72.66,3.2,34.0
158.92557,48.52532,0.81963,25.76,312.0,,2.13,False,True,True,False,J103542.72+483135.9,,DESI J103542.14+483131.1,p,"FR-II,WAT",21.54,13.84,0.58,167.2,44.4,40,,Y21 J103542.1+483131,0.8188,p,2926.0,0.0,0.0,0.587,29.49,1.34,13.0
158.93511,20.08298,1.16709,26.02,280.0,,0.42,False,True,True,False,J103544.34+200458.8,,WISEA J103544.42+200458.7,s,"FR-II,WAT",17.42,10.9,0.62,163.7,60.9,33,,CFSFDP J103545.4+200246,0.0573,s,251.0,134.0,153.0,0.543,13.32,0.62,10.0
158.93778,14.55755,0.61085,25.81,236.0,,1.32,True,False,True,False,J103545.43+143327.6,,WISEA J103545.06+143327.1,s,"FR-I,WAT",46.84,29.95,0.59,141.7,26.7,34,-23.2,WH J103545.1+143327,0.6108,s,2312.0,0.0,0.0,0.502,17.65,0.81,6.0
159.08887,17.55198,,,,,,False,False,True,False,J103621.33+173307.1,,,,"--,WAT",12.2,4.91,1.19,157.8,41.0,30,,,,,,,,,,,
159.15108,38.58563,0.14489,24.99,305.0,,1.17,False,False,True,False,J103637.56+383457.0,d,DESI J103636.25+383508.2,s,"--,WAT",155.1,54.84,1.36,139.4,114.1,116,,maxBCG J103636.2+383508,0.1449,s,622.0,0.0,0.0,0.611,19.37,0.89,16.0
159.15895,14.02408,0.20071,25.0,113.0,,1.34,True,False,True,False,J103638.28+140128.0,,WISEA J103638.14+140126.6,s,"FR-I,WAT",79.11,35.0,1.07,162.7,163.8,33,,GMBCG J103638.2+140127,0.2014,s,852.0,0.0,0.0,0.788,31.79,1.44,12.0
159.18963,29.19484,0.76727,26.03,213.0,,0.57,True,False,True,False,J103645.78+291139.1,,SDSS J103645.51+291141.4,s,"FR-I,WAT",33.74,13.92,1.16,153.6,36.3,28,-21.04,,,,,,,,,,
159.19278,46.10715,0.39723,25.26,248.0,,1.08,False,True,True,False,J103646.32+460631.8,,DESI J103646.27+460625.7,p,"FR-II,WAT",33.86,19.89,0.7,167.9,97.2,45,,WH J103646.3+460411,0.5404,s,2086.0,135.0,886.0,0.45,15.12,0.7,7.0
159.20451,48.83028,0.37892,25.53,257.0,7.96,1.81,False,False,True,False,J103649.52+484956.3,,SDSS J103649.08+484949.0,s,"--,WAT",69.46,39.19,0.75,151.0,58.2,48,-23.32,WHL J103649.1+484949,0.3821,s,1540.0,0.0,0.0,0.763,41.12,1.84,26.0
159.2071,34.19064,0.39529,25.01,209.0,,1.86,True,False,True,False,J103650.06+341125.6,,WISEA J103649.70+341126.3,s,"FR-I,WAT",19.39,11.51,0.68,126.4,15.1,38,,CFSFDP J103649.7+341126,0.3953,s,1588.0,0.0,0.0,0.537,16.53,0.76,8.0
159.24534,30.85735,0.68097,25.66,233.0,6.96,1.94,False,True,True,False,J103658.71+305128.0,,WISEA J103658.88+305126.4,s,"FR-II,WAT",20.66,9.32,1.04,151.9,24.1,32,-23.22,WHL J103658.9+305127,0.6809,s,2528.0,0.0,0.0,0.644,35.76,1.61,14.0
159.28402,-5.96145,0.24541,24.65,99.0,,,True,False,False,True,J103708.95-055744.1,,DESI J103708.16-055741.2,p,"FR-I,NAT",23.95,13.38,0.76,63.3,9.2,25,,WHY18 J103657.9-055901,0.2567,p,1070.0,173.0,714.0,0.779,33.58,1.51,22.0
159.31344,17.61875,,,,,1.78,False,True,True,False,J103715.23+173707.5,,,,"FR-II,WAT",88.74,45.03,0.89,96.1,18.6,55,,,,,,,,,,,
159.35117,43.10915,0.49396,25.49,426.0,,1.91,False,False,True,False,J103723.43+430632.3,,SDSS J103724.28+430632.9,s,"--,WAT",32.01,15.8,0.93,152.6,13.7,68,,WHL J103724.3+430633,0.494,s,1931.0,0.0,0.0,0.793,51.85,2.31,26.0
159.3617,31.04466,0.3587,25.48,321.0,8.31,1.74,False,True,True,False,J103726.80+310232.0,,WISEA J103726.80+310240.7,s,"FR-II,WAT",66.97,33.66,0.9,124.7,40.5,62,-23.0,WHL J103726.8+310241,0.3588,s,1456.0,0.0,0.0,0.853,55.74,2.48,36.0
159.40445,36.42268,0.93268,26.3,251.0,,2.03,False,False,True,False,J103737.34+362524.8,j,DESI J103737.07+362521.6,p,"--,WAT",37.0,14.64,1.22,122.4,16.9,31,,,,,,,,,,,
159.40368,-0.68828,0.15612,24.5,53.0,,1.13,True,False,True,False,J103737.37-004115.5,,DESI J103736.88-004117.8,p,"FR-I,WAT",39.27,10.02,1.79,134.2,18.5,19,,maxBCG J103729.7-004041,0.0956,s,416.0,113.0,208.0,0.672,21.78,1.0,14.0
159.45526,-0.08965,0.48116,25.43,222.0,,1.82,False,False,True,False,J103749.49-000520.4,,DESI J103749.26-000522.7,p,"--,WAT",29.18,14.15,0.95,122.3,22.3,36,,,,,,,,,,,
159.50449,26.8561,1.30595,26.32,284.0,,0.86,False,False,True,False,J103800.48+265126.2,,DESI J103801.08+265122.0,p,"--,WAT",26.15,15.89,0.65,114.1,23.0,33,,WH J103749.5+265224,0.8394,p,2983.0,167.0,1313.0,0.389,10.05,0.47,6.0
159.61026,47.69948,0.2322,25.05,168.0,,1.46,False,True,False,True,J103826.41+474147.7,,WISEA J103826.46+474158.1,s,"FR-II,NAT",67.8,36.82,0.8,80.4,17.2,44,,maxBCG J103826.4+474158,0.2323,s,975.0,1.0,4.0,0.923,59.12,2.62,28.0
159.6126,41.8147,0.12464,24.35,90.0,8.07,,True,False,True,False,J103828.05+414848.3,f,WISEA J103827.02+414852.9,s,"FR-I,WAT",48.69,17.18,1.37,138.9,32.3,39,-22.44,,,,,,,,,,
159.65261,1.29689,0.12853,25.2,214.0,10.14,1.05,True,False,True,False,J103837.01+011751.0,,WISEA J103836.62+011748.8,s,"FR-I,WAT",327.28,121.26,1.3,156.9,884.0,90,-23.33,maxBCG J103836.6+011749,0.1341,s,577.0,0.0,0.0,0.935,55.09,2.45,35.0
159.67436,13.39277,0.47171,25.18,244.0,,1.91,False,True,True,False,J103841.80+132337.8,,DESI J103841.85+132334.0,p,"FR-II,WAT",22.03,17.41,0.31,150.4,41.6,40,,WHL J103841.8+132334,0.474,s,1863.0,0.0,0.0,0.683,37.26,1.68,21.0
159.70365,30.67117,0.48056,25.03,172.0,8.97,1.92,False,False,True,False,J103848.98+304019.2,,WISEA J103848.87+304016.2,s,"--,WAT",14.23,10.03,0.46,151.0,30.2,28,-22.71,,,,,,,,,,
159.80103,58.24382,,,,,,False,True,True,False,J103912.25+581437.8,,,,"FR-II,WAT",24.1,12.06,0.91,155.2,51.3,51,,,,,,,,,,,
159.81235,20.24349,,,,,2.01,False,True,True,False,J103914.96+201436.6,,,,"FR-II,WAT",15.07,9.69,0.58,154.4,85.1,29,,,,,,,,,,,
159.81799,33.64163,0.36461,24.53,94.0,,1.84,False,True,False,True,J103916.22+333835.9,f,WISEA J103916.31+333829.8,s,"FR-II,NAT",8.01,5.3,0.54,71.6,8.3,18,,WHL J103917.2+333821,0.3683,s,1490.0,14.0,74.0,0.89,62.33,2.76,29.0
159.82017,10.42867,0.79667,25.97,309.0,,-0.68,False,True,True,False,J103916.89+102539.0,,DESI J103916.84+102543.2,p,"FR-II,WAT",39.44,26.53,0.52,153.3,36.2,40,,,,,,,,,,,
159.91142,5.17568,0.0679,24.75,94.0,,,False,False,True,False,J103938.49+051036.5,,2MASX J10393872+0510326,s,"--,WAT",453.18,154.77,1.41,144.2,67.5,70,,GMBCG J103938.7+051032,0.0679,s,297.0,0.0,0.0,0.864,36.19,1.63,37.0
159.91265,55.62883,0.52462,25.44,193.0,,1.7,False,False,True,False,J103938.84+553742.8,j,WISEA J103939.03+553743.7,s,"--,WAT",27.01,15.92,0.69,134.1,13.2,30,,WHL J103933.7+553743,0.5246,s,2034.0,45.0,291.0,0.645,28.62,1.3,12.0
159.94263,-6.75669,0.55364,25.74,272.0,,,False,True,True,False,J103946.94-064525.7,"f,g,j",DESI J103946.23-064524.1,p,"FR-II,WAT",47.89,27.61,0.72,123.8,20.3,41,,Y21 J103946.2-064524,0.547,p,2107.0,0.0,0.0,0.742,40.49,1.82,13.0
159.98033,14.31516,0.38057,25.82,339.0,8.47,1.89,True,False,True,False,J103955.42+141901.4,,WISEA J103955.27+141854.5,s,"FR-I,WAT",127.22,64.24,0.9,155.6,145.7,63,-23.25,WHL J103955.3+141855,0.3806,s,1535.0,0.0,0.0,0.708,34.74,1.57,18.0
160.08412,15.80852,0.79468,25.45,146.0,,1.89,False,True,True,False,J104020.00+154835.7,f,DESI J104020.19+154830.7,p,"FR-II,WAT",11.17,7.02,0.61,98.0,10.6,19,,Y21 J104020.2+154831,0.8225,p,2936.0,0.0,0.0,0.824,73.93,3.26,22.0
160.14983,13.41886,1.06779,26.81,468.0,,,False,True,True,False,J104036.54+132505.1,c,DESI J104035.96+132507.9,p,"FR-II,WAT",123.06,72.72,0.69,166.7,76.8,56,,WHL J104038.2+132552,0.4652,s,1833.0,54.0,328.0,0.586,15.35,0.71,7.0
160.18172,44.8942,0.60735,25.75,208.0,8.68,1.74,False,False,True,False,J104043.20+445337.4,,WISEA J104043.61+445339.1,s,"--,WAT",25.05,6.94,1.68,142.3,16.5,30,-23.48,WHL J104043.6+445339,0.6074,s,2301.0,0.0,0.0,0.647,31.27,1.41,16.0
160.18317,-1.04715,,,,,,False,True,True,False,J104043.96-010249.8,,,,"FR-II,WAT",18.73,8.0,1.12,90.8,10.2,31,,,,,,,,,,,
160.20434,14.81824,0.38777,24.78,245.0,9.23,1.82,False,False,True,False,J104049.18+144903.5,,SDSS J104049.04+144905.6,s,"--,WAT",15.37,16.49,-0.09,160.3,75.1,45,-23.17,WHL J104049.0+144906,0.3878,s,1561.0,0.0,0.0,0.632,22.0,1.0,10.0
160.24149,63.55477,,,,,,False,True,True,False,J104057.96+633317.2,,,,"FR-II,WAT",57.36,25.65,1.06,166.7,108.3,33,,,,,,,,,,,
160.2581,19.52079,0.23526,24.51,116.0,,1.25,False,True,False,True,J104101.49+193125.2,,DESI J104101.94+193114.8,p,"FR-II,NAT",17.21,6.28,1.32,72.1,14.6,30,,maxBCG J104111.8+193300,0.2399,s,1005.0,175.0,687.0,0.938,62.62,2.77,36.0
160.26696,33.92228,0.08348,24.35,166.0,,,False,True,True,False,J104105.00+335514.3,j,WISEA J104104.03+335520.8,s,"FR-II,WAT",114.29,32.42,1.65,106.3,49.0,102,,WHL J104100.6+335401,0.4403,s,1747.0,90.0,529.0,0.747,34.72,1.56,15.0
160.26905,-0.7244,0.135,,111.0,,1.09,False,True,True,False,J104105.21-004336.0,,SDSS J104104.57-004327.8,s,"FR-II,WAT",28.53,,,167.2,43.5,45,,maxBCG J104104.6-004328,0.1384,s,595.0,0.0,0.0,0.93,53.55,2.38,32.0
160.28639,5.0648,,,,,1.84,True,False,True,False,J104108.73+050353.3,,,,"FR-I,WAT",19.4,13.31,0.49,132.7,,30,,,,,,,,,,,
160.29273,42.68064,0.4913,25.04,149.0,,1.83,False,False,True,False,J104110.64+424053.3,,DESI J104110.25+424050.3,p,"--,WAT",14.85,12.03,0.28,114.3,12.6,24,,WHL J104110.6+424100,0.529,p,2048.0,11.0,71.0,0.872,72.95,3.21,44.0
160.30481,56.80873,0.1854,24.75,115.0,8.42,1.24,True,False,False,True,J104113.67+564837.9,,WISEA J104113.15+564831.4,s,"FR-I,NAT",52.59,22.05,1.14,84.9,11.6,36,-22.69,NSC J104055+564744,0.1646,p,703.0,149.0,436.0,,,,
160.31007,25.97021,,,,,,True,False,True,False,J104114.42+255812.8,,,,"FR-I,WAT",20.65,19.11,0.1,154.7,14.7,24,,,,,,,,,,,
160.32759,32.63713,0.44978,25.53,273.0,,1.04,False,True,True,False,J104118.87+323815.7,,DESI J104118.62+323813.7,p,"FR-II,WAT",48.24,28.68,0.68,154.7,,46,,WH J104121.9+323718,0.3645,p,1476.0,69.0,362.0,0.567,16.69,0.77,12.0
160.41253,-0.9044,0.59119,,246.0,8.84,1.84,False,True,True,False,J104139.05-005407.8,,DESI J104139.01-005415.8,p,"FR-II,WAT",21.09,,,139.2,25.2,36,-23.69,WHL J104139.0-005416,0.5913,s,2250.0,0.0,0.0,0.689,37.22,1.67,21.0
160.43079,23.60199,0.43224,25.2,116.0,7.98,1.83,True,False,False,True,J104143.04+233613.1,,WISEA J104143.39+233607.1,s,"FR-I,NAT",23.23,12.41,0.82,42.1,18.5,20,-23.39,GMBCG J104143.4+233606,0.4322,s,1718.0,1.0,6.0,0.637,22.35,1.02,14.0
160.44492,52.55784,0.67842,26.88,451.0,,-0.12,False,True,False,True,J104147.89+523334.8,,SBS 1038+528,s,"FR-II,NAT",745.18,1031.79,-0.43,84.8,21.2,62,,,,,,,,,,,
160.49093,25.82681,1.32779,25.83,276.0,,0.48,False,False,True,False,J104157.93+254940.2,,DESI J104157.82+254936.5,p,"--,WAT",12.11,10.47,0.19,140.5,14.2,32,,WH J104200.2+254910,0.3705,s,1498.0,42.0,223.0,0.546,12.51,0.58,9.0
160.54789,42.88549,0.87284,25.38,198.0,,0.93,False,True,True,False,J104211.56+425310.2,c,DESI J104211.49+425307.8,p,"FR-II,WAT",10.14,8.85,0.18,138.2,17.4,25,,WHL J104223.0+425230,0.1628,s,696.0,132.0,383.0,0.526,12.02,0.56,10.0
160.67221,17.39134,0.19225,24.48,235.0,,1.27,False,True,True,False,J104241.81+172334.5,,WISEA J104241.32+172328.8,s,"FR-II,WAT",27.28,14.17,0.86,159.7,115.2,71,,WHL J104241.3+172329,0.1923,s,815.0,0.0,0.0,0.66,20.08,0.92,16.0
160.72821,29.12213,1.07195,26.25,317.0,,,False,True,False,True,J104254.14+290719.9,"c,f,j",DESI J104254.77+290719.7,p,"FR-II,NAT",29.35,14.77,0.9,81.3,14.6,38,,WH J104254.1+290728,1.1275,p,3706.0,12.0,101.0,0.74,68.18,3.01,7.0
160.75041,14.77685,0.42969,24.75,104.0,9.94,1.81,True,False,True,False,J104300.12+144641.5,,SDSS J104300.09+144636.6,s,"FR-I,WAT",9.89,7.34,0.39,90.7,32.0,18,-22.98,WHL J104300.1+144637,0.4298,s,1710.0,0.0,0.0,0.595,18.11,0.83,13.0
160.78427,21.24037,0.36201,25.05,167.0,8.59,1.7,False,True,True,False,J104307.91+211429.2,a,WISEA J104308.22+211425.3,s,"FR-II,WAT",27.22,18.75,0.49,121.2,12.9,32,-22.43,AMF J104311.1+211412,0.3636,s,1473.0,42.0,220.0,0.694,31.52,1.42,23.0
160.8508,8.55132,0.28494,25.51,609.0,,1.56,False,False,True,False,J104323.79+083316.2,,WISEA J104324.19+083304.7,s,"--,WAT",99.87,28.16,1.66,158.2,154.3,137,,AMF J104324.2+083305,0.2849,s,1179.0,0.0,0.0,0.618,18.98,0.87,8.0
160.85901,9.78661,0.44716,25.14,189.0,,1.86,False,True,True,False,J104326.39+094719.1,f,DESI J104326.16+094711.8,p,"FR-II,WAT",18.67,10.01,0.82,154.6,18.6,32,,WHL J104326.2+094712,0.432,s,1718.0,0.0,0.0,0.923,72.54,3.2,51.0
160.89127,21.89036,0.28816,25.36,255.0,,1.18,False,True,True,False,J104333.15+215341.2,,DESI J104333.91+215325.3,p,"FR-II,WAT",77.98,32.7,1.14,126.9,24.6,57,,WHL J104328.4+215138,0.2655,p,1104.0,131.0,554.0,0.79,40.51,1.82,17.0
160.88992,26.78697,0.55886,24.81,133.0,,1.84,True,False,True,False,J104333.90+264713.4,,WISEA J104333.58+264713.0,s,"FR-I,WAT",6.8,5.82,0.2,130.2,16.0,20,,WHL J104333.5+264713,0.5588,s,2146.0,1.0,7.0,0.564,26.25,1.19,9.0
160.90846,32.49284,0.42333,25.37,137.0,8.58,1.83,True,False,True,False,J104338.16+322929.5,,WISEA J104338.03+322934.2,s,"FR-I,WAT",29.5,10.2,1.39,116.2,9.4,24,-22.7,Y21 J104338.0+322934,0.4233,s,1687.0,0.0,0.0,0.596,22.46,1.03,12.0
160.92931,21.65875,0.63343,25.19,190.0,8.52,1.18,False,True,True,False,J104343.24+213935.5,,WISEA J104343.03+213931.4,s,"FR-II,WAT",12.86,11.38,0.16,143.6,31.9,27,-22.48,,,,,,,,,,
160.96586,17.2652,0.44374,24.71,118.0,,1.96,False,True,True,False,J104352.08+171555.7,,DESI J104351.81+171554.7,p,"FR-II,WAT",8.32,6.32,0.36,122.9,16.4,20,,WHL J104351.8+171555,0.4407,s,1748.0,0.0,0.0,0.756,42.54,1.91,26.0
160.98589,15.01423,0.9617,25.73,245.0,,2.1,False,True,True,False,J104356.69+150058.3,c,DESI J104356.61+150051.2,p,"FR-II,WAT",17.89,15.01,0.23,98.7,12.6,30,,WH J104356.6+150051,1.0376,p,3494.0,0.0,0.0,0.651,47.58,2.12,7.0
161.06794,52.68211,0.18684,24.79,210.0,,1.26,False,True,True,False,J104416.39+524045.7,a,WISEA J104416.30+524055.6,s,"FR-II,WAT",57.26,25.41,1.07,140.7,64.7,65,,maxBCG J104402.9+524228,0.1854,s,788.0,153.0,493.0,0.849,38.42,1.73,22.0
161.16096,52.26041,0.45677,25.72,276.0,,1.81,False,True,True,False,J104438.56+521543.7,,DESI J104438.63+521537.5,p,"FR-II,WAT",67.52,34.94,0.86,153.9,26.2,46,,GMBCG J104438.6+521537,0.4525,p,1789.0,0.0,0.0,0.604,23.96,1.09,19.0
161.16787,49.69466,1.43572,27.16,373.0,,0.92,False,True,True,False,J104439.90+494143.1,,WISEA J104440.28+494140.7,s,"FR-II,WAT",134.89,77.14,0.73,115.4,17.1,43,,WH J104438.9+494248,0.4805,s,1885.0,68.0,420.0,0.434,13.1,0.61,7.0
161.25633,12.96742,0.3056,25.28,172.0,,1.64,True,False,True,False,J104501.29+125807.8,"f,h,j",WISEA J104501.51+125802.7,s,"FR-I,WAT",56.32,23.33,1.16,108.7,15.6,37,,maxBCG J104501.5+125803,0.3056,s,1258.0,1.0,5.0,0.932,65.08,2.88,48.0
161.26974,60.83912,0.61823,25.55,230.0,,1.92,False,True,True,False,J104505.32+605021.7,,WISEA J104504.73+605020.8,s,"FR-II,WAT",24.45,15.01,0.64,139.3,26.4,33,,WHL J104504.8+605021,0.6183,s,2335.0,0.0,0.0,0.628,21.14,0.97,9.0
161.311,56.34711,0.20538,24.79,209.0,,1.37,True,False,True,False,J104514.24+562035.3,,WISEA J104514.64+562049.5,s,"FR-I,WAT",48.36,25.15,0.86,123.1,31.5,60,,WHL J104514.6+562049,0.2054,s,868.0,0.0,0.0,0.611,16.94,0.78,11.0
161.31784,23.86127,0.13956,24.29,94.0,8.31,1.13,False,False,False,True,J104516.86+235147.3,"a,j",2MASS J10451628+2351405,s,"--,NAT",33.93,13.09,1.25,74.8,13.3,37,,WHL J104516.5+235142,0.1397,s,600.0,3.0,8.0,0.837,41.37,1.85,15.0
161.43358,52.83812,0.25726,25.94,111.0,8.58,1.5,False,False,True,False,J104544.04+525018.1,f,WISEA J104544.05+525017.2,s,"--,WAT",235.43,18.13,3.36,121.7,12.2,27,-23.2,maxBCG J104544.1+525017,0.2578,s,1074.0,0.0,0.0,0.763,36.95,1.66,18.0
161.48669,12.33423,,,,,,False,False,True,False,J104556.81+122003.2,,,,"--,WAT",13.65,5.97,1.09,141.6,26.7,37,,,,,,,,,,,
161.56908,-5.05647,0.24975,25.36,129.0,,,False,True,True,False,J104616.67-050331.5,,DESI J104616.58-050323.3,p,"FR-II,WAT",110.14,46.12,1.14,128.2,9.0,32,,,,,,,,,,,
161.62549,55.7927,0.6143,25.13,230.0,8.07,1.68,False,True,True,False,J104630.49+554740.5,,SDSS J104630.11+554733.4,s,"FR-II,WAT",10.99,8.47,0.34,130.8,30.0,33,-22.1,GMBCG J104620.1+554533,0.3799,s,1532.0,147.0,791.0,0.603,16.98,0.78,9.0
161.6378,53.21338,0.54512,25.91,276.0,,1.58,False,False,True,False,J104633.96+531248.5,,DESI J104633.07+531248.2,p,"--,WAT",70.34,38.64,0.79,159.6,284.4,42,,GMBCG J104629.3+531350,0.2504,s,1046.0,71.0,288.0,0.554,16.13,0.74,8.0
161.68091,5.64419,0.30487,25.22,139.0,,1.58,False,False,True,False,J104643.97+053842.9,f,WISEA J104643.41+053839.0,s,"--,WAT",53.58,27.01,0.9,91.4,13.8,30,,maxBCG J104643.4+053839,0.3049,s,1255.0,0.0,0.0,0.716,32.01,1.45,16.0
161.69111,31.74079,0.11386,24.68,216.0,,1.02,True,False,True,False,J104645.76+314422.3,d,SDSS J104645.86+314426.8,s,"FR-I,WAT",134.95,71.1,0.84,139.2,107.7,101,,WHL J104645.9+314427,0.1131,s,489.0,0.0,0.0,0.62,10.72,0.55,5.0
161.69715,12.17902,1.08408,26.25,268.0,,,False,True,True,False,J104647.13+121046.8,j,DESI J104647.32+121044.5,p,"FR-II,WAT",43.1,33.3,0.34,115.1,10.3,32,,CFSFDP J104649.8+121249,0.6708,p,2497.0,129.0,935.0,0.42,11.41,0.53,8.0
161.69842,9.04831,0.22344,24.66,78.0,8.75,1.41,True,False,False,True,J104648.06+090259.6,f,2MASS J10464761+0902539,s,"FR-I,NAT",29.37,15.19,0.87,46.2,5.6,21,-22.51,WHL J104651.7+090418,0.2234,s,940.0,103.0,384.0,1.0,71.5,3.15,58.0
161.71879,-3.1763,,,,,,False,True,True,False,J104652.51-031034.7,,,,"FR-II,WAT",23.86,10.01,1.14,143.7,24.9,36,,,,,,,,,,,
161.77273,52.23945,,,,,,False,True,True,False,J104705.46+521422.0,,,,"FR-II,WAT",22.14,12.86,0.71,161.0,270.1,38,,,,,,,,,,,
161.78319,-0.98716,,,,,,True,False,True,False,J104707.97-005913.8,f,,,"FR-I,WAT",22.47,,,154.5,51.1,62,,,,,,,,,,,
161.79611,35.74356,0.37973,25.58,339.0,8.79,1.22,False,True,True,False,J104711.36+354436.7,,WISEA J104711.06+354436.8,s,"FR-II,WAT",76.12,42.63,0.76,169.9,201.7,63,-21.52,,,,,,,,,,
161.80875,-0.46756,0.43601,26.08,631.0,,1.4,False,False,True,False,J104714.09-002806.0,,SDSS J104714.09-002803.2,s,"--,WAT",168.08,82.61,0.93,167.0,220.1,108,,AMF J104714.1-002803,0.4184,p,1670.0,0.0,0.0,0.64,25.69,1.17,13.0
161.8393,6.14631,,,,,,False,True,True,False,J104721.43+060846.7,,,,"FR-II,WAT",14.92,8.62,0.72,142.6,17.8,28,,,,,,,,,,,
161.84321,0.66266,,,,,,False,False,True,False,J104722.37+003945.6,,,,"--,WAT",21.8,12.5,0.73,135.3,16.2,29,,,,,,,,,,,
161.92672,41.21432,0.94366,25.9,235.0,,1.64,False,False,True,False,J104742.53+411249.7,,DESI J104742.41+411251.6,p,"--,WAT",20.07,11.59,0.72,164.0,32.4,29,,WH J104742.4+411252,0.9853,p,3365.0,0.0,0.0,0.59,30.48,1.38,6.0
161.92842,43.78133,0.08582,24.43,225.0,8.37,0.99,False,True,True,False,J104742.65+434706.5,,DESI J104742.83+434652.7,s,"FR-II,WAT",127.36,33.37,1.76,165.7,127.3,135,-22.24,AMF J104745.0+434840,0.545,s,2101.0,110.0,725.0,0.458,12.53,0.58,7.0
161.96418,-1.71227,0.22885,24.84,159.0,,1.34,True,False,True,False,J104752.13-014240.8,,DESI J104751.40-014244.2,p,"FR-I,WAT",42.81,23.05,0.81,138.3,42.8,42,,WHL J104751.3-014255,0.2389,p,1001.0,11.0,43.0,1.029,81.03,3.56,44.0
161.99705,15.26618,0.21436,25.76,339.0,,1.3,False,False,True,False,J104759.31+151606.6,j,WISEA J104759.29+151558.2,s,"--,WAT",361.25,113.17,1.52,154.4,55.8,94,,WH J104748.4+151513,0.7252,p,2659.0,164.0,1225.0,0.482,11.95,0.56,6.0
162.12322,-2.00212,0.2142,24.57,90.0,,1.3,True,False,True,False,J104829.35-020009.6,,DESI J104829.57-020007.6,p,"FR-I,WAT",26.46,14.04,0.83,122.9,16.4,25,,WH J104829.6-020008,0.2036,p,861.0,0.0,0.0,0.551,16.62,0.77,7.0
162.14938,10.40552,0.70996,25.95,311.0,8.45,1.62,False,False,True,False,J104836.05+102425.1,,WISEA J104835.85+102419.8,s,"--,WAT",37.79,17.71,0.99,155.4,58.9,42,-23.18,WH J104835.9+102420,0.7099,s,2614.0,0.0,0.0,0.632,24.9,1.13,8.0
162.18861,18.9661,0.13536,24.63,84.0,8.42,,False,True,True,False,J104845.87+185759.0,f,2MASS J10484526+1857579,s,"FR-II,WAT",85.15,48.39,0.74,121.4,34.2,34,-23.02,GMBCG J162.18861+18.96607,0.139,p,598.0,0.0,0.0,,,,
162.2144,35.52566,0.36718,26.41,137.0,,1.78,False,False,True,False,J104851.61+353133.6,,DESI J104851.46+353132.4,p,"--,WAT",220.63,12.89,3.73,135.7,12.9,26,,WHL J104851.5+353136,0.3781,s,1526.0,4.0,21.0,0.92,66.62,2.94,54.0
162.23036,31.32919,0.11719,24.39,83.0,8.65,1.04,True,False,True,False,J104855.35+311948.8,g,DESI J104855.29+311945.1,p,"FR-I,WAT",62.28,22.32,1.35,163.3,104.6,38,-23.14,maxBCG J104855.3+311945,0.1173,s,507.0,0.0,0.0,0.736,28.06,1.27,16.0
162.2456,13.8834,0.38509,25.06,200.0,,1.31,False,False,True,False,J104859.14+135311.0,,DESI J104858.94+135300.2,p,"--,WAT",25.14,18.64,0.39,96.0,18.9,37,,Y21 J104858.2+135305,0.897,p,3137.0,12.0,96.0,0.798,74.14,3.27,22.0
162.25104,23.63896,0.14756,24.44,98.0,,0.87,False,True,True,False,J104900.58+233818.5,,DESI J104900.25+233820.3,p,"FR-II,WAT",39.92,11.1,1.68,163.6,51.7,37,,,,,,,,,,,
162.26366,28.36575,,,,,,False,False,True,False,J104903.28+282156.7,,,,"--,WAT",30.54,19.99,0.56,113.2,10.0,27,,,,,,,,,,,
162.28297,32.48517,0.31594,24.76,109.0,,1.63,False,True,True,False,J104907.79+322909.7,,WISEA J104907.91+322906.6,s,"FR-II,WAT",18.54,11.66,0.61,111.5,10.4,23,,WH J104908.2+322854,0.3159,s,1296.0,13.0,62.0,0.549,18.92,0.87,7.0
162.29859,-3.39556,0.41551,24.85,136.0,,1.88,False,False,True,False,J104911.82-032346.6,,DESI J104911.66-032344.0,p,"--,WAT",13.34,9.88,0.39,162.4,17.1,24,,Y21 J104911.7-032344,0.424,p,1690.0,0.0,0.0,0.58,22.24,1.02,7.0
162.30867,0.99595,0.10648,24.52,173.0,8.63,,False,False,True,False,J104914.46+005957.0,d,WISEA J104914.08+005945.4,s,"--,WAT",104.75,46.54,1.06,136.1,104.2,86,-22.94,ZwCl 1046.7+0116,0.1179,p,509.0,38.0,84.0,,,,
162.31604,40.98805,1.20705,26.45,426.0,,0.59,False,True,True,False,J104915.75+405921.8,,SDSS J104915.84+405916.9,s,"FR-II,WAT",34.83,17.79,0.88,168.7,125.8,50,,WH J104923.0+410056,0.7854,s,2832.0,128.0,984.0,0.42,14.03,0.65,7.0
162.38523,62.64021,0.03523,22.94,27.0,,0.45,False,True,True,False,J104933.42+623831.1,,DESI J104932.45+623824.8,p,"FR-II,WAT",28.39,16.68,0.7,129.7,15.6,38,,,,,,,,,,,
162.39712,44.76358,0.22588,25.02,247.0,,1.41,False,False,True,False,J104933.91+444545.4,j,SDSS J104935.30+444548.8,s,"--,WAT",64.0,28.29,1.07,125.0,12.6,66,,WHL J104935.3+444549,0.2266,s,952.0,0.0,0.0,0.819,45.49,2.03,23.0
162.45252,17.63359,0.2406,24.57,90.0,8.58,1.44,True,False,False,True,J104948.66+173803.4,,WISEA J104948.60+173800.9,s,"FR-I,NAT",23.22,18.04,0.33,75.1,7.3,23,-23.03,WHL J104948.6+173801,0.2406,s,1007.0,0.0,0.0,0.619,22.47,1.03,9.0
162.4578,-6.57992,,,,,,False,True,True,False,J104949.87-063447.7,,,,"FR-II,WAT",27.56,17.61,0.59,125.2,17.4,40,,,,,,,,,,,
162.48074,46.31988,0.35079,25.66,399.0,8.98,1.84,False,False,True,False,J104954.94+461928.9,,DESI J104955.37+461911.5,s,"--,WAT",105.56,51.77,0.93,162.1,118.8,78,-23.78,GMBCG J104955.4+461911,0.3508,s,1426.0,0.0,0.0,0.723,36.06,1.62,16.0
162.54501,30.66552,0.26339,25.57,164.0,,1.46,False,True,True,False,J105010.65+303959.2,"a,b,f",DESI J105010.80+303955.9,p,"FR-II,WAT",163.9,80.87,0.93,143.7,26.0,39,,maxBCG J105006.4+304046,0.2592,s,1080.0,75.0,312.0,0.931,67.38,2.98,43.0
162.57917,6.35747,,,,,,False,True,True,False,J105019.00+062126.9,,,,"FR-II,WAT",27.95,11.7,1.14,141.7,18.6,31,,,,,,,,,,,
162.57958,19.55636,0.33569,25.06,203.0,8.39,1.73,False,True,True,False,J105019.18+193327.9,,WISEA J105019.09+193322.9,s,"FR-II,WAT",31.42,18.36,0.7,154.3,64.4,41,-23.2,Y21 J105019.1+193323,0.3357,s,1370.0,0.0,0.0,0.552,13.97,0.65,6.0
162.63071,41.56514,0.8923,26.16,264.0,,1.89,False,False,True,False,J105031.24+413352.4,,DESI J105031.37+413354.5,p,"--,WAT",44.87,28.92,0.58,142.8,24.4,33,,,,,,,,,,,
162.65605,-0.78995,0.85073,26.62,536.0,,1.3,False,False,True,False,J105037.13-004719.2,,DESI J105037.45-004723.8,p,"--,WAT",124.88,66.05,0.84,135.3,139.9,68,,WH J105037.4-004724,0.811,p,2904.0,0.0,0.0,0.489,19.9,0.91,7.0
162.69491,-0.34724,0.5991,25.67,386.0,,1.88,False,True,True,False,J105047.09-002052.2,,SDSS J105046.77-002050.0,s,"FR-II,WAT",32.69,17.81,0.8,155.2,47.6,56,,Y21 J105046.8-002050,0.6499,s,2433.0,0.0,0.0,0.528,12.56,0.58,6.0
162.7213,19.24829,0.72017,26.23,551.0,,0.92,False,True,True,False,J105053.07+191504.2,,DESI J105053.11+191453.9,p,"FR-II,WAT",69.01,32.8,0.98,147.5,96.2,74,,Y21 J105049.4+191203,0.6207,p,2343.0,178.0,1247.0,0.514,13.3,0.62,7.0
162.75173,6.437,,,,,1.32,True,False,False,True,J105100.42+062613.2,a,,,"FR-I,NAT",25.42,11.6,1.03,57.4,7.7,28,,,,,,,,,,,
162.75813,61.0348,0.3742,24.61,138.0,,1.82,False,False,True,False,J105102.01+610208.9,,WISEA J105101.95+610205.2,s,"--,WAT",10.11,8.62,0.21,143.4,20.4,26,,WHL J105114.4+610247,0.3768,s,1521.0,100.0,536.0,0.824,47.62,2.13,26.0
162.86242,-4.34256,1.0733,26.32,443.0,,,False,True,True,False,J105127.61-042025.2,,DESI J105126.98-042033.2,p,"FR-II,WAT",37.12,20.57,0.77,118.8,26.8,53,,,,,,,,,,,
162.8747,5.05671,0.22279,25.16,182.0,8.44,1.37,False,True,False,True,J105130.77+050310.2,"f,g,j",WISEA J105129.92+050324.1,s,"FR-II,NAT",90.13,38.33,1.12,58.1,15.3,49,-23.22,NSC J105137+050342,0.37,s,1496.0,93.0,492.0,,,,
162.89718,0.85934,2.23359,26.92,346.0,,0.08,False,True,True,False,J105135.58+005131.2,f,DESI J105135.32+005133.6,p,"FR-II,WAT",22.52,11.11,0.93,145.8,31.6,41,,CFSFDP J105133.6+004911,0.639,p,2400.0,145.0,1029.0,0.462,12.11,0.56,8.0
162.90936,58.13318,0.50123,25.47,195.0,8.98,1.93,True,False,False,True,J105139.49+580754.2,g,WISEA J105138.24+580759.4,s,"FR-I,NAT",33.79,21.16,0.61,63.5,10.2,31,-23.96,WHL J105138.3+580800,0.5012,s,1955.0,1.0,6.0,0.86,63.76,2.82,36.0
162.93005,51.58187,1.10627,26.24,294.0,,0.41,False,True,True,False,J105143.77+513456.5,,DESI J105143.21+513454.7,p,"FR-II,WAT",28.0,14.98,0.82,142.5,43.9,35,,,,,,,,,,,
162.95485,62.6886,0.4332,25.52,133.0,,1.94,False,False,False,True,J105148.91+624114.8,,WISEA J105149.16+624118.9,s,"--,NAT",47.99,25.5,0.83,79.7,7.3,23,,WHL J105157.1+624120,0.4433,p,1757.0,54.0,319.0,0.846,58.74,2.61,44.0
163.12163,11.75954,0.21945,25.33,165.0,8.48,1.35,True,False,False,True,J105228.68+114554.3,g,WISEA J105229.19+114534.3,s,"FR-I,NAT",132.63,50.46,1.27,45.2,53.7,45,-23.14,maxBCG J105229.2+114534,0.2184,s,920.0,0.0,0.0,0.793,42.67,1.91,29.0
163.1636,31.57158,1.69299,26.87,312.0,,0.24,False,False,True,False,J105238.94+313418.2,,WISEA J105239.26+313417.6,s,"--,WAT",54.47,34.1,0.61,142.4,91.4,36,,WHL J105236.9+313517,0.1636,s,699.0,67.0,195.0,0.52,13.14,0.61,7.0
163.22254,53.4607,0.37774,24.41,69.0,8.75,1.8,True,False,False,True,J105253.02+532738.4,,WISEA J105253.40+532738.5,s,"FR-I,NAT",7.02,7.99,-0.17,51.5,3.6,13,-22.81,WHL J105238.6+532750,0.3803,s,1534.0,132.0,711.0,0.713,31.41,1.42,15.0
163.25212,29.56553,0.23309,24.88,299.0,,1.39,False,True,True,False,J105300.70+293353.4,,SDSS J105300.50+293355.9,s,"FR-II,WAT",41.08,16.02,1.24,168.6,,78,,maxBCG J105300.5+293356,0.2353,s,987.0,0.0,0.0,0.769,38.34,1.72,18.0
163.28576,7.26422,1.01337,26.78,339.0,,,False,True,True,False,J105308.40+071551.4,,DESI J105308.58+071551.2,p,"FR-II,WAT",113.26,56.97,0.9,159.7,71.1,41,,,,,,,,,,,
163.30115,23.13635,0.38279,24.88,259.0,,1.77,False,False,True,False,J105312.43+230815.7,,WISEA J105312.27+230810.8,s,"--,WAT",17.31,13.66,0.31,158.1,73.5,48,,,,,,,,,,,
163.37742,53.8647,0.16176,25.54,181.0,8.41,1.24,False,False,True,False,J105330.83+535152.0,,WISEA J105330.58+535152.9,s,"--,WAT",464.21,258.86,0.77,168.9,91.3,63,-22.95,GMBCG J163.44072+53.88917,0.333,p,1360.0,161.0,797.0,,,,
163.46999,40.74596,1.05751,26.0,175.0,,0.81,False,False,True,False,J105352.96+404445.6,,DESI J105352.80+404445.5,p,"--,WAT",18.49,10.18,0.78,164.3,30.6,21,,,,,,,,,,,
163.51775,60.04567,,,,,,False,False,True,False,J105404.26+600244.4,,,,"--,WAT",31.27,16.27,0.86,134.5,13.6,27,,,,,,,,,,,
163.65386,49.79587,0.55337,25.42,345.0,,1.7,False,False,True,False,J105437.30+494742.8,,DESI J105436.93+494745.1,p,"--,WAT",21.25,10.86,0.88,154.4,53.1,52,,,,,,,,,,,
163.68803,56.28862,0.19156,24.62,112.0,,1.28,False,False,True,False,J105444.89+561718.8,,DESI J105445.13+561719.0,p,"--,WAT",35.65,14.11,1.22,144.0,17.0,34,,WHY18 J105445.1+561719,0.1999,s,846.0,0.0,0.0,0.646,20.87,0.95,10.0
163.75598,-5.66778,,,,,,False,False,True,False,J105501.44-054004.0,,,,"--,WAT",58.99,30.83,0.85,163.2,102.4,30,,,,,,,,,,,
163.81614,44.1587,1.08711,26.48,453.0,,1.08,False,True,True,False,J105515.71+440942.8,,DESI J105515.87+440931.3,p,"FR-II,WAT",53.09,29.51,0.77,125.8,41.2,54,,,,,,,,,,,
163.83154,35.40543,0.22948,24.48,60.0,8.43,1.42,True,False,True,False,J105519.58+352418.8,,WISEA J105519.56+352419.5,s,"FR-I,WAT",16.89,6.02,1.35,103.2,7.5,16,-23.22,maxBCG J105519.6+352419,0.23,s,966.0,0.0,0.0,0.742,32.35,1.46,14.0
163.87638,60.02706,0.98473,25.82,492.0,,,False,False,True,False,J105530.01+600137.7,,DESI J105530.33+600137.4,p,"--,WAT",16.1,10.02,0.62,165.4,87.2,60,,Y21 J105531.1+600352,0.6477,s,2426.0,134.0,957.0,0.532,19.16,0.88,10.0
163.89643,10.99886,0.12537,24.04,51.0,8.29,1.01,True,False,True,False,J105535.10+105955.1,,WISEA J105535.14+105955.8,s,"FR-I,WAT",24.08,9.73,1.19,124.7,11.1,22,-22.69,maxBCG J105538.2+110020,0.1307,s,563.0,51.0,123.0,0.886,47.63,2.13,29.0
163.93744,45.40043,0.0636,24.22,96.0,8.24,,True,False,True,False,J105545.08+452402.1,,DESI J105544.98+452401.5,s,"FR-I,WAT",154.72,60.98,1.22,151.1,99.2,76,-22.0,MSPM 03324,0.0643,p,282.0,162.0,208.0,,,,
163.97726,46.99631,0.21891,24.68,135.0,,1.34,False,False,True,False,J105554.30+465950.4,,DESI J105554.54+465946.7,p,"--,WAT",29.25,10.46,1.35,134.8,22.8,37,,,,,,,,,,,
164.03065,28.58209,0.82771,26.06,258.0,,1.52,False,False,True,False,J105607.42+283452.8,,DESI J105607.36+283455.5,p,"--,WAT",38.13,21.22,0.77,168.0,39.7,33,,maxBCG J105609.6+283411,0.2459,s,1028.0,54.0,216.0,0.744,31.18,1.41,23.0
164.04095,39.59049,0.55803,25.25,300.0,,1.83,False,False,True,False,J105610.00+393522.0,,WISEA J105609.82+393525.7,s,"--,WAT",14.35,7.7,0.82,158.6,38.9,45,,WHL J105606.5+393545,0.5574,s,2141.0,43.0,287.0,0.57,16.4,0.76,11.0
164.06155,11.47857,0.41918,25.18,142.0,8.2,1.85,True,False,True,False,J105614.38+112841.8,f,WISEA J105614.77+112842.8,s,"FR-I,WAT",20.88,8.38,1.2,115.2,9.0,25,-23.68,WHL J105614.8+112843,0.4192,s,1673.0,0.0,0.0,0.698,32.53,1.47,14.0
164.08818,-4.77315,0.52717,26.12,531.0,,,False,True,True,False,J105621.16-044618.5,,DESI J105621.16-044623.3,p,"FR-II,WAT",101.69,39.34,1.25,163.1,38.1,82,,WH J105622.6-044813,0.8972,p,3138.0,112.0,898.0,0.434,14.86,0.69,8.0
164.10325,16.74148,0.09456,24.66,101.0,,,False,False,False,True,J105626.35+164432.2,,WISEA J105624.78+164429.3,s,"--,NAT",181.89,59.27,1.47,30.0,25.4,56,,WH J105629.1+164337,0.6594,p,2462.0,82.0,590.0,0.556,20.58,0.94,7.0
164.11564,1.97566,,,,,,False,False,True,False,J105627.75+015832.4,,,,"--,WAT",40.45,29.22,0.43,152.7,36.0,40,,,,,,,,,,,
164.18076,9.59383,,,,,,False,True,True,False,J105643.38+093537.8,,,,"FR-II,WAT",38.07,18.24,0.97,129.3,23.0,44,,,,,,,,,,,
164.18611,20.75009,0.32948,24.66,88.0,,1.58,False,False,True,False,J105644.53+204503.0,,WISEA J105644.66+204500.3,s,"--,WAT",13.91,9.93,0.44,137.7,18.9,18,,GMBCG J105644.7+204500,0.3261,s,1335.0,0.0,0.0,0.739,31.83,1.44,20.0
164.19743,18.88119,0.79593,26.15,216.0,,1.05,False,False,True,False,J105647.25+185255.2,,DESI J105647.38+185252.3,p,"--,WAT",52.74,30.9,0.7,100.4,7.5,28,,WH J105645.4+185040,0.6704,s,2496.0,136.0,985.0,0.495,20.99,0.96,6.0
164.21248,33.18107,0.36,25.62,213.0,,1.62,True,False,True,False,J105651.19+331052.2,,DESI J105650.99+331051.8,p,"FR-I,WAT",95.12,53.48,0.76,120.0,19.0,41,,,,,,,,,,,
164.22563,5.287,0.45632,25.86,252.0,,-0.06,False,True,True,False,J105654.15+051710.8,,WISEA J105654.15+051713.2,s,"FR-II,WAT",113.94,89.62,0.32,155.4,31.5,42,,WHL J105659.8+051632,0.3638,p,1474.0,94.0,492.0,,,,
164.25366,10.81723,0.8234,25.69,281.0,,2.17,False,True,True,False,J105700.42+104904.2,,DESI J105700.88+104902.0,p,"FR-II,WAT",13.15,5.58,1.12,162.3,23.3,36,,,,,,,,,,,
164.26156,56.75087,0.13604,24.07,67.0,8.86,1.13,False,False,True,False,J105703.43+564509.6,g,WISEA J105702.77+564503.1,s,"--,WAT",22.75,12.55,0.78,129.1,20.2,27,-23.04,WH J105656.4+564608,0.6788,p,2521.0,84.0,612.0,0.471,18.08,0.83,11.0
164.26901,61.78784,0.91761,26.31,338.0,,1.17,False,False,True,False,J105704.78+614715.8,,DESI J105704.56+614716.2,p,"--,WAT",63.48,43.84,0.49,168.5,,42,,,,,,,,,,,
164.30399,-1.9053,0.34284,25.15,131.0,,1.66,False,True,True,False,J105712.90-015419.2,,WISEA J105712.95-015419.0,s,"FR-II,WAT",34.29,17.23,0.9,140.3,11.5,26,,WHL J105713.0-015419,0.3695,p,1495.0,0.0,0.0,0.975,75.5,3.32,42.0
164.31237,23.06708,0.33616,25.18,224.0,8.62,1.66,False,False,True,False,J105714.67+230357.6,,WISEA J105714.96+230401.4,s,"--,WAT",35.09,13.24,1.28,140.0,27.9,45,-23.17,WHL J105715.0+230401,0.3374,s,1377.0,0.0,0.0,0.82,39.81,2.28,23.0
164.33514,30.20843,0.2453,25.17,243.0,,,False,False,True,False,J105720.27+301233.5,a,SDSS J105720.44+301230.4,s,"--,WAT",79.67,45.07,0.75,150.8,48.3,61,,maxBCG J105720.0+301455,0.2427,s,1016.0,144.0,571.0,0.682,20.31,0.93,22.0
164.33804,6.99245,0.33296,25.36,316.0,,0.36,False,True,True,False,J105721.04+065933.6,,DESI J105721.13+065932.8,p,"FR-II,WAT",54.09,21.02,1.24,162.9,83.1,64,,,,,,,,,,,
164.40986,55.85246,0.36947,25.07,153.0,,1.68,True,False,True,False,J105737.99+555111.0,,DESI J105738.37+555108.9,p,"FR-I,WAT",24.93,13.65,0.79,97.2,9.7,29,,CFSFDP J105738.4+555109,0.3695,p,1495.0,0.0,0.0,0.531,13.88,0.64,12.0
164.47644,42.489,0.32462,24.66,150.0,8.46,1.71,False,True,True,False,J105754.61+422924.4,a,WISEA J105754.34+422920.3,s,"FR-II,WAT",14.67,11.22,0.35,143.8,35.5,31,-23.14,WHL J105754.4+422920,0.3246,s,1329.0,0.0,0.0,0.699,31.43,1.42,25.0
164.4794,8.63451,0.2196,25.28,135.0,8.69,1.38,False,False,True,False,J105755.04+083802.8,,WISEA J105755.05+083804.2,s,"--,WAT",122.73,50.55,1.16,169.5,,37,-23.48,,,,,,,,,,
164.49849,8.61284,1.06108,26.71,233.0,,0.65,False,False,True,False,J105759.89+083643.5,a,DESI J105759.64+083646.2,p,"--,WAT",72.34,30.69,1.13,131.3,16.7,28,,Y21 J105803.8+083756,0.2716,s,1128.0,94.0,404.0,0.69,25.15,1.14,13.0
164.6471,20.80541,0.07803,23.7,62.0,,0.94,False,False,False,True,J105835.34+204830.5,,WISEA J105835.30+204819.4,s,"--,NAT",29.97,8.78,1.61,75.4,16.0,41,,MSPM 05114,0.0777,p,339.0,175.0,267.0,,,,
164.67933,44.00451,0.39537,25.95,137.0,,0.88,True,False,True,False,J105843.02+440015.2,,DESI J105843.04+440016.2,p,"FR-I,WAT",167.58,95.89,0.73,112.9,8.0,25,,MSPM 02318,0.0578,p,253.0,125.0,145.0,,,,
164.69033,32.52258,0.34235,24.91,146.0,,1.68,False,True,True,False,J105846.00+323118.2,,WISEA J105845.68+323121.2,s,"FR-II,WAT",22.78,15.95,0.47,124.5,38.1,29,,CLuMPR J105846.2+323116,0.4471,p,1770.0,8.0,47.0,0.508,16.14,0.74,10.0
164.69425,-3.9237,0.35485,25.7,216.0,,,False,False,True,False,J105846.44-035522.0,,DESI J105846.62-035525.3,p,"--,WAT",116.38,63.65,0.79,149.7,18.3,42,,Y21 J105846.6-035525,0.3613,p,1465.0,0.0,0.0,0.825,41.99,1.88,24.0
164.70211,-1.57231,,,,,,False,False,True,False,J105848.51-013420.3,,,,"--,WAT",11.2,9.57,0.21,131.3,12.6,27,,,,,,,,,,,
164.77026,58.36208,0.40613,25.2,168.0,,1.7,True,False,True,False,J105905.48+582145.5,,DESI J105904.86+582143.5,p,"FR-I,WAT",27.91,16.24,0.71,114.6,14.2,30,,WH J105904.9+582143,0.4061,p,1626.0,0.0,0.0,0.489,13.6,0.63,6.0
164.86898,33.78636,0.66746,25.82,238.0,,2.19,False,False,True,False,J105928.59+334710.3,,WISEA J105928.55+334710.8,s,"--,WAT",35.06,18.8,0.82,130.5,15.4,33,,Y21 J105928.6+334711,0.6674,s,2487.0,0.0,0.0,0.565,26.27,1.19,9.0
164.90635,39.91501,0.18012,25.13,154.0,,1.42,True,False,True,False,J105936.47+395455.7,,DESI J105937.52+395454.0,p,"FR-I,WAT",138.5,67.8,0.94,141.7,117.7,49,,WHL J105937.9+395451,0.3153,s,1294.0,5.0,24.0,0.837,45.6,2.04,36.0
164.9642,8.30046,0.82118,26.16,296.0,,1.67,False,False,True,False,J105951.27+081810.2,,DESI J105951.41+081801.7,p,"--,WAT",48.61,26.99,0.77,142.1,63.8,38,,Y21 J105951.4+081802,0.8065,p,2892.0,0.0,0.0,0.829,83.65,3.67,38.0
165.00475,23.23698,0.55668,26.59,819.0,,0.14,True,False,True,False,J110001.37+231434.2,,DESI J110001.14+231413.1,s,"FR-I,WAT",230.03,71.29,1.54,155.1,14.2,123,,,,,,,,,,,
165.02063,61.88679,1.06869,26.28,326.0,,,False,False,True,False,J110004.26+615313.8,,DESI J110004.95+615312.4,p,"--,WAT",30.56,15.0,0.93,148.9,53.4,39,,,,,,,,,,,
165.02524,44.36233,0.50456,25.1,133.0,,0.31,True,False,True,False,J110006.31+442148.0,,DESI J110006.06+442144.4,p,"FR-I,WAT",23.52,39.21,-0.67,125.8,18.3,21,,,,,,,,,,,
165.05774,17.34942,1.07158,26.43,267.0,,1.92,False,True,True,False,J110014.14+172058.2,,DESI J110013.86+172057.9,p,"FR-II,WAT",28.33,9.0,1.5,159.9,,32,,,,,,,,,,,
165.08794,60.275,0.19856,24.88,173.0,,1.29,False,False,True,False,J110020.99+601628.1,,WISEA J110021.10+601629.9,s,"--,WAT",62.15,27.66,1.06,145.6,33.3,51,,WHL J110026.2+601649,0.1977,s,837.0,43.0,146.0,0.8,29.27,1.64,12.0
165.08787,24.04814,,,,,,False,True,True,False,J110021.09+240253.3,c,,,"FR-II,WAT",18.17,8.94,0.93,149.3,22.7,29,,,,,,,,,,,
165.12765,40.79496,0.44636,25.31,171.0,,1.83,False,False,True,False,J110030.77+404746.1,,WISEA J110030.63+404741.8,s,"--,WAT",28.65,16.02,0.76,146.7,13.6,29,,WHL J110030.7+404742,0.4464,s,1768.0,0.0,0.0,0.677,28.93,1.31,15.0
165.23337,12.01946,0.56646,25.17,174.0,,1.75,False,False,True,False,J110056.25+120111.0,,DESI J110056.01+120110.1,p,"--,WAT",13.92,10.19,0.41,162.7,25.2,26,,WH J110051.9+120030,0.5412,s,2088.0,72.0,473.0,0.513,17.08,0.79,6.0
165.36098,26.24108,0.59521,25.49,137.0,,1.8,True,False,True,False,J110126.63+261430.8,,DESI J110126.63+261427.9,p,"FR-I,WAT",22.06,12.45,0.75,101.6,7.3,20,,WHL J110126.6+261428,0.606,s,2297.0,0.0,0.0,0.662,38.26,1.72,13.0
165.43083,59.53156,0.47606,25.42,159.0,8.65,1.84,True,False,True,False,J110144.06+593150.8,,WISEA J110143.39+593153.6,s,"FR-I,WAT",32.67,19.09,0.7,99.6,8.6,26,-22.68,WHL J110143.4+593153,0.4761,s,1870.0,1.0,6.0,0.614,27.95,1.27,16.0
165.43521,38.64953,0.83079,25.69,211.0,,2.36,False,True,True,False,J110144.18+383859.7,,DESI J110144.45+383858.3,p,"FR-II,WAT",18.25,11.88,0.56,109.2,10.2,27,,WH J110143.9+383847,0.6456,p,2420.0,12.0,86.0,0.473,16.5,0.76,7.0
165.45011,25.46503,,,,,,False,True,True,False,J110148.03+252754.1,c,,,"FR-II,WAT",30.54,13.93,1.03,153.2,25.0,31,,,,,,,,,,,
165.50505,12.23415,0.43923,25.26,117.0,,1.74,True,False,True,False,J110201.24+121359.6,,WISEA J110201.21+121402.9,s,"FR-I,WAT",22.53,9.27,1.17,168.2,32.9,20,,WHL J110201.2+121402,0.4393,s,1743.0,1.0,6.0,0.775,43.82,1.96,31.0
165.5653,29.1237,0.10598,24.7,106.0,8.29,0.85,False,True,True,False,J110215.90+290725.3,,2MASS J11021567+2907253,s,"FR-II,WAT",164.51,88.6,0.81,149.0,238.7,53,-21.71,,,,,,,,,,
165.57812,16.15405,0.8958,25.85,184.0,,,True,False,True,False,J110219.08+160919.6,,DESI J110218.75+160914.6,p,"FR-I,WAT",17.8,8.87,0.91,108.9,11.1,23,,WH J110206.5+160921,0.9178,p,3192.0,177.0,1428.0,0.614,26.64,1.21,14.0
165.70716,40.72708,0.3381,24.62,129.0,,1.73,False,True,True,False,J110249.76+404338.7,a,WISEA J110249.71+404337.4,s,"FR-II,WAT",11.52,7.51,0.56,164.3,23.1,26,,GMBCG J110249.7+404338,0.3381,s,1379.0,0.0,0.0,0.529,13.02,0.6,7.0
165.7247,27.0632,0.61492,25.76,216.0,,1.75,False,True,True,False,J110254.00+270345.0,,DESI J110253.93+270347.5,p,"FR-II,WAT",38.72,22.09,0.74,115.8,17.7,31,,Y21 J110306.2+270419,0.5708,p,2184.0,167.0,1126.0,0.515,17.19,0.79,6.0
165.7628,6.429,,,,,,False,True,True,False,J110303.07+062544.4,,,,"FR-II,WAT",45.25,24.29,0.82,144.5,18.8,30,,,,,,,,,,,
165.86878,-5.56882,,,,,,False,False,True,False,J110328.51-053407.8,,,,"--,WAT",50.8,27.37,0.81,134.9,14.2,31,,,,,,,,,,,
165.87116,46.23387,1.17825,26.34,323.0,,0.25,False,False,True,False,J110329.25+461358.6,c,DESI J110329.07+461401.7,s,"--,WAT",52.97,49.41,0.09,151.5,38.8,38,,,,,,,,,,,
165.88502,17.04188,0.38257,25.3,200.0,,1.83,True,False,False,True,J110332.32+170242.4,,WISEA J110332.40+170230.7,s,"FR-I,NAT",40.31,23.9,0.69,80.4,16.7,37,,WHL J110332.4+170231,0.4087,p,1636.0,1.0,6.0,0.727,39.83,1.79,19.0
165.88521,3.93983,0.30444,25.47,223.0,9.06,1.63,True,False,True,False,J110332.65+035618.0,f,WISEA J110332.44+035623.3,s,"FR-I,WAT",100.55,58.35,0.71,105.2,19.1,48,-23.24,maxBCG J110332.5+035624,0.3044,s,1253.0,0.0,0.0,0.709,35.54,1.6,25.0
165.88953,54.34325,,,,,,False,True,True,False,J110333.49+542035.7,,,,"FR-II,WAT",13.12,9.06,0.49,121.9,12.4,18,,,,,,,,,,,
165.91393,59.61822,0.19812,24.54,71.0,,1.31,False,False,True,False,J110339.95+593703.7,,WISEA J110339.34+593705.6,s,"--,WAT",30.53,19.36,0.6,96.9,10.0,21,,Y21 J110339.3+593705,0.1981,s,839.0,0.0,0.0,0.579,14.68,0.68,10.0
165.92106,18.91639,0.9276,25.27,105.0,,1.74,False,True,False,True,J110341.41+185459.1,,DESI J110341.06+185459.0,p,"FR-II,NAT",5.9,4.29,0.42,45.8,11.9,13,,CLuMPR J110341.1+185459,0.8713,p,3069.0,0.0,0.0,0.556,28.5,1.29,9.0
166.02867,37.3502,0.95408,25.76,195.0,,0.94,True,False,False,True,J110407.40+372105.3,c,DESI J110406.88+372100.7,p,"FR-I,NAT",21.22,19.65,0.1,52.5,5.9,24,,CFSFDP J110412.2+371928,0.4689,s,1846.0,112.0,682.0,0.591,23.24,1.06,10.0
166.03731,35.74647,0.56868,25.52,168.0,8.59,1.74,False,True,True,False,J110408.98+354448.6,,WISEA J110408.95+354447.3,s,"FR-II,WAT",29.81,20.74,0.48,147.2,211.5,25,-22.75,WHL J110408.3+354442,0.57,s,2182.0,10.0,67.0,0.671,35.19,1.59,15.0
166.08219,5.53255,0.96547,25.82,196.0,,1.95,True,False,True,False,J110419.62+053156.1,,DESI J110419.72+053157.2,p,"FR-I,WAT",20.58,16.27,0.31,151.5,15.1,24,,CFSFDP J110416.3+053339,0.4414,s,1751.0,114.0,671.0,0.487,16.01,0.74,11.0
166.15139,21.40498,0.1877,24.82,120.0,,0.24,True,False,True,False,J110436.15+212419.1,,WISEA J110436.33+212417.9,s,"FR-I,WAT",66.25,42.41,0.59,123.7,17.6,37,-22.59,,,,,,,,,,
166.15641,5.07502,0.30956,25.27,230.0,8.5,1.64,False,False,True,False,J110438.13+050425.5,,WISEA J110437.53+050430.0,s,"--,WAT",43.44,10.13,1.91,137.3,34.6,49,-23.21,maxBCG J110437.5+050430,0.3081,s,1267.0,0.0,0.0,0.903,60.83,2.7,36.0
166.18548,47.44942,0.21767,25.18,226.0,8.48,1.42,False,False,True,False,J110443.70+472654.8,"f,j",DESI J110444.51+472657.8,s,"--,WAT",102.75,48.75,0.98,155.2,75.3,62,-22.51,maxBCG J110455.5+472516,0.2188,s,921.0,152.0,557.0,1.158,120.66,5.24,76.0
166.23774,0.49964,0.33341,24.94,173.0,8.07,1.71,False,False,True,False,J110456.69+003001.2,a,WISEA J110457.05+002958.7,s,"--,WAT",24.0,14.14,0.69,108.2,13.3,35,-23.17,GMBCG J110457.1+002959,0.3334,s,1362.0,0.0,0.0,0.778,44.16,1.98,25.0
166.30946,1.15226,1.44846,26.57,329.0,,0.59,False,False,True,False,J110514.20+010907.2,,WISEA J110514.26+010908.1,s,"--,WAT",84.52,104.71,-0.28,157.6,30.5,38,,,,,,,,,,,
166.34564,30.41841,0.42204,25.53,223.0,,1.6,False,False,True,False,J110523.17+302506.0,,DESI J110522.95+302506.3,p,"--,WAT",54.86,32.44,0.69,169.2,26.9,39,,WH J110533.9+302626,0.8908,p,3121.0,163.0,1304.0,0.614,37.4,1.68,13.0
166.35068,59.72814,0.35945,25.58,192.0,,1.82,False,False,True,False,J110523.99+594337.5,f,WISEA J110524.16+594341.2,s,"--,WAT",88.4,51.95,0.7,122.5,17.5,37,,WHL J110524.2+594342,0.3594,s,1458.0,1.0,5.0,0.681,28.5,1.29,14.0
166.35343,14.32158,0.27147,24.88,197.0,,1.51,True,False,True,False,J110525.50+141917.8,,DESI J110524.82+141917.7,p,"FR-I,WAT",28.83,10.98,1.27,132.4,32.0,46,,WH J110524.1+141915,0.2727,p,1132.0,11.0,47.0,0.505,14.61,0.68,8.0
166.36918,22.62133,1.72601,27.51,286.0,,1.63,False,True,True,False,J110528.73+223725.6,c,DESI J110528.60+223716.8,p,"FR-II,WAT",160.45,77.89,0.95,92.9,12.4,33,,,,,,,,,,,
166.37088,12.58291,0.12553,24.69,109.0,,1.07,False,False,True,False,J110529.69+123505.3,f,2MASXi J1105289+123458,s,"--,WAT",103.85,34.54,1.44,116.5,17.9,47,,WHL J110529.0+123458,0.1386,p,596.0,0.0,0.0,,,,
166.38297,41.09731,0.15207,24.76,241.0,,1.15,False,False,True,False,J110531.27+410550.8,,WISEA J110531.91+410550.3,s,"--,WAT",81.53,28.95,1.36,139.9,68.3,88,,WHL J110534.9+410524,0.1534,s,657.0,43.0,119.0,0.751,32.32,1.46,14.0
166.47954,-0.06115,0.07761,25.06,137.0,,,False,True,True,False,J110555.25-000330.6,j,DESI J110555.09-000340.1,p,"FR-II,WAT",641.36,100.44,2.43,142.7,70.7,90,,SDSS CE J166.472778-00.109674,,p,,176.0,,,,,
166.49778,47.5525,,,,,,False,True,True,False,J110559.47+473309.0,c,,,"FR-II,WAT",95.45,44.88,0.99,125.2,9.3,27,,,,,,,,,,,
166.5205,17.28829,1.63047,25.75,173.0,,0.25,False,False,True,False,J110604.83+171715.6,c,DESI J110604.92+171717.9,p,"--,WAT",9.87,11.55,-0.21,126.2,7.0,20,,CLuMPR J110606.7+171513,0.5076,s,1977.0,127.0,807.0,0.477,10.89,0.51,7.0
166.52136,11.40618,0.28231,25.23,97.0,8.63,1.53,False,False,True,False,J110604.95+112422.8,,WISEA J110605.12+112422.2,s,"--,WAT",49.38,10.93,1.98,117.7,10.2,22,-23.22,WH J110608.7+112447,0.6201,p,2341.0,58.0,406.0,0.584,17.67,0.81,6.0
166.56192,-4.43125,0.2909,25.03,225.0,,,True,False,True,False,J110614.74-042554.6,,WISEA J110614.86-042552.1,s,"FR-I,WAT",38.58,20.43,0.83,164.2,40.8,50,,Y21 J110614.1-042601,0.7838,p,2828.0,14.0,108.0,0.565,16.1,0.74,10.0
166.5655,3.89308,0.24579,25.02,271.0,,1.33,False,True,True,False,J110615.57+035336.0,,DESI J110615.72+035335.1,p,"FR-II,WAT",49.03,16.74,1.41,155.9,35.3,68,,maxBCG J110616.5+035351,0.2457,s,1027.0,20.0,80.0,1.028,81.21,3.57,56.0
166.56873,9.80266,,,,,,False,False,True,False,J110616.50+094809.6,,,,"--,WAT",105.77,44.17,1.15,165.8,,55,,,,,,,,,,,
166.57401,-0.82162,0.41188,25.37,175.0,,1.95,False,True,True,False,J110618.06-004914.4,,SDSS J110617.76-004917.7,s,"FR-II,WAT",36.88,17.73,0.96,120.1,16.9,31,,WHL J110618.3-004937,0.4128,s,1650.0,20.0,113.0,0.862,59.84,2.65,35.0
166.59812,5.13983,,,,,,False,True,True,False,J110623.55+050823.4,,,,"FR-II,WAT",18.53,10.01,0.81,143.1,17.4,29,,,,,,,,,,,
166.70468,29.89812,0.46481,26.02,412.0,9.43,1.82,False,False,True,False,J110649.31+295353.8,,WISEA J110649.12+295353.2,s,"--,WAT",131.77,72.48,0.78,168.2,96.0,68,-24.05,WHL J110649.1+295353,0.4603,s,1816.0,0.0,0.0,0.67,30.05,1.36,29.0
166.71927,34.64036,0.78665,25.95,261.0,,0.85,False,True,True,False,J110652.59+343822.1,c,DESI J110652.62+343825.3,p,"FR-II,WAT",33.6,18.84,0.76,155.0,22.8,34,,,,,,,,,,,
166.7547,28.9523,0.21384,24.68,72.0,8.49,1.33,True,False,True,False,J110701.33+285712.4,,WISEA J110701.12+285708.2,s,"FR-I,WAT",33.12,15.53,0.99,103.8,9.3,20,-23.4,maxBCG J110701.1+285708,0.214,s,902.0,0.0,0.0,0.865,50.42,2.25,30.0
166.77287,33.83022,,,,,,False,True,True,False,J110705.49+334948.8,,,,"FR-II,WAT",56.78,29.91,0.84,125.8,20.1,36,,,,,,,,,,,
166.78454,6.43082,0.60136,25.82,227.0,,,False,False,True,False,J110708.52+062553.1,,DESI J110708.29+062550.9,p,"--,WAT",32.38,10.23,1.51,147.3,57.7,33,,,,,,,,,,,
166.8147,4.14148,1.20691,26.67,503.0,,,False,True,True,False,J110715.37+040828.6,,DESI J110715.53+040829.3,p,"FR-II,WAT",45.07,17.87,1.21,163.7,,59,,,,,,,,,,,
166.85736,49.55825,0.70397,25.64,184.0,,2.09,True,False,True,False,J110725.96+493327.6,,DESI J110725.77+493329.7,p,"FR-I,WAT",22.51,13.63,0.66,158.9,22.9,25,,,,,,,,,,,
166.87378,57.25776,0.85274,25.49,229.0,,1.81,False,True,True,False,J110729.58+571528.6,,DESI J110729.71+571527.9,p,"FR-II,WAT",12.36,9.45,0.35,152.1,29.4,29,,Y21 J110729.7+571528,0.8494,p,3010.0,0.0,0.0,0.668,45.54,2.04,18.0
166.88988,9.22284,0.22669,24.76,101.0,,1.37,True,False,False,True,J110734.35+091320.4,,WISEA J110733.57+091322.2,s,"FR-I,NAT",32.26,11.27,1.38,87.8,14.7,27,,WHL J110730.6+091422,0.2267,s,953.0,75.0,282.0,0.736,35.68,1.61,21.0
166.96194,24.17007,0.8649,25.71,245.0,,0.93,False,True,True,False,J110751.01+241015.2,,DESI J110750.87+241012.3,p,"FR-II,WAT",22.13,19.22,0.18,146.4,32.9,31,,WH J110757.7+241045,0.3624,p,1469.0,99.0,517.0,0.468,11.9,0.55,8.0
167.05191,26.17626,0.17515,25.04,178.0,,1.21,True,False,True,False,J110812.46+261041.5,"a,f",WISEA J110812.45+261034.5,s,"FR-I,WAT",120.97,57.23,0.98,122.9,32.2,58,,maxBCG J110812.5+261034,0.1752,s,746.0,1.0,3.0,0.787,35.23,1.59,33.0
167.05774,28.0077,,,,,,True,False,True,False,J110813.86+280027.7,c,,,"FR-I,WAT",15.61,12.95,0.25,139.3,17.4,26,,,,,,,,,,,
167.08304,-2.70499,,,,,0.94,False,True,True,False,J110819.93-024218.0,,,,"FR-II,WAT",74.68,41.0,0.79,140.3,38.6,35,,,,,,,,,,,
167.14294,11.87931,,,,,,False,False,True,False,J110834.31+115245.5,,,,"--,WAT",11.24,4.41,1.23,152.4,26.2,33,,,,,,,,,,,
167.15721,41.90204,0.72251,25.49,305.0,,1.83,False,True,True,False,J110838.04+415408.1,,DESI J110837.73+415407.4,p,"FR-II,WAT",13.59,7.26,0.82,157.1,41.5,41,,Y21 J110836.7+415403,0.7414,p,2706.0,13.0,98.0,0.759,56.73,2.52,26.0
167.26352,-0.42907,1.3338,26.09,250.0,,0.19,False,False,False,True,J110902.93-002536.6,,WISEA J110903.24-002544.6,s,"--,NAT",15.24,9.67,0.6,86.4,15.7,29,,,,,,,,,,,
167.27892,-4.90537,0.52037,25.36,186.0,,,True,False,True,False,J110907.16-045422.8,,DESI J110906.94-045419.3,p,"FR-I,WAT",20.78,10.25,0.93,144.7,26.3,29,,Y21 J110906.9-045419,0.5235,p,2030.0,0.0,0.0,0.674,34.81,1.57,10.0
167.34195,23.91861,0.18694,25.17,233.0,,1.24,False,False,True,False,J110922.38+235512.5,,2MASX J11092205+2355065,s,"--,WAT",132.21,50.79,1.26,156.7,73.7,72,,maxBCG J110922.1+235507,0.1869,s,794.0,0.0,0.0,0.753,32.31,1.46,23.0
167.42432,44.975,0.30567,25.05,270.0,8.86,1.61,True,False,True,False,J110942.58+445835.5,,WISEA J110941.83+445829.9,s,"FR-I,WAT",31.29,10.86,1.39,169.1,617.4,58,-23.18,maxBCG J110944.1+445848,0.3067,s,1262.0,30.0,140.0,0.797,45.19,2.02,16.0
167.44743,2.58309,0.36199,25.02,177.0,8.49,1.81,False,False,True,False,J110947.02+023456.9,,WISEA J110947.38+023459.1,s,"--,WAT",22.67,11.71,0.87,155.3,,34,-22.73,Y21 J110947.4+023459,0.362,s,1467.0,0.0,0.0,0.613,20.23,0.93,15.0
167.48251,32.86519,,,,,,False,False,True,False,J110955.80+325154.7,"a,f",,,"--,WAT",41.53,21.67,0.85,149.0,21.6,32,,,,,,,,,,,
167.50817,58.89628,0.41652,24.65,108.0,,1.88,False,False,True,False,J111001.99+585349.4,,DESI J111001.96+585346.6,p,"--,WAT",9.29,8.76,0.08,137.8,17.0,19,,WH J111002.0+585347,0.378,p,1526.0,0.0,0.0,0.552,21.44,0.98,6.0
167.52582,11.99523,0.12479,24.73,76.0,8.62,1.03,True,False,False,True,J111007.04+115940.9,f,WISEA J111006.19+115942.8,s,"FR-I,NAT",124.07,59.49,0.96,28.0,21.0,33,-23.42,maxBCG J111006.2+115943,0.1264,s,545.0,1.0,2.0,1.061,75.47,3.32,40.0
167.63107,-2.018,1.06778,26.2,560.0,,0.75,False,False,True,False,J111031.56-020107.0,,DESI J111031.46-020104.8,p,"--,WAT",41.0,33.05,0.28,147.9,60.2,67,,WHL J111034.4-020142,0.4307,s,1713.0,57.0,331.0,0.531,17.78,0.82,6.0
167.63607,-1.83481,0.51974,25.23,173.0,,1.96,False,False,True,False,J111032.65-015008.9,,WISEA J111032.65-015005.3,s,"--,WAT",20.17,16.12,0.29,128.9,12.0,27,,Y21 J111032.7-015006,0.5198,s,2018.0,0.0,0.0,0.72,44.1,1.97,18.0
167.69927,28.66026,0.02902,22.94,32.0,8.3,,True,False,True,False,J111048.12+283927.0,,SDSS J111047.82+283936.9,s,"FR-I,WAT",40.9,11.57,1.66,131.3,57.0,53,-21.56,NSC J111046+283952,0.0369,p,163.0,22.0,17.0,,,,
167.70162,48.73608,0.82508,25.68,195.0,,1.72,False,False,True,False,J111048.31+484408.8,,DESI J111048.39+484409.9,p,"--,WAT",17.41,10.75,0.63,170.0,45.4,25,,,,,,,,,,,
167.74782,57.23417,0.48122,25.33,210.0,,-0.04,False,False,True,False,J111059.63+571401.4,,DESI J111059.48+571403.0,p,"--,WAT",21.13,8.39,1.21,162.5,30.0,34,,Y21 J111117.6+571546,0.7741,s,2800.0,179.0,1370.0,0.637,40.49,1.82,20.0
167.85599,33.75469,0.45117,25.49,226.0,,1.51,False,True,True,False,J111125.87+334517.1,,WISEA J111125.43+334516.8,s,"FR-II,WAT",39.6,19.9,0.9,167.0,58.2,38,,,,,,,,,,,
167.92192,-7.44902,0.27923,24.91,179.0,,,True,False,True,False,J111141.42-072654.0,,DESI J111141.26-072656.5,p,"FR-I,WAT",32.75,17.98,0.79,135.3,17.3,41,,,,,,,,,,,
168.00456,10.48781,0.45388,24.98,245.0,8.89,1.93,False,True,True,False,J111201.64+102913.2,,WISEA J111201.09+102916.0,s,"FR-II,WAT",13.97,9.24,0.54,109.5,20.5,41,-23.55,WHL J111201.1+102916,0.454,s,1794.0,0.0,0.0,0.681,33.87,1.53,14.0
168.01264,25.95415,0.17264,24.18,82.0,8.11,1.17,True,False,True,False,J111203.00+255712.0,,WISEA J111203.03+255714.9,s,"FR-I,WAT",17.31,8.75,0.9,131.5,14.7,27,-22.3,maxBCG J111206.2+255712,0.1739,s,741.0,43.0,132.0,0.634,17.29,0.8,13.0
168.0173,63.80996,0.44288,24.77,129.0,7.41,1.78,False,False,True,False,J111204.01+634834.8,,WISEA J111204.15+634835.8,s,"--,WAT",9.96,7.99,0.29,155.8,37.3,22,-22.53,AMF J111216.0+634814,0.445,s,1763.0,81.0,479.0,0.631,27.03,1.23,13.0
168.02101,37.59185,0.21368,25.0,151.0,,1.35,False,False,True,False,J111205.07+373537.4,,WISEA J111205.04+373530.6,s,"--,WAT",65.66,24.62,1.29,133.6,67.1,42,,WHL J111205.0+373531,0.2165,s,912.0,0.0,0.0,0.723,27.45,1.25,16.0
168.02674,46.80682,0.64767,26.09,249.0,,1.47,False,True,True,False,J111206.60+464822.2,,DESI J111206.42+464824.6,p,"FR-II,WAT",73.34,42.47,0.72,164.1,35.1,35,,,,,,,,,,,
168.06272,57.65834,0.88294,26.24,638.0,,1.7,False,True,True,False,J111214.95+573918.0,,DESI J111215.05+573930.0,p,"FR-II,WAT",40.22,17.64,1.08,168.2,130.8,80,,,,,,,,,,,
168.08498,14.62315,,,,,,False,True,True,False,J111220.40+143723.3,c,,,"FR-II,WAT",22.16,9.35,1.13,150.2,26.6,34,,,,,,,,,,,
168.08575,26.02101,0.72864,26.09,291.0,,0.05,True,False,True,False,J111220.63+260120.3,c,WISEA J111220.58+260115.6,s,"FR-I,WAT",60.23,38.77,0.58,149.0,35.1,39,,,,,,,,,,,
168.08965,15.72863,0.4213,25.5,194.0,8.37,1.83,False,False,True,False,J111221.63+154337.7,,WISEA J111221.51+154343.0,s,"--,WAT",45.98,21.42,1.0,112.2,19.1,34,-22.59,WHL J111213.8+154534,0.2751,s,1141.0,158.0,686.0,0.75,36.42,1.64,18.0
168.16727,1.83465,0.20777,24.78,186.0,8.73,1.33,False,False,True,False,J111240.51+015007.2,,WISEA J111240.14+015004.7,s,"--,WAT",43.31,18.0,1.15,145.1,50.1,53,-22.89,WHL J111240.1+015005,0.2086,s,881.0,0.0,0.0,0.705,27.91,1.27,16.0
168.18613,3.77831,,,,,,False,True,True,False,J111244.67+034641.9,"c,f",,,"FR-II,WAT",15.05,3.81,1.8,159.7,35.4,44,,,,,,,,,,,
168.2002,-5.61645,1.0027,26.87,593.0,,,False,True,True,False,J111247.99-053656.9,,DESI J111248.05-053659.2,p,"FR-II,WAT",123.68,52.96,1.11,120.0,30.5,72,,WH J111248.0-053659,1.0712,p,3574.0,0.0,0.0,0.57,33.16,1.5,12.0
168.21895,2.63548,,,,,,False,True,True,False,J111252.55+023807.7,c,,,"FR-II,WAT",9.83,6.45,0.55,160.1,22.2,20,,,,,,,,,,,
168.30081,45.76476,0.32342,25.14,223.0,,1.71,False,True,True,False,J111312.01+454550.8,,WISEA J111312.19+454553.1,s,"FR-II,WAT",40.54,23.43,0.72,167.8,57.9,46,,WHL J111312.2+454553,0.3234,s,1324.0,0.0,0.0,0.596,19.16,0.88,17.0
168.33633,7.17642,1.26718,26.55,283.0,,,False,True,True,False,J111320.85+071034.3,,DESI J111320.72+071035.1,p,"FR-II,WAT",17.79,4.31,1.86,140.6,17.2,33,,,,,,,,,,,
168.33503,20.94875,0.37443,25.35,213.0,,1.85,False,False,True,False,J111321.01+205701.2,,WISEA J111320.40+205655.5,s,"--,WAT",41.22,16.97,1.16,102.5,19.2,40,,WHL J111321.5+205719,0.3748,s,1514.0,28.0,149.0,0.755,42.16,1.89,19.0
168.37702,15.70393,0.47474,25.06,208.0,,1.86,False,True,True,False,J111330.18+154217.5,,SDSS J111330.48+154214.1,s,"FR-II,WAT",13.63,7.43,0.8,124.7,18.0,34,,AMF J111330.1+154212,0.4754,s,1868.0,7.0,43.0,0.777,46.69,2.09,19.0
168.41483,26.33957,0.34023,24.87,185.0,,1.67,False,True,True,False,J111339.59+262022.0,,SDSS J111339.55+262022.4,s,"FR-II,WAT",20.8,14.21,0.5,163.5,50.2,37,,WHL J111344.7+262131,0.3402,s,1387.0,98.0,492.0,0.646,30.19,1.37,12.0
168.42118,25.07096,1.36311,26.84,233.0,,0.82,False,False,False,True,J111341.10+250417.9,c,DESI J111341.08+250415.4,p,"--,NAT",67.94,35.96,0.83,77.2,6.9,27,,,,,,,,,,,
168.43841,49.14724,0.30475,24.86,167.0,,1.45,False,True,True,False,J111345.82+490847.7,,DESI J111345.22+490850.1,p,"FR-II,WAT",24.78,14.95,0.66,129.9,22.8,36,,AMF J111402.2+490843,0.3375,s,1377.0,167.0,834.0,0.636,19.01,0.87,11.0
168.50755,34.41775,0.57161,25.21,161.0,9.34,2.01,False,True,True,False,J111401.49+342508.2,f,WISEA J111401.81+342503.9,s,"FR-II,WAT",11.78,5.65,0.96,114.7,15.6,24,-23.11,AMF J111401.8+342504,0.5715,s,2187.0,0.0,0.0,0.691,35.6,1.6,16.0
168.52322,28.82219,,,,,0.79,False,True,True,False,J111405.57+284919.9,c,,,"FR-II,WAT",119.46,51.8,1.1,169.1,15.2,35,,,,,,,,,,,
168.6129,26.54968,0.88337,26.84,391.0,,0.93,True,False,False,True,J111427.34+263302.8,,DESI J111427.10+263258.9,p,"FR-I,NAT",236.2,163.02,0.49,87.2,12.0,49,,WHL J111422.3+263335,0.3014,s,1242.0,74.0,342.0,0.668,26.44,1.2,14.0
168.69444,25.37956,0.24686,24.82,164.0,,1.41,False,False,True,False,J111445.85+252249.8,,DESI J111446.67+252246.4,p,"--,WAT",36.73,24.61,0.53,128.4,16.9,41,,maxBCG J111446.7+252246,0.2418,s,1012.0,0.0,0.0,0.628,17.45,0.8,15.0
168.75334,2.98558,0.25923,25.15,178.0,8.64,1.52,False,True,True,False,J111500.90+025910.8,,WISEA J111500.80+025908.0,s,"FR-II,WAT",65.9,35.33,0.82,167.7,60.7,43,-23.15,WHL J111500.8+025908,0.2592,s,1080.0,0.0,0.0,0.685,25.69,1.17,14.0
168.76591,27.06851,0.62356,25.49,175.0,,1.6,True,False,True,False,J111504.11+270408.4,,DESI J111503.82+270406.6,p,"FR-I,WAT",21.68,13.86,0.59,144.7,27.9,25,,CFSFDP J111459.5+270423,0.6011,s,2281.0,60.0,414.0,0.524,17.01,0.78,7.0
168.78523,28.56291,0.42866,25.6,248.0,9.21,1.84,False,False,True,False,J111508.80+283347.2,,SDSS J111508.45+283346.4,s,"--,WAT",57.51,28.47,0.92,123.4,33.7,43,-23.29,WHL J111508.5+283346,0.4287,s,1706.0,0.0,0.0,0.739,40.22,1.8,21.0
168.84665,49.94472,0.31167,26.0,241.0,8.6,1.64,True,False,True,False,J111522.87+495635.9,,WISEA J111523.19+495640.9,s,"FR-I,WAT",286.73,120.6,1.14,134.9,28.3,51,-23.77,maxBCG J111523.2+495641,0.3115,s,1280.0,0.0,0.0,0.858,54.56,2.43,40.0
168.85378,15.50016,0.65332,25.86,250.0,9.82,1.82,False,False,True,False,J111525.34+153007.1,,WISEA J111524.90+153000.5,s,"--,WAT",42.67,24.61,0.72,104.6,20.0,35,-23.35,WHL J111524.9+153000,0.6533,s,2444.0,1.0,7.0,0.79,58.73,2.6,30.0
168.8647,45.56244,,,,,0.59,False,False,True,False,J111527.53+453344.8,,,,"--,WAT",36.58,24.04,0.55,152.5,26.4,36,,,,,,,,,,,
168.88268,32.69503,0.86257,26.17,229.0,,1.0,True,False,True,False,J111531.79+324140.3,,DESI J111531.84+324142.1,p,"FR-I,WAT",50.31,33.11,0.55,147.2,22.4,29,,,,,,,,,,,
169.05629,44.78173,0.25185,24.82,219.0,8.23,1.47,False,True,True,False,J111614.32+444656.1,,WISEA J111613.51+444654.2,s,"FR-II,WAT",34.55,21.05,0.65,120.4,26.9,54,-22.59,maxBCG J111613.5+444654,0.2518,s,1051.0,0.0,0.0,0.614,20.2,0.93,16.0
169.11194,6.16824,0.60914,25.42,145.0,,1.83,False,False,True,False,J111626.60+061011.0,,DESI J111626.86+061005.7,p,"--,WAT",16.74,8.41,0.9,152.5,14.6,21,,AMF J111626.9+061006,0.62,p,2341.0,0.0,0.0,0.669,38.39,1.72,18.0
169.39253,33.83668,0.99185,26.66,320.0,,0.29,False,False,False,True,J111733.92+335018.2,c,SDSS J111734.20+335012.0,s,"--,NAT",87.62,42.39,0.95,78.2,16.6,39,,,,,,,,,,,
169.43851,2.61101,0.24372,25.4,178.0,,1.3,False,False,True,False,J111744.92+023637.8,,DESI J111745.24+023639.6,p,"--,WAT",108.27,26.09,1.87,156.7,41.3,45,,Y21 J111747.5+023533,0.5972,s,2269.0,74.0,510.0,0.549,22.92,1.05,11.0
169.44963,4.2457,0.25258,24.74,122.0,8.37,1.48,False,True,True,False,J111747.66+041445.0,,WISEA J111747.91+041444.5,s,"FR-II,WAT",21.85,5.53,1.8,166.3,145.7,30,-23.86,WHL J111747.9+041444,0.2567,s,1070.0,0.0,0.0,0.879,47.89,2.14,26.0
169.46545,20.65532,0.41428,25.86,221.0,,1.53,False,False,True,False,J111751.98+203919.2,,DESI J111751.71+203919.2,p,"--,WAT",107.92,46.56,1.1,149.8,32.1,39,,WH J111759.1+203833,0.8732,p,3074.0,114.0,907.0,0.519,25.92,1.18,11.0
169.50267,-5.93852,0.29906,25.37,312.0,,,False,True,True,False,J111801.02-055623.4,f,DESI J111800.64-055618.7,p,"FR-II,WAT",81.79,45.26,0.78,160.7,112.0,68,,,,,,,,,,,
169.54758,37.8591,0.33116,25.53,177.0,8.68,1.7,False,False,True,False,J111812.12+375131.1,,WISEA J111811.41+375132.7,s,"--,WAT",83.44,34.2,1.17,167.6,,36,-23.0,GMBCG J169.54750+37.85919,0.319,p,1308.0,0.0,0.0,,,,
169.5589,0.01168,0.44703,25.14,201.0,,1.79,False,True,True,False,J111814.45+000048.6,,WISEA J111814.13+000042.0,s,"FR-II,WAT",20.17,12.53,0.62,115.4,27.1,34,,WHL J111814.1+000042,0.447,s,1770.0,0.0,0.0,0.575,21.46,0.98,14.0
169.60527,24.20734,0.48035,25.25,148.0,8.39,1.64,False,False,True,False,J111825.33+241227.5,,DESI J111825.27+241226.4,p,"--,WAT",23.3,16.32,0.47,156.2,94.4,24,-23.02,WH J111836.7+241223,0.3863,s,1555.0,156.0,849.0,0.456,12.71,0.59,6.0
169.63977,31.25319,0.21976,25.69,257.0,,1.37,True,False,True,False,J111834.51+311525.9,"a,f,h",2MASS J11183354+3115114,s,"FR-I,WAT",324.24,151.69,1.0,92.2,25.1,70,,maxBCG J111833.8+311517,0.2198,s,925.0,7.0,26.0,1.04,84.31,3.7,52.0
169.65286,-3.2011,1.18021,26.51,246.0,,0.54,False,True,True,False,J111836.83-031206.6,,DESI J111836.69-031204.0,p,"FR-II,WAT",50.35,30.15,0.67,166.9,34.1,29,,Y21 J111844.9-031319,0.4833,p,1895.0,144.0,892.0,0.543,19.6,0.9,8.0
169.66679,2.30598,0.23243,25.58,276.0,,1.48,False,False,True,False,J111839.81+021822.2,,WISEA J111840.02+021821.5,s,"--,WAT",221.14,101.28,1.02,158.4,340.4,72,,Y21 J111840.0+021821,0.2324,s,975.0,0.0,0.0,0.7,29.81,1.35,8.0
169.7026,20.27847,0.2191,24.54,143.0,,1.26,False,False,True,False,J111848.67+201642.2,,DESI J111848.62+201642.5,p,"--,WAT",21.06,7.17,1.41,129.5,77.3,39,,AMF J111837.5+201646,0.1935,s,820.0,156.0,520.0,0.587,19.13,0.88,12.0
169.78571,24.82899,0.57557,25.99,223.0,,1.69,False,True,True,False,J111908.69+244946.4,,WISEA J111908.56+244944.3,s,"FR-II,WAT",75.3,42.32,0.76,168.7,71.6,33,,WH J111914.0+244836,0.9092,p,3170.0,100.0,805.0,0.428,14.69,0.68,6.0
169.7894,57.81451,0.55469,25.27,219.0,8.97,1.91,False,True,True,False,J111909.54+574849.3,,WISEA J111909.45+574852.2,s,"FR-II,WAT",15.44,8.49,0.78,165.3,46.9,33,-23.21,WHL J111916.5+574832,0.585,p,2230.0,60.0,409.0,0.726,36.86,1.66,18.0
169.85132,24.52454,0.76882,26.36,320.0,,1.37,False,False,True,False,J111924.74+243126.1,,DESI J111924.32+243128.3,p,"--,WAT",84.46,43.58,0.87,145.9,26.0,42,,[LYH2012] 1120_0003,0.258,p,1075.0,172.0,713.0,,,,
169.88179,2.12496,0.74877,26.46,514.0,,1.12,True,False,True,False,J111931.79+020726.8,,WISEA J111931.63+020729.8,s,"FR-I,WAT",116.08,61.38,0.84,138.5,44.7,68,-22.66,WH J111931.6+020729,0.7487,s,2728.0,1.0,8.0,0.533,21.82,1.0,6.0
169.88818,63.28792,0.15334,24.92,193.0,,1.19,False,False,True,False,J111934.45+631727.4,,WISEA J111933.16+631716.5,s,"--,WAT",113.72,40.06,1.37,161.8,60.5,70,,GMBCG J111933.2+631716,0.1533,s,657.0,0.0,0.0,0.706,26.94,1.22,19.0
169.9205,33.36693,0.39992,25.35,183.0,7.93,1.86,False,False,False,True,J111941.48+332149.5,,WISEA J111940.91+332200.9,s,"--,NAT",40.38,23.19,0.73,66.2,27.0,33,-23.22,WHL J111940.8+332319,0.3999,s,1604.0,78.0,433.0,0.796,44.29,1.98,29.0
169.96267,16.40974,0.24235,25.0,130.0,8.24,1.44,False,False,False,True,J111951.88+162445.5,,WISEA J111951.04+162435.0,s,"--,NAT",57.61,35.7,0.63,47.7,9.8,33,-22.64,WHL J111949.3+162530,0.2391,s,1002.0,60.0,235.0,0.715,22.59,1.03,18.0
170.03451,25.56336,1.06103,26.05,225.0,,,False,True,True,False,J112008.45+253351.0,,DESI J112008.28+253348.1,p,"FR-II,WAT",18.72,9.45,0.9,120.1,11.4,27,,WH J112011.4+253532,0.5926,s,2254.0,112.0,769.0,0.558,15.48,0.71,6.0
170.16055,29.20946,0.24034,25.24,424.0,8.76,1.46,False,True,True,False,J112040.20+291229.9,"a,g,j",WISEA J112038.53+291234.0,s,"FR-II,WAT",85.58,30.05,1.37,132.4,58.3,108,-23.57,maxBCG J112038.5+291234,0.2403,s,1006.0,0.0,0.0,0.732,27.93,1.27,18.0
170.21285,47.75456,0.75657,26.38,660.0,,0.15,False,True,True,False,J112053.15+474502.4,,DESI J112051.08+474516.4,p,"FR-II,WAT",89.31,44.18,0.92,130.3,110.0,87,,GMBCG J112049.3+474537,0.1155,s,500.0,27.0,59.0,0.811,31.78,1.44,20.0
170.33087,-0.22119,0.0993,25.27,152.0,,1.0,True,False,False,True,J112117.81-001334.8,"h,j",WISEA J112119.43-001316.5,s,"FR-I,NAT",668.97,219.05,1.46,78.5,23.2,80,,GMBCG J112119.4-001317,0.1373,p,590.0,0.0,0.0,1.076,78.63,3.46,27.0
170.41054,6.45872,0.2327,24.63,99.0,,1.45,True,False,True,False,J112138.77+062732.3,,DESI J112138.53+062731.4,p,"FR-I,WAT",26.97,17.75,0.55,140.8,23.5,26,,WH J112138.5+062731,0.2433,p,1018.0,0.0,0.0,0.484,12.63,0.59,10.0
170.41847,45.72714,0.87921,26.31,342.0,,,False,True,True,False,J112140.67+454334.9,,DESI J112140.43+454337.7,p,"FR-II,WAT",52.67,25.48,0.95,149.2,36.1,43,,Y21 J112153.0+454302,0.8639,p,3049.0,137.0,1086.0,0.444,17.5,0.81,6.0
170.4786,2.79266,0.38654,25.37,168.0,8.21,1.91,False,True,True,False,J112155.32+024731.1,c,WISEA J112154.86+024733.5,s,"FR-II,WAT",43.74,21.93,0.91,108.8,13.2,31,-23.17,WHL J112154.9+024734,0.3867,s,1557.0,0.0,0.0,0.791,47.58,2.12,26.0
170.5709,11.80229,0.82,25.97,429.0,,2.12,False,False,True,False,J112217.53+114813.1,,DESI J112217.01+114808.2,p,"--,WAT",41.99,34.01,0.28,162.2,232.3,55,,WH J112228.1+114744,0.9007,p,3147.0,165.0,1324.0,0.532,23.19,1.06,8.0
170.6247,21.40598,0.1644,25.69,225.0,8.6,1.14,False,False,False,True,J112230.03+212442.3,,WISEA J112229.92+212421.5,s,"--,NAT",609.75,274.15,1.05,35.0,23.9,77,-22.77,maxBCG J112229.9+212422,0.165,s,705.0,0.0,0.0,1.095,89.21,3.91,72.0
170.62527,24.27937,0.02963,23.1,19.0,8.4,,True,False,True,False,J112230.15+241647.0,,NGC 3653,s,"FR-I,WAT",57.05,13.63,1.88,144.4,28.5,31,-19.83,WH J112226.4+241757,0.0296,s,131.0,87.0,54.0,0.618,13.34,0.62,7.0
170.67079,11.49112,0.51673,25.46,173.0,,1.06,False,True,True,False,J112240.83+112926.3,,DESI J112240.99+112928.0,p,"FR-II,WAT",23.78,9.3,1.23,156.6,19.1,27,,WH J112249.3+112800,0.931,p,3226.0,150.0,1215.0,0.428,11.09,0.52,6.0
170.72639,1.11441,,,,,,False,False,True,False,J112253.20+010646.7,,DESI J112254.33+010651.9,,"--,WAT",234.89,59.08,1.81,126.4,31.1,109,,WHL J112252.0+010648,0.0749,s,327.0,36.0,53.0,0.762,25.56,1.16,30.0
170.7653,43.79865,0.19411,24.94,190.0,8.31,1.33,False,True,True,False,J112303.74+434801.5,,WISEA J112303.67+434755.1,s,"FR-II,WAT",81.87,54.54,0.53,168.0,688.2,57,-23.1,maxBCG J112303.7+434755,0.197,s,834.0,0.0,0.0,0.805,33.1,1.49,17.0
170.78606,-6.06509,0.52266,25.48,161.0,,,False,False,True,False,J112308.77-060356.8,,DESI J112308.66-060354.3,p,"--,WAT",29.98,17.5,0.71,113.6,11.5,25,,Y21 J112306.0-060356,0.536,p,2071.0,40.0,261.0,0.852,64.86,2.87,38.0
170.86301,12.33979,0.74837,25.92,181.0,,2.17,True,False,False,True,J112327.14+122017.9,,DESI J112327.12+122023.2,p,"FR-I,NAT",34.82,19.3,0.77,68.4,6.5,24,,Y21 J112330.2+122053,0.7488,s,2728.0,54.0,408.0,0.845,73.78,3.25,21.0
170.87327,48.6075,0.47861,25.09,135.0,8.46,1.69,True,False,True,False,J112329.44+483625.5,,WISEA J112329.58+483627.0,s,"FR-I,WAT",14.89,8.44,0.74,129.6,14.0,22,-23.42,WHL J112330.5+483456,0.4803,s,1885.0,91.0,562.0,0.712,35.8,1.61,19.0
170.86995,6.73112,0.21509,25.22,231.0,,1.34,False,True,True,False,J112329.73+064342.5,,WISEA J112328.78+064352.0,s,"FR-II,WAT",122.25,75.41,0.63,108.7,38.4,64,,WH J112328.8+064352,0.2151,s,907.0,0.0,0.0,0.507,14.29,0.66,7.0
170.96796,44.6272,0.13799,24.17,63.0,,1.15,True,False,True,False,J112352.18+443738.4,,SDSS J112352.31+443737.9,s,"FR-I,WAT",24.42,6.51,1.73,161.5,24.6,25,,maxBCG J112353.9+443618,0.138,s,593.0,82.0,207.0,0.726,27.54,1.25,15.0
170.98089,50.90098,0.30544,25.27,224.0,,1.67,False,True,True,False,J112357.46+505419.8,,WISEA J112355.41+505403.5,s,"FR-II,WAT",50.74,15.9,1.52,144.8,36.2,48,,WHL J112353.2+505253,0.3054,s,1257.0,73.0,341.0,0.859,54.69,2.43,26.0
171.12218,14.14557,0.94955,25.46,325.0,,1.81,False,True,True,False,J112429.26+140843.7,,DESI J112429.32+140844.1,p,"FR-II,WAT",10.73,9.79,0.12,156.9,52.9,40,,WH J112429.3+140844,0.9339,p,3234.0,0.0,0.0,0.474,16.88,0.78,10.0
171.14689,-5.44331,,,,,,True,False,True,False,J112435.25-052635.9,,,,"FR-I,WAT",26.73,12.6,0.99,119.5,11.9,30,,,,,,,,,,,
171.15901,37.37788,0.22689,25.65,207.0,,0.77,False,False,True,False,J112437.68+372239.2,,WISEA J112438.16+372240.3,s,"--,WAT",268.97,117.76,1.08,151.7,58.8,55,,,,,,,,,,,
171.19248,28.95041,0.32669,25.84,322.0,,1.59,False,False,True,False,J112446.35+285711.5,j,DESI J112446.19+285701.5,p,"--,WAT",138.6,29.45,2.03,105.9,27.7,66,,WHL J112439.1+285838,0.2754,p,1142.0,134.0,582.0,0.571,17.33,0.8,8.0
171.25894,9.16758,0.26388,25.36,332.0,,1.6,False,False,True,False,J112501.56+091002.7,,SDSS J112502.14+091003.2,s,"--,WAT",97.99,43.84,1.06,159.9,104.5,79,,WHL J112502.1+091003,0.2656,s,1105.0,0.0,0.0,0.762,39.31,1.76,21.0
171.25703,18.15633,,,,,,True,False,True,False,J112501.69+180922.8,c,,,"FR-I,WAT",30.55,15.86,0.86,155.0,31.2,34,,,,,,,,,,,
171.28668,3.24797,0.35533,24.64,154.0,8.6,1.84,True,False,True,False,J112508.80+031455.7,f,WISEA J112508.80+031452.6,s,"FR-I,WAT",11.33,7.89,0.47,155.1,28.7,30,-23.25,Y21 J112508.8+031452,0.3553,s,1443.0,1.0,5.0,0.539,16.84,0.78,9.0
171.28654,32.89923,0.72266,25.11,171.0,8.09,1.68,False,False,True,False,J112509.16+325400.5,,DESI J112508.77+325357.2,p,"--,WAT",6.94,4.94,0.45,157.1,26.1,23,-21.91,WHL J112509.8+325406,0.6547,s,2448.0,16.0,115.0,0.738,50.53,2.25,22.0
171.33662,26.63034,1.26086,26.5,266.0,,0.32,False,False,True,False,J112520.61+263753.2,,DESI J112520.79+263749.4,s,"--,WAT",51.64,37.79,0.41,163.5,41.5,31,,WH J112525.2+263757,1.1734,p,3811.0,60.0,510.0,0.406,16.78,0.77,7.0
171.3489,36.30678,0.28532,25.05,182.0,,1.55,False,True,True,False,J112524.40+361822.3,a,WISEA J112523.73+361824.4,s,"FR-II,WAT",44.05,25.45,0.72,110.2,19.6,41,,maxBCG J112523.7+361824,0.2853,s,1180.0,0.0,0.0,0.641,17.97,0.83,11.0
171.42364,21.94059,0.18535,24.78,212.0,,1.14,False,True,True,False,J112541.92+215639.6,,DESI J112541.67+215626.1,p,"FR-II,WAT",54.94,19.89,1.33,112.4,49.3,66,,maxBCG J112542.4+215623,0.1852,s,787.0,11.0,35.0,0.839,41.42,1.86,37.0
171.42477,61.05008,0.40973,25.32,174.0,,1.84,False,False,True,False,J112542.57+610302.4,,DESI J112541.95+610300.3,p,"--,WAT",32.68,15.37,0.99,108.1,17.2,31,,,,,,,,,,,
171.42852,47.14151,0.43122,25.24,214.0,8.99,1.82,False,True,True,False,J112542.84+470833.2,,WISEA J112542.84+470829.4,s,"FR-II,WAT",24.69,12.01,0.95,157.9,71.2,37,-22.68,WHL J112544.1+470842,0.4335,s,1723.0,18.0,105.0,0.657,28.9,1.31,12.0
171.49937,25.47702,0.11597,24.24,63.0,8.52,1.01,False,False,False,True,J112600.45+252843.0,a,WISEA J112559.84+252837.2,s,"--,NAT",46.51,21.37,1.02,69.4,8.7,29,-22.62,maxBCG J112601.6+252919,0.116,s,502.0,48.0,105.0,0.76,28.74,1.3,28.0
171.66576,45.6893,0.43815,25.11,228.0,,1.89,False,True,True,False,J112639.15+454122.1,,WISEA J112639.78+454121.4,s,"FR-II,WAT",19.22,11.28,0.7,143.2,26.2,39,,WHL J112639.8+454121,0.4381,s,1739.0,0.0,0.0,0.737,40.73,1.83,24.0
171.70869,16.41206,0.30022,25.01,216.0,9.0,1.65,False,False,True,False,J112650.18+162449.8,,WISEA J112650.08+162443.4,s,"--,WAT",31.76,13.51,1.12,127.5,33.1,47,-23.55,GMBCG J112650.1+162443,0.3005,s,1238.0,0.0,0.0,0.871,53.52,2.38,21.0
171.71522,-0.51533,,,,,,False,False,True,False,J112651.65-003055.2,,,,"--,WAT",14.44,7.64,0.84,158.9,41.5,37,,,,,,,,,,,
171.74119,63.94499,0.64581,25.3,128.0,,1.8,True,False,False,True,J112658.33+635639.4,,DESI J112657.89+635642.0,p,"FR-I,NAT",11.34,5.9,0.86,88.0,6.6,18,,,,,,,,,,,
171.81327,-0.39878,0.33295,25.55,212.0,8.68,1.66,False,False,False,True,J112715.29-002341.4,,WISEA J112715.18-002355.6,s,"--,NAT",91.68,44.05,0.96,44.4,68.6,43,-23.16,WHL J112715.2-002356,0.3329,s,1360.0,0.0,0.0,0.697,33.53,1.51,26.0
171.84986,0.13287,0.13381,23.78,56.0,,1.08,True,False,True,False,J112723.76+000804.2,a,WISEA J112723.96+000758.3,s,"FR-I,WAT",13.14,10.99,0.23,106.6,11.5,23,,maxBCG J112722.7+000810,0.1338,s,576.0,23.0,57.0,1.005,71.28,3.14,37.0
171.90383,43.1139,,,,,,True,False,True,False,J112736.92+430650.0,,,,"FR-I,WAT",15.76,10.89,0.48,124.5,80.2,42,,,,,,,,,,,
171.92363,31.59229,0.45362,25.53,149.0,,1.21,False,False,True,False,J112741.77+313531.4,,DESI J112741.67+313532.2,p,"--,WAT",47.6,28.75,0.66,127.1,17.2,25,,GMBCG J112733.5+313633,0.383,s,1544.0,121.0,655.0,0.713,30.17,1.36,15.0
171.93212,23.84899,0.39674,25.23,99.0,,1.81,True,False,False,True,J112743.95+235100.2,,WISEA J112743.70+235056.3,s,"FR-I,NAT",29.56,14.95,0.89,75.0,7.3,18,,WHL J112743.7+235056,0.3967,s,1593.0,0.0,0.0,0.704,32.79,1.48,19.0
172.03485,11.55614,0.27675,24.96,143.0,,1.58,False,False,False,True,J112808.77+113315.1,,WISEA J112808.36+113322.1,s,"--,NAT",37.12,20.32,0.79,80.8,16.1,33,,WHL J112808.4+113322,0.2768,s,1148.0,0.0,0.0,0.643,25.95,1.18,18.0
172.0751,42.45641,0.38971,25.3,246.0,,1.78,False,True,True,False,J112818.33+422724.7,,WISEA J112818.02+422723.0,s,"FR-II,WAT",40.16,25.84,0.58,155.5,55.6,45,,WH J112818.0+422723,0.3897,s,1568.0,0.0,0.0,0.624,25.83,1.17,13.0
172.10077,10.20388,0.50193,25.26,151.0,,1.84,False,True,False,True,J112824.55+101217.9,,WISEA J112824.18+101213.9,s,"FR-II,NAT",22.02,16.0,0.42,79.3,11.2,24,,maxBCG J112830.4+101331,0.2066,s,873.0,119.0,417.0,0.8,38.38,1.72,23.0
172.10972,20.4038,0.90122,26.04,337.0,,0.05,False,True,True,False,J112826.61+202418.5,,WISEA J112826.33+202413.6,s,"FR-II,WAT",34.98,23.38,0.53,150.2,63.9,42,,WH J112832.7+202240,0.5378,s,2077.0,129.0,845.0,0.515,15.22,0.7,6.0
172.14988,55.48183,0.17326,24.92,146.0,,1.2,False,False,False,True,J112836.68+552914.5,,DESI J112835.97+552854.6,p,"--,NAT",95.09,50.98,0.82,21.8,53.7,48,,maxBCG J112836.0+552855,0.1842,s,783.0,0.0,0.0,0.781,33.49,1.51,23.0
172.1592,36.03121,0.4178,26.14,370.0,,1.3,False,False,True,False,J112838.59+360143.8,,WISEA J112838.20+360152.3,s,"--,WAT",213.82,108.35,0.89,168.4,74.2,65,,AMF J112838.2+360152,0.4177,s,1668.0,0.0,0.0,0.509,11.56,0.54,10.0
172.20381,42.89953,0.47659,25.79,282.0,8.54,1.78,True,False,True,False,J112849.40+425359.2,,WISEA J112848.91+425358.3,s,"FR-I,WAT",68.29,32.61,0.97,113.1,19.4,46,-22.98,WHL J112852.2+425236,0.4146,s,1656.0,90.0,511.0,0.9,69.89,3.08,33.0
172.26141,5.84722,0.3339,24.93,198.0,,1.66,False,True,True,False,J112903.00+055048.4,f,DESI J112902.74+055050.0,p,"FR-II,WAT",20.12,8.04,1.2,152.4,44.0,40,,GMBCG J112902.7+055050,0.352,p,1431.0,0.0,0.0,0.534,16.15,0.74,8.0
172.29395,57.35632,,,,,,False,True,True,False,J112910.55+572122.7,,,,"FR-II,WAT",8.66,4.29,0.92,148.9,10.8,16,,,,,,,,,,,
172.3025,-7.57279,,,,,1.53,False,False,True,False,J112912.60-073422.0,,,,"--,WAT",23.18,14.03,0.66,95.1,8.1,25,,,,,,,,,,,
172.32005,-0.71236,0.28191,25.36,291.0,,1.56,False,False,True,False,J112917.09-004240.2,,WISEA J112916.81-004244.4,s,"--,WAT",83.73,37.09,1.07,163.0,90.1,66,,maxBCG J112916.8-004244,0.2819,s,1168.0,0.0,0.0,0.748,35.6,1.6,17.0
172.34173,41.52766,0.29021,25.7,175.0,,1.59,False,True,False,True,J112922.22+413143.5,,DESI J112922.02+413139.6,p,"FR-II,NAT",180.62,91.84,0.89,77.6,11.9,39,,,,,,,,,,,
172.35054,21.02049,0.10765,24.98,224.0,8.53,1.02,False,False,True,False,J112923.68+210123.2,j,WISEA J112924.12+210113.7,s,"--,WAT",285.86,90.25,1.51,155.8,122.4,110,-23.4,maxBCG J112924.1+210114,0.1076,s,466.0,0.0,0.0,0.7,23.17,1.06,20.0
172.3908,13.98499,0.45052,25.39,279.0,,1.82,True,False,True,False,J112934.09+135918.5,,DESI J112933.79+135906.0,p,"FR-I,WAT",31.73,15.55,0.94,106.8,24.7,47,,,,,,,,,,,
172.43939,33.9739,1.06086,26.73,242.0,,,False,True,True,False,J112945.49+335825.5,,DESI J112945.45+335826.0,p,"FR-II,WAT",95.45,50.82,0.83,162.6,20.6,29,,,,,,,,,,,
172.44705,25.55591,0.5097,25.08,146.0,,1.92,True,False,True,False,J112947.56+253326.4,,WISEA J112947.29+253321.2,s,"FR-I,WAT",14.16,10.32,0.42,90.5,10.1,23,,WHL J112947.3+253321,0.5417,p,2090.0,0.0,0.0,0.738,46.56,2.08,17.0
172.44547,59.81549,0.82608,25.44,156.0,,2.74,False,False,True,False,J112947.59+594854.6,,DESI J112946.91+594855.8,p,"--,WAT",11.51,8.46,0.4,130.9,12.2,20,,,,,,,,,,,
172.46823,40.84202,0.32224,25.16,135.0,,1.54,True,False,True,False,J112952.57+405030.2,,WISEA J112952.37+405031.2,s,"FR-I,WAT",44.79,28.89,0.58,152.3,35.3,28,,WHL J112952.4+405031,0.3222,s,1320.0,0.0,0.0,0.703,30.55,1.38,23.0
172.5053,9.74083,,,,,,False,True,True,False,J113001.27+094427.0,,,,"FR-II,WAT",72.36,28.28,1.23,110.9,8.8,25,,,,,,,,,,,
172.5239,51.6545,,,,,,False,False,True,False,J113005.74+513916.2,,,,"--,WAT",16.69,8.88,0.83,150.4,51.3,37,,,,,,,,,,,
172.5319,23.23658,0.30656,25.16,131.0,,1.66,False,False,False,True,J113007.25+231403.6,,WISEA J113007.65+231411.6,s,"--,NAT",47.2,25.26,0.82,62.2,10.1,28,,AMF J113006.4+231408,0.3066,s,1261.0,18.0,84.0,0.768,37.02,1.66,13.0
172.61185,24.57057,0.40727,25.27,134.0,,1.8,True,False,False,True,J113026.98+243407.6,,WISEA J113026.84+243414.0,s,"FR-I,NAT",31.1,16.39,0.84,65.0,270.0,24,,AMF J113026.8+243414,0.4073,s,1631.0,1.0,6.0,0.648,29.07,1.32,14.0
172.68311,34.91322,0.1985,24.77,166.0,,1.3,True,False,True,False,J113043.98+345449.3,,DESI J113043.95+345447.6,p,"FR-I,WAT",50.35,26.78,0.83,152.3,50.1,49,,maxBCG J113043.9+345448,0.2047,s,865.0,0.0,0.0,0.698,25.68,1.17,14.0
172.70346,25.40989,0.14465,24.76,102.0,8.71,1.09,False,True,True,False,J113049.22+252433.1,"a,f,h,j",2MASX J11304881+2524360,s,"FR-II,WAT",95.98,44.98,0.99,120.6,18.6,39,-23.14,maxBCG J113048.8+252436,0.1446,s,621.0,0.0,0.0,0.81,37.82,1.7,21.0
172.70565,17.70472,0.71163,25.42,140.0,,1.84,True,False,True,False,J113049.25+174219.4,,DESI J113049.36+174217.0,p,"FR-I,WAT",13.77,8.81,0.59,93.4,7.3,19,,Y21 J113049.4+174217,0.7211,p,2647.0,0.0,0.0,0.761,56.42,2.51,32.0
172.77928,-5.07906,2.64456,27.6,375.0,,0.21,False,True,True,False,J113107.40-050441.8,,DESI J113107.03-050444.6,p,"FR-II,WAT",91.0,51.51,0.75,142.2,38.9,46,,,,,,,,,,,
172.84531,21.43119,0.13951,25.02,119.0,,1.08,True,False,False,True,J113122.96+212616.1,,DESI J113122.87+212552.3,p,"FR-I,NAT",185.82,77.28,1.15,40.5,40.5,47,,maxBCG J113121.7+212628,0.1349,s,580.0,39.0,97.0,0.891,50.08,2.23,24.0
172.85717,6.35445,0.24203,24.71,110.0,,1.52,False,True,True,False,J113125.90+062113.9,,2MASS J11312572+0621161,s,"FR-II,WAT",28.44,16.31,0.73,162.8,57.9,28,,CLuMPR J113125.7+062116,0.242,s,1013.0,0.0,0.0,0.609,12.22,0.57,7.0
172.87645,31.27865,,,,,,False,False,True,False,J113130.35+311643.2,,,,"--,WAT",24.98,14.59,0.71,131.8,9.7,21,,,,,,,,,,,
172.87942,1.47453,0.24139,25.25,244.0,8.53,1.46,False,False,True,False,J113131.70+012837.1,f,WISEA J113131.06+012828.2,s,"--,WAT",91.63,36.9,1.19,120.2,33.7,62,-23.14,maxBCG J113131.1+012828,0.2414,s,1010.0,0.0,0.0,0.641,27.32,1.24,12.0
172.91848,4.58534,0.28735,25.07,241.0,8.32,1.55,False,True,True,False,J113141.08+043517.7,f,WISEA J113140.43+043507.2,s,"FR-II,WAT",35.99,10.41,1.63,148.2,611.1,54,-22.71,WHL J113143.0+043548,0.2873,s,1188.0,56.0,251.0,0.69,25.72,1.17,12.0
172.94617,35.82076,0.22113,25.28,387.0,,1.39,True,False,True,False,J113147.48+354914.8,,WISEA J113147.08+354914.7,s,"FR-I,WAT",118.49,46.57,1.23,159.5,172.6,105,,maxBCG J113147.1+354915,0.2243,s,943.0,0.0,0.0,1.02,77.11,3.39,56.0
172.97106,44.13333,,,,,0.81,False,False,True,False,J113153.05+440800.0,,,,"--,WAT",37.45,25.13,0.52,138.6,30.4,37,,,,,,,,,,,
172.97824,25.20937,0.30581,25.08,200.0,8.58,1.61,False,False,True,False,J113154.28+251235.1,,WISEA J113154.77+251233.7,s,"--,WAT",36.63,16.56,1.04,111.6,20.4,43,-23.28,WH J113154.8+251234,0.3058,s,1258.0,0.0,0.0,0.553,17.85,0.82,9.0
172.98544,-6.0039,0.43559,25.85,414.0,,1.75,False,True,True,False,J113156.83-060006.4,f,DESI J113156.51-060014.0,p,"FR-II,WAT",89.3,36.41,1.18,159.4,69.1,71,,Y21 J113152.1-060042,0.8363,p,2974.0,72.0,565.0,0.462,13.96,0.65,9.0
172.98777,39.13336,0.23284,24.49,84.0,8.18,1.43,False,True,False,True,J113157.34+390806.8,"a,f",WISEA J113157.06+390800.1,s,"FR-II,NAT",20.09,14.79,0.4,80.7,13.7,22,-22.53,maxBCG J113156.6+390628,0.2328,s,977.0,92.0,353.0,1.169,117.38,5.1,81.0
173.05086,10.92042,0.45612,25.24,323.0,,1.86,False,False,True,False,J113212.03+105505.8,,WISEA J113212.20+105513.4,s,"--,WAT",24.93,16.69,0.53,136.2,28.5,54,,WHL J113204.4+105558,0.4025,s,1614.0,123.0,686.0,0.528,19.49,0.89,10.0
173.08808,23.62597,0.13784,24.53,78.0,,,False,False,False,True,J113221.43+233728.5,,WISEA J113221.13+233733.4,s,"--,NAT",61.86,28.05,1.04,85.0,9.9,31,,maxBCG J113221.2+233733,0.1378,s,592.0,1.0,3.0,0.81,37.18,1.67,20.0
173.09668,55.9674,0.05092,23.55,53.0,8.09,0.93,False,False,False,True,J113222.19+555823.0,,DESI J113223.20+555802.6,p,"--,NAT",52.52,17.34,1.45,49.0,31.5,52,-22.75,SPIDERS 2_01435,0.051,p,224.0,0.0,0.0,,,,
173.10903,23.75376,0.15014,24.79,119.0,,1.16,False,False,True,False,J113226.24+234518.4,a,SDSS J113226.16+234513.5,s,"--,WAT",91.54,39.0,1.12,134.6,19.3,44,,WHL J113226.2+234513,0.1501,s,643.0,0.0,0.0,0.72,21.51,1.17,12.0
173.13781,13.82099,0.23112,24.8,80.0,,1.42,True,False,False,True,J113232.87+134917.3,,WISEA J113233.07+134915.5,s,"FR-I,NAT",36.25,15.16,1.14,87.2,7.1,21,,GMBCG J113233.1+134915,0.2311,s,970.0,0.0,0.0,0.496,16.11,0.74,7.0
173.16805,13.74041,1.06817,25.81,142.0,,,False,True,True,False,J113240.17+134423.4,"c,f",DESI J113240.33+134425.5,p,"FR-II,WAT",11.14,5.83,0.85,137.0,8.6,17,,WH J113240.9+134604,0.9007,p,3147.0,98.0,787.0,0.595,33.31,1.5,9.0
173.175,12.21994,0.17355,24.68,158.0,,1.2,False,False,True,False,J113241.76+121322.2,,WISEA J113242.00+121311.7,s,"--,WAT",50.91,19.88,1.23,167.8,97.5,52,,WHL J113242.0+121311,0.1735,s,739.0,0.0,0.0,0.566,16.48,0.76,8.0
173.20893,24.81591,0.30119,25.24,217.0,,1.6,False,False,True,False,J113249.75+244858.8,,WISEA J113250.14+244857.2,s,"--,WAT",59.84,34.48,0.72,155.4,33.5,47,,GMBCG J113250.1+244857,0.3012,s,1241.0,0.0,0.0,0.583,19.48,0.89,13.0
173.22101,56.53559,0.95972,26.36,253.0,,,False,True,True,False,J113253.19+563210.2,,DESI J113253.04+563208.1,p,"FR-II,WAT",45.03,20.59,1.03,158.8,26.5,31,,,,,,,,,,,
173.27317,59.33706,0.13283,23.83,41.0,,1.11,False,True,True,False,J113305.81+592013.2,,WISEA J113305.56+592013.4,s,"FR-II,WAT",14.49,10.27,0.45,168.6,18.8,17,,maxBCG J113305.5+592014,0.1328,s,572.0,0.0,0.0,0.662,23.68,1.08,14.0
173.32273,17.8935,0.85612,25.52,205.0,,2.46,False,False,True,False,J113317.53+175338.4,,DESI J113317.45+175336.6,p,"--,WAT",12.84,9.48,0.4,147.7,17.5,26,,,,,,,,,,,
173.33671,48.06523,0.22276,24.97,148.0,8.86,1.4,False,False,True,False,J113321.66+480354.5,,WISEA J113320.81+480354.8,s,"--,WAT",66.41,46.03,0.48,141.1,20.1,40,-23.28,maxBCG J113320.8+480355,0.2228,s,937.0,0.0,0.0,0.887,53.87,2.4,27.0
173.42679,23.46104,1.1616,26.44,330.0,,,False,True,True,False,J113342.71+232740.4,,DESI J113342.43+232739.7,p,"FR-II,WAT",35.15,16.7,0.98,159.5,103.5,39,,WH J113336.1+232800,0.9389,p,3247.0,89.0,722.0,0.472,17.56,0.81,12.0
173.44162,15.44464,0.22199,25.23,207.0,8.4,1.4,False,True,False,True,J113345.75+152648.9,,WISEA J113345.98+152640.6,s,"FR-II,NAT",100.18,33.53,1.44,54.1,7.8,56,-23.21,maxBCG J113345.9+152641,0.222,s,934.0,1.0,4.0,0.842,45.94,2.05,28.0
173.47099,13.44269,0.72148,25.65,253.0,,1.96,True,False,True,False,J113352.86+132633.9,,DESI J113353.04+132633.7,p,"FR-I,WAT",22.75,14.99,0.55,151.3,28.3,34,,WHL J113355.1+132700,0.7016,s,2590.0,40.0,295.0,0.903,87.18,3.82,48.0
173.49674,49.06206,0.03165,24.34,76.0,,0.88,True,False,False,True,J113355.80+490400.4,,IC 0708,s,"FR-I,NAT",871.93,257.57,1.6,62.0,42.6,117,,SPIDERS 1_03024,0.0612,p,268.0,0.0,0.0,,,,
173.50078,24.40659,0.36792,26.07,696.0,,1.34,False,True,True,False,J113358.84+242430.5,,DESI J113400.19+242423.7,p,"FR-II,WAT",179.03,42.82,1.88,147.5,222.3,132,,Y21 J113350.9+242607,0.6395,s,2401.0,164.0,1164.0,0.449,15.38,0.71,6.0
173.56443,28.46847,,,,,,False,False,True,False,J113415.46+282806.5,,,,"--,WAT",16.69,6.67,1.2,141.5,19.0,31,,,,,,,,,,,
173.6477,0.56733,,,,,,False,True,True,False,J113435.45+003402.4,c,,,"FR-II,WAT",25.53,13.06,0.88,160.6,38.2,33,,,,,,,,,,,
173.72849,16.70091,0.0525,23.56,47.0,8.57,1.27,False,False,True,False,J113455.16+164157.0,,WISEA J113454.83+164203.2,s,"--,WAT",53.44,36.71,0.49,162.2,63.4,45,-23.05,WHL J113454.8+164203,0.2013,s,852.0,0.0,0.0,0.781,38.46,1.73,20.0
173.73941,20.10916,0.32613,24.92,170.0,,1.53,True,False,True,False,J113457.57+200633.5,,DESI J113457.46+200633.0,p,"FR-I,WAT",24.7,15.04,0.65,164.2,59.6,35,,,,,,,,,,,
173.75252,4.32929,,,,,,False,True,True,False,J113500.60+041945.5,,,,"FR-II,WAT",19.36,11.74,0.66,157.0,31.3,33,,,,,,,,,,,
173.84558,-1.25546,0.32022,24.97,144.0,8.44,1.7,False,False,True,False,J113522.85-011516.2,a,WISEA J113522.93-011519.6,s,"--,WAT",27.79,15.55,0.76,96.8,13.8,30,-23.22,WH21 J113522.9-011520,0.3202,s,1313.0,0.0,0.0,0.605,18.75,0.86,9.0
173.85388,6.91149,,,,,,False,True,True,False,J113525.24+065440.1,,DESI J113524.93+065441.4,,"FR-II,WAT",276.59,154.79,0.76,169.0,72.6,48,,maxBCG J113524.9+065441,0.1611,s,689.0,0.0,0.0,0.873,47.67,2.13,33.0
173.88522,33.5489,0.93943,26.61,308.0,,,False,True,True,False,J113532.58+333253.1,,DESI J113532.45+333256.0,p,"FR-II,WAT",100.34,56.01,0.76,158.6,35.6,38,,,,,,,,,,,
173.9033,-7.61662,0.54876,26.23,390.0,,,False,False,True,False,J113536.81-073701.2,,DESI J113536.79-073659.8,p,"--,WAT",108.75,35.8,1.46,166.7,,59,,,,,,,,,,,
173.94064,-7.37417,0.75496,25.74,159.0,,,False,True,True,False,J113545.78-072224.0,,DESI J113545.75-072227.0,p,"FR-II,WAT",21.02,10.61,0.9,123.4,40.4,21,,CLuMPR J113545.8-072227,0.7616,p,2765.0,0.0,0.0,0.654,40.94,1.84,24.0
173.95818,36.54447,0.42502,25.22,149.0,,1.9,True,False,True,False,J113549.79+363241.0,c,DESI J113549.96+363240.1,p,"FR-I,WAT",25.6,13.92,0.8,118.9,10.6,26,,WHL J113550.0+363240,0.447,s,1770.0,0.0,0.0,0.774,43.2,1.93,22.0
173.97346,12.53585,0.4184,25.59,216.0,8.73,1.85,False,True,True,False,J113553.54+123205.4,,WISEA J113553.63+123209.0,s,"FR-II,WAT",51.35,18.06,1.37,142.9,25.9,38,-23.18,GMBCG J113553.6+123209,0.4184,s,1670.0,0.0,0.0,0.698,33.31,1.5,18.0
174.02052,52.43303,1.12262,26.88,573.0,,0.21,False,True,True,False,J113604.66+522559.4,,WISEA J113604.93+522558.9,s,"FR-II,WAT",102.83,47.6,1.01,154.5,65.7,68,,,,,,,,,,,
174.023,41.3328,0.18441,24.55,80.0,,1.33,False,False,True,False,J113605.64+411956.7,,2MASS J11360551+4119580,s,"--,WAT",33.46,13.22,1.22,155.0,17.1,25,,maxBCG J113605.5+411958,0.1844,s,784.0,0.0,0.0,0.864,45.74,2.04,26.0
174.03071,28.4645,,,,,,False,True,True,False,J113607.37+282752.2,c,,,"FR-II,WAT",15.76,7.57,0.96,149.6,22.4,25,,,,,,,,,,,
174.05684,18.90445,1.04379,26.66,349.0,,0.47,False,False,True,False,J113614.01+185414.4,,DESI J113613.64+185416.0,p,"--,WAT",80.93,41.05,0.89,152.6,34.5,42,,WH J113612.6+185211,0.9315,p,3228.0,126.0,1021.0,0.517,20.27,0.93,6.0
174.09907,48.04995,0.28038,25.32,180.0,,1.53,False,False,True,False,J113624.71+480304.0,,DESI J113623.78+480259.8,p,"--,WAT",66.33,18.58,1.67,94.6,15.6,41,,WHL J113628.1+480251,0.257,s,1071.0,44.0,182.0,0.796,37.17,1.67,27.0
174.13294,15.07151,0.57213,25.94,229.0,,1.78,False,True,True,False,J113632.00+150420.3,,DESI J113631.91+150417.4,p,"FR-II,WAT",71.8,43.68,0.65,142.3,38.9,34,,,,,,,,,,,
174.15787,15.66687,0.23434,24.81,146.0,,1.44,True,False,True,False,J113637.70+154003.4,,SDSS J113637.88+154000.7,s,"FR-I,WAT",37.24,17.79,0.97,141.3,22.9,38,,maxBCG J113637.9+154001,0.2343,s,983.0,0.0,0.0,0.977,68.41,3.02,41.0
174.16585,9.6428,0.4086,25.14,168.0,,1.84,False,True,True,False,J113639.74+093837.7,,DESI J113639.80+093834.1,p,"FR-II,WAT",24.14,14.21,0.7,159.4,28.3,30,,,,,,,,,,,
174.18036,9.53734,0.31248,25.22,118.0,,1.58,True,False,False,True,J113643.74+093219.6,,DESI J113643.29+093214.4,p,"FR-I,NAT",53.34,31.53,0.69,83.9,18.3,25,,AMF J113645.8+093321,0.4152,p,1659.0,76.0,432.0,0.796,49.16,2.19,22.0
174.20827,1.85593,0.47913,25.71,240.0,,1.86,False,False,True,False,J113649.88+015124.6,,DESI J113649.99+015121.3,p,"--,WAT",65.31,43.05,0.55,123.1,18.8,39,,CFSFDP J113654.1+015013,0.4641,s,1829.0,93.0,563.0,0.624,19.49,0.89,10.0
174.23432,44.61254,0.48497,24.75,167.0,7.29,1.86,False,False,True,False,J113655.90+443650.7,,WISEA J113656.23+443645.1,s,"--,WAT",9.06,9.86,-0.11,114.6,13.3,27,-23.04,AMF J113656.2+443646,0.485,s,1901.0,0.0,6.0,0.583,21.27,0.97,10.0
174.35277,14.26112,0.2749,24.4,86.0,8.34,1.53,False,False,True,False,J113724.62+141542.9,,WISEA J113724.66+141540.0,s,"--,WAT",11.48,8.51,0.39,121.1,15.9,20,-22.75,GMBCG J113724.7+141540,0.2749,s,1141.0,0.0,0.0,0.651,21.73,0.99,15.0
174.39017,30.00133,,,,,,False,False,False,True,J113733.64+300004.8,"c,f",,,"--,NAT",8.66,8.16,0.08,83.1,7.0,21,,,,,,,,,,,
174.41736,33.44179,0.2141,24.45,75.0,8.69,1.39,True,False,True,False,J113740.26+332629.0,,WISEA J113740.16+332630.4,s,"FR-I,WAT",20.46,11.29,0.78,151.7,21.7,21,-22.79,,,,,,,,,,
174.41769,7.23897,0.156,23.69,50.0,8.47,1.18,True,False,True,False,J113740.46+071423.0,,WISEA J113740.24+071420.3,s,"FR-I,WAT",7.4,5.02,0.51,136.3,16.7,18,-22.52,maxBCG J113742.6+071216,0.2293,s,963.0,129.0,490.0,0.698,25.94,1.18,22.0
174.45012,48.85479,0.77902,25.63,222.0,,0.34,False,True,True,False,J113747.89+485114.8,,DESI J113748.03+485117.2,p,"FR-II,WAT",12.89,5.34,1.16,150.9,18.5,29,,,,,,,,,,,
174.50225,20.20633,,,,,,True,False,True,False,J113800.54+201222.8,f,,,"FR-I,WAT",62.9,32.05,0.88,104.7,8.8,26,,,,,,,,,,,
174.58808,47.75428,0.7702,26.75,297.0,,0.19,False,True,True,False,J113821.74+474514.6,,WISEA J113821.13+474515.3,s,"FR-II,WAT",305.21,259.77,0.21,118.6,20.2,39,,,,,,,,,,,
174.61893,15.91303,0.44718,25.58,195.0,,1.81,True,False,False,True,J113827.99+155459.9,j,DESI J113828.54+155446.9,p,"FR-I,NAT",49.9,25.38,0.89,65.0,12.4,33,,WHL J113829.2+155417,0.4499,s,1780.0,31.0,185.0,0.698,34.55,1.56,16.0
174.6585,43.65763,,,,,,False,False,True,False,J113838.04+433927.5,,,,"--,WAT",61.43,33.46,0.8,135.2,39.7,49,,,,,,,,,,,
174.66705,2.4077,0.28136,25.01,185.0,,1.52,False,False,True,False,J113841.08+022425.2,,WISEA J113840.09+022427.7,s,"--,WAT",40.22,21.76,0.81,166.6,62.8,42,,maxBCG J113838.7+022418,0.3098,p,1274.0,23.0,108.0,0.828,47.9,2.14,27.0
174.70063,63.59144,0.20659,24.55,73.0,8.71,1.38,False,True,True,False,J113848.57+633530.4,,WISEA J113848.15+633529.1,s,"FR-II,WAT",25.63,9.95,1.24,140.2,30.9,21,-22.57,maxBCG J113859.5+633521,0.2076,s,877.0,76.0,268.0,1.242,136.07,5.88,69.0
174.7175,18.75923,0.18135,24.26,101.0,8.6,1.21,False,True,True,False,J113852.20+184537.8,,WISEA J113852.20+184533.2,s,"FR-II,WAT",21.41,20.47,0.06,126.7,129.3,32,-23.04,WHY18 J113852.2+184533,0.1814,s,771.0,0.0,0.0,0.626,21.15,0.97,11.0
174.71786,33.71833,,,,,1.39,False,False,True,False,J113852.29+334306.0,,,,"--,WAT",165.33,18.48,2.88,105.1,32.0,39,,,,,,,,,,,
174.83485,16.86836,0.10602,24.63,161.0,,,False,True,True,False,J113922.38+165141.9,,WISEA J113920.36+165206.0,s,"FR-II,WAT",130.95,42.76,1.47,156.1,52.7,80,,WHL J113920.4+165206,0.1063,s,461.0,0.0,0.0,0.665,20.58,0.94,15.0
174.8728,57.75585,1.08028,26.83,402.0,,,False,True,True,False,J113929.62+574525.1,,DESI J113929.47+574521.1,p,"FR-II,WAT",89.29,36.52,1.17,121.3,27.2,48,,,,,,,,,,,
174.90386,17.50194,,,,,,True,False,True,False,J113936.93+173007.0,,,,"FR-I,WAT",30.83,18.6,0.66,131.2,6.5,20,,,,,,,,,,,
174.92477,22.90143,1.41099,27.03,468.0,,,False,True,True,False,J113941.88+225412.3,,DESI J113941.95+225405.1,p,"FR-II,WAT",89.41,44.69,0.91,131.0,39.2,54,,WH J113936.1+225617,0.5171,s,2009.0,154.0,988.0,0.463,13.86,0.64,6.0
174.92347,62.19497,0.20249,24.38,72.0,8.86,1.33,False,True,True,False,J113942.11+621141.9,,WISEA J113941.63+621141.9,s,"FR-II,WAT",20.81,13.99,0.52,167.6,19.3,21,-23.22,,,,,,,,,,
174.96096,4.2873,0.55295,25.53,192.0,,1.87,False,False,True,False,J113950.84+041716.1,c,SDSS J113950.62+041714.2,s,"--,WAT",34.0,25.39,0.38,161.1,,29,,Y21 J113947.3+041426,0.5291,s,2048.0,175.0,1137.0,0.57,20.36,0.93,8.0
174.99352,51.15136,0.12887,24.35,107.0,8.7,1.11,False,True,True,False,J113958.09+510909.9,,WISEA J113958.44+510904.8,s,"FR-II,WAT",49.86,33.39,0.53,127.3,20.8,45,-22.48,WH J114010.7+510727,0.8327,p,2964.0,151.0,1184.0,0.461,12.09,0.56,7.0
174.99551,29.42248,0.71958,26.01,320.0,,1.81,False,False,True,False,J113958.69+292521.4,,DESI J113958.92+292520.9,p,"--,WAT",42.11,20.41,0.95,165.0,26.1,43,,,,,,,,,,,
175.00171,47.00115,0.08988,23.87,50.0,,0.31,False,False,True,False,J114001.17+470005.0,c,DESI J114000.41+470004.1,p,"--,WAT",36.04,26.49,0.4,127.1,12.7,29,,WHL J113954.6+470017,0.5374,s,2076.0,61.0,399.0,0.637,23.12,1.05,17.0
175.04128,33.29388,0.66618,25.49,296.0,,1.83,False,True,True,False,J114010.43+331743.2,,DESI J114009.91+331738.0,p,"FR-II,WAT",17.42,10.06,0.72,160.4,129.4,41,,AMF J114013.9+331740,0.6654,p,2481.0,50.0,361.0,0.631,32.39,1.46,19.0
175.07729,11.49165,,,,,,False,False,True,False,J114018.55+112930.0,,,,"--,WAT",16.32,7.56,1.01,111.4,10.5,26,,,,,,,,,,,
175.0843,53.84143,0.14799,24.94,254.0,9.02,1.17,True,False,True,False,J114018.85+535028.6,d,WISEA J114020.23+535029.1,s,"FR-I,WAT",126.78,36.11,1.65,139.0,68.2,95,-23.12,WHY18 J114020.2+535029,0.148,s,635.0,0.0,0.0,0.673,23.18,1.06,11.0
175.14324,44.09678,0.38366,25.89,498.0,9.04,1.91,True,False,True,False,J114034.38+440544.2,,DESI J114034.40+440548.0,s,"FR-I,WAT",110.21,28.86,1.76,168.4,,92,-24.33,AMF J114034.4+440548,0.3837,s,1546.0,0.0,0.0,1.019,91.93,4.02,42.0
175.19823,18.99009,0.51994,25.21,257.0,9.02,1.97,False,True,True,False,J114047.60+185926.7,,WISEA J114047.57+185924.3,s,"FR-II,WAT",18.43,13.6,0.4,164.0,50.5,40,-23.34,,,,,,,,,,
175.19962,46.36801,0.11452,24.52,77.0,,0.59,False,False,True,False,J114047.76+462156.2,,WISEA J114047.90+462204.8,s,"--,WAT",99.79,88.84,0.15,108.5,13.6,36,-22.63,,,,,,,,,,
175.20424,54.47485,0.64263,25.92,184.0,,1.77,False,False,True,False,J114049.09+542835.3,,WISEA J114049.01+542829.4,s,"--,WAT",48.66,26.19,0.81,167.9,42.1,26,,WHL J114049.0+542829,0.6427,s,2411.0,0.0,0.0,0.792,58.67,2.6,28.0
175.29923,5.73476,0.09743,25.12,164.0,,0.98,True,False,True,False,J114111.45+054343.7,d,DESI J114111.81+054405.0,s,"FR-I,WAT",498.77,178.27,1.35,129.2,58.8,88,,WHL J114111.8+054405,0.0952,s,414.0,0.0,0.0,0.924,48.99,2.18,42.0
175.35831,8.03784,0.22821,25.39,393.0,8.77,1.43,True,False,True,False,J114127.33+080218.5,,WISEA J114125.99+080216.2,s,"FR-I,WAT",138.23,52.05,1.28,160.0,644.4,104,-23.7,maxBCG J114126.0+080217,0.2282,s,959.0,0.0,0.0,0.791,40.4,1.81,23.0
175.38777,24.70986,0.18588,24.82,225.0,,1.21,False,False,True,False,J114133.38+244211.9,,WISEA J114133.06+244235.4,s,"--,WAT",53.51,12.46,1.91,110.0,,70,,maxBCG J114146.1+244252,0.1858,s,789.0,178.0,574.0,0.898,53.47,2.38,30.0
175.43579,13.18421,1.47058,26.14,251.0,,0.34,False,True,True,False,J114144.65+131103.6,,WISEA J114144.59+131102.8,s,"FR-II,WAT",11.78,6.55,0.77,161.8,68.7,29,,Y21 J114151.2+130943,0.2546,p,1062.0,126.0,517.0,0.551,12.6,0.59,10.0
175.46585,38.70047,0.81374,25.76,194.0,,1.03,False,False,True,False,J114151.66+384202.3,,DESI J114151.81+384201.7,p,"--,WAT",20.37,11.68,0.73,166.1,27.7,25,,WH J114156.1+383925,0.4274,s,1702.0,165.0,954.0,0.55,16.01,0.74,6.0
175.51521,25.12069,0.33503,24.93,188.0,8.69,1.67,False,True,True,False,J114203.64+250717.4,,WISEA J114203.65+250714.4,s,"FR-II,WAT",24.67,16.72,0.51,141.8,30.5,38,-22.6,maxBCG J114205.3+250950,0.2149,s,906.0,158.0,568.0,0.618,14.49,0.67,13.0
175.5384,45.38489,0.1833,24.12,89.0,,1.12,False,False,True,False,J114209.50+452306.0,,DESI J114209.22+452305.6,p,"--,WAT",13.83,8.35,0.66,168.2,33.3,28,,Y21 J114204.0+452450,0.1638,s,700.0,118.0,344.0,0.602,15.96,0.74,7.0
175.55046,10.19973,0.10339,24.26,57.0,8.47,1.05,True,False,True,False,J114212.49+101158.8,,WISEA J114212.11+101159.0,s,"FR-I,WAT",62.42,31.41,0.9,140.3,32.5,29,-22.43,WH J114213.6+100923,0.6558,p,2451.0,157.0,1127.0,0.551,15.79,0.73,8.0
175.56352,58.00056,0.60831,26.12,458.0,,1.6,False,True,True,False,J114215.57+580001.1,,DESI J114215.25+580002.0,p,"FR-II,WAT",77.11,33.23,1.1,166.9,40.2,66,,,,,,,,,,,
175.57295,10.29212,0.11702,24.73,107.0,,,False,True,True,False,J114217.62+101733.0,,WISEA J114217.50+101731.6,s,"FR-II,WAT",145.36,83.49,0.73,164.3,140.9,49,,maxBCG J114217.5+101731,0.117,s,506.0,1.0,2.0,0.929,51.44,2.29,37.0
175.60334,58.53481,0.32203,25.72,174.0,8.89,1.67,False,False,False,True,J114223.37+583205.4,,WISEA J114224.80+583205.3,s,"--,NAT",135.92,55.66,1.17,62.5,19.6,36,-24.21,WHL J114224.8+583205,0.3257,s,1333.0,0.0,0.0,1.502,232.68,9.9,126.0
175.6573,61.19886,0.1504,24.16,89.0,8.57,1.23,False,False,True,False,J114238.29+611204.5,,WISEA J114237.75+611155.8,s,"--,WAT",23.29,15.49,0.54,167.7,101.9,33,-23.21,GMBCG J175.65723+61.19885,0.1521,p,652.0,0.0,0.0,,,,
175.68858,40.70417,0.55014,25.59,178.0,8.65,1.8,False,True,True,False,J114245.80+404222.6,,WISEA J114245.25+404215.0,s,"FR-II,WAT",29.34,13.33,1.04,147.1,5.2,27,-22.44,AMF J114243.2+404224,0.5501,s,2117.0,25.0,166.0,0.681,32.17,1.45,19.0
175.75821,17.24991,0.2814,24.87,163.0,8.23,1.46,False,False,True,False,J114301.63+171501.8,,WISEA J114301.97+171459.6,s,"--,WAT",28.17,13.67,0.95,145.1,21.8,37,-23.08,AMF J114302.0+171500,0.2864,s,1185.0,0.0,0.0,0.705,32.89,1.48,20.0
175.77512,18.72858,0.37435,25.41,170.0,,0.13,False,False,True,False,J114305.95+184341.9,,WISEA J114306.03+184342.9,s,"--,WAT",63.03,53.08,0.23,167.7,31.0,32,,,,,,,,,,,
175.80115,16.69426,0.43653,24.86,140.0,,1.86,True,False,False,True,J114312.29+164146.0,f,DESI J114312.28+164139.3,p,"FR-I,NAT",12.71,10.17,0.29,72.0,9.1,24,,WH J114315.8+164147,0.7779,p,2811.0,51.0,391.0,0.405,10.99,0.51,7.0
175.82295,32.59672,0.23019,24.8,114.0,,1.46,False,False,False,True,J114317.42+323554.3,,WISEA J114317.50+323548.1,s,"--,NAT",40.71,26.27,0.57,86.1,10.0,30,,WHL J114317.5+323548,0.2302,s,966.0,0.0,0.0,0.832,43.02,1.93,28.0
175.84961,60.127,0.41619,25.27,159.0,8.74,1.94,False,True,False,True,J114324.25+600728.9,,WISEA J114323.90+600737.1,s,"FR-II,NAT",31.19,17.88,0.73,70.2,25.6,28,-23.06,WHL J114323.9+600737,0.4162,s,1662.0,0.0,0.0,0.859,59.6,2.64,23.0
175.8549,47.82793,0.98065,25.47,213.0,,0.16,False,True,True,False,J114325.74+474939.0,c,DESI J114325.18+474940.5,p,"FR-II,WAT",10.58,9.97,0.08,135.8,17.0,26,,,,,,,,,,,
175.90575,36.81297,0.35162,25.21,143.0,,1.8,False,False,True,False,J114337.34+364839.6,,WISEA J114337.38+364846.7,s,"--,WAT",34.95,14.93,1.12,108.0,,28,,Y21 J114337.4+364846,0.3516,s,1429.0,1.0,5.0,0.605,22.36,1.02,12.0
175.91604,7.49989,0.09642,24.63,250.0,,0.99,False,False,True,False,J114340.41+072951.8,"f,g,j",WISEA J114339.84+072959.6,s,"--,WAT",158.17,44.23,1.67,164.1,210.4,135,,maxBCG J114339.8+073000,0.1015,s,440.0,0.0,0.0,0.822,38.44,1.73,33.0
175.94393,17.27244,,,,,,False,True,True,False,J114346.54+171620.8,,,,"FR-II,WAT",18.61,13.26,0.44,154.5,25.2,29,,,,,,,,,,,
176.01618,44.0061,0.29905,25.16,289.0,,1.68,False,True,True,False,J114404.21+440025.0,a,WISEA J114403.88+440021.9,s,"FR-II,WAT",49.96,27.52,0.78,145.6,65.8,63,,maxBCG J114403.9+440022,0.3024,s,1246.0,0.0,0.0,0.781,37.59,1.69,21.0
176.09605,3.97995,0.12763,24.78,78.0,,1.01,False,False,True,False,J114423.36+035849.2,,WISEA J114423.05+035847.8,s,"--,WAT",111.8,19.95,2.26,127.0,318.4,33,,maxBCG J114423.1+035848,0.1276,s,550.0,0.0,0.0,0.923,52.62,2.34,32.0
176.13751,21.53809,0.10923,24.1,155.0,8.61,,False,False,True,False,J114432.78+213215.5,,WISEA J114433.00+213217.1,s,"--,WAT",36.0,10.68,1.59,162.1,123.1,75,-22.54,,,,,,,,,,
176.13663,51.38277,0.6655,25.94,216.0,9.5,1.8,False,False,True,False,J114433.01+512300.4,c,SDSS J114432.78+512257.9,s,"--,WAT",40.78,17.77,1.09,136.4,13.8,30,-23.11,,,,,,,,,,
176.1604,35.99938,0.55477,25.62,425.0,8.67,1.69,False,True,True,False,J114438.43+355953.9,,WISEA J114438.49+355957.7,s,"FR-II,WAT",43.26,34.12,0.31,164.1,50.4,64,-23.06,,,,,,,,,,
176.16874,46.17686,0.79383,25.69,239.0,,1.84,False,False,True,False,J114440.18+461038.9,,DESI J114440.50+461036.7,p,"--,WAT",20.02,13.0,0.57,164.9,,31,,Y21 J114440.5+461037,0.8191,p,2927.0,0.0,0.0,0.688,47.81,2.13,20.0
176.20028,58.56401,0.33687,25.46,199.0,8.7,1.73,False,True,True,False,J114447.73+583358.8,f,WISEA J114448.06+583350.4,s,"FR-II,WAT",74.88,38.84,0.86,111.0,22.4,40,-22.71,,,,,,,,,,
176.34249,15.49537,0.06822,24.64,55.0,8.32,0.96,False,True,True,False,J114522.22+152941.9,f,MCG +03-30-100,s,"FR-II,WAT",359.86,195.77,0.8,147.5,25.1,41,-22.85,WHL J114518.9+152913,0.0682,s,298.0,56.0,76.0,0.764,29.71,1.35,29.0
176.35835,-2.39247,0.12842,24.35,137.0,8.51,1.04,False,True,True,False,J114526.06-022324.0,,WISEA J114526.00-022332.8,s,"FR-II,WAT",52.3,41.37,0.31,125.2,39.6,58,-22.36,ABELL 1373,0.1314,s,566.0,25.0,61.0,,,,
176.37542,7.06292,0.9534,26.71,220.0,,0.96,False,False,True,False,J114530.53+070350.9,,DESI J114530.10+070346.5,p,"--,WAT",127.97,75.23,0.7,110.6,13.6,27,,,,,,,,,,,
176.37905,-2.45302,0.12984,24.83,204.0,,1.04,False,False,True,False,J114531.47-022709.0,,WISEA J114530.97-022710.8,s,"--,WAT",147.21,85.47,0.71,152.8,,85,,maxBCG J114531.0-022711,0.1298,s,559.0,0.0,0.0,0.983,65.1,2.88,54.0
176.42557,40.41378,0.80648,25.49,162.0,8.74,2.06,True,False,True,False,J114542.35+402454.9,,WISEA J114542.13+402449.5,s,"FR-I,WAT",12.08,7.79,0.58,99.2,7.9,21,-23.47,CFSFDP J114542.1+402449,0.8066,s,2892.0,0.0,0.0,0.615,33.15,1.5,10.0
176.44352,-4.24675,0.0785,24.64,135.0,,,False,True,True,False,J114546.50-041452.1,,WISEA J114546.44-041448.2,s,"FR-II,WAT",264.65,104.5,1.22,104.5,23.2,88,,WHY18 J114546.5-041449,0.1018,p,442.0,0.0,0.0,0.593,13.1,0.61,7.0
176.48201,28.56742,0.4109,25.08,197.0,,1.92,False,False,True,False,J114555.75+283405.9,,WISEA J114555.68+283402.7,s,"--,WAT",21.28,13.09,0.64,148.0,36.6,35,,WHL J114602.6+283141,0.3659,s,1482.0,169.0,889.0,0.644,27.29,1.24,9.0
176.49932,51.42454,0.58378,25.9,367.0,,1.82,False,False,True,False,J114559.40+512532.7,,DESI J114559.84+512528.3,p,"--,WAT",56.39,28.51,0.89,157.8,57.4,54,,WH J114545.2+512332,0.8141,s,2913.0,180.0,1401.0,0.454,17.71,0.81,7.0
176.54533,-5.97075,,,,,,False,False,True,False,J114610.88-055814.7,,,,"--,WAT",7.41,8.13,-0.12,153.4,43.5,29,,,,,,,,,,,
176.59747,15.55319,0.93976,26.47,276.0,,,False,False,True,False,J114623.39+153315.8,,DESI J114623.39+153311.5,p,"--,WAT",62.04,28.72,1.01,133.1,16.5,34,,,,,,,,,,,
176.60243,5.10024,0.88756,25.84,303.0,,1.28,False,True,True,False,J114624.70+050557.2,,DESI J114624.58+050600.9,p,"FR-II,WAT",29.24,26.31,0.14,167.8,226.0,38,,,,,,,,,,,
176.62477,63.11325,0.56099,25.89,254.0,7.67,1.76,False,False,True,False,J114630.25+630642.6,,WISEA J114629.94+630647.6,s,"--,WAT",55.06,23.94,1.09,138.1,,38,-21.87,,,,,,,,,,
176.66624,22.69315,0.17687,24.76,96.0,8.31,1.19,True,False,False,True,J114639.42+224128.1,a,WISEA J114639.89+224135.3,s,"FR-I,NAT",57.51,19.4,1.43,72.4,10.2,31,-22.58,RM J114639.9+224135.3,0.1825,p,776.0,0.0,0.0,,,,
176.67789,26.72239,0.79465,26.42,293.0,,1.86,False,True,True,False,J114643.08+264322.7,,DESI J114642.69+264320.6,p,"FR-II,WAT",88.68,44.2,0.91,138.7,29.5,38,,CLuMPR J114642.7+264321,0.9227,p,3205.0,0.0,0.0,0.632,35.28,1.59,16.0
176.7168,14.425,,,,,,False,True,True,False,J114652.03+142530.0,,,,"FR-II,WAT",44.41,21.12,0.98,130.0,10.1,26,,,,,,,,,,,
176.74408,-5.40978,,,,,,False,True,True,False,J114658.58-052435.2,,,,"FR-II,WAT",14.44,11.66,0.28,157.3,19.8,23,,,,,,,,,,,
176.74912,-4.94458,0.2254,25.07,149.0,,,False,True,True,False,J114659.71-045639.4,,WISEA J114659.78-045640.1,s,"FR-II,WAT",69.76,26.75,1.26,155.3,32.9,40,,Y21 J114659.8-045640,0.2322,p,974.0,0.0,0.0,0.677,28.94,1.31,12.0
176.7511,20.94771,0.50582,25.5,342.0,,1.94,False,True,False,True,J114700.18+205656.3,,SDSS J114700.26+205651.7,s,"FR-II,NAT",36.66,25.13,0.5,35.7,23.3,54,,Y21 J114700.3+205652,0.5058,s,1971.0,0.0,0.0,0.617,18.76,0.86,8.0
176.77783,5.67193,0.39367,24.97,126.0,,1.79,False,True,True,False,J114706.87+054018.4,,WISEA J114706.67+054018.9,s,"FR-II,WAT",19.36,13.59,0.46,139.7,17.0,23,,WHL J114706.7+054019,0.3937,s,1582.0,0.0,0.0,0.782,43.59,1.95,18.0
176.80754,60.20336,,,,,,False,True,True,False,J114713.81+601212.1,,,,"FR-II,WAT",22.29,16.05,0.43,156.5,,31,,,,,,,,,,,
176.87072,54.36035,0.58418,25.96,197.0,,0.92,True,False,True,False,J114729.25+542142.4,f,DESI J114728.97+542137.3,p,"FR-I,WAT",68.55,38.2,0.77,136.6,35.4,29,,,,,,,,,,,
176.88026,5.97761,0.30937,24.69,131.0,8.72,1.65,False,True,True,False,J114731.58+055840.2,,WISEA J114731.26+055839.4,s,"FR-II,WAT",16.71,11.23,0.52,139.6,17.6,28,-22.96,WH J114727.0+060122,1.1089,p,3663.0,174.0,1465.0,0.488,22.6,1.03,6.0
176.89491,28.73175,1.17425,26.8,399.0,,,False,False,True,False,J114734.64+284354.6,,DESI J114734.78+284354.3,p,"--,WAT",79.33,38.12,0.96,147.0,31.9,47,,,,,,,,,,,
177.04437,21.88666,0.17427,24.98,144.0,8.74,1.17,True,False,True,False,J114810.41+215326.4,,WISEA J114810.64+215311.9,s,"FR-I,WAT",96.64,30.79,1.5,119.5,34.9,47,-22.85,maxBCG J114810.6+215312,0.1743,s,742.0,0.0,0.0,0.706,27.32,1.24,20.0
177.05408,8.57188,0.68524,25.7,270.0,,2.11,True,False,True,False,J114813.28+083418.0,,WISEA J114812.98+083418.7,s,"FR-I,WAT",27.0,16.24,0.67,157.7,28.2,37,,Y21 J114813.0+083419,0.6852,s,2540.0,1.0,7.0,0.593,25.95,1.18,14.0
177.13815,23.54061,0.17605,24.56,98.0,,,True,False,True,False,J114833.44+233230.4,"a,f",WISEA J114833.15+233226.1,s,"FR-I,WAT",39.53,20.15,0.88,116.0,41.6,32,,maxBCG J114833.1+233226,0.1773,s,755.0,0.0,0.0,0.833,42.49,1.9,34.0
177.16136,41.32291,0.38766,25.12,147.0,9.06,1.94,True,False,True,False,J114838.44+411920.6,,WISEA J114838.72+411922.4,s,"FR-I,WAT",23.07,10.54,1.03,141.7,12.3,27,-23.88,Y21 J114833.6+411848,0.5991,p,2275.0,67.0,462.0,0.521,16.5,0.76,7.0
177.19035,55.68251,0.46457,25.84,327.0,,1.45,False,False,True,False,J114845.49+554058.9,,SDSS J114845.67+554057.4,s,"--,WAT",79.53,36.39,1.03,158.1,123.6,54,-22.63,,,,,,,,,,
177.20616,17.39171,0.5505,25.21,125.0,,1.95,False,False,True,False,J114849.35+172332.6,,DESI J114849.48+172330.1,p,"--,WAT",12.91,6.22,0.96,164.1,12.4,19,,AMF J114849.5+172330,0.5429,s,2094.0,0.0,0.0,0.88,77.24,3.4,30.0
177.21601,13.87164,1.33684,27.06,302.0,,0.52,False,True,True,False,J114851.85+135215.3,,DESI J114851.84+135217.9,p,"FR-II,WAT",111.61,56.59,0.89,141.6,23.1,35,,GMBCG J177.19374+13.88494,0.328,p,1342.0,91.0,446.0,,,,
177.27453,1.50642,0.1059,24.22,140.0,8.16,0.96,False,True,True,False,J114906.20+013017.9,,WISEA J114905.88+013023.1,s,"FR-II,WAT",54.25,26.52,0.94,169.5,100.2,70,-22.26,maxBCG J114903.5+013006,0.2369,s,993.0,39.0,152.0,0.977,68.34,3.02,46.0
177.29568,44.56599,0.97001,25.68,204.0,,,False,True,True,False,J114911.52+443402.8,,DESI J114910.96+443357.6,p,"FR-II,WAT",15.98,13.51,0.22,120.8,293.4,25,,,,,,,,,,,
177.36958,-1.74164,0.61253,26.0,411.0,,0.15,False,True,True,False,J114928.54-014426.9,f,WISEA J114928.69-014429.8,s,"FR-II,WAT",62.3,30.48,0.94,145.7,112.9,59,-21.03,WH21 J114918.2-014341,0.7273,p,2665.0,165.0,1234.0,0.508,11.47,0.53,7.0
177.36937,49.19326,0.27969,24.78,144.0,8.45,1.53,True,False,False,True,J114929.59+491136.2,,WISEA J114928.64+491135.7,s,"FR-I,NAT",24.34,14.04,0.72,65.2,10.9,33,-22.37,maxBCG J114928.7+491136,0.2797,s,1159.0,0.0,0.0,0.785,38.22,1.72,33.0
177.38398,8.84316,0.3595,24.59,129.0,,1.7,False,True,False,True,J114932.37+085040.2,,DESI J114932.16+085035.4,p,"FR-II,NAT",11.9,13.44,-0.16,74.0,6.4,25,,AMF J114934.8+085033,0.3966,s,1592.0,40.0,221.0,0.509,12.48,0.58,10.0
177.38972,20.49636,0.31454,25.1,171.0,8.59,1.71,True,False,True,False,J114933.33+202940.0,,WISEA J114933.53+202946.8,s,"FR-I,WAT",38.96,21.35,0.79,127.1,19.7,36,-23.33,WHL J114933.5+202947,0.3145,s,1291.0,0.0,0.0,0.675,22.93,1.05,9.0
177.40102,31.61027,,,,,,False,False,True,False,J114936.24+313637.0,f,,,"--,WAT",8.84,4.76,0.81,147.4,9.0,16,,,,,,,,,,,
177.45045,43.90348,0.07091,23.96,98.0,8.37,0.98,False,False,False,True,J114948.31+435417.2,,2MASS J11494810+4354125,s,"--,NAT",65.89,17.73,1.72,28.8,9.3,70,-21.75,WHL J114951.1+435632,0.0723,s,316.0,143.0,204.0,0.61,15.77,0.73,14.0
177.46745,62.97806,,,,,,False,False,True,False,J114952.19+625841.0,,,,"--,WAT",16.49,6.64,1.19,150.7,170.7,27,,,,,,,,,,,
177.49055,16.1258,0.43531,26.22,660.0,7.76,1.67,False,False,True,False,J114957.48+160727.6,,WISEA J114957.73+160732.8,s,"--,WAT",152.12,30.6,2.1,156.9,,113,-23.54,WHL J114957.7+160732,0.4353,s,1729.0,1.0,6.0,0.645,25.9,1.18,13.0
177.53528,2.22934,0.15773,24.42,127.0,8.43,1.15,True,False,True,False,J115008.89+021350.3,,WISEA J115008.46+021345.6,s,"FR-I,WAT",38.74,26.67,0.49,139.4,20.5,45,-22.68,GMBCG J115008.5+021345,0.1617,s,691.0,1.0,3.0,0.734,24.94,1.14,16.0
177.66551,19.62274,0.52853,25.22,155.0,8.41,1.92,True,False,True,False,J115039.80+193725.7,,WISEA J115039.72+193721.8,s,"FR-I,WAT",18.1,13.13,0.42,105.4,10.8,24,-23.63,WHL J115039.7+193722,0.5284,s,2046.0,0.0,0.0,0.621,27.91,1.27,8.0
177.69718,28.45298,0.2583,24.75,103.0,,1.49,False,False,True,False,J115047.35+282716.5,,WISEA J115047.32+282710.7,s,"--,WAT",24.98,10.63,1.12,159.7,57.7,25,,GMBCG J115047.3+282711,0.2583,s,1076.0,0.0,0.0,0.622,17.24,0.79,9.0
177.74302,55.62988,0.2313,24.88,137.0,,1.4,False,False,True,False,J115057.82+553748.5,a,WISEA J115058.32+553747.5,s,"--,WAT",45.28,23.06,0.89,164.3,66.9,36,,maxBCG J115051.4+553745,0.2287,s,961.0,59.0,224.0,0.781,37.3,1.68,22.0
177.76975,43.6235,,,,,0.12,False,True,True,False,J115104.74+433724.6,,,,"FR-II,WAT",11.28,8.98,0.3,132.6,12.2,22,,,,,,,,,,,
177.85699,54.8353,0.1433,24.58,182.0,,1.14,False,False,True,False,J115125.78+545008.8,,WISEA J115125.67+545007.0,s,"--,WAT",62.49,24.83,1.21,168.7,,70,,GMBCG J115125.7+545007,0.1433,s,615.0,0.0,0.0,0.664,23.59,1.08,23.0
177.87328,35.77329,0.94578,25.92,170.0,,,True,False,True,False,J115129.52+354623.2,,DESI J115129.59+354623.8,p,"FR-I,WAT",19.36,10.17,0.84,164.9,18.3,21,,,,,,,,,,,
177.88913,8.17566,1.22943,25.92,162.0,,0.4,True,False,True,False,J115133.39+081036.5,,DESI J115133.39+081032.4,p,"FR-I,WAT",12.24,7.6,0.63,113.3,78.4,19,,,,,,,,,,,
177.98813,24.68302,1.06383,26.11,150.0,,2.02,True,False,True,False,J115157.38+244102.9,,DESI J115157.15+244058.9,p,"FR-I,WAT",23.42,12.9,0.78,90.8,8.6,18,,CFSFDP J115148.6+244200,0.493,p,1928.0,132.0,826.0,0.522,16.72,0.77,7.0
178.04458,14.58366,0.79012,25.68,161.0,,1.95,False,False,False,True,J115210.49+143507.7,,DESI J115210.70+143501.2,p,"--,NAT",20.78,14.43,0.48,83.5,19.4,21,,Y21 J115210.7+143501,0.7901,p,2846.0,0.0,0.0,0.624,31.92,1.44,15.0
178.09965,28.55112,0.22077,25.25,114.0,8.21,1.38,False,False,True,False,J115222.69+283309.6,,WISEA J115223.91+283304.0,s,"--,WAT",86.55,13.84,2.41,143.8,21.5,31,-22.67,WH J115218.1+283141,0.9669,p,3318.0,113.0,924.0,0.459,19.0,0.87,10.0
178.10115,-4.63624,,,,,,False,True,True,False,J115224.28-043810.5,,,,"FR-II,WAT",401.57,194.35,0.95,110.9,35.6,84,,,,,,,,,,,
178.14395,28.12706,1.19046,26.87,247.0,,,False,False,True,False,J115234.48+280740.4,,DESI J115234.55+280737.4,p,"--,WAT",102.08,55.76,0.79,97.5,7.6,29,,WH J115230.4+280521,0.7775,p,2810.0,147.0,1127.0,0.387,11.85,0.55,6.0
178.14367,-1.43832,0.55877,24.94,160.0,8.75,1.93,False,True,True,False,J115234.71-012618.5,,WISEA J115234.48-012617.9,s,"FR-II,WAT",10.01,9.83,0.02,157.0,17.3,24,-23.09,AMF J115234.5-012617,0.5588,s,2146.0,1.0,7.0,0.648,32.9,1.48,22.0
178.15258,42.48785,0.32938,25.19,167.0,9.01,1.72,True,False,True,False,J115237.27+422907.2,"f,j",WISEA J115236.61+422916.2,s,"FR-I,WAT",36.55,13.27,1.33,155.9,12.1,34,-23.31,WHL J115246.5+422832,0.247,s,1032.0,118.0,474.0,0.716,33.51,1.51,14.0
178.16034,3.59495,0.66823,25.83,289.0,,1.69,False,False,True,False,J115238.77+033537.6,,DESI J115238.48+033541.8,p,"--,WAT",34.36,17.49,0.89,160.9,62.9,40,,Y21 J115238.7+033653,0.704,p,2597.0,72.0,532.0,0.764,56.24,2.5,14.0
178.18253,34.09334,0.44683,26.01,166.0,8.76,1.87,False,False,True,False,J115243.42+340539.3,"f,j",WISEA J115243.80+340536.0,s,"--,WAT",98.38,25.96,1.75,99.5,8.9,28,-23.15,GMBCG J115244.7+340507,0.2532,s,1057.0,31.0,127.0,0.597,12.5,0.58,7.0
178.24179,-7.7706,0.18605,24.75,113.0,,,True,False,True,False,J115258.29-074604.5,,DESI J115258.03-074614.2,p,"FR-I,WAT",53.89,24.95,1.01,104.9,21.6,35,,WH J115258.4-074612,0.1919,p,814.0,6.0,20.0,0.739,34.51,1.56,12.0
178.28355,46.04567,0.36266,25.42,334.0,8.54,1.78,False,False,False,True,J115307.55+460234.1,,WISEA J115308.05+460244.3,s,"--,NAT",55.25,26.76,0.95,30.2,13.9,64,-23.45,WHL J115308.1+460244,0.3627,s,1470.0,0.0,0.0,0.631,27.51,1.25,7.0
178.29036,28.8924,0.33977,25.18,190.0,9.5,1.66,True,False,True,False,J115309.94+285334.7,,WISEA J115309.68+285332.6,s,"FR-I,WAT",35.33,15.06,1.12,167.7,119.0,38,-23.32,WHL J115309.7+285333,0.3398,s,1386.0,0.0,0.0,0.611,19.39,0.89,10.0
178.32532,23.68708,0.99009,25.89,287.0,,0.55,False,True,True,False,J115318.00+234113.4,,WISEA J115318.07+234113.4,s,"FR-II,WAT",19.84,13.11,0.54,160.9,47.1,35,,WH J115316.4+234038,0.9955,p,3390.0,42.0,346.0,0.51,15.91,0.73,6.0
178.3475,53.19005,0.6113,26.07,257.0,8.94,1.84,False,False,True,False,J115322.68+531129.0,,WISEA J115323.39+531124.1,s,"--,WAT",68.86,31.26,1.04,115.3,19.9,37,-23.91,WHL J115323.4+531124,0.6113,s,2313.0,0.0,0.0,0.725,46.46,2.08,17.0
178.35086,54.62328,0.86261,26.56,642.0,,1.31,False,False,False,True,J115324.69+543743.5,,WISEA J115324.20+543723.8,s,"--,NAT",89.67,39.56,1.07,86.2,6.4,81,,WH J115324.2+543724,0.8626,s,3046.0,0.0,0.0,0.427,13.86,0.64,6.0
178.44978,4.98264,0.22728,24.95,139.0,,1.42,False,False,True,False,J115348.25+045900.0,,WISEA J115347.94+045857.4,s,"--,WAT",56.59,31.22,0.78,151.8,22.0,37,,CFSFDP J115355.8+045646,0.6481,s,2428.0,176.0,1257.0,0.469,15.73,0.73,7.0
178.45411,23.26721,0.33385,24.87,123.0,,0.55,False,False,True,False,J115348.96+231602.4,,DESI J115348.99+231601.9,p,"--,WAT",19.27,9.81,0.89,166.8,30.7,25,,,,,,,,,,,
178.47738,6.8309,0.83122,25.55,188.0,,1.79,True,False,True,False,J115354.32+064950.4,,DESI J115354.57+064951.2,p,"FR-I,WAT",11.93,6.97,0.71,136.1,10.8,24,,Y21 J115354.6+064951,0.8898,p,3118.0,0.0,0.0,0.536,23.52,1.07,8.0
178.48074,18.23112,0.86989,25.81,174.0,,1.27,False,False,True,False,J115355.13+181353.4,,DESI J115355.38+181352.0,p,"--,WAT",20.27,12.15,0.67,138.3,31.9,22,,Y21 J115359.8+181257,0.8584,p,3034.0,84.0,665.0,0.549,24.81,1.13,14.0
178.48315,28.82061,0.97926,25.76,196.0,,,False,False,True,False,J115355.99+284914.3,,DESI J115355.96+284914.2,p,"--,WAT",16.49,12.27,0.39,168.3,23.9,24,,,,,,,,,,,
178.49683,27.1933,0.31622,24.98,119.0,,1.61,True,False,True,False,J115359.80+271133.0,,DESI J115359.24+271135.9,p,"FR-I,WAT",29.22,16.6,0.74,96.5,13.1,25,,WHL J115359.6+271142,0.3239,s,1326.0,8.0,39.0,0.695,29.78,1.35,20.0
178.5268,63.80265,1.44916,26.75,277.0,,0.21,False,False,True,False,J115405.98+634811.4,,WISEA J115406.43+634809.5,s,"--,WAT",53.97,31.82,0.69,150.0,20.1,32,,WHL J115420.6+634710,0.1749,s,745.0,111.0,341.0,0.613,14.37,0.66,9.0
178.56924,10.16109,0.21761,24.79,178.0,8.19,1.35,False,True,True,False,J115416.51+100943.8,"a,f",WISEA J115416.61+100939.9,s,"FR-II,WAT",45.29,31.0,0.5,141.2,31.7,49,-22.48,WH J115409.3+101142,1.1123,p,3671.0,163.0,1373.0,0.547,33.01,1.49,7.0
178.57024,57.60348,0.33491,24.79,119.0,,0.53,False,False,True,False,J115417.18+573616.2,,DESI J115416.86+573612.5,p,"--,WAT",17.09,10.57,0.63,129.3,56.8,24,,,,,,,,,,,
178.57475,56.85093,0.29085,24.86,207.0,,1.31,True,False,True,False,J115417.70+565057.0,,DESI J115417.94+565103.4,p,"FR-I,WAT",25.63,12.67,0.92,167.3,30.3,46,,CFSFDP J115436.1+565059,0.8373,s,2977.0,149.0,1170.0,0.625,35.23,1.59,9.0
178.578,48.58922,0.17755,25.06,286.0,,1.2,False,True,True,False,J115419.71+483506.5,,DESI J115418.72+483521.2,p,"FR-II,WAT",103.73,22.19,2.02,135.9,42.3,92,,,,,,,,,,,
178.60244,2.11477,0.13242,24.54,122.0,8.69,1.07,True,False,True,False,J115424.43+020649.2,"d,j",WISEA J115424.58+020653.1,s,"FR-I,WAT",74.5,52.11,0.47,116.6,21.7,50,-23.12,WH J115423.1+020853,0.7215,p,2648.0,121.0,902.0,0.394,12.82,0.6,6.0
178.62602,21.95319,0.34495,24.63,126.0,,1.7,True,False,True,False,J115430.21+215713.0,,WISEA J115430.24+215711.4,s,"FR-I,WAT",10.79,6.14,0.74,152.0,17.7,25,,WHL J115430.2+215712,0.345,s,1405.0,0.0,0.0,0.54,11.37,0.59,5.0
178.64504,36.59439,0.11556,24.22,119.0,,1.06,True,False,True,False,J115434.16+363542.3,f,WISEA J115434.80+363539.8,s,"FR-I,WAT",43.73,17.88,1.17,149.9,40.5,55,,WH J115434.8+363540,0.1157,s,500.0,0.0,0.0,0.518,12.47,0.58,7.0
178.65596,11.81637,0.33043,25.45,177.0,,1.3,True,False,True,False,J115437.69+114858.6,,WISEA J115437.42+114858.9,s,"FR-I,WAT",78.74,45.18,0.73,148.2,25.2,36,,GMBCG J178.61782+11.79646,0.315,p,1293.0,152.0,725.0,,,,
178.67908,55.34222,,,,,,False,False,True,False,J115442.98+552032.0,c,,,"--,WAT",8.84,7.09,0.29,160.1,10.3,24,,,,,,,,,,,
178.68723,18.80341,,,,,,False,False,True,False,J115444.94+184812.3,,,,"--,WAT",57.29,20.05,1.38,153.7,25.4,29,,,,,,,,,,,
178.75198,-1.43107,0.16348,25.05,98.0,,1.15,False,False,True,False,J115500.67-012548.0,f,DESI J115500.48-012552.0,s,"--,WAT",142.11,69.22,0.94,139.7,17.3,34,,maxBCG J115500.5-012552,0.1661,s,709.0,0.0,0.0,0.872,48.76,2.17,32.0
178.76496,5.31946,0.61462,26.02,327.0,,1.74,False,False,True,False,J115503.45+051918.4,,WISEA J115503.59+051910.0,s,"--,WAT",68.82,37.16,0.81,133.0,43.0,47,,,,,,,,,,,
178.77421,38.24523,0.53352,25.49,163.0,,1.85,False,False,True,False,J115505.57+381438.4,,DESI J115505.81+381442.8,p,"--,WAT",29.93,17.87,0.68,155.8,36.0,25,,WHL J115505.7+381425,0.5633,p,2160.0,17.0,114.0,1.0,110.13,4.79,57.0
178.7717,21.44019,0.1515,24.34,112.0,,1.13,False,False,False,True,J115505.69+212632.8,j,DESI J115505.21+212624.7,p,"--,NAT",34.11,19.05,0.76,43.8,,41,,WH J115505.4+212826,0.4938,p,1930.0,121.0,758.0,0.466,14.22,0.66,8.0
178.80694,-0.52607,0.13215,24.92,138.0,,1.06,True,False,True,False,J115513.38-003147.4,"d,g,h,j",WISEA J115513.66-003133.8,s,"FR-I,WAT",163.86,71.1,1.1,109.1,29.1,57,,maxBCG J115513.6-003134,0.1322,s,569.0,0.0,0.0,0.805,30.92,1.4,23.0
178.81397,25.57206,0.49661,25.98,307.0,,1.8,False,True,True,False,J115515.36+253424.6,,SDSS J115515.35+253419.4,s,"FR-II,WAT",91.0,39.88,1.08,128.1,33.8,49,,WHL J115513.8+253335,0.4967,s,1940.0,49.0,308.0,0.775,49.56,2.21,21.0
178.84447,28.24173,,,,,0.96,False,True,True,False,J115522.67+281430.2,,,,"FR-II,WAT",25.95,16.06,0.63,159.9,17.6,26,,,,,,,,,,,
178.85722,18.07471,0.45735,24.72,144.0,,1.84,False,False,True,False,J115525.64+180432.4,,WISEA J115525.73+180428.9,s,"--,WAT",8.52,7.07,0.24,138.8,25.3,24,,GMBCG J115520.1+180705,0.2037,p,861.0,175.0,607.0,0.627,21.8,1.0,13.0
178.89137,17.80882,0.78551,26.39,515.0,,1.76,False,False,True,False,J115534.48+174838.4,,DESI J115533.93+174831.8,p,"--,WAT",91.84,52.0,0.75,160.8,31.8,67,,,,,,,,,,,
178.92722,2.23641,0.87288,26.58,270.0,,-0.03,False,False,True,False,J115542.84+021410.1,,WISEA J115542.53+021411.0,s,"--,WAT",111.16,61.58,0.77,158.1,49.2,34,,WH J115535.5+021519,0.6529,p,2442.0,126.0,903.0,0.427,11.01,0.51,7.0
178.94299,6.73462,0.6739,25.73,341.0,,1.94,False,False,True,False,J115546.10+064409.8,,WISEA J115546.31+064404.6,s,"--,WAT",29.16,16.32,0.76,153.7,63.7,47,,WHL J115546.3+064404,0.674,s,2507.0,0.0,0.0,0.586,28.67,1.3,9.0
178.95191,15.36378,0.79812,25.62,185.0,,2.06,False,False,True,False,J115548.50+152153.3,,WISEA J115548.45+152149.6,s,"--,WAT",17.03,11.05,0.57,144.4,22.5,24,,Y21 J115548.5+152150,0.7981,s,2868.0,0.0,0.0,0.748,56.9,2.53,19.0
178.95517,21.38224,0.99728,26.27,271.0,,1.37,False,True,True,False,J115549.05+212253.1,c,DESI J115549.24+212256.1,p,"FR-II,WAT",48.73,34.19,0.46,132.8,18.7,33,,,,,,,,,,,
178.98803,57.92813,0.15809,24.99,76.0,,1.19,True,False,True,False,J115557.57+575539.1,,2MASX J11555718+5755413,s,"FR-I,WAT",106.8,14.99,2.58,115.0,10.4,27,,WH J115602.7+575656,0.4768,p,1873.0,87.0,535.0,0.554,13.08,0.61,7.0
179.02658,59.99062,,,,,,False,False,True,False,J115606.38+595926.2,,,,"--,WAT",37.57,23.99,0.59,166.8,23.6,27,,,,,,,,,,,
179.06448,6.97433,0.59033,25.72,397.0,,1.64,False,True,True,False,J115615.56+065826.9,,DESI J115615.47+065827.6,p,"FR-II,WAT",34.74,16.27,1.0,164.5,50.6,58,,WH J115619.9+070033,0.9243,p,3209.0,142.0,1148.0,0.492,21.88,1.0,6.0
179.07289,33.50819,0.42086,25.76,349.0,,1.86,False,False,True,False,J115617.62+333029.8,,DESI J115617.49+333029.5,p,"--,WAT",78.79,32.3,1.17,144.6,35.6,61,,WH J115621.6+332954,0.7874,p,2838.0,63.0,485.0,0.494,21.5,0.98,10.0
179.07841,60.98574,0.37529,24.86,181.0,9.11,1.9,False,True,True,False,J115619.30+605909.9,,WISEA J115618.81+605908.6,s,"FR-II,WAT",17.76,14.72,0.25,154.3,34.7,34,-23.65,GMBCG J115618.8+605909,0.3753,s,1516.0,0.0,0.0,0.652,29.7,1.34,10.0
179.11811,56.86019,0.26334,24.99,172.0,,1.56,False,False,False,True,J115627.22+565143.5,,WISEA J115628.34+565136.6,s,"--,NAT",42.94,20.4,0.98,23.4,25.7,41,,maxBCG J115624.0+565144,0.2645,s,1100.0,36.0,152.0,0.899,57.42,2.55,31.0
179.13653,18.97842,0.32428,25.33,184.0,7.97,1.44,False,False,True,False,J115633.54+185842.5,,WISEA J115632.76+185842.3,s,"--,WAT",65.88,43.52,0.54,141.3,23.7,38,-22.07,,,,,,,,,,
179.16058,20.81313,0.14638,24.1,77.0,8.59,,True,False,True,False,J115638.49+204853.3,"a,f",WISEA J115638.53+204847.2,s,"FR-I,WAT",20.16,9.06,1.05,129.1,15.0,29,-23.12,maxBCG J115638.5+204847,0.1464,s,628.0,0.0,0.0,0.846,41.44,1.86,18.0
179.17356,4.50066,0.99111,27.18,353.0,,0.66,False,False,True,False,J115641.64+042959.4,,WISEA J115641.65+043002.3,s,"--,WAT",302.04,152.44,0.9,166.1,74.3,43,,,,,,,,,,,
179.2604,19.75049,0.17039,24.76,120.0,8.43,1.19,True,False,False,True,J115702.99+194517.4,,WISEA J115702.49+194501.7,s,"FR-I,NAT",68.96,36.86,0.82,64.1,28.9,40,-23.29,maxBCG J115702.5+194502,0.1704,s,727.0,0.0,0.0,0.743,30.32,1.37,26.0
179.35348,57.35078,0.98898,26.04,460.0,,0.22,False,True,True,False,J115724.85+572056.2,,SDSS J115724.83+572102.8,s,"FR-II,WAT",29.39,20.65,0.46,165.0,60.4,56,,,,,,,,,,,
179.46636,46.98063,0.46845,25.11,158.0,9.45,1.65,False,False,True,False,J115751.82+465853.3,,WISEA J115751.92+465850.2,s,"--,WAT",17.46,11.76,0.52,129.9,13.2,26,-23.4,AMF J115751.9+465850,0.4685,s,1844.0,0.0,0.0,0.574,24.85,1.13,15.0
179.47008,24.13042,0.48678,26.02,317.0,,1.75,False,False,True,False,J115752.53+240758.8,,DESI J115752.82+240749.5,p,"--,WAT",114.22,58.49,0.88,144.1,25.9,51,,,,,,,,,,,
179.48556,38.61228,0.41477,25.35,164.0,8.42,1.9,True,False,True,False,J115756.14+383640.0,,SDSS J115756.53+383644.1,s,"FR-I,WAT",35.56,18.14,0.88,102.5,12.4,29,-23.63,WHL J115756.5+383644,0.4151,s,1658.0,0.0,0.0,0.646,28.94,1.31,13.0
179.4908,24.93402,0.14247,24.84,83.0,,1.05,True,False,True,False,J115758.03+245613.7,,WISEA J115757.79+245602.4,s,"FR-I,WAT",119.32,57.75,0.95,161.8,31.6,32,,maxBCG J115757.8+245602,0.1433,s,615.0,0.0,0.0,0.757,28.51,1.29,19.0
179.58877,0.6184,0.27193,24.74,253.0,8.81,1.54,False,True,True,False,J115821.18+003713.2,f,WISEA J115821.30+003706.2,s,"FR-II,WAT",20.93,7.95,1.27,163.3,130.7,59,-22.68,WHL J115821.3+003706,0.2719,s,1129.0,0.0,0.0,0.609,18.56,0.85,10.0
179.60208,-6.23422,,,,,,False,False,True,False,J115824.50-061403.2,,,,"--,WAT",63.7,33.81,0.83,105.8,38.8,41,,,,,,,,,,,
179.60475,27.27529,0.15835,24.56,116.0,8.52,1.11,False,True,True,False,J115825.26+271642.2,,WISEA J115825.13+271631.0,s,"FR-II,WAT",45.94,15.64,1.41,139.6,40.4,41,-22.88,maxBCG J115825.1+271631,0.1583,s,677.0,0.0,0.0,0.781,32.54,1.47,21.0
179.65628,3.82879,0.7024,26.04,317.0,,1.86,False,False,True,False,J115837.91+034950.8,,DESI J115837.51+034943.6,p,"--,WAT",56.82,34.75,0.65,135.5,18.7,43,,,,,,,,,,,
179.68874,17.45789,0.99504,25.89,485.0,,,False,False,True,False,J115844.96+172733.3,,DESI J115845.30+172728.4,p,"--,WAT",22.97,18.31,0.3,102.2,13.4,59,,,,,,,,,,,
179.69831,3.55442,0.40846,25.52,185.0,,1.35,True,False,True,False,J115847.43+033315.4,,WISEA J115847.59+033315.9,s,"FR-I,WAT",64.93,48.2,0.39,147.7,40.5,33,,WH J115847.6+033317,0.4085,s,1635.0,1.0,6.0,0.462,10.43,0.49,6.0
179.72388,9.77518,0.22647,24.45,90.0,,1.33,True,False,True,False,J115853.81+094632.6,f,DESI J115853.73+094630.7,p,"FR-I,WAT",19.7,15.27,0.33,159.0,15.0,24,,WH J115847.7+094424,0.9504,p,3276.0,155.0,1262.0,0.499,17.72,0.81,7.0
179.81494,49.29073,0.42106,25.88,378.0,,1.97,True,False,True,False,J115915.22+491732.5,,WISEA J115915.58+491726.6,s,"FR-I,WAT",121.19,67.73,0.76,157.3,65.0,66,,WHL J115915.6+491727,0.4211,s,1680.0,0.0,0.0,0.903,68.71,3.03,27.0
179.86249,-2.27696,0.94223,26.36,455.0,,0.07,False,False,True,False,J115926.55-021639.6,,WISEA J115926.99-021637.0,s,"--,WAT",57.74,33.09,0.73,145.3,44.4,56,,,,,,,,,,,
179.87013,12.88255,0.39713,24.38,132.0,,1.7,False,True,True,False,J115928.91+125259.9,,DESI J115928.83+125257.2,p,"FR-II,WAT",5.97,6.8,-0.17,143.0,23.0,24,,,,,,,,,,,
179.90401,-6.97516,,,,,,False,True,True,False,J115936.96-065830.6,,,,"FR-II,WAT",42.83,18.18,1.12,152.6,37.8,45,,,,,,,,,,,
179.92071,-1.45234,1.21196,26.84,239.0,,0.22,False,False,True,False,J115940.97-012712.6,f,SDSS J115940.96-012708.4,s,"--,WAT",91.53,49.43,0.81,166.7,24.1,28,,,,,,,,,,,
179.99937,10.96243,,,,,,False,True,True,False,J120000.30+105744.4,,DESI J115959.85+105744.8,,"FR-II,WAT",86.13,32.32,1.29,143.2,62.6,73,,maxBCG J115959.8+105745,0.1565,s,670.0,0.0,0.0,0.752,31.37,1.42,8.0
180.05791,56.25062,0.05806,23.33,28.0,,0.94,False,True,True,False,J120013.96+561500.6,a,DESI J120013.90+561502.2,p,"FR-II,WAT",25.15,16.51,0.55,142.3,13.8,24,,[WH2015] 0598,0.065,s,285.0,0.0,0.0,,,,
180.05733,19.76027,0.83682,25.99,219.0,,0.09,False,False,True,False,J120014.22+194537.2,,WISEA J120013.75+194536.9,s,"--,WAT",36.64,24.83,0.51,90.1,8.4,28,,CFSFDP J120015.4+194740,0.742,p,2708.0,125.0,942.0,0.695,45.17,2.02,14.0
180.07526,38.99761,0.71706,25.91,282.0,,1.47,False,False,True,False,J120018.34+385954.6,,DESI J120018.06+385951.4,p,"--,WAT",40.68,25.56,0.61,152.3,159.0,38,,,,,,,,,,,
180.09139,-2.03132,0.14626,24.5,55.0,8.51,1.1,True,False,True,False,J120022.27-020148.6,,WISEA J120021.93-020152.7,s,"FR-I,WAT",44.94,10.28,1.94,146.9,132.1,21,-22.7,GMBCG J120021.9-020153,0.1463,s,628.0,0.0,0.0,0.581,16.25,0.75,7.0
180.14316,50.11244,2.30782,27.09,210.0,,0.63,False,False,False,True,J120034.55+500654.9,,WISEA J120034.35+500644.7,s,"--,NAT",16.33,5.36,1.46,80.3,10.9,25,,,,,,,,,,,
180.14991,43.09843,0.91259,25.79,354.0,,2.61,False,True,True,False,J120035.27+430601.5,,SDSS J120035.97+430554.3,s,"FR-II,WAT",17.58,10.77,0.64,133.4,25.4,44,,WH J120036.0+430555,0.9126,s,3178.0,0.0,0.0,0.627,39.5,1.77,10.0
180.18049,29.37073,0.37552,24.98,165.0,8.87,1.79,False,False,True,False,J120043.27+292213.8,,WISEA J120043.31+292214.6,s,"--,WAT",24.72,23.5,0.07,155.9,51.8,31,-22.95,GMBCG J120043.3+292214,0.3761,s,1519.0,0.0,0.0,0.651,27.25,1.24,13.0
180.19214,29.716,0.16295,25.28,403.0,,1.16,False,False,True,False,J120046.01+294242.1,,DESI J120046.11+294257.6,p,"--,WAT",240.96,105.18,1.09,141.9,,139,,maxBCG J120046.1+294258,0.1606,s,687.0,0.0,0.0,0.997,67.75,2.99,39.0
180.3258,6.31648,0.13505,24.52,173.0,,1.09,False,False,True,False,J120118.05+061859.0,d,WISEA J120118.19+061859.3,s,"--,WAT",54.85,10.86,2.12,162.8,78.9,70,,WHL J120118.2+061859,0.1352,s,582.0,0.0,0.0,0.582,14.85,0.69,9.0
180.34568,56.68664,0.595,25.73,343.0,,0.06,False,True,True,False,J120123.62+564113.9,,WISEA J120122.96+564111.8,s,"FR-II,WAT",36.0,18.25,0.89,161.9,426.0,50,,,,,,,,,,,
180.35724,-7.05313,0.23634,25.58,225.0,,,False,True,False,True,J120126.75-070312.7,"f,j",DESI J120125.74-070311.3,p,"FR-II,NAT",206.89,91.71,1.07,37.9,15.1,58,,WHY18 J120125.7-070311,0.2413,p,1010.0,0.0,0.0,1.05,84.97,3.73,45.0
180.41401,-0.20668,0.16906,24.94,158.0,,1.17,False,False,True,False,J120140.13-001223.4,,WISEA J120139.36-001224.0,s,"--,WAT",100.65,41.33,1.17,130.8,46.5,53,,maxBCG J120143.7-001104,0.173,s,737.0,103.0,314.0,0.754,27.68,1.26,30.0
180.42105,51.05127,0.65796,25.75,258.0,,0.67,False,False,True,False,J120141.10+510303.7,,WISEA J120141.05+510304.5,s,"--,WAT",28.98,13.79,0.97,169.3,213.8,36,,CAMIRA J120130.2+510222,0.5615,p,2154.0,111.0,742.0,0.61,24.55,1.12,9.0
180.44649,-6.70485,0.14122,24.37,61.0,,,True,False,True,False,J120146.95-064212.3,,DESI J120147.16-064217.4,p,"FR-I,WAT",37.77,10.67,1.66,123.3,25.2,24,,,,,,,,,,,
180.47972,12.1052,,,,,,False,False,True,False,J120155.13+120618.7,,,,"--,WAT",9.19,5.12,0.77,150.9,16.3,22,,,,,,,,,,,
180.49527,-4.19683,0.28676,25.0,174.0,,,False,False,True,False,J120159.17-041150.2,,DESI J120158.86-041148.6,p,"--,WAT",37.97,20.38,0.82,142.5,24.3,39,,Y21 J120158.9-041149,0.272,p,1129.0,0.0,0.0,0.728,17.16,0.79,15.0
180.51325,16.27087,,,,,,False,False,True,False,J120203.18+161615.1,,,,"--,WAT",53.26,26.72,0.91,122.0,9.5,27,,,,,,,,,,,
180.51588,58.03553,0.10284,25.4,174.0,,1.05,False,False,True,False,J120204.64+580143.0,j,SDSS J120203.81+580207.9,s,"--,WAT",856.1,372.76,1.09,122.7,51.4,89,,maxBCG J120203.8+580208,0.1028,s,446.0,0.0,0.0,0.897,47.86,2.14,47.0
180.61334,12.27947,0.22569,24.7,142.0,8.44,1.4,False,False,True,False,J120226.65+121649.1,j,WISEA J120227.20+121646.0,s,"--,WAT",28.99,10.94,1.28,121.8,18.7,38,-22.55,maxBCG J120226.3+121542,0.2258,s,949.0,66.0,248.0,0.814,39.76,1.78,27.0
180.63425,-7.42432,,,,,,False,False,True,False,J120232.22-072527.5,,,,"--,WAT",38.03,23.12,0.65,101.9,11.8,31,,,,,,,,,,,
180.66898,-3.24449,0.49219,25.72,362.0,,2.03,False,False,True,False,J120240.46-031436.0,,DESI J120240.55-031440.2,p,"--,WAT",48.6,19.29,1.21,143.0,118.5,58,,AMF J120240.6-031440,0.4812,p,1888.0,0.0,0.0,0.556,23.46,1.07,10.0
180.69181,19.28909,0.64844,25.26,128.0,8.37,1.97,False,False,False,True,J120246.33+191724.6,,WISEA J120246.03+191720.7,s,"--,NAT",12.9,9.61,0.39,61.5,5.6,18,-23.59,WH J120246.0+191720,0.6485,s,2429.0,1.0,7.0,0.605,28.77,1.3,9.0
180.70203,32.99766,,,,,,False,True,True,False,J120248.49+325951.6,,,,"FR-II,WAT",55.39,24.86,1.05,160.6,232.5,55,,,,,,,,,,,
180.70745,15.36713,0.82885,25.78,203.0,,1.99,False,False,True,False,J120249.48+152201.2,,DESI J120249.79+152201.7,p,"--,WAT",18.87,9.73,0.87,145.6,16.8,26,,WH J120249.8+152202,0.7971,p,2865.0,0.0,0.0,0.54,22.87,1.04,12.0
180.72147,10.42192,0.22707,25.12,184.0,8.19,1.4,False,False,True,False,J120252.86+102517.4,,WISEA J120253.15+102518.9,s,"--,WAT",76.71,31.06,1.19,162.1,118.9,49,-22.5,maxBCG J120304.6+102438,0.2269,s,954.0,174.0,656.0,0.703,27.98,1.27,27.0
180.76996,33.53245,0.14257,24.24,83.0,,0.99,False,False,True,False,J120304.74+333153.0,,DESI J120304.79+333156.8,p,"--,WAT",30.23,15.72,0.86,153.8,71.4,32,,WHL J120302.8+333117,0.5192,s,2016.0,47.0,302.0,0.742,41.72,1.87,17.0
180.77959,51.67518,0.0634,24.7,86.0,,0.98,True,False,True,False,J120308.25+514004.8,,2MASX J12030709+5140307,s,"FR-I,WAT",468.6,174.06,1.3,125.1,40.8,68,,WH J120308.3+514139,0.8397,p,2983.0,69.0,542.0,0.624,38.87,1.75,7.0
180.80076,14.86487,0.20056,24.98,123.0,8.45,1.3,False,False,True,False,J120312.47+145157.0,,WISEA J120312.18+145153.5,s,"--,WAT",79.08,41.68,0.84,168.7,39.1,36,-23.31,maxBCG J120312.2+145153,0.2009,s,850.0,0.0,0.0,0.913,56.37,2.5,34.0
180.89012,11.10166,0.28879,25.04,206.0,,1.59,True,False,True,False,J120333.68+110610.1,,WISEA J120333.62+110605.9,s,"FR-I,WAT",39.18,19.62,0.91,163.2,161.8,46,,maxBCG J120333.6+110606,0.2888,s,1194.0,0.0,0.0,0.638,23.28,1.06,13.0
180.9415,12.69235,0.51848,25.59,199.0,,1.9,False,True,False,True,J120345.82+124141.2,,DESI J120345.96+124132.5,p,"FR-II,NAT",44.39,32.11,0.42,47.0,7.1,31,,CAMIRA J120346.0+124132,0.518,s,2012.0,0.0,0.0,0.765,47.52,2.12,17.0
181.00607,20.23235,0.02445,23.8,46.0,,,True,False,True,False,J120402.98+201325.7,"f,j",NGC 4061,s,"FR-I,WAT",406.03,31.93,3.34,131.3,43.9,90,,AMF J120406.2+201406,0.0245,s,108.0,67.0,34.0,0.909,41.97,1.88,25.0
181.0222,51.42262,0.26793,24.99,136.0,,1.51,False,True,True,False,J120405.56+512530.6,,WISEA J120405.32+512521.4,s,"FR-II,WAT",40.32,18.31,1.04,117.1,136.3,32,,maxBCG J120357.6+512411,0.2744,s,1139.0,101.0,438.0,0.796,44.7,2.0,24.0
181.05427,31.74086,0.40793,25.04,157.0,9.45,1.88,False,False,True,False,J120412.60+314428.7,,WISEA J120413.02+314427.1,s,"--,WAT",19.95,12.6,0.6,134.5,21.9,28,-23.46,WHL J120413.0+314428,0.4079,s,1633.0,1.0,6.0,0.595,13.69,0.63,15.0
181.0546,-4.83954,0.27802,25.05,174.0,,,False,True,True,False,J120412.67-045025.0,,DESI J120413.10-045022.4,p,"FR-II,WAT",47.76,31.2,0.56,129.4,34.8,40,,WHY18 J120408.2-045057,0.2815,p,1166.0,81.0,357.0,0.893,57.82,2.57,23.0
181.10627,27.72686,0.16701,25.19,245.0,,1.16,False,False,True,False,J120425.20+274340.4,,DESI J120425.50+274336.7,p,"--,WAT",169.12,47.75,1.66,157.1,139.0,83,,[DSM2002] J120426.02+274412.8,1.0,p,3401.0,37.0,305.0,,,,
181.10539,3.75292,0.14884,24.6,126.0,8.51,1.13,False,False,False,True,J120425.68+034504.5,j,WISEA J120425.29+034510.5,s,"--,NAT",62.04,27.71,1.06,77.7,24.5,47,-22.87,maxBCG J120426.9+034448,0.1521,s,652.0,33.0,90.0,1.066,75.81,3.34,52.0
181.12641,37.95978,0.244,25.02,298.0,8.74,1.49,False,False,True,False,J120431.40+375731.3,j,2MASS J12043033+3757352,s,"--,WAT",55.99,28.53,0.88,111.7,41.5,75,-23.0,maxBCG J120430.3+375736,0.244,s,1021.0,0.0,0.0,0.799,38.15,1.71,26.0
181.13725,3.9688,0.16632,24.74,147.0,8.37,1.14,False,False,False,True,J120432.60+035816.5,j,WISEA J120432.93+035807.6,s,"--,NAT",69.73,38.96,0.76,42.3,49.9,50,-23.03,maxBCG J120435.1+035723,0.1663,s,710.0,55.0,162.0,1.091,87.02,3.81,68.0
181.15906,19.86732,0.70064,25.7,176.0,,1.71,False,False,False,True,J120438.34+195204.8,,DESI J120438.17+195202.3,p,"--,NAT",29.97,22.42,0.38,81.0,6.9,24,,GMBCG J120442.8+194948,0.4502,s,1781.0,150.0,893.0,0.495,12.73,0.59,9.0
181.16891,50.65746,0.17358,24.08,64.0,,0.44,False,True,True,False,J120440.43+503930.7,,DESI J120440.54+503926.8,p,"FR-II,WAT",13.12,5.58,1.12,134.7,23.8,21,,,,,,,,,,,
181.19403,15.02304,0.14492,25.62,281.0,,1.1,False,True,True,False,J120444.64+150123.2,,DESI J120446.56+150122.8,s,"FR-II,WAT",555.17,78.99,2.56,103.5,97.4,107,,maxBCG J120446.6+150123,0.1449,s,622.0,0.0,0.0,0.857,40.9,1.83,22.0
181.24427,45.99365,0.21299,25.15,283.0,8.81,1.35,True,False,True,False,J120459.48+455941.0,,WISEA J120458.62+455937.1,s,"FR-I,WAT",103.26,54.4,0.84,144.2,67.4,79,-22.83,maxBCG J120458.6+455937,0.2156,s,909.0,0.0,0.0,0.879,51.58,2.3,31.0
181.2475,25.30195,0.26757,24.8,131.0,8.74,1.55,True,False,True,False,J120459.67+251811.8,,WISEA J120459.39+251807.0,s,"FR-I,WAT",26.38,12.19,1.01,135.1,33.9,31,-23.09,WHL J120500.9+251704,0.489,s,1914.0,66.0,411.0,0.654,29.33,1.33,24.0
181.2802,41.15793,0.83084,25.42,180.0,,2.42,False,True,True,False,J120507.40+410929.0,,SDSS J120507.24+410928.5,s,"FR-II,WAT",9.56,6.14,0.58,164.6,19.3,23,,,,,,,,,,,
181.31043,32.07145,0.16616,25.15,253.0,8.64,1.18,False,True,True,False,J120515.18+320428.3,f,WISEA J120514.50+320417.2,s,"FR-II,WAT",176.13,91.0,0.87,129.7,42.1,86,-22.96,maxBCG J120514.5+320417,0.1662,s,710.0,0.0,0.0,0.851,45.39,2.03,31.0
181.37167,18.55463,0.29075,25.2,221.0,8.06,1.43,False,False,True,False,J120529.30+183307.0,,WISEA J120529.19+183316.6,s,"--,WAT",58.9,34.0,0.72,168.1,70.0,49,-22.6,,,,,,,,,,
181.39533,-3.05743,0.31208,25.27,203.0,8.31,1.63,False,True,True,False,J120534.34-030324.6,,WISEA J120534.87-030326.7,s,"FR-II,WAT",59.43,33.79,0.74,137.5,98.1,43,-23.22,WHL J120534.9-030327,0.3121,s,1282.0,0.0,0.0,0.913,64.64,2.86,56.0
181.40813,3.96385,0.81248,25.69,264.0,,1.74,False,True,True,False,J120537.92+035749.8,,DESI J120537.95+035749.8,p,"FR-II,WAT",20.01,13.64,0.5,161.1,44.7,34,,CFSFDP J120536.3+035742,0.516,p,2005.0,26.0,167.0,0.464,11.04,0.51,6.0
181.49212,48.95826,0.16656,24.53,118.0,,1.21,True,False,False,True,J120557.01+485739.6,,WISEA J120558.10+485729.7,s,"FR-I,NAT",43.56,27.91,0.58,70.7,10.0,40,,maxBCG J120558.1+485730,0.1666,s,711.0,0.0,0.0,0.837,43.51,1.95,29.0
181.58307,3.78368,0.46257,25.48,193.0,,1.9,False,True,False,True,J120620.26+034656.4,"g,j",WISEA J120619.93+034701.2,s,"FR-II,NAT",41.83,27.53,0.55,63.8,7.6,32,,WHL J120619.9+034701,0.4626,s,1824.0,0.0,0.0,0.82,55.71,2.47,22.0
181.59335,50.29564,1.45453,27.55,451.0,,0.86,False,False,True,False,J120622.66+501743.1,,SDSS J120622.40+501744.2,s,"--,WAT",276.19,136.74,0.92,164.3,112.0,52,,,,,,,,,,,
181.66268,-4.31332,,,,,,False,True,False,True,J120639.04-041847.9,,,,"FR-II,NAT",37.48,13.27,1.36,69.1,9.2,28,,,,,,,,,,,
181.66309,22.05184,0.18769,24.26,68.0,,1.21,True,False,True,False,J120639.16+220312.9,,DESI J120639.14+220306.6,p,"FR-I,WAT",17.86,10.68,0.67,108.8,12.7,21,,maxBCG J120636.7+220358,0.1948,s,826.0,61.0,204.0,0.872,43.21,1.93,44.0
181.708,27.493,0.44367,25.77,206.0,,1.84,False,True,False,True,J120649.99+272944.4,,WISEA J120649.92+272934.7,s,"FR-II,NAT",79.41,40.14,0.9,83.5,32.3,35,,WHL J120647.2+273035,0.4259,p,1696.0,70.0,404.0,0.596,15.24,0.7,17.0
181.72742,29.12843,0.83343,25.95,219.0,,2.03,False,True,True,False,J120654.41+290742.3,c,DESI J120654.58+290742.3,p,"FR-II,WAT",27.48,14.21,0.87,141.8,19.7,28,,WHL J120657.5+290513,0.2555,s,1066.0,154.0,634.0,0.579,11.57,0.54,7.0
181.73676,48.2535,0.90294,26.67,401.0,,0.13,False,True,True,False,J120657.24+481515.9,,SDSS J120656.82+481512.6,s,"FR-II,WAT",124.85,69.57,0.77,148.3,56.4,50,,,,,,,,,,,
181.79718,61.17296,0.67235,25.58,130.0,,2.08,True,False,True,False,J120711.61+611024.6,,WISEA J120711.32+611022.6,s,"FR-I,WAT",14.98,5.2,1.39,128.7,17.3,18,,WH J120711.3+611022,0.7025,p,2592.0,0.0,0.0,0.587,27.98,1.27,8.0
181.83077,48.10129,0.35321,25.61,169.0,,1.73,True,False,False,True,J120719.53+480557.1,,SDSS J120719.38+480604.6,s,"FR-I,NAT",85.38,35.47,1.15,86.1,14.8,33,,AMF J120719.4+480605,0.3532,s,1435.0,0.0,0.0,0.598,15.48,0.71,7.0
181.89789,33.16071,0.83642,25.94,204.0,,1.15,False,True,True,False,J120735.50+330938.4,,DESI J120735.49+330938.5,p,"FR-II,WAT",30.07,18.38,0.65,153.4,16.1,26,,WHL J120737.8+331236,0.4891,s,1915.0,180.0,1122.0,0.812,55.67,2.47,39.0
181.92366,-1.11019,0.49054,25.83,162.0,,0.48,True,False,True,False,J120741.92-010637.7,,DESI J120741.68-010636.7,p,"FR-I,WAT",136.82,237.37,-0.72,101.1,7.1,26,,AMF J120743.3-010356,0.1801,s,766.0,163.0,513.0,0.629,20.69,0.95,11.0
181.96566,38.93333,0.24426,26.09,250.0,8.51,1.45,False,False,True,False,J120752.08+385558.9,,WISEA J120751.75+385559.9,s,"--,WAT",637.97,297.83,1.0,133.6,25.9,63,-22.76,WH J120747.4+385534,0.2688,s,1117.0,56.0,243.0,0.471,11.56,0.54,6.0
182.00822,29.63795,0.5794,25.13,142.0,7.88,1.74,True,False,False,True,J120801.74+293822.5,,WISEA J120801.97+293816.6,s,"FR-I,NAT",11.0,6.96,0.6,57.8,6.5,21,-22.4,WH J120802.0+293816,0.5794,s,2212.0,0.0,0.0,0.46,13.56,0.63,9.0
182.01938,-0.93938,0.40597,25.38,179.0,8.3,1.8,False,True,True,False,J120804.73-005619.2,,WISEA J120804.65-005621.7,s,"FR-II,WAT",39.52,19.38,0.93,156.2,53.1,32,-22.9,SDSS CE J182.029816-00.951879,0.4061,s,1626.0,1.0,6.0,,,,
182.02313,25.23729,0.02253,23.92,77.0,,0.84,False,False,True,False,J120805.01+251423.4,,SDSS J120805.55+251414.2,s,"--,WAT",654.77,154.61,1.89,166.0,121.0,163,,AMF J120805.6+251414,0.0225,s,100.0,0.0,0.0,0.623,11.16,0.52,11.0
182.05731,44.06192,0.34048,25.54,356.0,8.88,1.76,True,False,True,False,J120813.17+440345.0,,WISEA J120813.75+440342.9,s,"FR-I,WAT",83.97,40.43,0.96,140.6,49.5,71,-23.03,WHL J120813.7+440343,0.3405,s,1388.0,0.0,0.0,0.744,37.6,1.69,17.0
182.07328,-4.80262,1.04024,26.29,266.0,,,True,False,True,False,J120818.27-044811.9,,DESI J120817.59-044809.4,p,"FR-I,WAT",70.57,76.89,-0.11,114.6,12.4,32,,WH J120815.4-044938,0.7384,p,2698.0,94.0,707.0,0.485,19.63,0.9,8.0
182.11453,24.04586,0.3928,25.38,269.0,,1.49,False,False,True,False,J120827.21+240238.8,,DESI J120827.49+240245.1,p,"--,WAT",37.1,13.46,1.33,141.1,20.1,49,,WH J120821.2+240317,1.1627,p,3787.0,92.0,781.0,0.394,13.23,0.61,6.0
182.11946,34.41932,0.55386,26.01,219.0,9.18,1.88,True,False,False,True,J120828.95+342517.8,f,SDSS J120828.67+342509.5,s,"FR-I,NAT",79.62,38.75,0.94,59.0,9.5,33,-24.61,WHL J120828.7+342510,0.5572,s,2140.0,0.0,0.0,0.962,92.39,4.04,34.0
182.15737,59.26304,0.77952,25.67,230.0,,,False,True,True,False,J120837.71+591546.2,,DESI J120837.77+591546.9,p,"FR-II,WAT",16.67,8.45,0.89,153.7,,30,,WH J120824.2+591533,0.9692,p,3324.0,105.0,859.0,0.46,19.63,0.9,7.0
182.15847,47.1886,1.92082,26.74,284.0,,0.14,False,False,True,False,J120838.21+471123.9,,WISEA J120838.06+471119.2,s,"--,WAT",22.49,11.42,0.89,161.1,37.5,33,,Y21 J120830.4+471042,0.8318,p,2962.0,86.0,674.0,0.496,22.8,1.04,11.0
182.16001,6.76801,0.34307,24.76,211.0,,1.66,False,False,True,False,J120838.54+064612.6,,WISEA J120838.40+064604.8,s,"--,WAT",14.37,7.81,0.8,159.6,59.3,42,,,,,,,,,,,
182.24316,42.30945,1.87144,26.77,285.0,,0.07,False,True,True,False,J120858.63+421831.8,c,SDSS J120858.35+421834.0,s,"FR-II,WAT",24.78,12.23,0.93,159.4,125.4,33,,,,,,,,,,,
182.25041,2.90734,0.87336,25.82,159.0,,2.27,False,False,True,False,J120900.17+025430.0,,DESI J120900.10+025426.4,p,"--,WAT",19.93,11.47,0.72,141.3,35.1,20,,Y21 J120900.2+025447,0.8458,p,3000.0,21.0,165.0,0.674,44.76,2.0,16.0
182.25544,3.26362,0.86967,26.05,270.0,,1.33,False,True,True,False,J120901.02+031542.6,,DESI J120901.30+031549.0,p,"FR-II,WAT",39.1,27.18,0.48,163.0,26.9,34,,CFSFDP J120858.5+031450,0.7088,s,2611.0,73.0,541.0,0.543,19.73,0.9,9.0
182.3502,37.14698,0.03868,23.57,28.0,,0.32,True,False,True,False,J120923.94+370855.1,f,DESI J120924.05+370849.1,p,"FR-I,WAT",101.05,76.48,0.37,126.7,23.1,36,,,,,,,,,,,
182.40998,24.34398,0.25032,24.83,117.0,,1.47,True,False,False,True,J120938.00+242040.5,"a,f",WISEA J120938.39+242038.3,s,"FR-I,NAT",34.02,17.95,0.84,39.8,6.6,29,,maxBCG J120937.5+242052,0.2516,s,1050.0,18.0,73.0,0.97,72.74,3.21,49.0
182.4098,17.25773,0.76777,25.78,244.0,,1.09,False,False,True,False,J120939.14+171518.4,,DESI J120938.35+171527.8,p,"--,WAT",28.85,20.94,0.42,101.6,8.6,32,,WH J120929.7+171523,0.9331,p,3232.0,124.0,1005.0,0.543,19.3,0.89,14.0
182.42783,13.45707,0.84282,26.48,645.0,,1.18,False,True,True,False,J120942.50+132740.6,b,DESI J120942.68+132725.5,p,"FR-II,WAT",79.63,35.85,1.05,152.5,105.1,82,,,,,,,,,,,
182.45862,28.80154,0.35585,25.15,108.0,,1.72,True,False,True,False,J120949.98+284800.6,,DESI J120950.07+284805.5,p,"FR-I,WAT",24.54,6.67,1.71,115.5,11.2,21,,WHL J120947.8+284848,0.3336,s,1363.0,52.0,258.0,0.635,27.05,1.23,24.0
182.45822,54.4421,0.90297,25.83,321.0,,-0.16,False,False,True,False,J120950.08+542633.6,,DESI J120949.97+542631.5,p,"--,WAT",25.1,20.32,0.28,169.7,,40,,,,,,,,,,,
182.50601,9.60941,0.4515,24.87,155.0,,1.14,False,False,True,False,J121001.34+093636.9,c,DESI J121001.44+093633.9,p,"--,WAT",11.78,8.92,0.36,150.6,31.2,26,,WH J121001.1+093629,1.1081,p,3662.0,7.0,59.0,0.503,26.0,1.18,6.0
182.54998,11.35086,0.19626,25.19,165.0,,1.32,False,False,True,False,J121012.88+112113.2,,WISEA J121011.99+112103.0,s,"--,WAT",134.18,68.3,0.89,164.7,21.5,49,,maxBCG J121012.0+112103,0.1963,s,832.0,0.0,0.0,0.844,44.34,1.98,32.0
182.55592,8.06986,2.20669,26.51,254.0,,-0.23,False,True,True,False,J121013.38+080412.8,,DESI J121013.42+080411.5,p,"FR-II,WAT",16.65,12.08,0.42,165.8,25.6,30,,,,,,,,,,,
182.58019,33.58511,0.42196,25.29,143.0,,1.89,False,False,True,False,J121019.31+333512.8,,WISEA J121019.24+333506.4,s,"--,WAT",31.47,18.34,0.71,118.8,21.7,25,,GMBCG J121019.2+333506,0.422,s,1683.0,0.0,0.0,0.774,47.42,2.12,32.0
182.61726,48.21585,0.48159,25.5,179.0,8.7,1.83,True,False,True,False,J121028.09+481255.9,f,WISEA J121028.14+481257.0,s,"FR-I,WAT",36.72,20.34,0.78,142.7,21.4,29,-22.9,,,,,,,,,,
182.6885,20.93434,0.46717,26.14,249.0,,0.28,False,False,True,False,J121045.29+205603.8,,WISEA J121045.23+205603.6,s,"--,WAT",172.97,94.99,0.79,168.5,33.3,41,-22.46,,,,,,,,,,
182.69214,56.26932,0.41098,25.4,282.0,,1.84,False,False,True,False,J121047.09+561607.7,j,WISEA J121046.11+561609.5,s,"--,WAT",41.31,21.95,0.83,104.6,20.1,50,,GMBCG J182.69210+56.26928,0.352,p,1431.0,0.0,0.0,,,,
182.76711,15.78203,0.26829,24.97,311.0,,1.58,False,True,True,False,J121104.57+154653.6,,WISEA J121104.10+154655.2,s,"FR-II,WAT",41.54,22.99,0.78,168.3,,73,,WHL J121104.1+154655,0.2683,s,1115.0,0.0,0.0,0.801,44.11,1.97,24.0
182.79579,6.12892,0.13859,24.84,86.0,,1.07,True,False,True,False,J121111.24+060740.1,"a,f",WISEA J121110.99+060744.1,s,"FR-I,WAT",112.3,28.19,1.81,105.7,15.0,34,,maxBCG J121111.0+060744,0.1386,s,596.0,0.0,0.0,1.009,67.73,2.99,41.0
182.82391,39.53812,,,,,,False,True,True,False,J121117.74+393217.2,,,,"FR-II,WAT",23.2,13.48,0.71,136.1,18.0,33,,,,,,,,,,,
182.83894,30.18667,0.31159,24.97,269.0,,1.64,False,False,True,False,J121120.99+301114.0,,WISEA J121121.34+301112.0,s,"--,WAT",27.64,12.51,1.04,154.6,178.7,57,,WHL J121121.4+301111,0.3116,s,1280.0,1.0,5.0,0.655,29.34,1.33,16.0
182.86002,47.05846,0.29545,25.25,118.0,,1.6,False,False,False,True,J121127.17+470333.9,,2MASS J12112640+4703299,s,"--,NAT",62.14,33.12,0.83,73.9,10.5,26,,maxBCG J121126.4+470330,0.2993,s,1234.0,0.0,0.0,0.932,64.8,2.87,42.0
182.9629,48.81976,0.29429,25.63,204.0,,1.61,False,True,True,False,J121151.18+484915.6,,WISEA J121151.09+484911.1,s,"FR-II,WAT",142.24,66.04,1.01,92.7,12.0,45,,maxBCG J121151.1+484911,0.2943,s,1215.0,0.0,0.0,0.856,50.91,2.27,33.0
182.98451,7.12475,0.13548,24.94,199.0,8.37,1.06,False,True,True,False,J121156.06+070741.4,f,WISEA J121156.28+070729.0,s,"FR-II,WAT",164.06,73.5,1.05,117.5,34.6,80,-22.91,maxBCG J121156.3+070729,0.1355,s,583.0,0.0,0.0,0.626,13.85,0.64,13.0
183.0409,-5.31433,,,,,,False,False,True,False,J121209.82-051851.6,,,,"--,WAT",19.63,13.9,0.45,137.5,22.2,43,,,,,,,,,,,
183.04467,42.3836,0.3765,25.04,117.0,8.32,1.8,True,False,False,True,J121210.33+422301.8,,WISEA J121210.72+422300.9,s,"FR-I,NAT",24.57,16.96,0.49,85.1,10.5,22,-22.75,GMBCG J121210.7+422301,0.3765,s,1520.0,1.0,5.0,0.531,14.76,0.68,14.0
183.08016,13.84461,0.64464,25.41,156.0,,1.9,False,True,False,True,J121218.84+135047.4,,WISEA J121219.23+135040.5,s,"FR-II,NAT",17.65,12.35,0.47,62.7,6.4,22,,WHL J121219.2+135041,0.6446,s,2417.0,0.0,0.0,0.712,36.57,1.65,21.0
183.085,1.80791,0.19329,24.75,159.0,,1.24,False,False,True,False,J121220.70+014817.4,,WISEA J121220.40+014828.4,s,"--,WAT",46.25,16.64,1.34,164.3,115.9,48,,maxBCG J121220.4+014828,0.1933,s,819.0,0.0,0.0,0.925,57.61,2.56,35.0
183.10156,32.22472,0.52096,25.5,161.0,,1.9,True,False,False,True,J121224.19+321339.5,,DESI J121224.37+321329.0,p,"FR-I,NAT",25.55,9.95,1.24,20.8,38.3,25,,WHL J121223.6+321346,0.5114,s,1990.0,19.0,121.0,0.741,40.88,1.83,35.0
183.11094,8.34042,0.5946,25.21,164.0,,1.87,False,False,True,False,J121226.62+082025.1,,WISEA J121226.62+082025.5,s,"--,WAT",14.34,11.41,0.3,165.3,33.9,24,,WHL J121226.6+082025,0.6238,p,2352.0,0.0,0.0,0.672,33.14,1.5,23.0
183.13358,18.22569,0.1948,24.73,164.0,,1.23,True,False,True,False,J121232.15+181340.6,j,DESI J121232.06+181332.5,p,"FR-I,WAT",46.31,21.87,0.98,111.3,22.0,49,,Y21 J121232.1+181347,0.1799,s,765.0,15.0,47.0,0.543,13.8,0.64,6.0
183.19972,24.4922,,,,,1.15,False,False,True,False,J121247.93+242931.9,,,,"--,WAT",26.04,15.55,0.68,119.4,8.6,22,,,,,,,,,,,
183.19997,14.23986,0.83068,25.74,219.0,,2.33,True,False,True,False,J121248.34+141426.1,,DESI J121247.99+141423.5,p,"FR-I,WAT",17.72,9.62,0.8,135.1,41.7,28,,,,,,,,,,,
183.22216,19.04688,0.59358,25.79,199.0,,2.01,True,False,True,False,J121253.13+190246.9,,DESI J121253.32+190248.8,p,"FR-I,WAT",33.25,11.52,1.39,150.0,28.2,29,,,,,,,,,,,
183.24151,25.15702,0.39665,25.57,237.0,,1.38,False,True,True,False,J121257.74+250928.1,,WISEA J121257.96+250925.2,s,"FR-II,WAT",68.4,38.31,0.76,144.8,34.6,43,-22.49,WH J121259.6+250635,0.397,s,1594.0,172.0,951.0,0.563,20.58,0.94,10.0
183.32943,56.21512,0.34547,24.66,136.0,8.39,1.7,False,False,True,False,J121319.56+561253.1,f,WISEA J121319.06+561254.4,s,"--,WAT",13.0,10.32,0.3,150.0,25.1,27,-22.58,WHL J121300.2+561317,0.3445,s,1403.0,158.0,799.0,0.631,18.16,0.83,10.0
183.43978,-3.45203,0.44963,25.25,196.0,9.71,1.88,False,True,True,False,J121345.88-032708.2,f,WISEA J121345.54-032707.3,s,"FR-II,WAT",25.75,16.19,0.61,105.3,12.6,33,-23.27,Y21 J121345.5-032707,0.4496,s,1779.0,0.0,0.0,0.552,19.78,0.91,9.0
183.46215,6.54456,1.17786,27.04,314.0,,0.68,False,True,True,False,J121351.20+063243.5,,DESI J121350.92+063240.4,p,"FR-II,WAT",124.51,54.26,1.09,144.0,38.9,37,,,,,,,,,,,
183.49744,30.89509,0.4733,25.51,183.0,8.92,1.89,False,True,True,False,J121359.36+305344.6,,WISEA J121359.38+305342.3,s,"FR-II,WAT",37.16,18.78,0.9,116.6,15.0,30,-23.36,WHL J121359.4+305342,0.4718,s,1856.0,0.0,0.0,0.846,60.09,2.66,36.0
183.54842,25.90112,0.2806,26.06,259.0,8.84,1.59,True,False,True,False,J121411.91+255415.1,,WISEA J121411.62+255404.0,s,"FR-I,WAT",432.97,207.59,0.96,104.3,29.7,59,-23.6,maxBCG J121411.6+255404,0.2814,s,1166.0,0.0,0.0,1.049,86.11,3.78,56.0
183.61657,21.43352,0.30695,25.12,126.0,8.23,1.67,False,True,True,False,J121427.96+212553.8,b,WISEA J121427.97+212600.6,s,"FR-II,WAT",36.12,12.21,1.42,98.4,13.5,27,-23.16,maxBCG J121428.0+212601,0.3079,s,1266.0,0.0,0.0,0.782,37.05,1.67,22.0
183.66475,5.46775,0.0778,24.04,91.0,8.37,,True,False,True,False,J121440.04+052755.2,d,WISEA J121439.54+052803.9,s,"FR-I,WAT",65.13,19.91,1.56,115.7,25.0,60,-22.92,WHL J121439.5+052804,0.0778,s,340.0,0.0,0.0,0.586,13.77,0.64,8.0
183.71049,-3.11376,0.34247,25.75,226.0,,1.33,True,False,True,False,J121450.68-030640.8,,DESI J121450.52-030649.6,p,"FR-I,WAT",150.5,94.98,0.6,142.2,114.7,45,,WH J121441.5-030745,0.8044,p,2886.0,146.0,1132.0,0.457,13.03,0.6,7.0
183.79143,46.4542,0.72007,26.73,320.0,,-0.15,True,False,True,False,J121510.56+462716.8,,DESI J121509.94+462715.1,s,"FR-I,WAT",281.34,188.23,0.53,132.1,25.6,43,,,,,,,,,,,
183.80341,20.04892,0.77167,25.84,229.0,9.01,1.56,False,True,True,False,J121513.09+200256.4,,WISEA J121512.81+200256.1,s,"FR-II,WAT",28.14,16.77,0.68,118.6,16.7,30,-22.08,CFSFDP J121512.8+200257,0.7717,s,2794.0,0.0,0.0,0.575,23.41,1.07,8.0
183.89258,1.74175,0.40746,24.96,157.0,,1.91,False,True,True,False,J121534.63+014436.0,,DESI J121534.22+014430.3,p,"FR-II,WAT",19.92,18.63,0.09,92.9,25.2,28,,WHL J121533.7+014446,0.4202,p,1676.0,18.0,103.0,0.681,35.42,1.6,20.0
183.92414,15.31936,0.31303,25.14,185.0,,1.65,True,False,True,False,J121542.36+151908.2,,WISEA J121541.79+151909.6,s,"FR-I,WAT",46.63,32.03,0.49,153.1,29.7,39,,maxBCG J121541.8+151910,0.3131,s,1286.0,0.0,0.0,0.691,29.95,1.36,17.0
183.93261,17.15481,0.09517,25.08,170.0,8.91,1.0,True,False,True,False,J121544.14+170921.9,,WISEA J121543.82+170917.3,s,"FR-I,WAT",487.82,226.43,1.01,164.2,68.0,93,-23.38,,,,,,,,,,
183.98411,29.30385,1.00353,26.75,247.0,,,False,False,True,False,J121556.04+291817.0,,DESI J121556.19+291813.9,p,"--,WAT",92.95,40.12,1.1,156.5,24.9,30,,WH J121558.6+291631,0.8142,p,2913.0,108.0,841.0,0.456,12.36,0.57,6.0
183.99655,16.38306,0.45021,25.13,238.0,8.86,1.91,False,False,True,False,J121559.22+162300.1,,DESI J121559.17+162259.0,p,"--,WAT",23.57,21.6,0.11,168.4,48.4,40,-23.55,Y21 J121559.2+162259,0.4588,s,1811.0,0.0,0.0,0.653,31.38,1.42,10.0
184.0087,-7.92792,,,,,,False,False,True,False,J121602.09-075540.5,,,,"--,WAT",93.03,36.26,1.24,120.0,17.3,41,,,,,,,,,,,
184.03084,-3.79579,,,,,,False,True,True,False,J121607.40-034744.8,,,,"FR-II,WAT",17.74,15.52,0.18,138.5,32.9,35,,,,,,,,,,,
184.04308,-4.79888,0.4073,25.48,235.0,,,True,False,True,False,J121610.38-044757.4,,DESI J121610.34-044756.0,p,"FR-I,WAT",42.86,15.95,1.3,151.6,23.7,42,,,,,,,,,,,
184.05863,38.19116,0.7667,26.11,205.0,,2.17,False,False,False,True,J121614.36+381133.5,,WISEA J121614.07+381128.1,s,"--,NAT",50.17,27.33,0.8,84.3,9.7,27,-23.65,WH J121614.1+381128,0.7757,s,2805.0,0.0,0.0,0.657,35.77,1.61,13.0
184.08318,15.90493,0.09303,24.25,61.0,,,True,False,True,False,J121620.16+155417.7,g,WISEA J121619.96+155417.7,s,"FR-I,WAT",80.98,61.03,0.37,156.7,47.6,34,,WH J121613.9+155329,0.8774,p,3085.0,100.0,797.0,0.476,17.0,0.78,8.0
184.1145,29.47859,0.43019,25.51,423.0,8.92,1.82,False,True,True,False,J121627.43+292849.6,,WISEA J121627.48+292842.9,s,"FR-II,WAT",37.56,12.1,1.49,166.0,150.9,73,-23.44,WHL J121627.5+292843,0.4302,s,1712.0,0.0,0.0,0.69,37.63,1.69,18.0
184.16612,-1.37648,,,,,,False,True,True,False,J121639.87-012235.3,,,,"FR-II,WAT",39.15,18.54,0.98,152.6,26.8,30,,,,,,,,,,,
184.16716,3.70854,0.08002,24.52,42.0,,,True,False,True,False,J121640.45+034226.2,"f,h",WISEA J121640.11+034230.7,s,"FR-I,WAT",171.7,23.49,2.61,126.3,18.1,27,,,,,,,,,,,
184.22096,47.73083,,,,,2.23,False,True,True,False,J121653.03+474351.0,,,,"FR-II,WAT",19.02,11.58,0.65,144.3,47.9,26,,,,,,,,,,,
184.22779,12.98526,0.21607,24.55,156.0,,1.36,False,False,True,False,J121654.66+125904.9,,2MASX J12165470+1259070,s,"--,WAT",26.4,17.36,0.55,159.6,43.5,43,,CFSFDP J121654.7+125907,0.2161,s,911.0,0.0,0.0,0.614,19.52,0.89,10.0
184.24076,-6.07634,0.61151,26.47,341.0,,,False,True,True,False,J121657.54-060436.4,,DESI J121657.78-060434.8,p,"FR-II,WAT",191.4,102.49,0.82,142.0,29.8,49,,,,,,,,,,,
184.24975,32.51833,0.12507,24.14,83.0,,0.69,False,False,True,False,J121659.74+323103.3,,WISEA J121659.93+323106.0,s,"--,WAT",33.59,26.15,0.33,164.8,19.2,36,-22.12,CLuMPR J121703.6+323043,0.8072,p,2894.0,52.0,404.0,0.481,16.75,0.77,9.0
184.25785,54.61208,0.72098,25.83,238.0,,1.92,False,True,True,False,J121702.33+543641.7,,DESI J121701.89+543643.5,p,"FR-II,WAT",33.21,20.28,0.65,140.4,15.8,32,,WH J121652.8+543543,0.6369,s,2393.0,99.0,702.0,0.412,11.11,0.52,6.0
184.26374,-3.19171,0.10784,25.06,149.0,,1.0,False,True,True,False,J121704.17-031126.9,,LCRS B121429.3-025451,s,"FR-II,WAT",342.9,112.59,1.46,141.8,34.7,73,,WHL J121659.9-031034,0.1181,p,510.0,76.0,168.0,,,,
184.33312,52.89738,,,,,,False,False,True,False,J121719.95+525350.6,,,,"--,WAT",30.59,18.13,0.69,144.3,13.7,23,,,,,,,,,,,
184.34024,15.46292,0.44977,25.29,214.0,,1.85,False,False,True,False,J121721.84+152746.6,,WISEA J121721.65+152746.5,s,"--,WAT",27.27,15.68,0.73,164.7,34.9,36,,,,,,,,,,,
184.34701,60.58525,,,,,,False,True,True,False,J121723.28+603506.9,c,,,"FR-II,WAT",19.82,11.33,0.73,163.2,25.1,21,,,,,,,,,,,
184.38098,3.61569,0.07725,25.33,163.0,,,False,True,True,False,J121729.03+033635.4,f,DESI J121731.43+033656.4,s,"FR-II,WAT",1299.34,439.05,1.42,108.8,167.3,108,,SDSS +184.4+03.6+0.08,0.0809,p,353.0,0.0,0.0,,,,
184.37579,0.76184,0.67587,25.71,225.0,,1.96,False,True,True,False,J121730.17+004540.2,,WISEA J121730.18+004542.6,s,"FR-II,WAT",26.63,14.48,0.8,155.6,16.3,31,,WH21 J121730.2+004542,0.6758,s,2512.0,0.0,0.0,0.623,31.25,1.41,14.0
184.3775,0.39916,0.3741,25.18,223.0,,1.8,False,True,True,False,J121730.77+002401.2,a,SDSS J121730.60+002356.9,s,"FR-II,WAT",34.2,22.5,0.55,134.5,30.5,42,,WHL J121731.5+002350,0.3782,s,1526.0,15.0,81.0,0.72,35.8,1.61,35.0
184.40326,19.88224,0.39769,25.06,105.0,8.37,1.8,True,False,True,False,J121736.84+195300.0,,WISEA J121736.78+195256.0,s,"FR-I,WAT",21.05,11.67,0.77,139.4,16.6,19,-22.85,AMF J121741.8+195155,0.5424,s,2092.0,94.0,618.0,0.845,63.44,2.81,23.0
184.43132,11.61732,,,,,,False,True,True,False,J121743.52+113702.4,c,,,"FR-II,WAT",67.07,29.54,1.08,146.5,25.0,37,,,,,,,,,,,
184.47434,49.14035,0.5981,25.68,192.0,,0.01,False,True,True,False,J121754.25+490829.4,,DESI J121753.84+490825.3,p,"FR-II,WAT",36.58,23.31,0.59,96.4,13.2,28,,,,,,,,,,,
184.57933,35.80477,0.24997,25.41,287.0,9.1,1.52,False,False,True,False,J121819.58+354822.7,,SDSS J121819.03+354817.1,s,"--,WAT",128.84,62.63,0.95,154.8,83.3,71,-23.57,GMBCG J121819.0+354817,0.25,s,1044.0,0.0,0.0,0.743,35.64,1.6,17.0
184.58694,49.91471,0.9652,25.92,294.0,,,True,False,True,False,J121821.55+495458.7,,DESI J121820.86+495453.0,p,"FR-I,WAT",17.89,9.2,0.87,129.3,32.4,36,,,,,,,,,,,
184.60872,11.0848,1.40271,26.91,294.0,,0.23,False,False,True,False,J121826.71+110508.9,,LBQS 1215+1121,s,"--,WAT",222.11,303.98,-0.41,139.9,20.1,34,,,,,,,,,,,
184.616,43.07259,0.73309,25.47,172.0,,2.17,False,False,True,False,J121828.35+430426.8,,DESI J121827.84+430421.3,p,"--,WAT",15.03,10.25,0.5,94.7,35.8,23,,NSCS J121813+430419,0.37,p,1496.0,163.0,863.0,,,,
184.64156,-2.17699,0.29597,25.35,264.0,9.59,1.57,True,False,True,False,J121833.08-021046.8,,WISEA J121833.97-021037.1,s,"FR-I,WAT",69.69,25.92,1.3,98.4,,58,-23.64,maxBCG J121834.0-021037,0.296,s,1221.0,0.0,0.0,0.801,41.57,1.86,23.0
184.67527,32.22755,,,,,,False,True,True,False,J121842.06+321339.2,,,,"FR-II,WAT",54.98,29.8,0.8,152.6,38.8,41,,,,,,,,,,,
184.76222,3.86233,0.88684,25.81,335.0,,,False,True,True,False,J121902.72+035151.5,,DESI J121902.93+035144.4,p,"FR-II,WAT",15.81,7.35,1.0,157.8,63.3,42,,WH J121902.9+035144,0.9559,p,3290.0,0.0,0.0,0.373,10.3,0.48,6.0
184.82167,8.3872,,,,,,False,True,True,False,J121917.20+082313.9,,,,"FR-II,WAT",14.61,7.05,0.96,160.9,52.6,42,,,,,,,,,,,
184.82587,44.9057,,,,,1.08,False,True,True,False,J121918.21+445420.5,,,,"FR-II,WAT",35.46,21.46,0.66,116.3,18.8,33,,,,,,,,,,,
184.8392,-3.2519,0.65178,25.93,264.0,,2.1,False,True,True,False,J121922.02-031501.0,,DESI J121921.41-031506.8,p,"FR-II,WAT",31.87,9.2,1.63,148.9,28.0,37,,WH J121921.4-031507,0.6515,p,2438.0,0.0,0.0,0.555,24.33,1.11,6.0
184.84969,44.78665,0.43512,25.66,192.0,,1.82,False,False,True,False,J121924.57+444711.3,c,DESI J121923.93+444711.9,p,"--,WAT",68.97,40.74,0.69,163.5,17.5,33,,,,,,,,,,,
184.89549,-5.50806,0.35639,24.81,144.0,,,True,False,True,False,J121935.25-053026.0,,DESI J121934.92-053029.0,p,"FR-I,WAT",18.03,15.74,0.18,106.0,13.5,28,,Y21 J121934.9-053029,0.3598,p,1459.0,0.0,0.0,0.625,23.1,1.05,19.0
184.9166,45.60178,0.22689,25.03,90.0,8.72,1.46,True,False,False,True,J121940.01+453603.7,,WISEA J121939.98+453606.4,s,"FR-I,NAT",69.23,40.43,0.71,85.3,7.5,24,-23.21,maxBCG J121940.0+453606,0.2269,s,954.0,0.0,0.0,0.894,54.57,2.43,32.0
184.92903,4.55951,0.29457,25.46,204.0,,1.59,True,False,True,False,J121943.13+043340.5,"h,j",WISEA J121942.96+043334.2,s,"FR-I,WAT",96.78,44.77,1.01,101.0,16.0,45,,WHL J121942.9+043334,0.2946,s,1216.0,0.0,0.0,0.787,41.06,1.84,24.0
184.94148,2.25814,,,,,1.8,False,True,True,False,J121945.96+021529.3,,,,"FR-II,WAT",66.5,34.69,0.85,167.7,47.9,42,,,,,,,,,,,
184.94617,60.97937,0.9898,26.83,213.0,,1.96,False,True,True,False,J121947.78+605844.7,,DESI J121947.08+605845.7,p,"FR-II,WAT",89.56,28.69,1.49,100.9,17.6,26,,WH J121938.6+605911,0.5201,p,2019.0,67.0,431.0,0.469,13.06,0.61,6.0
185.02054,60.88791,0.34598,25.14,187.0,8.47,1.73,False,True,True,False,J122005.23+605318.0,,WISEA J122004.93+605316.4,s,"FR-II,WAT",32.99,16.94,0.87,164.5,60.5,37,-22.09,AMF J122016.1+605100,0.6,s,2278.0,159.0,1097.0,0.552,20.32,0.93,10.0
185.05489,47.9964,0.29925,25.2,207.0,,1.65,False,False,True,False,J122013.31+475958.2,f,WISEA J122013.17+475947.0,s,"--,WAT",55.71,32.28,0.72,134.3,41.9,45,,maxBCG J122013.2+475947,0.2993,s,1234.0,0.0,0.0,0.828,48.51,2.16,25.0
185.04952,2.06173,0.24023,26.08,294.0,,0.17,False,False,False,True,J122013.82+020340.2,f,UM 492,s,"--,NAT",712.48,477.81,0.52,48.6,22.4,75,,,,,,,,,,,
185.09428,23.08471,0.96072,26.05,236.0,,0.42,False,False,True,False,J122022.82+230502.1,,DESI J122022.63+230504.9,p,"--,WAT",26.14,14.62,0.76,168.1,22.4,29,,WH J122025.3+230614,0.8216,p,2934.0,78.0,609.0,0.45,13.04,0.6,6.0
185.10245,10.08339,0.2723,25.33,224.0,,0.86,False,False,False,True,J122024.34+100504.7,,DESI J122024.59+100500.2,p,"--,NAT",87.82,43.88,0.91,55.3,10.0,52,,WH J122021.7+100612,0.6689,s,2491.0,84.0,608.0,0.59,25.79,1.17,8.0
185.11343,56.23576,0.49464,25.52,131.0,7.93,1.87,False,True,False,True,J122027.32+561404.6,,WISEA J122027.22+561408.7,s,"FR-II,NAT",36.26,19.91,0.79,63.6,5.4,21,-23.48,WHL J122027.2+561409,0.4946,s,1933.0,1.0,6.0,0.686,32.73,1.48,18.0
185.11389,21.93328,0.25655,25.17,107.0,,1.41,True,False,True,False,J122027.46+215553.8,,WISEA J122027.33+215559.8,s,"FR-I,WAT",74.87,45.71,0.65,138.3,13.3,26,,WHL J122027.3+215600,0.2566,s,1070.0,0.0,0.0,0.735,35.22,1.59,22.0
185.2149,2.27027,0.22987,24.53,95.0,,1.38,False,False,True,False,J122051.77+021612.6,,2MASX J12205161+0216129,s,"--,WAT",20.61,10.5,0.88,164.7,32.3,25,,maxBCG J122051.6+021613,0.2299,s,965.0,0.0,0.0,0.761,32.74,1.48,21.0
185.21891,7.84936,0.26846,24.71,149.0,,1.52,False,False,True,False,J122052.37+075054.6,,WISEA J122052.53+075057.6,s,"--,WAT",22.78,13.19,0.72,156.1,110.2,35,,maxBCG J122052.5+075058,0.2685,s,1116.0,0.0,0.0,0.735,27.33,1.24,21.0
185.2197,45.611,,,,,1.1,False,True,True,False,J122052.73+453639.6,,,,"FR-II,WAT",37.13,21.18,0.74,165.5,31.7,35,,,,,,,,,,,
185.29081,51.84721,1.0558,26.88,517.0,,,False,True,True,False,J122109.32+515054.6,j,DESI J122109.79+515050.0,p,"FR-II,WAT",120.64,56.3,1.0,154.4,55.3,62,,,,,,,,,,,
185.32718,7.917,0.84915,26.31,575.0,,0.61,False,False,True,False,J122118.42+075501.2,,WISEA J122118.52+075501.1,s,"--,WAT",49.58,19.97,1.19,169.5,640.8,73,,,,,,,,,,,
185.42389,3.73975,0.65351,25.64,243.0,,1.87,False,True,True,False,J122141.66+034428.7,,WISEA J122141.73+034423.1,s,"FR-II,WAT",27.63,18.07,0.56,141.6,40.6,34,,Y21 J122141.7+034423,0.6536,s,2445.0,0.0,0.0,0.66,37.35,1.68,20.0
185.44319,33.28779,0.92103,26.04,242.0,,1.8,False,True,True,False,J122146.30+331716.9,,SDSS J122146.36+331716.0,s,"FR-II,WAT",22.38,9.57,1.11,169.8,37.2,30,,,,,,,,,,,
185.45688,32.29708,0.17233,24.66,227.0,,1.19,False,False,True,False,J122149.48+321742.0,,WISEA J122149.65+321749.4,s,"--,WAT",49.85,19.55,1.23,154.8,210.5,75,,WHY18 J122149.6+321749,0.1723,s,734.0,0.0,0.0,0.579,17.89,0.82,10.0
185.49422,-1.13466,0.27954,25.16,158.0,,1.54,False,True,False,True,J122159.34-010802.4,f,DESI J122158.61-010804.8,p,"FR-II,NAT",56.57,29.26,0.87,83.7,25.3,36,,maxBCG J122157.8-010803,0.2599,s,1083.0,12.0,50.0,1.136,104.41,4.55,65.0
185.53172,22.58332,0.48495,25.49,161.0,,1.7,True,False,False,True,J122207.45+223506.3,,DESI J122207.61+223500.0,p,"FR-I,NAT",36.8,21.75,0.69,87.7,10.6,26,,WHL J122203.6+223531,0.4877,s,1910.0,63.0,392.0,0.831,58.31,2.59,30.0
185.54183,37.98339,,,,,,False,False,True,False,J122210.04+375900.2,,,,"--,WAT",173.99,56.68,1.47,154.8,125.5,65,,,,,,,,,,,
185.60173,-4.82016,0.17769,25.22,239.0,,,False,False,True,False,J122224.35-044932.7,f,DESI J122224.41-044912.6,p,"--,WAT",169.05,68.98,1.18,98.2,35.5,77,,,,,,,,,,,
185.62787,35.84141,0.66614,25.11,144.0,,2.0,True,False,True,False,J122231.00+355028.3,,WISEA J122230.68+355029.0,s,"FR-I,WAT",9.33,7.73,0.25,141.3,12.8,20,,CFSFDP J122230.7+355029,0.6988,p,2581.0,0.0,0.0,0.588,22.5,1.03,9.0
185.64452,22.63962,0.67606,25.87,239.0,,2.26,False,False,True,False,J122234.64+223827.4,,DESI J122234.69+223822.6,p,"--,WAT",38.98,21.2,0.8,154.2,24.0,33,,Y21 J122234.7+223823,0.7109,p,2617.0,0.0,0.0,0.58,27.48,1.25,12.0
185.66926,40.11354,,,,,,False,True,True,False,J122240.62+400648.7,c,,,"FR-II,WAT",21.82,14.81,0.51,157.5,39.0,39,,,,,,,,,,,
185.75099,25.70084,0.29568,24.82,109.0,,1.66,True,False,True,False,J122300.54+254205.9,,WISEA J122300.23+254203.0,s,"FR-I,WAT",24.13,14.58,0.66,120.6,27.4,24,,WHL J122300.2+254203,0.298,p,1229.0,0.0,0.0,0.755,39.81,1.79,21.0
185.79474,18.11505,0.87163,26.41,636.0,,3.02,False,True,True,False,J122310.19+180657.2,,DESI J122310.74+180654.2,p,"FR-II,WAT",55.75,21.53,1.25,166.1,880.4,80,,,,,,,,,,,
185.81003,-4.91965,0.73068,25.27,194.0,,,False,True,True,False,J122314.65-045507.7,,DESI J122314.41-045510.7,p,"FR-II,WAT",10.26,7.75,0.37,154.8,90.2,26,,WH J122315.4-045524,1.1517,p,3762.0,20.0,170.0,0.564,35.22,1.59,6.0
185.82998,5.35981,,,,,1.94,False,False,True,False,J122319.20+052135.3,,,,"--,WAT",15.32,6.97,1.03,107.3,17.6,23,,,,,,,,,,,
185.83182,23.48387,0.50019,25.66,164.0,,1.62,True,False,True,False,J122320.03+232906.9,,DESI J122319.64+232901.9,p,"FR-I,WAT",48.22,26.05,0.81,101.8,17.4,26,,WHL J122322.1+232806,0.5023,s,1959.0,66.0,417.0,0.594,17.58,0.81,10.0
185.87558,22.5679,0.37832,24.98,182.0,8.75,1.87,False,True,True,False,J122330.05+223402.2,,WISEA J122330.14+223404.4,s,"FR-II,WAT",21.19,14.44,0.5,149.6,26.5,34,-22.67,WHL J122330.1+223404,0.3783,s,1526.0,0.0,0.0,0.582,21.21,0.97,15.0
185.87113,61.24816,0.22909,25.8,246.0,,1.43,True,False,False,True,J122331.99+611510.0,,WISEA J122329.07+611453.3,s,"FR-I,NAT",373.32,166.48,1.06,39.4,20.0,65,,maxBCG J122323.1+611357,0.2355,s,987.0,71.0,275.0,0.979,72.75,3.21,55.0
185.97244,-1.65758,0.5223,25.72,296.0,,0.87,False,True,True,False,J122353.09-013924.6,,DESI J122353.38-013927.3,p,"FR-II,WAT",57.68,40.22,0.47,146.6,,46,,,,,,,,,,,
186.03929,47.34146,0.96749,25.9,286.0,7.42,2.86,False,True,True,False,J122408.96+472029.4,,WISEA J122409.43+472029.2,s,"FR-II,WAT",24.89,19.62,0.31,117.5,16.7,35,-22.36,NSCS J122359+471808,0.16,p,684.0,177.0,506.0,,,,
186.05582,16.10025,0.23369,25.23,327.0,,1.48,False,False,False,True,J122413.42+160601.8,,WISEA J122413.39+160600.8,s,"--,NAT",98.15,48.11,0.94,36.8,12.3,85,,GMBCG J122413.4+160601,0.2337,s,980.0,0.0,0.0,0.863,45.94,2.05,22.0
186.06062,56.92911,0.53737,25.27,137.0,8.51,1.74,True,False,True,False,J122414.44+565545.0,,SDSS J122414.54+565544.8,s,"FR-I,WAT",20.17,15.16,0.37,105.4,11.0,21,-23.69,WHL J122414.8+565608,0.5782,p,2208.0,23.0,156.0,0.519,12.88,0.6,9.0
186.08978,16.76269,1.31014,26.9,413.0,,,False,True,True,False,J122421.49+164551.5,,DESI J122421.55+164545.7,p,"FR-II,WAT",72.62,33.7,1.01,138.7,38.2,48,,,,,,,,,,,
186.10275,1.73334,0.24207,25.02,126.0,,1.42,True,False,True,False,J122424.30+014354.6,,DESI J122424.66+014400.0,p,"FR-I,WAT",62.67,45.9,0.41,108.9,46.4,32,,maxBCG J122424.7+014400,0.2323,s,975.0,0.0,0.0,0.855,50.03,2.23,29.0
186.13956,40.49523,0.30372,25.54,125.0,,1.67,False,True,True,False,J122433.59+402944.3,,DESI J122433.49+402942.8,p,"FR-II,WAT",75.83,12.52,2.36,164.5,72.7,27,,WHL J122433.5+402943,0.3163,s,1298.0,0.0,0.0,0.874,56.07,2.49,45.0
186.14504,0.21317,0.91485,26.67,241.0,,1.82,False,False,True,False,J122434.73+001251.6,,DESI J122434.81+001247.4,p,"--,WAT",96.41,40.24,1.15,133.0,20.9,30,,WH J122434.8+001247,0.947,p,3268.0,0.0,0.0,0.542,24.42,1.11,8.0
186.14764,44.55285,0.80721,26.11,232.0,8.68,1.83,False,False,True,False,J122435.30+443313.5,,SDSS J122435.43+443310.2,s,"--,WAT",45.2,24.85,0.78,130.8,14.8,30,-22.78,WH J122423.1+443509,0.7932,p,2854.0,178.0,1374.0,0.488,17.86,0.82,6.0
186.20575,14.26443,0.50372,25.29,234.0,,1.84,False,False,True,False,J122449.96+141554.3,,WISEA J122449.37+141551.9,s,"--,WAT",18.84,8.85,0.99,140.4,28.4,37,,WHL J122449.4+141552,0.5037,s,1964.0,0.0,0.0,0.753,41.42,1.86,21.0
186.21273,26.68498,0.84666,26.06,299.0,,,False,True,True,False,J122451.37+264110.2,,DESI J122451.06+264105.9,p,"FR-II,WAT",28.85,12.42,1.11,142.3,22.6,38,,,,,,,,,,,
186.21458,43.58869,0.94799,26.97,276.0,7.22,0.44,True,False,False,True,J122451.79+433525.1,,SDSS J122451.49+433519.2,s,"FR-I,NAT",375.24,372.98,0.01,82.2,10.7,34,,CLuMPR J122449.4+433448,0.905,p,3158.0,39.0,313.0,0.55,25.85,1.18,11.0
186.27242,43.20361,0.15588,24.34,75.0,8.31,1.19,False,False,True,False,J122504.80+431213.3,,WISEA J122505.38+431212.9,s,"--,WAT",27.24,6.58,1.86,135.4,16.4,27,-23.33,maxBCG J122505.4+431213,0.1563,s,669.0,0.0,0.0,0.824,38.85,1.74,25.0
186.26575,12.88696,0.00354,23.26,12.0,,,True,False,True,False,J122505.05+125303.1,,2MASX J12250377+1253130,s,"FR-I,WAT",6048.95,903.9,2.49,139.0,108.2,165,,,,,,,,,,,
186.28782,26.12162,1.58997,26.57,234.0,,0.3,False,True,True,False,J122508.76+260715.8,,WISEA J122509.07+260717.8,s,"FR-II,WAT",31.65,20.3,0.58,140.7,18.0,27,,WH J122457.8+260807,0.8845,p,3104.0,160.0,1278.0,0.466,16.08,0.74,7.0
186.31923,46.36973,0.73531,25.72,202.0,,2.04,False,True,True,False,J122516.63+462214.0,,DESI J122516.61+462211.0,p,"FR-II,WAT",23.25,13.03,0.76,147.5,13.8,27,,,,,,,,,,,
186.35209,37.6219,0.18532,25.43,173.0,,1.28,True,False,False,True,J122526.15+373734.0,f,WISEA J122524.50+373718.8,s,"FR-I,NAT",254.65,114.52,1.05,26.1,12.2,54,,maxBCG J122524.5+373719,0.187,s,794.0,0.0,0.0,0.796,40.47,1.82,32.0
186.37881,46.49689,0.84362,25.85,283.0,,0.57,False,True,True,False,J122530.68+462956.6,,WISEA J122530.91+462948.8,s,"FR-II,WAT",23.13,13.54,0.7,106.0,15.4,36,,Y21 J122528.6+462930,0.2646,s,1101.0,31.0,131.0,0.627,14.82,0.69,16.0
186.43666,19.61885,0.30941,25.21,221.0,,1.36,False,False,True,False,J122545.15+193652.4,,DESI J122544.80+193707.9,p,"--,WAT",50.12,25.33,0.9,168.4,54.3,47,,Y21 J122544.8+193708,0.3235,s,1325.0,0.0,0.0,0.611,19.91,0.91,9.0
186.49833,40.85195,0.322,24.87,145.0,,1.66,False,False,False,True,J122559.85+405120.3,,DESI J122559.60+405107.0,p,"--,NAT",19.99,9.06,1.04,86.1,21.9,30,,maxBCG J122559.6+405107,0.3079,s,1266.0,0.0,0.0,0.917,63.06,2.79,41.0
186.55348,6.45928,0.37463,24.95,128.0,,1.57,False,False,False,True,J122613.32+062735.9,,DESI J122612.84+062733.4,p,"--,NAT",17.86,9.25,0.86,61.1,19.6,24,,WHL J122613.7+062734,0.3522,s,1431.0,13.0,67.0,0.627,23.5,1.07,12.0
186.64281,17.82374,0.113,24.61,313.0,,1.01,False,False,False,True,J122636.36+174935.3,,DESI J122634.28+174925.5,p,"--,NAT",118.5,66.61,0.76,26.9,,147,,AMF J122634.3+174925,0.111,s,480.0,0.0,0.0,0.666,23.89,1.09,16.0
186.7444,32.71919,0.17428,24.58,177.0,9.02,1.27,False,True,True,False,J122658.51+324309.6,,SDSS J122658.66+324309.1,s,"FR-II,WAT",39.06,13.0,1.44,153.3,65.0,58,-23.5,WHL J122658.7+324309,0.1743,s,742.0,0.0,0.0,0.721,32.69,1.48,18.0
186.79576,46.81069,0.489,25.06,230.0,,1.81,False,True,True,False,J122710.80+464845.6,,WISEA J122710.98+464838.4,s,"FR-II,WAT",14.59,10.07,0.49,113.0,11.0,37,,WHL J122711.4+464843,0.4891,s,1915.0,7.0,44.0,0.683,36.12,1.63,19.0
186.80009,53.54547,0.57154,25.1,101.0,8.28,1.82,False,False,True,False,J122712.12+533242.0,,WISEA J122712.02+533243.6,s,"--,WAT",9.23,4.52,0.94,159.6,17.4,15,-23.07,CAMIRA J122712.0+533244,0.5715,s,2187.0,1.0,7.0,0.597,21.43,0.98,13.0
186.84142,51.7539,0.19843,24.84,224.0,8.38,1.3,True,False,True,False,J122721.06+514516.1,,WISEA J122721.94+514514.0,s,"FR-I,WAT",56.1,23.94,1.12,155.1,67.6,66,-22.78,maxBCG J122721.9+514514,0.1984,s,840.0,0.0,0.0,0.648,21.3,0.97,13.0
186.86421,60.9078,0.58254,25.16,163.0,8.16,1.93,False,True,True,False,J122728.14+605433.7,,WISEA J122727.40+605428.0,s,"FR-II,WAT",11.78,7.62,0.57,93.7,11.8,24,-23.12,WHL J122727.4+605428,0.5825,s,2222.0,0.0,0.0,0.716,43.76,1.96,17.0
186.87495,10.18139,0.3205,25.32,130.0,,1.51,True,False,True,False,J122730.05+101052.1,,WISEA J122729.98+101053.0,s,"FR-I,WAT",48.56,14.27,1.61,163.1,38.0,27,,WH J122726.0+100939,1.0405,p,3501.0,95.0,790.0,0.485,18.99,0.87,6.0
186.88453,49.47891,0.11938,24.67,82.0,8.41,1.11,False,True,False,True,J122731.15+492847.1,,WISEA J122732.28+492844.0,s,"FR-II,NAT",122.52,72.89,0.68,82.7,16.3,37,-22.91,maxBCG J122732.3+492844,0.1208,s,522.0,0.0,0.0,0.851,36.39,1.64,25.0
186.88757,-2.90128,1.1826,26.47,425.0,,,False,True,True,False,J122733.10-025406.6,,DESI J122733.02-025404.6,p,"FR-II,WAT",31.2,12.83,1.17,168.8,120.9,50,,,,,,,,,,,
186.9634,63.38481,0.14551,25.16,174.0,8.6,1.14,True,False,True,False,J122752.97+632300.7,,CGPG 1225.6+6338 NED01,s,"FR-I,WAT",236.09,105.66,1.05,141.7,71.7,66,-23.23,maxBCG J122751.2+632305,0.1457,s,625.0,0.0,0.0,0.985,73.26,3.23,60.0
186.98512,45.91714,0.80292,25.7,317.0,,2.11,False,True,True,False,J122757.03+455458.5,,DESI J122756.43+455501.7,p,"FR-II,WAT",18.89,11.21,0.68,118.5,21.1,41,,WH J122756.4+455502,0.8029,p,2882.0,0.0,0.0,0.539,25.87,1.18,8.0
187.00218,-5.00128,,,,,,False,True,True,False,J122800.52-050004.6,,,,"FR-II,WAT",24.81,14.28,0.72,151.0,42.0,48,,,,,,,,,,,
187.01608,56.50201,0.93623,26.21,267.0,,,False,True,True,False,J122804.52+563005.0,,WISEA J122803.85+563007.2,s,"FR-II,WAT",39.19,21.13,0.81,152.6,41.7,33,,,,,,,,,,,
187.0927,26.72894,0.19567,24.69,151.0,,1.28,False,False,True,False,J122822.16+264347.7,,WISEA J122822.24+264344.1,s,"--,WAT",41.5,18.61,1.05,162.6,55.9,45,,maxBCG J122822.3+264344,0.2011,s,851.0,0.0,0.0,1.055,81.04,3.56,41.0
187.2068,21.94671,0.20021,25.02,160.0,,1.34,False,False,True,False,J122849.68+215648.9,,DESI J122849.63+215648.2,p,"--,WAT",84.59,40.5,0.97,161.7,40.1,47,,AMF J122849.6+215648,0.1804,s,767.0,0.0,0.0,0.516,10.96,0.51,7.0
187.24528,17.98833,,,,,,False,False,True,False,J122858.87+175918.0,,,,"--,WAT",32.99,20.88,0.6,145.4,22.1,33,,,,,,,,,,,
187.43758,26.17914,0.3856,25.75,402.0,8.36,1.85,True,False,False,True,J122944.82+261056.4,,WISEA J122945.01+261044.9,s,"FR-I,NAT",86.26,27.49,1.5,49.5,9.7,74,-23.18,AMF J122944.6+260919,0.6615,s,2469.0,86.0,619.0,0.835,71.56,3.16,48.0
187.4453,24.56532,,,,,,False,True,True,False,J122946.87+243355.2,,,,"FR-II,WAT",16.83,11.31,0.52,143.4,24.6,38,,,,,,,,,,,
187.46803,11.67743,0.08279,25.47,145.0,,0.96,True,False,True,False,J122951.11+114024.0,"f,h,j",WISEA J122952.32+114038.7,s,"FR-I,WAT",1581.17,586.71,1.3,97.1,35.8,90,,WHL J122952.3+114039,0.0885,s,385.0,0.0,0.0,1.083,83.31,3.66,68.0
187.47771,21.25441,0.3263,25.1,141.0,8.36,1.6,False,False,True,False,J122954.53+211520.4,,WISEA J122954.65+211515.8,s,"--,WAT",30.34,10.57,1.38,132.4,22.3,29,-22.93,WHL J122949.5+211645,0.3687,s,1492.0,115.0,608.0,0.62,22.1,1.01,14.0
187.50943,17.4095,,,,,1.64,False,True,True,False,J123002.26+172434.2,c,,,"FR-II,WAT",26.69,15.23,0.74,152.9,66.8,25,,,,,,,,,,,
187.54805,11.74386,0.06438,24.6,53.0,,0.96,False,False,True,False,J123011.82+114443.2,f,DESI J123011.53+114437.9,p,"--,WAT",378.66,226.73,0.67,132.1,34.0,42,,Y21 J123002.2+114548,0.6263,s,2360.0,154.0,1084.0,0.553,15.85,0.73,11.0
187.58688,50.18806,0.52388,25.53,155.0,,1.68,False,False,False,True,J123020.62+501121.5,,WISEA J123020.85+501117.0,s,"--,NAT",25.62,9.23,1.34,84.1,9.1,24,,Y21 J123020.6+501104,0.5239,s,2031.0,14.0,90.0,0.698,37.79,1.7,10.0
187.61325,9.71384,0.59593,25.34,199.0,,1.92,False,True,True,False,J123027.08+094251.5,,DESI J123027.18+094249.8,p,"FR-II,WAT",18.12,12.63,0.47,136.6,20.6,29,,CFSFDP J123027.2+094250,0.5953,p,2263.0,0.0,0.0,0.556,20.25,0.93,10.0
187.70593,12.3911,0.00436,24.81,7.0,,,False,False,True,False,J123049.32+122317.7,,2MASX J12304942+1223279,s,"--,WAT",140819.1,31970.6,1.95,153.5,81.6,82,,VIRGO CLUSTER:[FCC2012] A,0.0066,p,29.0,0.0,0.0,,,,
187.8043,42.10067,0.40062,25.51,161.0,8.45,1.89,False,False,True,False,J123112.62+420607.0,,WISEA J123113.03+420602.4,s,"--,WAT",65.43,49.31,0.37,97.3,22.4,29,-22.98,AMF J123113.1+420602,0.4006,s,1607.0,0.0,0.0,0.58,18.26,0.84,14.0
187.82274,-2.23856,,,,,,False,False,True,False,J123117.39-021419.1,,DESI J123117.46-021418.8,,"--,WAT",49.96,31.16,0.62,145.6,16.2,24,,maxBCG J123117.5-021419,0.196,s,830.0,0.0,0.0,0.82,33.21,1.5,25.0
187.8574,-6.83989,0.36658,24.84,105.0,,,False,False,False,True,J123125.86-065015.1,,DESI J123125.78-065023.6,p,"--,NAT",13.15,5.34,1.18,66.3,6.6,20,,WH J123124.4-065041,0.8784,s,3088.0,26.0,207.0,0.472,17.1,0.79,10.0
187.91272,33.28535,0.35821,25.26,217.0,8.39,1.7,False,False,True,False,J123139.83+331712.2,c,WISEA J123139.05+331707.2,s,"--,WAT",43.45,26.16,0.67,104.2,24.7,42,-22.69,GMBCG J123139.0+331707,0.3855,p,1552.0,0.0,0.0,0.617,27.03,1.23,23.0
187.93296,41.62611,0.17571,24.52,120.0,,1.23,True,False,True,False,J123144.16+413741.2,,WISEA J123143.90+413733.9,s,"FR-I,WAT",37.97,22.28,0.7,119.9,19.3,39,,maxBCG J123143.9+413734,0.1757,s,748.0,0.0,0.0,0.914,54.47,2.42,33.0
187.94162,38.84196,0.18279,24.85,143.0,,1.24,True,False,True,False,J123145.83+385021.9,f,DESI J123145.99+385031.1,p,"FR-I,WAT",67.1,25.44,1.27,92.0,14.2,45,,CFSFDP J123146.0+385031,0.19,s,806.0,0.0,0.0,0.57,14.64,0.68,9.0
187.96281,29.88569,,,,,2.06,False,True,True,False,J123151.07+295308.5,,,,"FR-II,WAT",13.14,7.24,0.78,96.7,8.9,20,,,,,,,,,,,
187.97073,11.8947,,,,,,True,False,True,False,J123152.98+115340.9,,,,"FR-I,WAT",66.27,,,164.3,74.9,47,,,,,,,,,,,
188.04763,31.51613,0.35222,25.54,205.0,8.54,1.73,True,False,True,False,J123211.51+313103.4,f,WISEA J123211.43+313058.0,s,"FR-I,WAT",80.39,41.42,0.87,156.7,36.5,40,-23.55,maxBCG J123211.4+313058,0.353,s,1434.0,0.0,0.0,0.888,60.78,2.69,34.0
188.11138,23.36577,,,,,,False,False,True,False,J123226.73+232156.8,,,,"--,WAT",11.27,4.14,1.31,154.5,39.0,38,,,,,,,,,,,
188.15307,54.22679,,,,,0.41,True,False,True,False,J123236.74+541336.5,,,,"FR-I,WAT",24.9,18.45,0.39,152.3,34.3,31,,,,,,,,,,,
188.2282,42.67228,0.57936,25.31,156.0,,1.58,True,False,False,True,J123255.36+424016.2,c,WISEA J123254.76+424020.2,s,"FR-I,NAT",17.17,11.4,0.54,75.1,11.8,23,,,,,,,,,,,
188.31964,19.48051,0.22812,25.22,242.0,8.63,1.45,True,False,True,False,J123317.12+192846.8,"c,f",WISEA J123316.71+192849.8,s,"FR-I,WAT",106.09,61.89,0.71,145.3,40.6,64,-23.23,maxBCG J123316.7+192850,0.2281,s,958.0,0.0,0.0,0.734,32.49,1.47,21.0
188.35205,35.98852,,,,,,True,False,True,False,J123324.49+355918.7,"c,f",,,"FR-I,WAT",17.96,7.05,1.23,153.5,26.5,31,,,,,,,,,,,
188.4133,40.66668,0.27568,24.47,247.0,,1.57,False,True,True,False,J123339.02+404006.3,,DESI J123339.19+404000.1,p,"FR-II,WAT",13.23,9.61,0.42,141.2,69.0,57,,CFSFDP J123339.2+404000,0.2757,p,1144.0,0.0,0.0,0.524,12.5,0.58,8.0
188.41578,25.00241,,,,,,False,True,True,False,J123339.79+250008.7,c,,,"FR-II,WAT",27.85,15.24,0.79,169.3,57.9,34,,,,,,,,,,,
188.49513,-1.42801,0.72681,26.13,291.0,,1.85,False,True,True,False,J123358.87-012537.2,,DESI J123358.83-012540.8,p,"FR-II,WAT",61.44,35.38,0.72,165.7,24.9,39,,WH J123354.5-012437,0.7616,p,2765.0,91.0,692.0,0.594,21.42,0.98,6.0
188.56523,11.77587,0.9535,25.75,203.0,,2.21,True,False,True,False,J123415.57+114632.4,,DESI J123415.66+114633.1,p,"FR-I,WAT",20.2,17.95,0.15,141.0,15.0,25,,Y21 J123416.8+114417,0.6646,p,2478.0,137.0,989.0,0.434,15.66,0.72,9.0
188.60148,57.89086,0.15291,24.77,195.0,8.53,1.15,False,False,True,False,J123423.26+575321.6,,WISEA J123424.35+575327.0,s,"--,WAT",79.37,23.43,1.6,157.4,70.0,71,-22.26,maxBCG J123424.4+575327,0.1529,s,655.0,0.0,0.0,0.58,13.53,0.63,12.0
188.6209,20.79344,,,,,,False,True,True,False,J123429.02+204736.4,,,,"FR-II,WAT",12.04,5.6,1.0,134.9,20.6,33,,,,,,,,,,,
188.6366,15.21687,1.00549,25.87,379.0,,,False,True,True,False,J123432.38+151301.9,,DESI J123432.78+151300.7,p,"FR-II,WAT",16.7,10.1,0.66,159.0,70.4,46,,,,,,,,,,,
188.69794,10.04502,0.80203,25.86,255.0,,0.83,True,False,True,False,J123447.66+100252.9,,DESI J123447.51+100242.1,p,"FR-I,WAT",36.74,32.11,0.18,133.1,15.5,33,,,,,,,,,,,
188.73552,40.21512,0.4883,25.63,168.0,8.35,1.64,False,False,True,False,J123456.87+401252.0,f,SDSS J123456.52+401254.4,s,"--,WAT",46.23,24.26,0.85,123.3,11.8,27,-22.23,AMF J123451.5+401304,0.4883,s,1912.0,59.0,367.0,0.656,29.77,1.35,11.0
188.77953,56.41823,0.46336,25.95,278.0,,1.65,False,True,True,False,J123507.29+562508.2,f,DESI J123507.09+562505.6,p,"FR-II,WAT",114.96,63.84,0.77,158.2,47.4,46,,,,,,,,,,,
188.84691,37.74004,,,,,,False,True,True,False,J123523.26+374424.1,,,,"FR-II,WAT",49.66,23.07,1.01,159.2,54.9,49,,,,,,,,,,,
188.84943,10.89757,1.27952,26.62,249.0,,,False,False,True,False,J123523.76+105353.9,,DESI J123523.86+105351.2,p,"--,WAT",53.49,31.93,0.68,142.8,26.7,29,,WH J123515.4+105546,0.8709,p,3068.0,170.0,1351.0,0.509,23.36,1.07,10.0
188.87241,35.35488,0.06092,23.48,46.0,8.59,0.97,True,False,True,False,J123529.62+352117.2,,WISEA J123529.37+352117.5,s,"FR-I,WAT",32.49,23.14,0.45,166.5,37.6,38,-22.57,,,,,,,,,,
188.89839,24.74085,0.41086,24.9,141.0,8.44,1.81,False,True,True,False,J123535.76+244425.1,,SDSS J123535.60+244427.1,s,"FR-II,WAT",15.06,10.72,0.45,117.4,10.4,25,-22.88,WHL J123535.6+244427,0.4109,s,1643.0,0.0,0.0,0.654,22.24,1.02,9.0
188.90456,7.6849,0.81761,25.36,124.0,,1.76,True,False,True,False,J123537.05+074109.6,f,DESI J123537.09+074105.6,p,"FR-I,WAT",9.28,6.48,0.47,123.4,23.0,16,,Y21 J123537.4+074029,0.7858,p,2834.0,37.0,285.0,0.68,45.72,2.04,24.0
188.96065,20.94061,0.42683,25.29,161.0,8.87,1.89,True,False,True,False,J123550.55+205626.4,,WISEA J123550.55+205626.1,s,"FR-I,WAT",32.51,21.85,0.52,150.0,22.3,28,-22.94,WH J123550.6+205626,0.4268,s,1700.0,0.0,0.0,0.507,18.54,0.85,6.0
189.01144,50.03919,0.62896,26.09,260.0,8.7,1.95,False,False,True,False,J123602.36+500223.4,,WISEA J123602.74+500221.0,s,"--,WAT",73.15,36.87,0.9,158.3,32.4,37,-23.79,WHL J123602.7+500221,0.6289,s,2368.0,0.0,0.0,0.734,47.36,2.11,17.0
189.03331,4.81585,0.80528,25.47,217.0,,1.98,False,False,True,False,J123608.00+044857.0,,DESI J123608.00+044857.1,p,"--,WAT",12.75,9.16,0.43,169.6,30.9,28,,WH J123608.0+044857,0.7981,p,2868.0,0.0,0.0,0.541,25.28,1.15,11.0
189.03391,16.64143,0.0789,25.04,184.0,,0.95,False,False,True,False,J123608.07+163827.0,j,2MASX J12360813+1638291,s,"--,WAT",674.86,333.62,0.92,136.2,122.8,119,,WHL J123608.1+163829,0.0789,s,344.0,0.0,0.0,0.829,37.17,1.67,29.0
189.09362,5.27383,,,,,,False,False,True,False,J123622.47+051625.8,,,,"--,WAT",11.73,8.54,0.42,104.8,11.1,21,,,,,,,,,,,
189.10741,16.53843,0.06845,25.28,164.0,8.47,,True,False,False,True,J123628.10+163150.9,,SDSS J123625.77+163218.3,s,"FR-I,NAT",1496.0,440.14,1.61,67.1,40.7,121,-22.12,ABELL 1569S,0.0692,s,303.0,12.0,16.0,,,,
189.1195,7.56927,0.68944,25.31,153.0,,1.91,False,True,True,False,J123628.74+073411.3,,DESI J123628.68+073409.4,p,"FR-II,WAT",12.09,8.46,0.47,139.2,15.5,21,,Y21 J123628.7+073409,0.7251,p,2659.0,0.0,0.0,0.624,31.23,1.41,14.0
189.23776,16.63907,0.29155,25.2,126.0,,1.49,False,False,False,True,J123656.29+163810.3,,DESI J123657.06+163820.6,p,"--,NAT",57.7,31.67,0.79,65.0,8.9,28,,,,,,,,,,,
189.23261,61.94978,0.41928,25.24,171.0,8.65,1.69,True,False,True,False,J123656.33+615701.7,,WISEA J123655.82+615659.1,s,"FR-I,WAT",27.73,14.9,0.82,145.7,32.5,30,-21.98,WH J123711.3+615442,0.8595,s,3037.0,175.0,1386.0,0.654,43.92,1.96,14.0
189.267,33.23951,0.56058,26.43,193.0,,,True,False,True,False,J123704.07+331427.2,,[HB89] 1234+335,s,"FR-I,WAT",226.27,128.63,0.74,122.0,14.7,29,,,,,,,,,,,
189.31407,1.30126,0.79377,25.28,146.0,,2.05,False,True,True,False,J123715.26+011808.9,,DESI J123715.38+011804.5,p,"FR-II,WAT",8.14,5.51,0.51,129.2,24.9,19,,Y21 J123715.4+011805,0.8378,p,2978.0,0.0,0.0,0.729,55.07,2.45,28.0
189.33474,20.23162,0.8186,25.79,187.0,,2.08,True,False,True,False,J123720.38+201355.9,f,DESI J123720.34+201353.8,p,"FR-I,WAT",20.29,10.97,0.81,111.6,10.1,24,,Y21 J123720.3+201354,0.8723,p,3072.0,0.0,0.0,0.393,14.92,0.69,6.0
189.342,39.7003,0.73059,25.52,149.0,,2.32,False,True,True,False,J123722.59+394200.3,,DESI J123722.08+394201.1,p,"FR-II,WAT",16.33,10.55,0.57,110.3,23.2,20,,Y21 J123722.1+394201,0.7441,p,2714.0,0.0,0.0,0.59,27.73,1.26,15.0
189.34367,57.25684,0.07266,24.09,70.0,,0.97,False,False,True,False,J123723.15+571530.7,,DESI J123722.48+571524.6,p,"--,WAT",89.31,44.13,0.92,135.5,38.2,49,,WH J123732.7+571642,0.3134,s,1287.0,113.0,537.0,0.466,11.35,0.53,7.0
189.34576,0.60759,0.33897,25.05,395.0,8.84,1.68,False,True,True,False,J123723.22+003640.8,,WISEA J123722.98+003627.3,s,"FR-II,WAT",30.06,18.16,0.66,144.2,267.3,79,-23.91,WHL J123723.0+003627,0.339,s,1383.0,0.0,0.0,0.91,63.6,2.81,27.0
189.4305,47.65205,0.56532,25.34,154.0,8.09,1.88,False,True,False,True,J123742.62+473904.4,,WISEA J123743.32+473907.3,s,"FR-II,NAT",18.96,12.08,0.59,62.4,6.3,23,-22.55,AMF J123736.9+473758,0.5623,s,2157.0,94.0,629.0,0.881,85.06,3.73,38.0
189.42989,-3.33991,0.27944,24.84,118.0,,1.55,False,False,True,False,J123743.36-032023.2,,DESI J123743.17-032023.7,p,"--,WAT",26.85,13.16,0.94,119.6,11.9,27,,maxBCG J123743.2-032024,0.2754,p,1142.0,0.0,0.0,0.778,37.53,1.69,26.0
189.46124,16.10484,0.29315,24.39,90.0,,1.58,True,False,True,False,J123750.81+160613.7,,WISEA J123750.69+160617.4,s,"FR-I,WAT",10.07,7.94,0.31,126.1,19.0,20,,WH J123750.7+160617,0.2931,s,1210.0,0.0,0.0,0.525,14.37,0.66,7.0
189.55569,37.62708,0.20123,24.6,92.0,,1.32,True,False,False,True,J123813.42+373731.8,,DESI J123813.37+373737.5,p,"FR-I,NAT",33.8,20.2,0.68,67.8,7.2,27,,maxBCG J123813.8+373747,0.1909,s,810.0,11.0,36.0,0.885,49.9,2.22,35.0
189.59149,58.36772,0.24232,25.41,332.0,8.89,1.49,True,False,True,False,J123821.95+582203.9,,DESI J123821.96+582203.8,p,"FR-I,WAT",131.87,56.81,1.1,160.4,105.2,84,-23.14,GMBCG J123822.0+582204,0.2362,s,990.0,0.0,0.0,0.78,34.44,1.55,22.0
189.60933,27.869,0.9181,26.5,266.0,,0.31,True,False,True,False,J123826.00+275211.1,,DESI J123826.24+275208.4,p,"FR-I,WAT",80.6,44.32,0.78,103.4,12.5,33,,WH J123824.3+275227,0.9802,p,3352.0,32.0,263.0,0.329,10.97,0.51,6.0
189.63252,38.72079,0.36529,25.4,147.0,8.62,1.85,False,False,False,True,J123831.79+384320.2,,WISEA J123831.80+384314.8,s,"--,NAT",55.11,29.99,0.8,60.5,6.0,28,-23.79,GMBCG J123831.8+384315,0.3653,s,1479.0,0.0,0.0,0.651,30.29,1.37,11.0
189.69662,-3.48183,,,,,,True,False,False,True,J123847.19-032854.6,,,,"FR-I,NAT",32.92,6.65,2.1,71.1,7.2,24,,,,,,,,,,,
189.76234,53.10557,0.23042,24.96,99.0,,1.25,False,False,True,False,J123902.73+530618.0,,DESI J123902.96+530620.0,p,"--,WAT",56.16,30.63,0.8,132.0,74.7,26,,WHY18 J123904.1+530751,0.2662,s,1107.0,92.0,390.0,0.528,15.27,0.71,8.0
189.80268,-7.13371,0.30993,25.06,212.0,,,False,True,True,False,J123912.63-070752.2,,DESI J123912.64-070801.4,p,"FR-II,WAT",34.98,16.79,0.96,138.0,43.2,45,,WHY18 J123912.6-070801,0.3152,p,1294.0,0.0,0.0,0.644,27.62,1.25,14.0
189.80462,49.26337,0.6122,25.29,174.0,8.61,1.83,False,False,True,False,J123913.54+491550.4,,WISEA J123913.10+491548.1,s,"--,WAT",13.87,8.4,0.66,112.5,13.4,25,-23.91,AMF J123913.1+491548,0.6317,p,2377.0,0.0,0.0,0.762,53.08,2.36,18.0
189.8172,14.3861,0.36498,24.39,73.0,,1.8,True,False,False,True,J123916.41+142306.6,f,WISEA J123916.12+142309.9,s,"FR-I,NAT",4.91,2.19,1.06,88.9,5.8,14,,WHL J123916.1+142310,0.3651,s,1479.0,0.0,0.0,0.774,41.64,1.87,21.0
189.84107,17.19933,0.07023,24.2,102.0,,0.93,True,False,True,False,J123922.29+171156.9,,WISEA J123921.85+171157.5,s,"FR-I,WAT",121.46,47.63,1.23,160.3,114.6,74,,WHL J123921.8+171157,0.0702,s,307.0,0.0,0.0,0.707,14.44,0.67,10.0
189.84892,27.07951,0.54849,25.38,138.0,,1.82,True,False,True,False,J123923.65+270447.9,,WISEA J123923.74+270446.2,s,"FR-I,WAT",20.92,11.69,0.76,115.3,9.1,21,,,,,,,,,,,
190.00713,44.7713,0.65676,26.01,387.0,,1.43,False,False,True,False,J124002.14+444618.7,,SDSS J124001.71+444616.6,s,"--,WAT",54.29,27.58,0.89,167.9,121.5,54,,CFSFDP J123953.6+444343,0.8647,p,3051.0,176.0,1396.0,0.439,12.15,0.56,6.0
190.02881,-4.49506,0.13387,24.75,339.0,,,False,True,True,False,J124007.70-042946.6,,DESI J124006.91-042942.2,p,"FR-II,WAT",101.31,27.51,1.71,155.6,508.4,138,,WH J124011.6-042925,0.6907,p,2557.0,72.0,528.0,0.489,18.97,0.87,7.0
190.03668,55.24239,0.90447,25.72,176.0,,0.57,True,False,True,False,J124008.55+551429.5,,DESI J124008.80+551432.6,p,"FR-I,WAT",14.12,7.94,0.76,96.2,11.7,22,,,,,,,,,,,
190.03879,-4.34936,0.1352,24.61,146.0,,,False,False,True,False,J124009.37-042052.0,,WISEA J124009.32-042057.3,s,"--,WAT",86.39,72.26,0.23,140.5,54.0,59,,,,,,,,,,,
190.09514,36.89245,0.37246,25.24,148.0,8.86,1.87,False,False,False,True,J124022.77+365341.3,a,WISEA J124022.83+365332.8,s,"--,NAT",36.52,20.05,0.79,64.5,8.7,28,-23.62,WHL J124022.9+365333,0.3725,s,1506.0,1.0,5.0,0.862,57.79,2.56,25.0
190.1069,31.64039,0.36352,24.84,104.0,,1.82,False,False,True,False,J124025.78+313822.5,,WISEA J124025.65+313825.3,s,"--,WAT",17.17,12.57,0.41,161.8,46.1,20,,WHL J124025.7+313826,0.3645,s,1476.0,1.0,5.0,0.874,59.23,2.63,30.0
190.12328,-7.43837,0.10275,23.88,47.0,,1.0,True,False,True,False,J124029.77-072619.2,,WISEA J124029.58-072618.1,s,"FR-I,WAT",26.76,15.39,0.73,139.3,23.9,24,,WH J124026.0-072741,0.9596,p,3300.0,98.0,800.0,0.533,29.34,1.33,7.0
190.15656,26.91503,0.26922,24.99,226.0,8.67,1.53,False,False,True,False,J124037.71+265450.7,,SDSS J124037.57+265454.1,s,"--,WAT",45.85,31.61,0.49,143.6,184.9,53,-23.29,GMBCG J124037.6+265454,0.2692,s,1119.0,0.0,0.0,0.746,32.92,1.49,13.0
190.25138,18.55387,0.07375,24.93,158.0,8.83,,True,False,False,True,J124058.67+183227.0,,DESI J124100.33+183314.0,s,"FR-I,NAT",565.58,161.37,1.65,23.3,25.0,109,-22.71,WH J124109.9+183506,0.3129,s,1285.0,176.0,835.0,0.464,14.98,0.69,7.0
190.27644,38.39636,0.195,25.07,144.0,8.84,1.32,False,False,True,False,J124107.00+382343.7,a,DESI J124106.35+382346.9,p,"--,WAT",98.19,42.84,1.09,130.7,320.7,43,-22.89,maxBCG J124106.3+382347,0.1903,s,807.0,0.0,0.0,0.878,48.99,2.18,27.0
190.28605,27.57971,0.19852,25.32,180.0,,1.26,True,False,True,False,J124109.03+273454.0,"a,f",DESI J124108.66+273447.0,s,"FR-I,WAT",177.69,94.98,0.82,116.5,23.4,53,,maxBCG J124108.7+273447,0.1985,s,840.0,0.0,0.0,0.932,59.02,2.62,41.0
190.30486,17.99678,0.43024,25.49,237.0,,1.92,False,False,True,False,J124113.25+175948.9,,DESI J124113.17+175948.4,p,"--,WAT",46.12,25.26,0.79,164.9,47.5,41,,WHL J124113.2+175948,0.4251,p,1694.0,0.0,0.0,0.756,42.13,1.89,30.0
190.37158,59.53589,1.08199,26.21,293.0,,,False,True,True,False,J124128.76+593211.2,,DESI J124129.18+593209.2,p,"FR-II,WAT",16.03,4.89,1.56,145.8,28.0,35,,CFSFDP J124114.2+593140,0.4274,s,1702.0,118.0,682.0,0.429,10.06,0.47,6.0
190.39693,40.92692,0.3089,24.95,127.0,,0.8,False,False,True,False,J124135.69+405539.8,,DESI J124135.26+405536.9,p,"--,WAT",30.93,21.06,0.5,128.9,22.1,27,,AMF J124136.0+405543,0.5604,s,2151.0,10.0,67.0,0.68,35.71,1.61,15.0
190.40411,6.47749,,,,,,False,True,True,False,J124136.99+062839.0,,,,"FR-II,WAT",11.78,7.87,0.53,154.7,30.4,31,,,,,,,,,,,
190.45024,60.94437,0.2335,24.42,76.0,,1.44,True,False,True,False,J124147.33+605637.8,,WISEA J124148.05+605639.7,s,"FR-I,WAT",16.87,11.96,0.45,93.4,9.3,20,,,,,,,,,,,
190.45911,16.00543,0.24366,25.02,162.0,,1.42,True,False,True,False,J124150.07+160021.6,,WISEA J124150.18+160019.5,s,"FR-I,WAT",57.74,32.13,0.77,160.2,40.3,41,,CAMIRA J124150.2+160020,0.2437,s,1020.0,0.0,0.0,0.713,29.16,1.32,21.0
190.54142,24.61543,0.48312,25.59,253.0,,1.85,False,False,True,False,J124209.04+243655.2,b,DESI J124209.94+243655.6,p,"--,WAT",44.19,23.6,0.82,97.4,8.0,41,,WHL J124209.9+243656,0.4773,s,1874.0,0.0,0.0,0.738,43.6,1.95,29.0
190.53084,50.36295,0.14789,24.86,184.0,,1.14,False,False,True,False,J124209.90+502157.0,f,WISEA J124207.40+502146.6,s,"--,WAT",107.61,36.96,1.4,98.4,46.3,69,,maxBCG J124207.4+502147,0.1479,s,634.0,0.0,0.0,0.572,16.1,0.74,12.0
190.55244,9.49077,0.08233,24.32,61.0,8.31,0.95,True,False,False,True,J124212.22+092928.8,,WISEA J124212.58+092926.7,s,"FR-I,NAT",109.21,28.6,1.76,84.6,12.0,38,-22.37,WHL J124209.3+092846,0.0833,s,363.0,64.0,104.0,0.618,15.27,0.71,14.0
190.62134,14.01597,,,,,1.92,False,True,True,False,J124229.12+140057.5,c,,,"FR-II,WAT",36.88,25.44,0.49,146.1,36.3,36,,,,,,,,,,,
190.69904,40.6956,0.44535,25.42,189.0,,1.86,False,True,True,False,J124247.63+404149.5,f,DESI J124247.77+404144.1,p,"FR-II,WAT",42.1,31.05,0.4,144.8,48.1,32,,WHL J124247.8+404144,0.452,s,1788.0,0.0,0.0,0.792,46.71,2.09,33.0
190.69908,61.76102,0.42228,25.08,154.0,,1.92,False,True,True,False,J124247.87+614539.7,,WISEA J124247.77+614539.6,s,"FR-II,WAT",18.88,10.08,0.82,142.2,21.4,27,,GMBCG J124247.8+614540,0.4224,s,1684.0,0.0,0.0,0.613,16.5,0.76,9.0
190.70587,17.49751,0.66958,25.58,246.0,,1.93,True,False,False,True,J124249.51+172959.6,,WISEA J124249.40+172951.0,s,"FR-I,NAT",22.57,14.53,0.58,87.5,13.7,34,,WHL J124249.4+172950,0.6695,s,2493.0,1.0,7.0,0.759,51.95,2.31,24.0
190.7543,33.80154,0.31712,25.16,148.0,8.42,1.65,True,False,False,True,J124300.36+334813.6,,WISEA J124301.03+334805.5,s,"FR-I,NAT",44.09,24.38,0.78,41.1,7.7,31,-22.78,GMBCG J124301.0+334805,0.3171,s,1301.0,1.0,5.0,0.499,12.33,0.57,10.0
190.79511,-7.43579,0.28893,25.21,197.0,,1.56,True,False,True,False,J124310.37-072601.5,f,DESI J124310.83-072608.8,p,"FR-I,WAT",58.64,29.05,0.92,116.9,28.2,44,,WHL J124310.8-072609,0.307,p,1263.0,0.0,0.0,0.806,42.6,1.91,31.0
190.79853,7.68037,0.39986,24.86,161.0,,1.91,False,True,True,False,J124311.50+074051.2,a,DESI J124311.65+074049.3,p,"FR-II,WAT",13.9,9.12,0.55,164.9,35.5,29,,WHL J124311.1+074041,0.4109,s,1643.0,12.0,68.0,0.778,46.22,2.06,28.0
190.84397,8.99604,0.16321,25.09,113.0,,1.13,True,False,False,True,J124322.79+085957.6,,WISEA J124322.55+085945.7,s,"FR-I,NAT",163.41,93.14,0.74,57.9,16.8,39,,maxBCG J124322.6+085946,0.1632,s,697.0,0.0,0.0,0.849,40.88,1.83,32.0
190.89474,-6.22309,0.42505,26.42,426.0,,1.58,True,False,False,True,J124334.71-061323.6,,DESI J124334.74-061323.1,p,"FR-I,NAT",374.68,168.31,1.05,71.5,15.5,74,,WHL J124334.7-061323,0.1387,p,596.0,0.0,0.0,0.996,67.33,2.97,37.0
190.89767,9.40616,0.69085,26.21,388.0,8.56,1.39,False,True,True,False,J124335.28+092422.2,,WISEA J124335.44+092422.1,s,"FR-II,WAT",75.09,36.9,0.93,170.0,85.2,53,-23.09,,,,,,,,,,
191.03211,15.1184,0.39033,25.42,509.0,,1.84,True,False,True,False,J124408.35+150713.4,,WISEA J124407.70+150706.2,s,"FR-I,WAT",31.91,6.28,2.13,152.7,,93,,WH J124413.1+150918,1.0857,p,3609.0,153.0,1283.0,0.422,17.83,0.82,8.0
191.04927,31.72601,,,,,1.72,False,True,True,False,J124411.82+314333.6,,,,"FR-II,WAT",30.51,15.82,0.86,167.5,56.0,34,,,,,,,,,,,
191.0546,39.91835,0.61925,25.7,140.0,8.84,1.71,True,False,True,False,J124413.31+395502.4,,WISEA J124413.10+395506.0,s,"FR-I,WAT",21.43,6.2,1.63,149.5,45.1,20,-23.43,CFSFDP J124412.9+395642,0.7653,p,2775.0,96.0,732.0,0.532,21.25,0.97,8.0
191.08839,4.76326,0.3975,25.12,138.0,8.33,1.87,False,True,True,False,J124421.52+044544.3,,WISEA J124421.21+044547.7,s,"FR-II,WAT",22.86,11.37,0.92,122.5,14.4,25,-22.49,WHL J124421.2+044548,0.3981,s,1598.0,0.0,0.0,0.584,21.75,0.99,13.0
191.13929,9.53293,1.25921,26.09,205.0,,,False,False,True,False,J124433.65+093158.1,,DESI J124433.43+093158.5,p,"--,WAT",16.0,9.4,0.7,150.1,26.9,24,,CAMIRA J124424.1+093251,0.5143,s,1999.0,148.0,947.0,0.576,15.19,0.7,9.0
191.16571,56.39448,0.36695,24.9,105.0,8.57,1.74,False,True,True,False,J124439.78+562346.0,,WISEA J124439.77+562340.1,s,"FR-II,WAT",17.61,10.2,0.72,115.8,9.7,20,-22.55,WHL J124439.8+562340,0.3669,s,1485.0,0.0,0.0,0.621,26.27,1.19,12.0
191.2514,39.97721,0.51151,25.4,319.0,8.43,1.95,False,False,True,False,J124500.82+395839.6,,WISEA J124500.33+395837.9,s,"--,WAT",24.99,13.28,0.83,162.2,18.2,50,-23.34,WH J124455.0+395722,0.4882,s,1912.0,98.0,610.0,0.503,17.61,0.81,6.0
191.29774,26.69044,0.77522,25.8,99.0,9.13,2.34,True,False,True,False,J124511.62+264127.0,,WISEA J124511.45+264125.5,s,"FR-I,WAT",18.23,6.95,1.27,139.2,23.0,13,-23.73,Y21 J124511.5+264126,0.7747,s,2802.0,0.0,0.0,0.596,28.22,1.28,6.0
191.30441,36.53362,0.88868,25.83,183.0,,0.38,False,False,True,False,J124513.33+363200.7,,DESI J124513.06+363201.0,p,"--,WAT",20.66,12.66,0.64,139.3,18.3,23,,AMF J124511.7+363429,0.4931,s,1928.0,149.0,933.0,0.711,30.33,1.37,14.0
191.34631,-6.92747,0.30085,25.41,351.0,,1.6,False,False,True,False,J124524.47-065543.2,,DESI J124523.11-065538.9,p,"--,WAT",88.5,48.78,0.78,127.1,54.5,76,,WHL J124523.1-065539,0.3154,p,1295.0,0.0,0.0,0.826,47.99,2.14,24.0
191.39278,45.74065,0.32668,25.06,131.0,8.72,1.66,False,False,True,False,J124533.98+454425.5,,WISEA J124534.26+454426.3,s,"--,WAT",34.01,21.23,0.62,94.6,10.4,27,-23.33,WHL J124534.3+454426,0.3349,s,1367.0,0.0,0.0,0.788,42.94,1.92,28.0
191.42484,33.40793,0.13136,25.16,225.0,,1.12,True,False,True,False,J124542.34+332427.2,,DESI J124541.96+332428.5,p,"FR-I,WAT",291.38,128.44,1.07,139.4,457.7,93,,maxBCG J124542.0+332429,0.1337,s,576.0,0.0,0.0,1.05,85.68,3.76,48.0
191.4567,-3.88281,,,,,1.66,True,False,False,True,J124549.61-035258.1,,,,"FR-I,NAT",37.49,34.19,0.12,89.4,11.9,29,,,,,,,,,,,
191.47775,-4.6596,0.41349,25.58,283.0,,1.87,False,False,True,False,J124554.60-043931.7,,DESI J124554.66-043934.6,p,"--,WAT",66.25,42.03,0.6,161.3,63.9,50,,Y21 J124554.7-043935,0.4176,p,1667.0,0.0,0.0,0.814,51.71,2.3,20.0
191.5309,57.42897,0.84679,25.83,236.0,,,False,True,True,False,J124607.92+572545.1,,DESI J124607.42+572544.3,p,"FR-II,WAT",19.93,10.18,0.88,124.5,17.9,30,,CLuMPR J124625.2+572520,0.866,s,3055.0,146.0,1159.0,0.583,31.16,1.41,16.0
191.63819,12.47209,,,,,,False,True,True,False,J124633.17+122819.5,,,,"FR-II,WAT",39.28,18.67,0.98,139.9,44.1,36,,,,,,,,,,,
191.66729,43.39107,0.59365,25.26,144.0,8.28,1.92,False,False,False,True,J124639.68+432331.2,,SDSS J124640.14+432327.8,s,"--,NAT",13.39,7.78,0.71,74.4,10.3,21,-24.31,WHL J124647.0+432246,0.5965,s,2267.0,85.0,585.0,0.639,27.5,1.25,10.0
191.69041,-2.55696,,,,,,False,False,True,False,J124645.70-023325.1,,,,"--,WAT",40.47,23.78,0.7,127.8,10.3,25,,,,,,,,,,,
191.69809,54.88752,0.08506,23.92,62.0,,1.02,True,False,True,False,J124648.37+545323.8,,WISEA J124647.54+545315.0,s,"FR-I,WAT",40.93,13.49,1.46,111.5,10.9,38,,CFSFDP J124656.6+545147,0.3615,s,1465.0,118.0,616.0,0.528,14.71,0.68,7.0
191.71644,30.08916,0.13998,24.84,97.0,8.46,1.06,True,False,False,True,J124651.07+300534.9,"a,f",WISEA J124651.94+300520.9,s,"FR-I,NAT",126.79,69.07,0.8,45.2,10.8,38,-22.81,WHL J124652.9+300809,0.5771,s,2205.0,169.0,1145.0,0.766,50.0,2.23,24.0
191.73532,21.33656,0.64106,25.7,248.0,8.61,1.84,False,True,True,False,J124656.55+212009.4,,DESI J124656.48+212011.6,p,"FR-II,WAT",30.28,16.89,0.77,153.6,31.7,35,-22.99,WHL J124706.8+212048,0.6357,s,2390.0,149.0,1055.0,0.701,38.95,1.75,14.0
191.75415,40.70066,0.19673,24.95,135.0,,1.19,True,False,True,False,J124701.21+404209.9,f,DESI J124701.00+404202.4,p,"FR-I,WAT",76.27,38.29,0.9,103.0,19.1,40,,maxBCG J124659.1+404204,0.1811,s,770.0,22.0,70.0,0.863,48.95,2.18,34.0
191.77086,28.75367,0.36905,25.16,222.0,,1.75,False,True,True,False,J124705.48+284527.2,,DESI J124705.01+284513.2,p,"FR-II,WAT",29.87,15.33,0.88,153.3,40.1,42,,WHL J124710.4+284642,0.3665,s,1484.0,114.0,600.0,0.919,67.16,2.97,36.0
191.78301,18.54018,0.23527,25.05,131.0,,1.44,False,False,True,False,J124707.66+183229.0,,WISEA J124707.92+183224.6,s,"--,WAT",62.37,27.72,1.06,112.0,14.9,34,,WHL J124703.1+183312,0.2373,s,994.0,83.0,323.0,1.034,91.29,4.0,57.0
191.79057,13.76779,0.39942,24.76,133.0,8.57,1.72,True,False,True,False,J124709.28+134608.1,,WISEA J124709.73+134604.0,s,"FR-I,WAT",12.09,9.44,0.32,114.4,156.7,24,-22.77,AMF J124709.7+134604,0.4027,s,1614.0,1.0,6.0,0.602,19.16,0.88,12.0
191.79291,55.9326,0.49811,25.88,396.0,,0.14,False,True,True,False,J124710.66+555555.2,,WISEA J124710.29+555557.3,s,"FR-II,WAT",78.13,39.18,0.91,167.0,276.0,63,,,,,,,,,,,
191.79756,14.45218,0.92295,26.54,331.0,,,False,False,False,True,J124711.48+142703.9,,DESI J124711.41+142707.8,p,"--,NAT",83.2,43.58,0.85,87.7,12.6,41,,CFSFDP J124713.9+142824,0.8003,p,2874.0,84.0,650.0,0.534,15.2,0.7,7.0
191.81843,55.76963,0.65975,25.03,151.0,,1.49,False,True,True,False,J124716.84+554615.7,,DESI J124716.42+554610.7,p,"FR-II,WAT",7.92,6.57,0.25,105.6,10.6,21,,WHL J124731.9+554501,0.6481,s,2428.0,148.0,1057.0,0.646,34.1,1.54,12.0
191.85081,9.51918,0.19046,25.16,246.0,8.5,1.25,True,False,True,False,J124725.50+093107.7,"f,j",WISEA J124724.19+093109.0,s,"FR-I,WAT",116.91,34.9,1.59,101.1,32.6,75,-22.94,maxBCG J124724.2+093109,0.1919,s,814.0,0.0,0.0,0.86,46.22,2.06,25.0
191.93567,23.00807,0.62807,26.1,204.0,7.73,1.61,False,True,True,False,J124744.81+230030.6,c,WISEA J124744.56+230029.0,s,"FR-II,WAT",81.79,47.04,0.73,120.0,8.9,29,-22.07,WH J124753.1+230025,0.5428,s,2094.0,118.0,776.0,0.519,16.34,0.75,9.0
191.95745,1.87016,0.42666,25.39,467.0,8.74,1.7,False,True,False,True,J124749.61+015229.4,,SDSS J124749.78+015212.3,s,"FR-II,NAT",37.48,20.55,0.79,21.1,,81,-22.53,WH J124749.8+015213,0.4267,s,1699.0,0.0,0.0,0.594,26.19,1.19,8.0
191.97822,1.3345,,,,,,False,False,True,False,J124754.77+012004.2,f,,,"--,WAT",29.79,16.17,0.8,119.6,18.4,27,,,,,,,,,,,
191.98294,8.12611,0.43041,25.66,237.0,,1.87,False,False,True,False,J124755.76+080733.0,,SDSS J124755.90+080734.0,s,"--,WAT",68.28,36.52,0.82,146.4,24.0,41,,CFSFDP J124755.9+080734,0.4304,s,1712.0,0.0,0.0,0.476,13.98,0.65,12.0
192.017,17.4307,0.66502,25.88,375.0,,1.67,True,False,True,False,J124803.96+172549.8,,DESI J124804.08+172550.5,p,"FR-I,WAT",45.51,29.08,0.59,153.6,,52,,,,,,,,,,,
192.10814,36.72177,0.77167,26.58,519.0,,1.99,False,True,True,False,J124826.58+364323.2,,DESI J124825.95+364318.4,p,"FR-II,WAT",107.95,38.74,1.34,169.0,90.2,68,,CAMIRA J124821.8+364336,0.6064,s,2298.0,53.0,368.0,0.579,26.36,1.2,9.0
192.14868,59.70609,0.55856,25.99,366.0,,1.91,False,True,True,False,J124836.09+594225.5,,DESI J124835.68+594221.9,p,"FR-II,WAT",75.98,37.32,0.93,168.7,114.8,55,,,,,,,,,,,
192.17993,-3.68989,0.16481,24.48,155.0,,1.2,False,False,True,False,J124843.22-034119.7,,LCRS B124608.6-032503,s,"--,WAT",38.22,20.28,0.83,158.7,55.5,53,,WHL J124843.2-034124,0.1648,s,704.0,0.0,0.0,0.755,32.88,1.48,13.0
192.32778,50.08049,0.24928,25.67,278.0,,1.51,True,False,False,True,J124917.73+500503.8,"f,g,h,j",WISEA J124918.66+500449.7,s,"FR-I,NAT",219.97,88.34,1.2,85.2,23.4,69,,maxBCG J124918.7+500449,0.2493,s,1041.0,0.0,0.0,0.854,40.59,1.82,32.0
192.35716,9.53595,0.22802,25.04,139.0,,1.41,False,False,True,False,J124925.72+093211.9,,WISEA J124925.71+093209.4,s,"--,WAT",64.14,25.93,1.19,153.5,36.7,37,,WHL J124925.7+093209,0.228,s,958.0,0.0,0.0,0.683,23.32,1.06,11.0
192.42597,30.64388,0.1937,25.03,260.0,,1.29,False,False,True,False,J124943.28+303858.6,"a,f,g,j",WISEA J124942.23+303837.9,s,"--,WAT",91.83,40.25,1.08,103.5,24.9,78,,WH J124951.8+303920,0.4897,s,1917.0,130.0,811.0,0.505,11.98,0.56,10.0
192.44796,1.72516,0.15825,25.18,340.0,,,False,True,True,False,J124947.42+014316.7,f,WISEA J124947.51+014330.5,s,"FR-II,WAT",190.83,61.07,1.49,156.1,156.1,120,,Y21 J124943.6+014430,0.5917,p,2251.0,83.0,569.0,0.522,18.19,0.84,7.0
192.46063,7.2219,0.10284,23.97,58.0,,1.97,True,False,True,False,J124950.38+071314.7,"a,f",DESI J124950.55+071318.8,p,"FR-I,WAT",32.08,15.76,0.93,107.8,11.5,30,,CAMIRA J124950.9+071412,0.4101,p,1641.0,54.0,305.0,0.615,17.96,0.83,20.0
192.49358,16.44877,0.45704,25.24,276.0,,1.91,False,True,True,False,J124958.62+162646.2,b,DESI J124958.46+162655.6,p,"FR-II,WAT",25.48,17.4,0.5,128.5,23.9,46,,WHL J124958.5+162656,0.4526,s,1790.0,0.0,0.0,0.852,60.22,2.67,36.0
192.51604,-1.54042,0.082,24.85,139.0,,0.95,False,False,True,False,J125003.39-013223.3,f,WISEA J125003.86-013225.2,s,"--,WAT",386.74,149.17,1.25,158.2,316.8,87,,WHL J125003.9-013225,0.0826,s,360.0,0.0,0.0,0.769,27.05,1.23,23.0
192.54412,8.66465,0.34772,24.6,142.0,,1.68,False,False,True,False,J125011.01+083958.0,f,WISEA J125010.58+083952.7,s,"--,WAT",11.61,9.79,0.22,107.7,13.2,28,,WHL J125012.4+084024,0.342,s,1394.0,42.0,211.0,1.128,120.43,5.23,74.0
192.55546,11.55226,1.27683,26.62,309.0,,0.58,False,True,True,False,J125013.39+113308.2,f,DESI J125013.31+113308.1,p,"FR-II,WAT",52.71,30.78,0.71,145.7,19.5,36,,WH J125016.7+113044,0.4255,s,1695.0,153.0,882.0,0.467,12.5,0.58,6.0
192.60257,-4.58902,0.48833,25.09,124.0,,,False,False,False,True,J125024.73-043514.3,,DESI J125024.62-043520.5,p,"--,NAT",14.78,9.29,0.61,72.1,7.1,20,,CFSFDP J125024.6-043520,0.4779,p,1876.0,0.0,0.0,0.601,20.95,0.96,13.0
192.6714,-6.82959,1.14912,25.99,254.0,,,False,True,True,False,J125041.03-064948.6,,DESI J125041.14-064946.5,p,"FR-II,WAT",16.92,10.7,0.6,144.5,15.2,30,,,,,,,,,,,
192.68101,41.65764,0.81317,26.05,280.0,,1.74,False,False,True,False,J125043.36+413926.8,,DESI J125043.44+413927.5,p,"--,WAT",40.02,23.43,0.7,149.9,27.8,36,,,,,,,,,,,
192.77113,38.12899,0.30571,25.53,294.0,,0.8,False,True,True,False,J125105.25+380739.7,,WISEA J125105.07+380744.3,s,"FR-II,WAT",96.04,35.1,1.32,139.8,56.3,63,,,,,,,,,,,
192.81483,20.68544,0.65356,25.77,358.0,,2.0,False,True,True,False,J125115.07+204107.2,,WISEA J125115.56+204107.5,s,"FR-II,WAT",25.55,9.14,1.35,155.0,80.7,50,,,,,,,,,,,
192.82067,48.29833,0.91122,25.68,233.0,,,False,False,True,False,J125117.25+481755.1,,DESI J125116.96+481754.0,p,"--,WAT",14.39,9.29,0.57,148.4,22.0,29,,WHL J125131.7+481714,0.3513,s,1428.0,153.0,784.0,0.88,59.0,2.62,41.0
192.82624,-1.387,,,,,,False,True,True,False,J125118.30-012313.2,f,,,"FR-II,WAT",26.24,13.41,0.88,150.1,19.3,23,,,,,,,,,,,
192.8796,17.08143,0.99222,25.81,213.0,,2.75,False,True,True,False,J125131.19+170459.3,,DESI J125131.10+170453.2,p,"FR-II,WAT",16.44,10.91,0.54,123.0,28.0,26,,CLuMPR J125131.4+170423,0.9534,p,3284.0,30.0,244.0,0.635,41.24,1.85,13.0
192.96698,55.36495,0.52417,25.51,219.0,,1.86,False,True,True,False,J125152.29+552152.8,,SDSS J125152.07+552153.8,s,"FR-II,WAT",28.57,13.73,0.96,159.5,,34,,WH J125152.1+552150,0.5174,p,2010.0,4.0,19.0,0.523,20.7,0.95,8.0
192.9824,54.61471,0.47975,25.69,252.0,,1.89,False,True,False,True,J125156.10+543705.2,,WISEA J125155.77+543652.9,s,"FR-II,NAT",57.11,30.49,0.82,89.3,19.2,41,,WHL J125155.7+543653,0.481,s,1887.0,1.0,6.0,0.746,45.48,2.03,18.0
193.04025,-0.26486,0.81347,26.68,287.0,,0.03,False,False,True,False,J125210.02-001555.2,,WISEA J125209.67-001553.3,s,"--,WAT",168.71,97.82,0.72,162.7,147.4,37,,WH J125200.2-001538,0.9737,p,3335.0,143.0,1172.0,0.535,16.51,0.76,6.0
193.04611,8.19964,1.51471,27.53,339.0,,-0.01,False,False,True,False,J125211.10+081202.6,,DESI J125211.07+081158.7,p,"--,WAT",153.68,53.84,1.38,146.4,43.2,39,,WHL J125214.9+081153,0.4463,p,1768.0,57.0,338.0,0.76,36.06,2.05,14.0
193.06218,8.19831,0.44396,25.76,159.0,,1.86,False,False,True,False,J125214.74+081200.8,,WISEA J125214.92+081153.9,s,"--,WAT",61.76,19.88,1.49,162.4,36.5,27,,WHL J125214.9+081153,0.4439,s,1759.0,1.0,6.0,0.867,63.12,2.79,37.0
193.07285,13.36807,0.8397,26.06,204.0,,0.87,False,False,True,False,J125217.76+132205.2,,WISEA J125217.48+132205.0,s,"--,WAT",50.18,41.35,0.25,109.8,13.0,26,,,,,,,,,,,
193.08606,15.76389,1.16408,25.97,263.0,,,False,True,True,False,J125220.73+154557.3,c,DESI J125220.65+154550.0,p,"FR-II,WAT",18.92,14.34,0.36,114.7,15.1,31,,Y21 J125216.8+154837,0.7197,p,2643.0,176.0,1311.0,0.561,20.97,0.96,14.0
193.09423,3.26501,0.09885,25.4,142.0,8.49,1.0,False,True,True,False,J125222.87+031555.0,,DESI J125222.61+031554.1,s,"FR-II,WAT",938.18,386.56,1.16,153.8,67.0,75,-22.84,,,,,,,,,,
193.18746,15.87443,0.27324,24.56,99.0,8.49,1.53,True,False,True,False,J125244.83+155231.6,,WISEA J125244.99+155227.9,s,"FR-I,WAT",16.49,11.29,0.5,134.1,13.9,23,-22.91,WH J125245.0+155228,0.2734,s,1135.0,0.0,0.0,0.694,29.07,1.32,9.0
193.19581,47.90961,0.09301,24.14,98.0,,1.52,False,True,True,False,J125247.60+475446.0,,DESI J125247.00+475434.6,p,"FR-II,WAT",60.12,31.43,0.85,104.0,58.6,55,,AMF J125254.3+475656,0.4224,s,1684.0,159.0,913.0,0.51,11.93,0.56,9.0
193.33179,50.90886,0.12416,24.61,73.0,,1.07,False,False,True,False,J125320.16+505432.0,,WISEA J125319.62+505431.8,s,"--,WAT",82.91,16.64,2.11,111.5,20.1,32,,maxBCG J125334.1+505414,0.1222,s,528.0,138.0,315.0,0.833,40.77,1.83,36.0
193.37138,-4.15832,,,,,,False,False,False,True,J125329.13-040930.0,,,,"--,NAT",73.71,39.12,0.83,84.3,14.2,39,,,,,,,,,,,
193.42147,3.80508,0.583,26.4,292.0,,1.53,False,False,True,False,J125341.29+034821.0,,DESI J125341.15+034818.3,p,"--,WAT",176.92,87.51,0.92,156.7,,43,,,,,,,,,,,
193.4535,30.52911,0.17873,24.32,65.0,8.43,1.22,False,True,False,True,J125349.19+303149.2,,WISEA J125348.84+303144.8,s,"FR-II,NAT",22.5,12.35,0.79,89.3,9.5,21,-22.64,maxBCG J125348.8+303145,0.1801,s,766.0,0.0,0.0,0.635,21.74,0.99,14.0
193.47932,51.80894,0.27087,24.88,94.0,8.42,1.62,True,False,False,True,J125355.66+514828.8,,WISEA J125355.03+514832.1,s,"FR-I,NAT",31.28,14.88,0.97,80.1,9.3,22,-23.02,maxBCG J125355.0+514832,0.271,s,1126.0,0.0,0.0,0.864,46.87,2.09,35.0
193.52378,28.92416,0.25966,24.83,124.0,,1.48,True,False,True,False,J125405.09+285531.2,,WISEA J125405.70+285526.9,s,"FR-I,WAT",30.57,14.98,0.94,93.7,12.8,30,,maxBCG J125405.7+285527,0.2597,s,1082.0,0.0,0.0,0.646,25.55,1.16,15.0
193.55237,26.77399,,,,,,False,True,True,False,J125412.57+264626.4,,,,"FR-II,WAT",18.46,7.74,1.14,145.3,12.6,21,,,,,,,,,,,
193.55426,17.96348,0.38013,25.29,188.0,8.65,1.82,True,False,True,False,J125412.67+175757.6,,WISEA J125413.02+175748.5,s,"FR-I,WAT",41.08,25.66,0.62,97.8,24.5,35,-23.06,WHL J125413.0+175749,0.3801,s,1533.0,0.0,0.0,0.721,36.98,1.66,25.0
193.56896,-7.19486,0.25509,24.93,312.0,,,False,False,True,False,J125416.14-071134.2,,DESI J125416.55-071141.5,p,"--,WAT",39.05,17.17,1.08,163.1,18.4,76,,WHY18 J125416.6-071141,0.2582,p,1076.0,0.0,0.0,0.741,31.92,1.44,20.0
193.57679,15.47312,0.2657,25.44,249.0,,1.0,False,True,True,False,J125418.24+152821.0,,DESI J125418.43+152823.2,p,"FR-II,WAT",137.03,102.85,0.38,167.3,148.0,59,,,,,,,,,,,
193.57717,0.49651,0.41599,25.21,255.0,,1.94,False,False,True,False,J125418.66+002954.0,,WISEA J125418.52+002947.4,s,"--,WAT",23.66,10.16,1.11,146.9,61.3,45,,CAMIRA J125418.5+002947,0.4164,s,1663.0,0.0,0.0,0.569,20.77,0.95,8.0
193.60288,40.9321,1.01693,26.56,206.0,,0.24,False,False,True,False,J125424.55+405556.8,,WISEA J125424.69+405555.5,s,"--,WAT",74.52,42.19,0.75,124.2,8.3,25,,CLuMPR J125424.7+405357,0.8697,s,3065.0,118.0,938.0,0.541,26.84,1.22,15.0
193.63345,61.58217,0.50218,25.73,170.0,8.16,1.25,False,False,True,False,J125431.20+613501.0,,WISEA J125432.02+613455.8,s,"--,WAT",58.29,33.1,0.74,126.9,16.5,27,-22.64,,,,,,,,,,
193.64558,-2.57038,0.1159,24.68,74.0,8.58,1.03,True,False,True,False,J125434.89-023410.2,,LCRS B125200.6-021756,s,"FR-I,WAT",132.8,75.3,0.74,135.4,25.2,34,-22.72,maxBCG J125434.9-023412,0.1206,s,521.0,1.0,2.0,0.908,50.76,2.26,28.0
193.74745,29.43911,,,,,,False,False,True,False,J125459.39+292620.8,c,,,"--,WAT",10.56,7.53,0.44,102.2,5.7,21,,,,,,,,,,,
193.80055,29.5052,0.93672,26.02,300.0,,2.6,False,False,True,False,J125512.25+293021.6,,WISEA J125512.15+293019.1,s,"--,WAT",23.02,11.29,0.93,161.6,53.1,37,,WH J125518.1+292838,0.2362,s,990.0,127.0,493.0,0.601,16.07,0.74,7.0
193.82148,1.88217,0.99227,25.4,115.0,,,False,False,False,True,J125516.96+015258.1,f,DESI J125517.15+015255.8,p,"--,NAT",6.85,4.88,0.44,55.6,6.2,14,,WH J125517.2+015256,0.9665,p,3317.0,0.0,0.0,0.477,21.9,1.0,8.0
193.8869,19.39305,0.80503,25.38,139.0,,1.94,True,False,True,False,J125533.04+192334.1,,DESI J125532.86+192335.0,p,"FR-I,WAT",10.53,7.78,0.4,130.3,9.4,18,,,,,,,,,,,
193.9517,44.82337,0.23648,24.77,209.0,8.83,1.47,False,True,True,False,J125548.54+444920.2,,WISEA J125548.40+444924.1,s,"FR-II,WAT",35.71,23.7,0.54,164.4,54.1,54,-23.23,AMF J125548.4+444924,0.2378,s,996.0,0.0,0.0,0.803,28.32,1.28,13.0
193.97624,14.30901,,,,,,False,True,True,False,J125554.30+141832.4,,,,"FR-II,WAT",22.86,13.43,0.7,148.3,16.8,26,,,,,,,,,,,
193.97745,44.08941,0.24278,24.97,186.0,,1.31,False,True,True,False,J125554.78+440525.2,,DESI J125554.59+440521.9,p,"FR-II,WAT",51.97,30.07,0.72,166.3,33.8,47,,GMBCG J125550.3+440401,0.3281,s,1342.0,93.0,456.0,0.612,19.78,0.91,19.0
194.00216,28.51273,0.26135,25.11,209.0,,1.41,False,False,True,False,J125600.12+283034.3,,WISEA J125600.51+283045.8,s,"--,WAT",55.87,24.75,1.07,141.0,32.7,50,,WHL J125605.5+283021,0.1434,s,616.0,70.0,183.0,0.641,22.58,1.03,13.0
194.01823,25.2654,0.27874,24.94,262.0,,1.5,False,False,True,False,J125604.60+251600.6,,WISEA J125604.37+251555.4,s,"--,WAT",34.59,17.63,0.88,162.1,119.7,60,,maxBCG J125608.8+251707,0.2811,s,1164.0,94.0,414.0,0.84,48.85,2.18,24.0
194.0921,1.42641,0.33445,25.88,342.0,,1.74,False,False,True,False,J125623.08+012522.8,f,WISEA J125622.10+012535.0,s,"--,WAT",165.87,54.59,1.46,102.0,26.8,69,,WHL J125622.1+012535,0.3399,s,1386.0,0.0,0.0,0.83,50.72,2.26,30.0
194.10796,4.0898,0.81811,26.17,280.0,,2.06,True,False,True,False,J125626.25+040525.2,,DESI J125625.91+040523.3,p,"FR-I,WAT",48.21,25.66,0.83,137.8,24.0,36,,,,,,,,,,,
194.20142,48.297,0.02858,22.77,14.0,7.45,0.66,False,False,True,False,J125648.57+481749.8,,NGC 4837 NED01,s,"--,WAT",28.85,12.94,1.05,160.1,23.2,24,-21.8,WH J125658.7+481937,0.7954,p,2861.0,149.0,1151.0,0.462,14.04,0.65,6.0
194.24734,6.31626,0.09231,24.6,199.0,8.5,0.97,False,False,True,False,J125658.49+061915.6,j,WISEA J125659.36+061858.5,s,"--,WAT",159.92,39.51,1.83,160.6,130.8,112,-22.64,maxBCG J125659.4+061858,0.0936,s,407.0,0.0,0.0,0.582,17.45,0.8,12.0
194.28531,29.27684,,,,,1.33,False,False,True,False,J125708.47+291636.6,,,,"--,WAT",37.97,24.67,0.57,118.1,6.7,24,,,,,,,,,,,
194.34623,49.78374,0.2468,24.68,88.0,8.84,1.53,True,False,True,False,J125723.54+494705.3,,2MASX J12572317+4947014,s,"FR-I,WAT",25.28,14.28,0.75,123.5,14.2,22,-23.01,maxBCG J125723.1+494701,0.2468,s,1032.0,0.0,0.0,0.698,29.04,1.32,14.0
194.3515,27.49786,0.02448,23.05,23.0,8.65,,False,False,True,False,J125724.55+272955.7,,NGC 4839,s,"--,WAT",76.44,38.52,0.9,168.1,86.6,45,-22.74,,,,,,,,,,
194.44011,48.91902,0.26037,25.32,212.0,,1.57,True,False,False,True,J125746.86+485500.6,,2MASX J12574568+4855083,s,"FR-I,NAT",89.52,37.0,1.16,87.2,20.5,51,,maxBCG J125746.4+485516,0.2815,p,1166.0,11.0,49.0,0.953,67.08,2.96,43.0
194.4547,14.00751,0.65415,25.37,279.0,,1.82,False,True,True,False,J125749.28+140028.5,,DESI J125749.13+140027.0,p,"FR-II,WAT",13.94,8.17,0.7,163.7,112.2,39,,Y21 J125749.1+140027,0.6988,p,2581.0,0.0,0.0,0.665,33.78,1.52,13.0
194.45985,15.4884,,,,,,False,True,True,False,J125750.36+152918.2,,,,"FR-II,WAT",10.68,3.91,1.32,144.0,22.4,33,,,,,,,,,,,
194.50735,31.34628,0.71668,26.5,751.0,,1.44,False,True,True,False,J125801.90+312056.7,,DESI J125801.76+312046.6,p,"FR-II,WAT",113.27,44.01,1.24,93.6,11.6,101,,Y21 J125801.8+312047,0.7308,p,2676.0,0.0,0.0,0.605,22.62,1.03,12.0
194.50643,52.86235,1.12047,26.68,337.0,,0.55,False,True,True,False,J125801.95+525147.6,,DESI J125801.54+525144.5,p,"FR-II,WAT",71.37,36.56,0.88,150.2,127.5,40,,,,,,,,,,,
194.58008,44.53136,,,,,,False,False,True,False,J125819.22+443152.9,"b,g,j",,,"--,WAT",72.41,42.91,0.69,130.8,15.0,32,,,,,,,,,,,
194.59497,11.17768,0.95361,26.13,252.0,,1.25,False,True,True,False,J125822.74+111044.9,j,DESI J125822.79+111039.7,p,"FR-II,WAT",29.19,14.58,0.91,101.8,13.5,31,,WH J125822.8+111040,0.9812,p,3354.0,0.0,0.0,0.53,26.33,1.2,13.0
194.67737,5.81526,0.41537,25.15,153.0,8.86,1.92,False,False,False,True,J125843.22+054905.7,,WISEA J125842.56+054854.9,s,"--,NAT",22.2,11.21,0.9,70.3,11.4,27,-23.29,WHL J125842.6+054855,0.4154,s,1659.0,0.0,0.0,0.696,36.33,1.63,24.0
194.71231,50.69502,0.99413,26.53,502.0,,,False,True,True,False,J125851.17+504140.7,,DESI J125850.95+504142.1,p,"FR-II,WAT",28.56,5.71,2.11,164.0,84.9,61,,,,,,,,,,,
194.78604,41.49386,0.2783,25.15,170.0,,1.33,False,False,True,False,J125909.55+412928.4,,WISEA J125908.65+412937.9,s,"--,WAT",54.76,25.45,1.01,138.2,40.4,39,,maxBCG J125908.6+412938,0.2791,s,1157.0,0.0,0.0,0.883,56.42,2.51,31.0
194.8092,38.23766,0.42864,24.95,104.0,,1.96,False,True,True,False,J125914.32+381419.2,,WISEA J125914.20+381415.5,s,"FR-II,WAT",13.75,7.93,0.72,109.7,41.2,18,,WHL J125914.2+381415,0.4287,s,1706.0,1.0,6.0,0.815,51.99,2.31,42.0
194.82018,1.42846,0.71306,26.68,371.0,,2.03,False,False,True,False,J125916.96+012539.0,,WISEA J125916.84+012542.4,s,"--,WAT",205.83,103.03,0.91,104.1,14.6,50,,Y21 J125916.8+012543,0.713,s,2623.0,0.0,0.0,0.502,20.68,0.95,7.0
194.83568,1.94762,0.82538,25.23,156.0,,1.88,False,True,True,False,J125920.55+015650.4,,DESI J125920.56+015651.4,p,"FR-II,WAT",9.39,9.95,-0.08,160.4,13.4,20,,Y21 J125920.6+015651,0.7932,p,2854.0,0.0,0.0,0.697,45.09,2.02,16.0
194.87718,49.10065,0.25568,24.38,74.0,,1.63,False,True,False,True,J125929.88+490607.0,"a,f",WISEA J125930.52+490602.3,s,"FR-II,NAT",11.86,6.8,0.73,68.8,8.2,18,,AMF J125937.5+490602,0.5417,s,2090.0,68.0,447.0,0.622,27.55,1.25,18.0
194.89883,27.95926,0.02391,23.48,18.0,8.63,0.86,True,False,False,True,J125935.48+275740.7,a,NGC 4874,s,"FR-I,NAT",215.17,118.82,0.78,64.7,8.2,37,-23.43,PSZ2 G057.80+88.00,0.023,p,102.0,46.0,22.0,,,,
194.92431,46.29443,0.42199,24.97,189.0,8.82,1.93,True,False,True,False,J125942.39+461743.7,f,SDSS J125941.83+461739.9,s,"FR-I,WAT",14.28,7.47,0.85,97.1,12.1,33,-22.99,WHL J125941.8+461740,0.422,s,1683.0,0.0,0.0,0.476,14.09,0.65,7.0
194.97535,62.67058,0.32761,25.08,239.0,7.82,1.61,False,True,True,False,J125953.66+623959.4,,SDSS J125954.08+624013.8,s,"FR-II,WAT",30.22,12.33,1.18,154.1,48.8,49,-22.53,,,,,,,,,,
195.04681,-4.44337,0.20726,24.44,87.0,,,True,False,False,True,J130010.40-042636.0,,WISEA J130011.23-042636.1,s,"FR-I,NAT",21.11,10.52,0.91,61.8,9.9,25,,WHY18 J130016.0-042737,0.2077,p,877.0,94.0,331.0,0.749,35.13,1.58,23.0
195.13102,-3.62954,0.37469,25.94,320.0,,1.7,False,False,True,False,J130031.26-033743.8,,DESI J130031.44-033746.3,p,"--,WAT",171.16,81.8,0.97,135.6,55.7,60,,CFSFDP J130036.4-033749,0.5107,p,1987.0,74.0,472.0,0.526,10.23,0.48,7.0
195.13402,31.09776,,,,,,False,False,True,False,J130032.16+310551.9,,,,"--,WAT",16.31,6.47,1.21,134.0,18.6,30,,,,,,,,,,,
195.29786,28.30826,0.35842,,124.0,,0.62,True,False,True,False,J130111.14+281827.1,f,DESI J130111.49+281829.7,p,"FR-I,WAT",41.51,,,102.5,8.5,24,,Y21 J130111.4+282017,0.2243,s,943.0,107.0,400.0,0.61,19.21,0.88,7.0
195.31221,20.37898,0.88614,26.25,335.0,,1.29,False,False,True,False,J130115.21+202252.4,,DESI J130114.93+202244.3,p,"--,WAT",39.74,16.78,1.13,95.9,16.4,42,,WH J130114.9+202244,0.9759,p,3341.0,0.0,0.0,0.525,27.94,1.27,9.0
195.31474,16.18497,0.26721,25.04,161.0,8.53,1.5,True,False,True,False,J130116.15+161107.0,,WISEA J130115.53+161105.8,s,"FR-I,WAT",50.14,31.08,0.63,158.0,39.0,38,-22.94,WHL J130115.5+161106,0.2672,s,1111.0,0.0,0.0,0.672,27.75,1.26,14.0
195.34251,0.95396,0.44389,25.11,289.0,9.14,1.87,False,True,True,False,J130122.50+005711.3,,WISEA J130122.20+005714.2,s,"FR-II,WAT",18.07,9.72,0.81,159.5,45.3,49,-23.23,CFSFDP J130122.2+005714,0.4448,s,1762.0,0.0,0.0,0.538,13.45,0.62,8.0
195.34773,50.30841,0.38611,25.51,168.0,,0.2,False,False,True,False,J130123.54+501834.7,,WISEA J130123.45+501830.2,s,"--,WAT",60.16,30.97,0.87,108.9,11.2,31,,Y21 J130133.0+501752,0.8741,p,3076.0,99.0,788.0,0.719,53.84,2.39,16.0
195.4814,7.55926,0.28957,25.37,103.0,,1.31,True,False,False,True,J130155.53+073338.7,,DESI J130155.54+073333.3,p,"FR-I,NAT",95.38,67.63,0.45,79.0,8.3,23,,Y21 J130155.5+073333,0.3109,p,1278.0,0.0,0.0,0.545,14.34,0.66,7.0
195.62273,7.47886,0.91004,26.35,233.0,,0.99,False,False,True,False,J130229.07+072838.3,,DESI J130229.46+072843.9,p,"--,WAT",62.17,36.73,0.69,160.5,20.1,29,,,,,,,,,,,
195.70158,53.28399,0.22872,24.87,193.0,,1.22,False,False,True,False,J130248.29+531655.2,,DESI J130248.38+531702.3,p,"--,WAT",42.1,15.88,1.28,166.8,18.2,51,,AMF J130259.1+531729,0.2863,s,1184.0,100.0,446.0,0.631,19.83,0.91,8.0
195.75426,21.46834,0.48914,25.44,299.0,7.89,1.88,False,False,True,False,J130301.35+212809.0,,SDSS J130301.02+212806.0,s,"--,WAT",30.05,15.63,0.86,168.5,125.5,48,-22.72,WHL J130306.9+212956,0.509,p,1982.0,137.0,872.0,,,,
195.77397,50.69315,0.53085,25.75,188.0,,1.57,True,False,True,False,J130306.00+504140.2,,WISEA J130305.75+504135.3,s,"FR-I,WAT",45.93,19.97,1.09,145.0,16.0,29,,,,,,,,,,,
195.78629,23.52933,0.39932,25.11,155.0,8.42,1.83,False,False,True,False,J130308.96+233147.4,,WISEA J130308.70+233145.5,s,"--,WAT",19.82,7.71,1.24,151.2,61.6,28,-23.13,CFSFDP J130308.7+233146,0.3995,s,1603.0,0.0,0.0,0.536,19.14,0.88,11.0
195.82131,31.83405,0.16641,25.21,280.0,,1.16,False,False,False,True,J130317.10+315016.6,a,DESI J130317.11+315002.6,p,"--,NAT",215.42,161.24,0.38,46.6,8.6,95,,maxBCG J130315.5+315019,0.1694,s,723.0,26.0,78.0,1.096,93.98,4.11,71.0
195.85284,44.42854,0.12977,24.01,76.0,,1.13,False,True,True,False,J130324.47+442541.8,,WISEA J130324.68+442542.7,s,"FR-II,WAT",23.17,17.04,0.4,159.6,120.4,32,,,,,,,,,,,
195.86542,49.59947,0.25471,25.0,320.0,8.56,1.55,False,True,True,False,J130328.44+493553.8,j,WISEA J130327.70+493558.0,s,"FR-II,WAT",49.68,27.98,0.75,147.6,80.9,78,-23.7,GMBCG J130327.7+493558,0.2547,s,1062.0,0.0,0.0,0.619,19.73,0.9,8.0
195.94031,40.64097,,,,,,False,True,True,False,J130345.67+403827.5,,,,"FR-II,WAT",23.23,10.26,1.07,130.8,12.9,27,,,,,,,,,,,
195.95847,48.81299,0.60269,25.93,207.0,,0.01,False,False,True,False,J130349.86+484847.9,,SDSS J130350.03+484846.7,s,"--,WAT",75.1,61.95,0.25,143.0,20.0,30,,WHL J130406.2+484727,0.356,p,1445.0,179.0,925.0,,,,
196.00921,51.4113,0.23554,24.61,77.0,,1.46,True,False,False,True,J130402.27+512447.6,,WISEA J130402.20+512440.6,s,"FR-I,NAT",21.95,8.52,1.24,65.5,9.1,20,,GMBCG J196.00914+51.41109,0.256,p,1068.0,1.0,4.0,,,,
196.01847,20.8766,0.27952,25.19,425.0,8.66,1.6,False,True,True,False,J130405.18+205246.0,,WISEA J130404.43+205235.7,s,"FR-II,WAT",52.64,17.12,1.47,144.9,72.2,97,-23.57,maxBCG J130404.4+205236,0.2795,s,1158.0,0.0,0.0,0.81,45.61,2.04,19.0
196.0358,33.15634,,,,,,False,True,True,False,J130408.59+330922.8,,,,"FR-II,WAT",37.29,19.94,0.82,168.6,73.4,36,,,,,,,,,,,
196.03868,18.93024,0.19675,24.77,165.0,8.71,1.31,False,True,True,False,J130409.71+185559.8,"f,g,j",WISEA J130409.28+185548.8,s,"FR-II,WAT",50.93,26.33,0.87,117.0,24.7,49,-22.62,GMBCG J130409.3+185549,0.1967,s,833.0,0.0,0.0,0.787,29.0,1.31,19.0
196.0918,42.33712,0.51076,25.49,210.0,,1.86,False,True,True,False,J130422.08+422023.4,,WISEA J130422.03+422013.6,s,"FR-II,WAT",24.14,8.39,1.39,110.7,20.1,33,,Y21 J130422.1+422014,0.5109,s,1988.0,0.0,0.0,0.676,19.6,0.9,15.0
196.0928,20.26568,0.19207,24.86,135.0,,1.26,True,False,True,False,J130422.57+201551.0,,WISEA J130422.27+201556.4,s,"FR-I,WAT",65.74,33.55,0.88,114.9,17.4,41,,maxBCG J130422.3+201556,0.1921,s,815.0,0.0,0.0,0.79,34.96,1.57,28.0
196.21092,29.53952,,,,,2.42,False,False,True,False,J130450.62+293222.3,,,,"--,WAT",20.73,10.42,0.9,138.7,22.6,37,,,,,,,,,,,
196.26599,22.14102,0.73009,25.95,217.0,,0.25,False,True,True,False,J130503.97+220825.8,,DESI J130503.84+220827.7,p,"FR-II,WAT",35.36,16.74,0.98,156.8,20.6,29,,Y21 J130455.0+220802,0.58,s,2214.0,126.0,856.0,0.594,26.72,1.21,7.0
196.29202,24.82869,,,,,,False,False,True,False,J130510.08+244943.3,,,,"--,WAT",36.38,12.54,1.4,136.1,15.4,46,,,,,,,,,,,
196.36363,26.75205,0.33212,25.47,158.0,8.94,1.69,True,False,True,False,J130526.88+264510.0,,WISEA J130527.27+264507.3,s,"FR-I,WAT",78.83,41.05,0.86,132.5,24.2,32,-23.4,WHL J130527.2+264507,0.3321,s,1357.0,0.0,0.0,0.641,28.3,1.28,19.0
196.36305,29.11231,0.73112,25.62,149.0,,2.07,False,False,True,False,J130527.45+290647.8,,WISEA J130527.13+290644.3,s,"--,WAT",13.95,5.31,1.27,102.8,12.8,20,,WHL J130524.6+290704,0.7311,s,2676.0,38.0,285.0,0.79,61.54,2.73,25.0
196.38159,37.59732,0.6947,25.77,249.0,,,False,False,True,False,J130532.07+373547.8,,DESI J130531.58+373550.4,p,"--,WAT",29.16,16.35,0.76,128.6,33.0,34,,Y21 J130528.2+373820,0.6906,p,2557.0,154.0,1129.0,0.617,29.86,1.35,12.0
196.45596,24.46552,0.42339,25.33,126.0,,1.86,False,False,False,True,J130549.91+242800.6,,WISEA J130549.43+242755.8,s,"--,NAT",30.62,13.89,1.04,52.9,5.4,22,,WHL J130550.2+242750,0.4272,s,1701.0,12.0,69.0,0.881,63.78,2.82,21.0
196.46509,39.69245,0.94141,25.36,203.0,,0.91,True,False,True,False,J130551.82+394138.4,,DESI J130551.62+394132.8,p,"FR-I,WAT",7.54,5.86,0.33,147.8,26.9,25,,,,,,,,,,,
196.48575,20.59385,0.39481,25.47,148.0,,1.82,True,False,False,True,J130556.47+203536.0,,DESI J130556.58+203537.9,p,"FR-I,NAT",51.18,24.66,0.96,59.4,6.9,27,,WHL J130556.7+203533,0.4099,s,1640.0,5.0,28.0,0.955,88.54,3.88,54.0
196.52959,33.63708,0.30082,24.77,106.0,8.73,1.69,False,False,True,False,J130607.40+333813.5,f,WISEA J130607.10+333813.4,s,"--,WAT",22.14,16.08,0.42,120.8,12.8,23,-22.81,CAMIRA J130607.1+333814,0.3019,s,1244.0,0.0,0.0,0.532,15.58,0.72,10.0
196.5802,11.22772,0.08571,24.94,100.0,,,True,False,True,False,J130619.87+111345.6,,WISEA J130619.25+111339.8,s,"FR-I,WAT",433.02,164.57,1.27,161.0,30.2,60,,WH J130619.2+111340,0.0857,s,373.0,0.0,0.0,0.543,11.94,0.56,6.0
196.59099,31.56661,0.39621,25.11,281.0,,0.55,False,True,True,False,J130621.64+313405.0,,DESI J130621.81+313359.8,s,"FR-II,WAT",26.53,19.91,0.38,159.3,283.2,51,,Y21 J130625.9+313548,0.3969,s,1594.0,120.0,664.0,0.531,14.55,0.67,13.0
196.62726,-5.65749,0.41906,25.08,285.0,,,False,True,True,False,J130630.08-053931.8,f,DESI J130630.54-053927.0,p,"FR-II,WAT",21.63,15.63,0.43,122.5,24.9,50,,Y21 J130629.6-054001,0.4263,p,1698.0,37.0,214.0,0.936,75.5,3.32,38.0
196.68715,22.22528,0.77861,26.24,253.0,,0.08,False,False,True,False,J130645.18+221336.2,,DESI J130644.92+221331.0,p,"--,WAT",43.02,13.71,1.5,134.4,23.4,33,,,,,,,,,,,
196.70964,44.39214,,,,,,False,False,True,False,J130650.31+442331.7,,,,"--,WAT",26.94,12.19,1.04,165.6,52.7,41,,,,,,,,,,,
196.74023,31.37863,,,,,,True,False,True,False,J130657.39+312240.5,a,DESI J130657.66+312243.1,,"FR-I,WAT",38.0,13.78,1.33,128.6,20.7,26,,maxBCG J130657.7+312243,0.1829,s,777.0,0.0,0.0,0.809,34.94,1.57,22.0
196.7529,-6.51736,0.23254,25.76,253.0,,,True,False,False,True,J130659.96-063122.6,j,DESI J130700.70-063102.5,p,"FR-I,NAT",328.83,151.91,1.01,39.7,16.2,66,,,,,,,,,,,
196.79677,44.5282,0.90551,25.64,200.0,,,False,True,True,False,J130711.14+443140.6,,DESI J130711.23+443141.5,p,"FR-II,WAT",12.76,7.85,0.64,150.2,74.7,25,,Y21 J130708.9+443439,0.4604,s,1817.0,179.0,1079.0,0.574,19.43,0.89,11.0
196.80108,14.69764,,,,,,False,True,True,False,J130712.26+144151.5,,,,"FR-II,WAT",20.41,9.52,1.0,147.1,23.9,34,,,,,,,,,,,
196.83681,46.51464,0.60359,25.69,228.0,,2.0,False,False,True,False,J130721.06+463053.7,,SDSS J130720.82+463052.5,s,"--,WAT",31.11,15.31,0.93,127.6,21.8,33,,Y21 J130718.1+462946,0.7414,s,2706.0,72.0,542.0,0.648,36.33,1.63,15.0
196.88452,44.057,0.20246,25.17,403.0,8.47,1.36,False,True,True,False,J130732.59+440350.7,,WISEA J130732.28+440325.2,s,"FR-II,WAT",106.09,35.0,1.46,152.3,11.1,117,-23.43,maxBCG J130732.3+440325,0.2025,s,856.0,0.0,0.0,0.729,33.08,1.49,15.0
196.93224,56.851,0.24988,25.41,368.0,,1.46,True,False,True,False,J130742.90+565057.3,f,WISEA J130743.73+565103.5,s,"FR-I,WAT",136.32,81.64,0.67,146.0,50.2,91,,maxBCG J130743.7+565103,0.2516,s,1050.0,0.0,0.0,0.686,30.46,1.38,17.0
197.07333,17.85887,0.48293,25.23,272.0,8.28,1.9,False,True,True,False,J130817.57+175144.7,"g,j",WISEA J130817.59+175131.9,s,"FR-II,WAT",19.39,10.23,0.84,108.8,12.0,44,-22.67,AMF J130817.6+175132,0.4833,s,1895.0,0.0,0.0,0.754,40.72,1.83,21.0
197.13766,53.18872,0.32187,24.89,135.0,8.69,1.73,True,False,False,True,J130833.30+531111.2,"f,j",WISEA J130833.03+531119.3,s,"FR-I,NAT",22.26,11.66,0.85,59.8,8.1,28,-23.33,WHL J130836.8+530847,0.3192,s,1309.0,156.0,750.0,0.802,44.19,1.98,31.0
197.15165,8.48265,,,,,0.46,True,False,True,False,J130836.40+082857.6,f,,,"FR-I,WAT",11.88,8.09,0.5,163.4,12.7,20,,,,,,,,,,,
197.18589,9.18295,0.71949,25.76,208.0,,1.97,False,True,True,False,J130844.74+091057.0,c,DESI J130844.61+091058.6,p,"FR-II,WAT",28.67,18.02,0.61,154.4,11.3,28,,Y21 J130844.8+091046,0.7531,p,2740.0,13.0,99.0,0.666,40.18,1.8,14.0
197.1919,23.56682,,,,,,True,False,True,False,J130846.06+233400.6,,,,"FR-I,WAT",26.65,12.93,0.95,146.4,13.9,23,,,,,,,,,,,
197.22428,30.95198,0.45116,25.54,345.0,,1.83,False,False,True,False,J130854.54+305703.6,,WISEA J130853.82+305707.1,s,"--,WAT",39.71,15.64,1.22,131.5,30.1,58,,,,,,,,,,,
197.23708,26.22589,0.25298,25.07,118.0,,1.43,True,False,False,True,J130857.39+261336.6,,WISEA J130856.89+261333.2,s,"FR-I,NAT",54.76,24.45,1.06,76.5,9.6,29,,maxBCG J130856.9+261333,0.253,s,1056.0,0.0,0.0,0.769,37.99,1.71,32.0
197.26857,10.49314,0.08661,25.06,230.0,9.1,0.99,True,False,True,False,J130906.04+102942.0,"d,h,j",DESI J130904.46+102935.3,s,"FR-I,WAT",556.56,206.22,1.3,117.9,71.1,137,-23.02,maxBCG J130904.5+102935,0.0866,s,377.0,0.0,0.0,0.77,27.76,1.26,18.0
197.27037,36.61588,0.35697,25.78,232.0,8.43,1.74,False,False,True,False,J130906.06+363651.0,,SDSS J130904.88+363657.1,s,"--,WAT",141.54,80.65,0.74,115.6,33.3,45,-23.0,WHL J130903.4+363655,0.357,s,1449.0,19.0,98.0,0.769,42.92,1.92,14.0
197.28764,40.0536,0.6142,25.24,139.0,,1.65,False,False,True,False,J130909.34+400313.8,,DESI J130909.03+400312.9,p,"--,WAT",12.39,7.84,0.6,158.3,23.1,20,,NSC J130857+400112,0.1188,p,513.0,176.0,391.0,,,,
197.45633,30.6229,0.34642,25.48,213.0,,0.61,False,False,False,True,J130948.67+303731.2,,DESI J130949.52+303722.4,p,"--,NAT",67.61,29.01,1.11,69.1,15.1,42,,,,,,,,,,,
197.47738,-6.91261,,,,,,True,False,False,True,J130954.57-065445.4,,,,"FR-I,NAT",38.34,24.22,0.6,89.5,9.9,28,,,,,,,,,,,
197.50271,0.13188,1.0508,25.97,250.0,,0.16,False,True,True,False,J131000.89+000748.0,,DESI J131000.65+000754.8,p,"FR-II,WAT",16.29,8.34,0.88,116.5,15.1,30,,WH J130953.0+000902,0.8067,p,2892.0,133.0,1032.0,0.409,11.73,0.55,7.0
197.54435,19.91859,,,,,,True,False,True,False,J131010.64+195506.9,,,,"FR-I,WAT",41.91,12.54,1.58,111.6,10.8,26,,,,,,,,,,,
197.57476,26.07862,0.70903,26.24,340.0,,0.81,False,True,True,False,J131017.69+260440.7,,DESI J131017.94+260443.0,p,"FR-II,WAT",72.44,33.1,1.03,149.2,29.3,46,,Y21 J131014.9+260652,0.7508,p,2734.0,136.0,1029.0,0.796,63.35,2.8,25.0
197.62718,33.33769,0.43419,25.23,169.0,,1.95,False,True,True,False,J131030.59+332019.0,,WISEA J131030.52+332015.6,s,"FR-II,WAT",28.13,19.46,0.48,141.8,21.3,29,,AMF J131026.6+331845,0.4343,s,1726.0,103.0,601.0,0.702,35.38,1.59,20.0
197.63584,0.52314,0.84503,26.45,181.0,,1.82,False,False,True,False,J131032.45+003124.0,,DESI J131032.60+003123.3,p,"--,WAT",37.05,7.06,2.18,159.5,11.9,23,,WH J131032.7+003058,0.8278,p,2951.0,25.0,196.0,0.617,36.16,1.63,11.0
197.65294,24.31251,0.28189,25.24,220.0,,1.55,True,False,True,False,J131036.98+241840.6,,WISEA J131036.70+241845.0,s,"FR-I,WAT",69.57,39.6,0.74,148.3,38.5,50,,maxBCG J131036.7+241845,0.2819,s,1168.0,0.0,0.0,0.738,35.56,1.6,19.0
197.66048,24.80615,0.22095,25.23,240.0,,1.02,False,False,True,False,J131037.97+244817.8,,DESI J131038.51+244822.1,p,"--,WAT",113.51,59.89,0.84,117.9,,65,,WHL J131040.0+244846,0.2233,s,939.0,31.0,115.0,0.75,33.76,1.52,11.0
197.66412,40.78375,0.26972,25.1,136.0,,1.5,False,False,True,False,J131039.74+404658.9,,DESI J131039.39+404701.5,p,"--,WAT",57.64,37.32,0.57,158.7,23.8,32,,,,,,,,,,,
197.6921,26.01627,0.28564,25.45,169.0,,1.41,False,False,True,False,J131046.09+260103.0,,DESI J131046.10+260058.6,p,"--,WAT",106.34,57.52,0.81,166.3,230.9,38,,Y21 J131042.7+260017,0.7542,p,2743.0,61.0,462.0,0.538,25.61,1.16,9.0
197.74318,30.18208,,,,,1.05,False,False,True,False,J131058.36+301055.5,,,,"--,WAT",17.84,9.63,0.81,159.9,54.7,42,,,,,,,,,,,
197.74896,63.90307,0.13265,25.41,146.0,,1.12,False,True,True,False,J131058.83+635410.6,,WISEA J131059.75+635411.0,s,"FR-II,WAT",514.48,230.76,1.05,93.7,10.4,60,,WHL J131059.7+635411,0.1327,s,571.0,0.0,0.0,0.803,37.01,1.66,18.0
197.82275,19.37955,0.19259,24.59,102.0,8.57,1.25,True,False,False,True,J131117.95+192239.3,f,WISEA J131117.45+192246.3,s,"FR-I,NAT",37.28,24.6,0.55,32.2,6.2,31,-22.91,maxBCG J131117.5+192246,0.1926,s,817.0,0.0,0.0,0.841,43.68,1.95,37.0
197.83846,53.29698,0.47587,25.92,165.0,8.2,1.84,False,False,True,False,J131121.18+531748.8,,SDSS J131121.23+531749.0,s,"--,WAT",98.58,53.29,0.81,156.0,49.4,27,-22.47,CFSFDP J131121.2+531749,0.4759,s,1870.0,0.0,0.0,0.44,12.98,0.6,9.0
197.89147,39.97436,0.85088,25.74,339.0,,1.14,False,True,True,False,J131134.14+395824.1,c,DESI J131133.95+395827.7,p,"FR-II,WAT",16.24,8.49,0.85,165.6,994.8,43,,Y21 J131134.0+395828,0.8513,p,3015.0,0.0,0.0,0.484,17.77,0.82,7.0
197.92691,56.5435,0.24827,24.74,193.0,,1.46,False,True,True,False,J131143.18+563238.9,,WISEA J131142.45+563236.6,s,"FR-II,WAT",26.72,11.49,1.11,168.7,556.9,48,,maxBCG J131142.5+563236,0.2484,s,1038.0,1.0,4.0,0.647,25.9,1.18,17.0
198.11298,22.68146,,,,,1.95,False,True,True,False,J131227.12+224053.3,,,,"FR-II,WAT",52.28,28.93,0.78,164.5,49.8,41,,,,,,,,,,,
198.1447,11.16762,2.26738,27.41,463.0,,-0.0,False,True,True,False,J131234.79+111002.3,,DESI J131234.73+111003.4,p,"FR-II,WAT",78.26,42.33,0.81,164.6,66.2,55,,maxBCG J131237.3+111140,0.2107,s,889.0,104.0,370.0,0.611,12.15,0.56,10.0
198.18919,47.24446,0.22515,24.88,183.0,,1.44,True,False,True,False,J131245.54+471452.2,,WISEA J131245.40+471440.0,s,"FR-I,WAT",42.76,14.02,1.46,131.0,25.6,49,,maxBCG J131245.4+471440,0.2252,s,947.0,0.0,0.0,0.765,36.84,1.66,19.0
198.36442,31.92261,0.30297,25.6,139.0,,0.52,False,False,False,True,J131327.87+315525.1,,WISEA J131327.46+315521.3,s,"--,NAT",135.86,78.24,0.72,72.0,11.1,30,,,,,,,,,,,
198.42045,2.34313,,,,,,False,False,True,False,J131340.91+022035.3,"c,f",,,"--,WAT",6.7,8.53,-0.32,99.0,9.5,20,,,,,,,,,,,
198.4647,39.90271,0.39278,25.51,373.0,,1.88,False,False,True,False,J131352.49+395419.1,,DESI J131351.53+395409.8,p,"--,WAT",61.66,36.32,0.69,113.7,15.5,68,,WH J131351.5+395410,0.4248,p,1692.0,0.0,0.0,0.55,10.7,0.5,6.0
198.51911,54.66058,0.34645,25.42,213.0,,1.71,False,False,True,False,J131402.95+543929.2,,WISEA J131404.58+543938.0,s,"--,WAT",61.88,29.81,0.96,106.0,47.4,42,,WHL J131404.6+543938,0.3465,s,1410.0,0.0,0.0,0.774,40.11,1.8,19.0
198.55659,59.25649,0.7911,26.28,185.0,,0.57,True,False,True,False,J131413.50+591522.7,,DESI J131413.58+591523.4,p,"FR-I,WAT",85.1,61.86,0.42,150.2,24.8,24,,,,,,,,,,,
198.55917,2.06792,0.84912,26.27,504.0,,1.36,False,True,True,False,J131414.18+020401.8,,DESI J131414.20+020404.5,p,"FR-II,WAT",48.05,20.86,1.09,160.6,86.3,64,,Y21 J131414.4+020116,0.4207,s,1678.0,168.0,962.0,0.6,23.53,1.07,8.0
198.57184,39.22395,1.34039,26.28,267.0,,0.63,False,True,True,False,J131417.36+391331.3,,SDSS J131417.24+391326.2,s,"FR-II,WAT",28.42,21.34,0.38,166.3,58.1,31,,,,,,,,,,,
198.62769,23.97712,,,,,1.65,False,True,True,False,J131430.65+235837.6,,,,"FR-II,WAT",26.38,18.87,0.44,143.7,12.7,26,,,,,,,,,,,
198.6432,62.31118,,,,,1.0,True,False,True,False,J131434.37+621840.3,,,,"FR-I,WAT",403.33,49.82,2.74,142.2,141.5,58,,,,,,,,,,,
198.65038,56.84964,0.24048,24.36,98.0,,1.4,True,False,True,False,J131436.07+565100.5,,DESI J131436.09+565058.7,p,"FR-I,WAT",14.81,13.42,0.13,158.3,24.9,25,,WH J131418.9+565201,0.867,p,3057.0,154.0,1223.0,0.478,17.59,0.81,7.0
198.65877,51.57031,0.47801,26.13,430.0,,0.92,False,False,True,False,J131437.34+513413.7,,WISEA J131438.10+513413.1,s,"--,WAT",135.17,54.97,1.18,150.7,53.2,70,,WH J131438.1+513413,0.478,s,1877.0,0.0,0.0,0.488,13.01,0.6,6.0
198.66948,39.96681,,,,,,False,False,True,False,J131440.68+395800.5,,,,"--,WAT",14.86,11.91,0.29,123.8,10.5,23,,,,,,,,,,,
198.68499,40.1207,0.51189,25.42,210.0,,1.86,False,False,True,False,J131444.71+400716.7,,SDSS J131444.39+400714.5,s,"--,WAT",32.35,25.25,0.33,138.0,26.8,33,,Y21 J131458.0+400704,0.6116,s,2314.0,157.0,1093.0,0.578,19.52,0.9,10.0
198.7069,53.05977,0.27541,25.02,182.0,,1.53,True,False,True,False,J131449.15+530334.2,,WISEA J131449.65+530335.1,s,"FR-I,WAT",47.31,33.14,0.47,159.5,52.0,42,,maxBCG J131449.7+530335,0.2758,s,1144.0,0.0,0.0,0.717,30.44,1.38,16.0
198.72093,14.92969,1.33854,26.31,328.0,,0.23,False,True,True,False,J131452.36+145556.4,c,DESI J131453.02+145546.9,p,"FR-II,WAT",25.04,15.59,0.62,120.4,22.4,38,,WH J131451.2+145501,0.2843,s,1177.0,53.0,235.0,0.466,12.28,0.57,6.0
198.74734,9.19349,0.82325,26.05,578.0,,0.7,False,True,True,False,J131459.20+091136.6,,SDSS J131459.36+091136.5,s,"FR-II,WAT",47.39,35.3,0.39,166.6,277.4,74,,,,,,,,,,,
198.74762,6.27201,0.26209,25.12,192.0,8.32,1.51,False,True,True,False,J131459.33+061622.2,,WISEA J131459.42+061619.2,s,"FR-II,WAT",61.16,33.68,0.78,125.9,22.2,46,-23.26,WHL J131459.4+061619,0.2621,s,1091.0,0.0,0.0,0.715,30.46,1.38,17.0
198.76623,58.22703,0.45299,25.9,286.0,7.79,1.82,False,False,True,False,J131503.12+581336.6,,WISEA J131503.89+581337.3,s,"--,WAT",86.85,32.34,1.3,110.0,12.2,48,-22.82,WH J131503.9+581337,0.453,s,1791.0,0.0,0.0,0.447,13.12,0.61,6.0
198.82186,6.21592,0.26088,25.0,158.0,,1.47,False,True,True,False,J131517.32+061304.2,f,SDSS J131517.24+061257.3,s,"FR-II,WAT",45.79,23.24,0.89,139.6,32.9,38,,maxBCG J131517.2+061257,0.2609,s,1087.0,0.0,0.0,0.757,36.21,1.63,22.0
198.82533,41.82276,0.42692,25.25,248.0,8.32,1.85,False,True,True,False,J131518.55+414922.8,,WISEA J131518.07+414921.9,s,"FR-II,WAT",27.12,14.62,0.81,138.1,31.5,43,-22.99,WHL J131518.1+414922,0.4269,s,1700.0,0.0,0.0,0.629,22.96,1.05,13.0
198.87496,48.4891,,,,,0.48,False,False,True,False,J131529.99+482920.8,,,,"--,WAT",23.45,12.04,0.87,153.6,37.9,36,,,,,,,,,,,
198.88644,23.23358,0.56485,25.89,301.0,,1.83,False,True,True,False,J131532.84+231358.0,,DESI J131532.75+231400.9,p,"FR-II,WAT",37.13,8.5,1.93,164.3,42.4,45,,WHL J131530.7+231335,0.5699,s,2182.0,39.0,263.0,0.753,49.69,2.22,27.0
198.98536,12.11656,0.68723,25.46,190.0,,1.7,False,False,True,False,J131556.64+120700.2,,DESI J131556.49+120659.6,p,"--,WAT",18.54,14.4,0.33,147.5,16.4,26,,,,,,,,,,,
198.98737,2.16283,0.28771,25.07,129.0,,1.52,False,False,True,False,J131557.21+020949.1,,DESI J131556.97+020946.2,p,"--,WAT",46.34,30.11,0.57,126.9,20.9,29,,AMF J131600.1+021152,0.2948,s,1217.0,134.0,610.0,0.603,17.11,0.79,11.0
198.9962,62.94584,0.47994,25.8,160.0,8.59,1.81,False,True,True,False,J131559.16+625649.0,,WISEA J131559.08+625645.0,s,"FR-II,WAT",81.67,54.41,0.53,116.9,13.8,26,-22.72,,,,,,,,,,
199.07093,7.04637,0.05025,25.13,144.0,,,True,False,True,False,J131617.44+070235.0,j,CGCG 044-046,s,"FR-I,WAT",2038.84,715.58,1.37,107.4,61.4,142,,AMF J131617.0+070247,0.0502,s,221.0,0.0,0.0,0.705,19.67,0.9,11.0
199.08293,14.91412,0.88563,26.39,399.0,,2.21,False,False,True,False,J131620.53+145456.1,,DESI J131619.90+145450.8,p,"--,WAT",48.88,18.15,1.3,161.1,46.8,50,,Y21 J131615.6+145458,0.8458,p,3000.0,63.0,496.0,0.703,51.03,2.27,19.0
199.12625,12.46481,0.8075,26.23,535.0,,1.81,False,True,True,False,J131630.02+122756.1,,DESI J131630.30+122753.3,p,"FR-II,WAT",52.88,25.45,0.96,144.5,86.2,69,,Y21 J131630.3+122753,0.8424,p,2991.0,0.0,0.0,0.549,23.04,1.05,8.0
199.18319,18.4281,0.87644,26.52,230.0,,1.74,False,False,False,True,J131643.66+182543.4,,DESI J131643.97+182541.2,p,"--,NAT",87.25,43.93,0.9,86.9,9.4,29,,,,,,,,,,,
199.20077,17.93274,0.16205,24.55,89.0,,1.06,False,False,False,True,J131648.80+175547.2,,WISEA J131648.18+175557.8,s,"--,NAT",42.52,12.93,1.56,70.8,20.1,31,,,,,,,,,,,
199.28368,30.06023,0.59396,25.69,219.0,8.7,1.78,True,False,True,False,J131708.28+300333.0,,WISEA J131708.08+300336.8,s,"FR-I,WAT",34.82,19.19,0.78,136.7,21.4,32,-23.67,WHL J131708.1+300337,0.594,s,2259.0,0.0,0.0,0.685,39.95,1.79,14.0
199.28804,11.54119,0.25238,24.36,118.0,,1.38,False,False,True,False,J131709.23+113232.1,,DESI J131709.13+113228.3,p,"--,WAT",13.04,10.9,0.24,141.0,27.0,29,,WHL J131708.9+113233,0.2468,p,1032.0,6.0,24.0,0.825,41.05,1.84,30.0
199.32674,11.51178,,,,,,False,True,True,False,J131718.42+113042.4,,,,"FR-II,WAT",33.5,23.97,0.44,149.6,42.5,46,,,,,,,,,,,
199.36819,55.66203,0.25898,24.55,99.0,,1.44,False,False,True,False,J131728.45+553947.1,,DESI J131728.37+553943.3,p,"--,WAT",17.37,10.45,0.67,147.1,15.3,24,,WHL J131722.9+553658,0.3871,s,1558.0,172.0,937.0,0.608,22.71,1.04,13.0
199.41459,19.17242,0.26856,25.56,260.0,8.79,1.55,False,False,True,False,J131739.48+191028.7,"f,g",WISEA J131739.50+191020.6,s,"--,WAT",158.98,84.54,0.83,94.2,21.3,61,-22.99,WHL J131739.5+191021,0.2685,s,1116.0,0.0,0.0,0.816,42.09,1.89,12.0
199.43452,4.11184,2.74623,27.83,218.0,,0.22,True,False,True,False,J131744.29+040640.8,,WISEA J131744.28+040642.6,s,"FR-I,WAT",127.78,67.27,0.84,163.4,21.7,27,,,,,,,,,,,
199.44118,2.24667,,,,,,False,True,True,False,J131745.88+021448.0,,,,"FR-II,WAT",24.39,9.65,1.22,158.0,35.2,35,,,,,,,,,,,
199.48388,41.22581,,,,,,False,False,True,False,J131756.13+411332.9,,,,"--,WAT",71.82,46.88,0.56,141.0,22.5,36,,,,,,,,,,,
199.48654,31.74637,0.21288,24.62,93.0,,1.3,False,False,False,True,J131757.11+314458.8,,DESI J131756.77+314446.9,p,"--,NAT",29.42,14.02,0.97,49.3,50.2,26,,maxBCG J131756.4+314536,0.2282,p,959.0,49.0,185.0,0.927,59.9,2.66,30.0
199.55412,51.44069,0.18939,24.65,85.0,,1.27,False,True,True,False,J131812.25+512625.8,j,WISEA J131812.98+512626.4,s,"FR-II,WAT",38.92,14.63,1.28,121.8,8.5,26,,maxBCG J131813.0+512626,0.1915,s,812.0,0.0,0.0,0.817,30.88,1.4,32.0
199.58381,51.90994,0.61513,25.79,188.0,8.83,1.75,True,False,True,False,J131820.55+515439.5,,WISEA J131820.11+515435.8,s,"FR-I,WAT",44.71,28.46,0.59,119.1,20.3,27,-24.01,AMF J131820.1+515435,0.6153,s,2326.0,1.0,7.0,0.687,40.6,1.82,19.0
199.62772,1.39705,0.8959,25.72,184.0,,1.83,False,True,True,False,J131831.02+012354.6,,DESI J131830.65+012349.4,p,"FR-II,WAT",15.63,9.49,0.65,92.2,15.0,23,,WH J131830.7+012349,0.8451,p,2998.0,0.0,0.0,0.498,21.8,1.0,12.0
199.66121,33.39611,0.65503,25.77,200.0,9.66,1.83,False,True,True,False,J131838.74+332344.0,,WISEA J131838.68+332345.9,s,"FR-II,WAT",34.93,20.49,0.7,157.0,19.6,28,-23.02,CLuMPR J131835.2+332346,0.8487,p,3008.0,44.0,347.0,0.426,12.81,0.59,13.0
199.67643,30.13365,1.05131,26.47,258.0,,0.47,False,False,True,False,J131842.32+300801.4,,SDSS J131842.34+300801.1,s,"--,WAT",59.64,35.45,0.68,167.1,33.3,31,,Y21 J131836.3+301002,0.6722,p,2501.0,144.0,1044.0,0.527,16.48,0.76,11.0
199.74405,16.31617,0.08507,24.54,129.0,,0.97,False,False,True,False,J131858.95+161906.1,,WISEA J131858.55+161859.2,s,"--,WAT",176.11,68.12,1.25,142.2,81.2,78,,WHL J131858.6+161858,0.0851,s,371.0,0.0,0.0,0.639,14.26,0.66,7.0
199.76732,29.643,0.082,25.46,213.0,8.15,0.89,False,False,True,False,J131903.93+293841.0,,DESI J131904.16+293834.8,p,"--,WAT",1374.48,125.38,3.14,130.1,79.0,133,-22.31,MSPM 03012,0.0713,p,312.0,143.0,202.0,,,,
199.78426,30.52307,0.55993,24.84,320.0,9.33,1.87,False,False,True,False,J131908.13+303128.5,,WISEA J131908.22+303123.0,s,"--,WAT",8.48,9.5,-0.15,152.3,77.7,48,-23.26,Y21 J131908.2+303123,0.56,s,2150.0,0.0,0.0,0.596,28.99,1.31,12.0
199.86199,58.12362,0.31451,25.03,166.0,,1.61,False,True,True,False,J131926.52+580725.8,f,WISEA J131926.87+580725.0,s,"FR-II,WAT",30.11,12.71,1.13,121.8,14.3,35,,WHL J131917.7+580559,0.3173,s,1302.0,113.0,541.0,0.799,43.51,1.95,34.0
199.88093,42.8607,0.18131,24.21,66.0,,1.29,False,True,True,False,J131931.20+425141.7,,WISEA J131931.42+425138.5,s,"FR-II,WAT",16.9,8.78,0.86,131.9,15.4,21,,maxBCG J131931.4+425138,0.1819,s,773.0,0.0,0.0,0.846,38.54,1.73,32.0
199.91242,35.80021,0.26467,24.48,105.0,,1.49,True,False,True,False,J131939.27+354800.8,a,DESI J131938.98+354800.8,p,"FR-I,WAT",14.52,9.54,0.55,107.6,17.4,25,,WH J131925.8+354900,0.753,s,2740.0,172.0,1303.0,0.495,18.92,0.87,8.0
199.93161,5.04528,1.2726,26.38,386.0,,0.53,False,True,True,False,J131943.68+050237.5,,WISEA J131943.57+050243.1,s,"FR-II,WAT",27.55,14.6,0.83,146.8,34.6,45,,,,,,,,,,,
199.95902,25.53025,0.13562,24.56,102.0,,1.03,False,True,True,False,J131950.52+253148.2,,WISEA J131950.16+253148.8,s,"FR-II,WAT",64.96,22.07,1.42,134.8,25.4,41,,NSC J132000+253309,0.134,p,577.0,146.0,360.0,,,,
199.96827,54.71908,0.37205,24.9,148.0,8.18,1.8,True,False,True,False,J131952.20+544303.0,f,SDSS J131952.38+544308.6,s,"FR-I,WAT",17.48,10.46,0.67,113.4,14.2,28,-22.79,WHL J131952.4+544309,0.3748,s,1514.0,0.0,0.0,0.571,20.84,0.95,10.0
200.00083,25.54551,0.13417,25.11,157.0,,1.08,True,False,True,False,J132000.08+253246.0,,DESI J132000.20+253243.8,p,"FR-I,WAT",257.44,145.18,0.75,168.2,201.2,64,,maxBCG J132000.2+253244,0.1347,s,580.0,0.0,0.0,0.717,20.87,0.95,12.0
200.07312,4.51047,0.1459,24.35,92.0,,,True,False,True,False,J132018.04+043038.9,,WISEA J132017.54+043037.6,s,"FR-I,WAT",35.3,14.04,1.21,135.0,29.7,35,,maxBCG J132017.5+043037,0.1474,s,632.0,0.0,0.0,0.837,41.6,1.86,19.0
200.09149,5.50631,,,,,,False,True,False,True,J132021.96+053022.7,,,,"FR-II,NAT",97.6,56.72,0.71,47.3,11.4,31,,,,,,,,,,,
200.10078,54.56761,1.17825,26.2,416.0,,0.62,False,False,True,False,J132024.95+543403.9,,SDSS J132024.18+543403.3,s,"--,WAT",26.01,16.65,0.59,152.0,54.1,49,,CFSFDP J132017.7+543643,0.7315,s,2678.0,169.0,1267.0,0.535,22.86,1.04,7.0
200.13034,-3.68475,0.35372,25.33,344.0,,,False,True,True,False,J132031.19-034107.2,f,DESI J132031.28-034105.1,p,"FR-II,WAT",49.43,25.98,0.84,167.9,86.0,67,,Y21 J132031.3-034105,0.3469,p,1412.0,0.0,0.0,0.687,30.03,1.36,15.0
200.14341,29.25129,,,,,,False,True,True,False,J132034.42+291504.6,,,,"FR-II,WAT",32.2,16.65,0.87,139.6,16.1,30,,,,,,,,,,,
200.17142,28.57384,0.35845,25.09,186.0,8.83,1.77,True,False,True,False,J132041.55+283426.3,,SDSS J132041.13+283425.8,s,"FR-I,WAT",30.84,20.82,0.52,111.4,16.0,36,-23.29,WHL J132040.6+283354,0.3587,s,1455.0,33.0,171.0,0.618,15.73,0.73,11.0
200.18547,15.28189,0.79333,26.85,640.0,,1.83,False,True,True,False,J132044.26+151704.2,,DESI J132044.51+151654.8,p,"FR-II,WAT",219.43,98.4,1.05,146.8,84.7,83,,WH J132044.5+151655,0.7837,p,2828.0,0.0,0.0,0.456,17.95,0.82,6.0
200.22341,10.63084,3.43213,27.98,248.0,,0.39,False,True,True,False,J132053.95+103753.4,,WISEA J132053.61+103751.0,s,"FR-II,WAT",56.0,20.94,1.29,147.8,33.7,33,,,,,,,,,,,
200.34547,37.76866,0.07002,24.21,55.0,,0.94,True,False,True,False,J132123.70+374607.4,,DESI J132122.91+374607.2,p,"FR-I,WAT",117.73,27.45,1.91,136.1,30.6,40,,WHL J132117.2+374745,0.0718,s,314.0,118.0,168.0,0.498,12.93,0.6,10.0
200.45199,43.10143,0.47897,25.84,437.0,,1.73,False,True,True,False,J132148.09+430613.8,,DESI J132148.48+430605.1,p,"FR-II,WAT",75.15,36.22,0.96,137.9,84.9,71,,WH J132136.9+430522,0.6045,s,2292.0,134.0,928.0,0.497,17.96,0.83,6.0
200.46076,3.12084,0.22752,25.19,135.0,8.39,1.39,False,True,True,False,J132150.29+030709.5,,SDSS J132150.58+030715.0,s,"FR-II,WAT",98.58,53.01,0.81,90.7,11.8,36,-23.11,maxBCG J132150.6+030715,0.2271,s,954.0,0.0,0.0,0.913,58.08,2.58,36.0
200.4686,28.92368,,,,,1.27,False,True,True,False,J132152.46+285525.2,,,,"FR-II,WAT",35.14,16.63,0.98,137.3,29.8,40,,,,,,,,,,,
200.48824,51.18626,,,,,,False,True,True,False,J132157.18+511110.5,,,,"FR-II,WAT",15.02,5.88,1.23,147.7,25.2,36,,,,,,,,,,,
200.51091,-1.98382,0.5042,25.68,221.0,,1.91,True,False,True,False,J132202.73-015902.9,,DESI J132202.62-015901.8,p,"FR-I,WAT",48.15,24.51,0.89,156.5,28.0,35,,WHL J132202.6-015902,0.5101,s,1985.0,0.0,0.0,0.774,47.04,2.1,29.0
200.58973,56.79492,0.87084,25.79,294.0,,1.63,False,True,True,False,J132221.45+564744.6,,DESI J132221.53+564741.7,p,"FR-II,WAT",20.2,12.76,0.6,135.2,21.0,37,,AMF J132213.9+565002,0.3126,s,1284.0,154.0,730.0,0.497,14.97,0.69,12.0
200.59139,58.83772,0.58066,25.56,163.0,,0.89,False,True,True,False,J132221.84+585018.1,,DESI J132221.93+585015.8,p,"FR-II,WAT",23.99,10.8,1.05,146.1,31.0,24,,,,,,,,,,,
200.60577,5.09444,0.38008,25.05,177.0,,1.8,False,True,True,False,J132225.47+050537.4,,DESI J132225.38+050540.0,p,"FR-II,WAT",23.2,13.89,0.67,168.2,51.8,33,,GMBCG J132224.1+050609,0.3658,s,1481.0,35.0,184.0,0.634,25.41,1.16,9.0
200.68347,54.17771,0.97731,26.02,352.0,,,False,True,True,False,J132244.06+541054.9,,DESI J132244.03+541039.7,p,"FR-II,WAT",17.48,7.0,1.2,111.2,26.0,43,,WH J132230.8+541126,0.3767,s,1521.0,126.0,675.0,0.437,11.47,0.53,6.0
200.69297,11.53783,0.21313,24.91,132.0,,1.37,False,False,True,False,J132246.69+113212.0,f,WISEA J132246.31+113216.2,s,"--,WAT",57.98,29.04,0.91,99.7,11.3,37,,maxBCG J132246.3+113216,0.2131,s,899.0,0.0,0.0,0.706,25.15,1.14,17.0
200.72705,58.16732,0.20747,25.66,197.0,,1.3,True,False,True,False,J132256.67+581017.6,,DESI J132254.49+581002.4,p,"FR-I,WAT",347.71,179.0,0.87,98.2,34.8,56,,maxBCG J132254.5+581002,0.1947,s,825.0,0.0,0.0,1.087,88.2,3.86,50.0
200.7521,13.05918,0.58671,25.46,170.0,,1.96,False,True,True,False,J132300.68+130336.8,,DESI J132300.50+130333.1,p,"FR-II,WAT",21.5,12.37,0.73,131.8,64.3,25,,AMF J132300.5+130333,0.5874,s,2238.0,0.0,0.0,0.714,36.62,1.65,16.0
200.76747,4.78117,0.79119,25.82,208.0,,1.83,False,True,True,False,J132304.30+044647.3,c,DESI J132304.19+044652.2,p,"FR-II,WAT",27.02,17.35,0.58,147.6,47.7,27,,,,,,,,,,,
200.78636,56.43208,0.29568,25.1,109.0,,1.51,True,False,True,False,J132308.51+562551.4,,DESI J132308.73+562555.5,p,"FR-I,WAT",43.15,21.61,0.91,94.0,8.8,24,,maxBCG J132308.7+562555,0.2739,p,1137.0,0.0,0.0,0.642,20.31,0.93,23.0
200.78779,3.72071,0.35211,24.91,138.0,8.14,1.72,False,False,True,False,J132309.19+034313.1,,WISEA J132309.07+034314.5,s,"--,WAT",19.67,11.35,0.72,142.5,16.0,27,-22.86,WHL J132304.5+034319,0.3521,s,1431.0,68.0,349.0,0.924,66.55,2.94,49.0
200.82446,-3.30411,0.28983,25.72,409.0,,1.46,False,False,True,False,J132317.38-031813.7,,DESI J132317.87-031814.8,p,"--,WAT",208.88,144.01,0.49,131.1,196.2,91,,,,,,,,,,,
200.82837,3.13532,0.26893,26.62,461.0,,1.36,False,True,True,False,J132319.31+030812.6,,WISEA J132318.80+030807.1,s,"FR-II,WAT",1394.62,328.02,1.9,146.3,25.2,108,-22.19,,,,,,,,,,
200.91102,-7.57255,0.33689,25.28,179.0,,,False,False,True,False,J132338.51-073416.8,,DESI J132338.64-073421.2,p,"--,WAT",49.73,26.5,0.83,123.9,20.0,36,,Y21 J132332.8-073359,0.3584,p,1454.0,90.0,467.0,0.585,20.46,0.94,12.0
200.94762,10.93048,0.39926,25.31,277.0,8.53,1.87,False,False,True,False,J132347.96+105551.0,,WISEA J132347.42+105549.7,s,"--,WAT",38.0,23.15,0.65,166.6,,50,-23.4,WHL J132347.4+105550,0.3993,s,1602.0,0.0,0.0,0.799,48.04,2.14,27.0
200.97973,-5.75338,1.20178,25.67,179.0,,,True,False,True,False,J132355.11-054508.4,,DESI J132355.14-054512.2,p,"FR-I,WAT",10.96,10.11,0.11,147.4,15.6,21,,Y21 J132352.2-054507,0.4814,p,1888.0,45.0,278.0,0.5,16.56,0.76,12.0
201.03557,36.79296,1.04895,25.89,241.0,,0.89,False,False,True,False,J132408.54+364736.8,,DESI J132408.54+364734.7,p,"--,WAT",18.14,12.5,0.49,166.9,24.4,29,,,,,,,,,,,
201.05181,37.55947,0.2377,25.3,183.0,8.7,1.45,False,False,True,False,J132412.04+373352.8,,DESI J132412.41+373333.8,s,"--,WAT",105.36,42.3,1.2,126.4,37.3,47,-23.14,maxBCG J132412.4+373334,0.2395,s,1003.0,0.0,0.0,0.874,52.79,2.35,27.0
201.05097,31.28981,0.42661,24.68,294.0,,1.87,False,True,True,False,J132412.42+311720.1,,WISEA J132412.23+311723.3,s,"FR-II,WAT",11.11,15.07,-0.4,160.8,63.8,51,,GMBCG J132412.3+311723,0.429,s,1707.0,0.0,0.0,0.764,43.52,1.95,29.0
201.06483,31.81432,0.31025,24.83,136.0,8.63,1.59,False,False,True,False,J132415.39+314901.1,,WISEA J132415.55+314851.5,s,"--,WAT",25.85,24.2,0.09,158.4,30.5,29,-23.15,maxBCG J132414.8+314920,0.3143,s,1290.0,30.0,143.0,0.839,40.39,1.81,24.0
201.15263,35.10627,0.2826,24.91,132.0,,1.56,False,False,False,True,J132437.19+350620.6,,WISEA J132436.63+350622.5,s,"--,NAT",33.01,20.39,0.63,86.3,962.2,30,,GMBCG J132436.6+350623,0.2826,s,1170.0,0.0,0.0,0.571,16.8,0.77,8.0
201.17067,-0.7875,0.28673,24.87,89.0,8.45,1.56,False,True,True,False,J132440.98-004715.6,,WISEA J132440.96-004714.9,s,"FR-II,WAT",25.55,10.47,1.17,149.0,14.0,20,-23.27,AMF J132441.0-004715,0.2867,s,1186.0,0.0,0.0,0.588,18.32,0.84,7.0
201.20806,24.16096,0.80792,26.33,450.0,,1.29,False,True,True,False,J132449.91+240936.1,,DESI J132449.93+240939.5,p,"FR-II,WAT",67.47,32.72,0.95,157.9,57.6,58,,,,,,,,,,,
201.23827,-7.75556,0.54583,25.86,263.0,,,False,False,True,False,J132456.98-074523.2,,DESI J132457.18-074520.0,p,"--,WAT",62.07,33.08,0.83,139.0,24.5,40,,Y21 J132457.2-074520,0.55,p,2117.0,0.0,0.0,0.964,86.5,3.79,34.0
201.25836,20.7467,0.56677,25.89,235.0,9.04,1.83,False,True,True,False,J132502.24+204456.9,,SDSS J132502.00+204448.1,s,"FR-II,WAT",54.62,24.57,1.05,132.7,22.3,35,-21.88,,,,,,,,,,
201.29669,57.60035,0.11524,24.64,173.0,8.84,1.05,True,False,True,False,J132512.05+573607.8,,MCG +10-19-068,s,"FR-I,WAT",111.69,33.69,1.57,166.1,303.1,80,-24.19,maxBCG J132511.2+573601,0.1182,s,511.0,0.0,0.0,1.236,120.11,5.21,84.0
201.30965,58.36563,0.71202,25.57,244.0,,1.75,False,True,True,False,J132514.75+582157.5,,DESI J132514.32+582156.3,p,"FR-II,WAT",19.21,12.36,0.58,169.8,24.2,33,,,,,,,,,,,
201.32926,8.13235,0.14771,24.92,267.0,8.63,1.12,False,True,True,False,J132519.57+080806.7,,WISEA J132519.02+080756.4,s,"FR-II,WAT",121.92,36.63,1.58,148.6,102.7,100,-22.89,CFSFDP J132519.0+080756,0.1477,s,634.0,0.0,0.0,0.536,10.99,0.51,6.0
201.33024,63.62378,0.22062,24.41,106.0,,1.36,True,False,True,False,J132519.68+633725.0,,WISEA J132519.25+633725.5,s,"FR-I,WAT",18.23,11.8,0.57,131.7,15.4,29,,GMBCG J132519.2+633725,0.2206,s,928.0,1.0,4.0,0.636,18.53,0.85,14.0
201.3557,34.3247,0.14496,24.76,210.0,8.54,1.14,False,False,True,False,J132524.96+341943.0,"a,f",WISEA J132525.36+341928.9,s,"--,WAT",88.73,27.98,1.51,127.4,36.4,80,-23.05,WH J132528.1+342129,0.7806,p,2819.0,125.0,959.0,0.414,13.03,0.6,7.0
201.38848,44.24168,0.48477,25.2,366.0,8.7,1.91,False,True,True,False,J132534.00+441430.4,,DESI J132533.24+441430.0,p,"FR-II,WAT",17.2,8.72,0.89,135.7,75.3,59,-23.03,WHL J132533.2+441430,0.4677,s,1842.0,0.0,0.0,0.623,25.67,1.17,18.0
201.40614,59.70506,0.82885,26.37,399.0,,2.45,False,False,True,False,J132537.71+594221.7,,DESI J132537.47+594218.2,p,"--,WAT",73.76,38.94,0.84,153.6,63.2,51,,CFSFDP J132535.0+594027,0.4374,s,1737.0,113.0,662.0,0.403,10.3,0.48,10.0
201.43189,15.59788,0.73151,26.23,247.0,,1.73,False,True,True,False,J132543.44+153554.4,,DESI J132543.65+153552.4,p,"FR-II,WAT",69.09,34.52,0.91,154.6,37.7,33,,WH J132549.8+153600,0.3551,s,1442.0,89.0,459.0,0.514,12.61,0.59,7.0
201.44721,46.70363,0.37725,25.44,257.0,,1.84,False,False,True,False,J132547.21+464211.8,,WISEA J132547.32+464213.0,s,"--,WAT",48.09,18.16,1.28,167.7,234.8,48,-22.64,WHL J132547.4+464213,0.3949,p,1586.0,0.0,0.0,0.892,63.43,2.81,36.0
201.46423,5.45099,0.13347,24.56,83.0,,,True,False,False,True,J132551.10+052653.7,,WISEA J132551.41+052703.5,s,"FR-I,NAT",69.72,27.12,1.24,49.1,9.3,34,,maxBCG J132551.4+052703,0.1355,s,583.0,0.0,0.0,0.961,59.31,2.63,25.0
201.46522,5.77265,0.40243,25.35,172.0,8.34,1.89,False,False,True,False,J132551.18+054621.9,c,WISEA J132551.65+054621.5,s,"--,WAT",40.84,23.99,0.7,97.8,9.6,31,-23.75,WHL J132551.7+054622,0.4024,s,1613.0,0.0,0.0,0.786,43.58,1.95,10.0
201.49561,41.25014,0.30965,25.67,221.0,7.5,0.79,True,False,True,False,J132558.30+411507.7,,WISEA J132558.94+411500.4,s,"FR-I,WAT",150.66,88.02,0.71,114.5,20.5,47,,,,,,,,,,,
201.49176,62.79647,0.57024,26.02,168.0,9.13,1.81,False,True,True,False,J132558.32+624745.5,,WISEA J132558.02+624747.2,s,"FR-II,WAT",75.96,37.21,0.94,130.5,10.4,25,-24.04,WHL J132558.0+624747,0.5702,s,2183.0,0.0,0.0,0.789,54.54,2.42,22.0
201.5001,54.2978,0.41099,25.7,248.0,,1.89,False,False,True,False,J132600.50+541756.7,,SDSS J132600.02+541752.0,s,"--,WAT",80.55,40.4,0.91,137.2,38.3,44,,WHL J132600.0+541752,0.411,s,1644.0,0.0,0.0,0.666,27.82,1.26,29.0
201.50234,12.37878,0.20126,24.61,130.0,8.54,1.3,False,True,False,True,J132601.33+122252.4,,WISEA J132600.56+122243.6,s,"FR-II,NAT",32.55,15.82,0.95,77.3,87.3,38,-23.34,maxBCG J132605.3+122322,0.2021,s,855.0,79.0,272.0,1.077,85.9,3.77,52.0
201.54757,48.74048,0.85481,25.4,158.0,,,True,False,True,False,J132611.53+484427.6,c,DESI J132611.42+484425.7,p,"FR-I,WAT",10.59,8.83,0.24,115.5,9.6,20,,WHL J132614.9+484529,0.3234,s,1324.0,72.0,349.0,0.619,15.41,0.71,14.0
201.557,19.40661,0.17628,24.93,219.0,,1.19,False,True,True,False,J132613.88+192427.2,,WISEA J132613.67+192423.8,s,"FR-II,WAT",94.72,52.15,0.78,169.9,219.4,71,,Y21 J132613.7+192424,0.1763,s,751.0,0.0,0.0,0.582,14.94,0.69,7.0
201.60245,24.37316,0.40125,25.28,183.0,8.58,1.86,False,True,True,False,J132624.76+242224.9,a,WISEA J132624.58+242223.3,s,"FR-II,WAT",35.97,23.51,0.56,168.4,38.6,33,-23.35,WHL J132620.9+242332,0.4666,s,1838.0,85.0,516.0,0.56,19.38,0.89,12.0
201.63454,-0.57634,0.18508,24.63,173.0,8.56,1.22,False,False,False,True,J132633.41-003433.0,,WISEA J132632.28-003434.8,s,"--,NAT",41.02,18.9,1.02,30.2,8.7,54,-23.11,maxBCG J132632.3-003435,0.1851,s,786.0,0.0,0.0,0.753,29.25,1.32,15.0
201.66791,17.55448,,,,,,False,True,True,False,J132640.30+173316.1,,,,"FR-II,WAT",35.59,16.39,1.02,163.5,48.2,36,,,,,,,,,,,
201.67492,53.96848,,,,,1.56,True,False,True,False,J132641.98+535806.5,,,,"FR-I,WAT",43.9,12.72,1.63,118.4,13.2,25,,,,,,,,,,,
201.68598,3.19866,0.17615,25.15,166.0,,1.13,False,False,True,False,J132644.31+031201.2,,WISEA J132644.63+031155.1,s,"--,WAT",160.93,97.93,0.65,108.0,22.4,54,,WH J132640.4+030948,0.7243,p,2656.0,142.0,1061.0,0.405,10.05,0.47,7.0
201.68505,15.07398,0.40594,25.58,246.0,,1.77,False,False,True,False,J132644.77+150429.4,,DESI J132644.41+150426.3,p,"--,WAT",50.85,16.07,1.51,124.6,20.1,44,,CAMIRA J132645.3+150224,0.4826,s,1892.0,123.0,761.0,0.525,13.8,0.64,12.0
201.73419,48.24159,2.45068,27.05,249.0,,-0.08,False,False,True,False,J132656.87+481430.0,,WISEA J132656.20+481429.7,s,"--,WAT",25.3,12.73,0.9,155.2,228.4,30,,WH J132709.8+481507,0.6346,p,2386.0,141.0,998.0,0.461,15.73,0.73,6.0
201.77432,-4.67943,0.43071,25.44,174.0,,,True,False,False,True,J132705.83-044034.8,f,DESI J132705.84-044045.9,p,"FR-I,NAT",38.48,18.25,0.98,57.1,10.1,30,,Y21 J132703.4-043946,0.4347,p,1727.0,71.0,414.0,0.928,82.01,3.6,43.0
201.7983,3.02155,0.21619,25.25,315.0,8.55,1.38,True,False,False,True,J132711.95+030111.4,,WISEA J132711.59+030117.5,s,"FR-I,NAT",118.0,47.55,1.19,31.5,,87,-23.15,maxBCG J132711.6+030118,0.2162,s,911.0,0.0,0.0,0.872,50.34,2.24,29.0
201.81863,9.43028,0.83871,26.06,306.0,,2.35,False,False,True,False,J132716.36+092551.0,,DESI J132716.47+092549.0,p,"--,WAT",34.44,17.77,0.87,164.1,41.6,39,,,,,,,,,,,
201.86144,40.10324,1.09239,26.22,319.0,,0.53,False,True,True,False,J132727.07+400619.0,,SDSS J132726.74+400611.6,s,"FR-II,WAT",27.71,15.08,0.8,110.2,17.6,38,,,,,,,,,,,
201.87344,51.01955,1.15917,26.97,712.0,,0.23,False,True,True,False,J132731.03+510118.9,,DESI J132729.63+510110.4,p,"FR-II,WAT",117.71,55.8,0.98,164.5,201.8,84,,WHL J132739.3+510245,0.3494,p,1421.0,132.0,674.0,0.536,14.6,0.68,11.0
201.882,31.85732,0.23901,26.36,133.0,,1.26,False,False,True,False,J132731.97+315129.8,,SDSS J132731.68+315126.3,s,"--,WAT",1437.6,1113.89,0.33,102.3,12.7,34,,maxBCG J132735.2+315126,0.2416,s,1011.0,45.0,178.0,0.931,61.12,2.71,26.0
201.9379,35.8953,1.20602,26.13,273.0,,0.3,False,True,True,False,J132745.41+355340.9,,SDSS J132745.09+355343.0,s,"FR-II,WAT",23.06,15.97,0.48,146.5,21.6,32,,,,,,,,,,,
201.98978,-3.9028,,,,,,True,False,True,False,J132757.55-035410.1,,,,"FR-I,WAT",14.06,8.37,0.68,93.0,85.5,21,,,,,,,,,,,
201.98952,0.13098,0.50908,25.75,382.0,9.14,1.8,True,False,False,True,J132758.01+000749.8,f,WISEA J132757.48+000751.5,s,"FR-I,NAT",53.79,26.44,0.93,27.3,7.8,60,-22.91,WH J132752.9+000703,1.1602,p,3781.0,84.0,713.0,0.333,10.43,0.49,6.0
201.99395,63.91775,0.117,23.77,81.0,,0.98,False,True,True,False,J132758.76+635456.8,,DESI J132758.55+635503.9,p,"FR-II,WAT",15.32,6.82,1.06,117.5,,37,,,,,,,,,,,
202.00757,17.28149,0.3896,25.56,235.0,,1.52,False,False,True,False,J132802.02+171655.2,,DESI J132801.82+171653.4,p,"--,WAT",73.08,46.15,0.6,169.9,43.9,43,,WHL J132751.6+171737,0.4174,s,1666.0,152.0,866.0,0.633,25.03,1.14,11.0
202.02594,50.46969,1.19246,26.69,247.0,,0.26,False,False,True,False,J132806.49+502813.8,,WISEA J132806.22+502810.8,s,"--,WAT",86.03,59.24,0.49,113.9,13.1,29,,,,,,,,,,,
202.0716,10.48584,,,,,,False,True,True,False,J132817.18+102909.0,,,,"FR-II,WAT",27.42,12.97,0.98,158.4,24.5,25,,,,,,,,,,,
202.09122,49.17153,0.76152,25.62,129.0,,,True,False,False,True,J132821.74+491018.4,,DESI J132821.89+491017.5,p,"FR-I,NAT",16.45,9.03,0.79,86.3,5.3,17,,,,,,,,,,,
202.13423,14.61404,0.2671,25.3,140.0,,1.5,True,False,False,True,J132832.88+143700.8,j,WISEA J132832.21+143650.5,s,"FR-I,NAT",82.19,34.55,1.14,54.5,11.3,33,,maxBCG J132830.2+143601,0.2697,s,1121.0,58.0,248.0,0.962,68.98,3.04,41.0
202.20229,42.39896,0.38038,25.24,290.0,9.23,1.88,False,True,True,False,J132848.60+422354.4,,WISEA J132848.55+422356.2,s,"FR-II,WAT",40.83,32.15,0.31,143.1,30.3,54,-23.58,CLuMPR J132857.1+422616,0.8277,p,2950.0,169.0,1323.0,0.546,25.54,1.16,8.0
202.34939,-5.18783,0.39932,24.77,227.0,,,False,False,True,False,J132924.27-051108.9,f,DESI J132923.85-051116.2,p,"--,WAT",13.03,11.38,0.18,121.7,26.7,41,,Y21 J132923.9-051116,0.41,p,1640.0,0.0,0.0,0.674,27.86,1.26,8.0
202.37987,34.53942,0.79313,26.26,308.0,,1.79,False,False,True,False,J132930.98+343225.6,,DESI J132931.17+343221.9,p,"--,WAT",65.72,35.62,0.8,91.8,11.9,40,,WH J132930.0+343506,0.801,p,2876.0,165.0,1277.0,0.477,17.03,0.78,9.0
202.45917,3.93349,0.22802,24.59,132.0,,1.38,False,False,True,False,J132950.38+035605.4,,WISEA J132950.19+035600.5,s,"--,WAT",26.68,20.48,0.35,134.4,23.5,35,,AMF J132950.2+035600,0.228,s,958.0,0.0,0.0,0.785,30.21,1.37,12.0
202.52258,54.24763,0.83818,26.37,282.0,,0.07,True,False,True,False,J133005.48+541454.0,,WISEA J133005.41+541451.4,s,"FR-I,WAT",87.34,58.13,0.53,134.8,23.4,36,,,,,,,,,,,
202.52784,27.06464,0.27696,25.35,204.0,,1.52,False,False,True,False,J133007.34+270354.0,,WISEA J133006.68+270352.6,s,"--,WAT",76.47,24.1,1.52,90.9,11.4,47,,Y21 J133006.7+270353,0.277,s,1149.0,0.0,0.0,0.584,17.71,0.81,9.0
202.54299,-2.1049,0.08657,24.56,87.0,,0.96,False,False,True,False,J133010.26-020600.6,,VIII Zw 317 NOTES01,s,"--,WAT",174.1,55.45,1.5,100.2,31.0,52,,GMBCG J133010.3-020618,0.0866,s,377.0,0.0,0.0,0.797,27.29,1.24,19.0
202.59601,26.7258,,,,,0.55,False,False,True,False,J133023.04+264332.9,,,,"--,WAT",35.76,20.41,0.74,130.9,17.3,23,,,,,,,,,,,
202.62946,6.82605,0.27583,25.61,282.0,8.75,1.52,False,False,False,True,J133029.54+064919.7,,WISEA J133031.07+064933.7,s,"--,NAT",154.55,62.88,1.18,61.2,32.0,65,-23.17,maxBCG J133031.1+064934,0.2793,s,1158.0,0.0,0.0,1.034,94.08,4.11,53.0
202.62735,61.79478,0.50311,25.33,164.0,8.27,1.92,False,True,True,False,J133030.91+614738.8,,WISEA J133030.56+614741.2,s,"FR-II,WAT",19.99,8.98,1.05,139.0,14.1,26,-22.8,WHL J133030.6+614741,0.5069,s,1975.0,0.0,0.0,0.627,29.52,1.34,18.0
202.65839,39.13763,0.14628,24.49,196.0,8.42,1.13,False,False,True,False,J133037.19+390813.4,,SDSS J133038.01+390815.5,s,"--,WAT",53.81,36.68,0.5,161.4,66.2,74,-22.46,AMF J133038.0+390815,0.1463,s,628.0,0.0,0.0,0.504,14.98,0.69,13.0
202.65998,38.26935,0.10978,24.76,197.0,,1.05,False,False,True,False,J133038.76+381609.2,d,DESI J133038.39+381609.6,s,"--,WAT",168.12,65.14,1.24,149.3,63.6,95,,WHL J133038.4+381610,0.1098,s,476.0,0.0,0.0,0.608,15.94,0.74,9.0
202.66341,62.9188,0.2211,24.89,192.0,,1.44,False,True,True,False,J133039.47+625512.9,,WISEA J133039.21+625507.6,s,"FR-II,WAT",51.75,25.99,0.9,134.5,31.9,52,,WH J133039.3+625507,0.2211,s,930.0,1.0,4.0,0.608,21.08,0.96,7.0
202.76629,6.68696,0.71134,25.81,222.0,,1.97,False,False,True,False,J133104.28+064116.5,c,DESI J133103.91+064113.1,p,"--,WAT",32.07,19.59,0.65,107.3,18.3,30,,Y21 J133106.4+064005,0.7176,p,2637.0,78.0,581.0,0.483,16.92,0.78,7.0
202.77424,16.511,0.39138,25.59,296.0,8.68,1.86,False,False,True,False,J133105.89+163041.9,,WISEA J133105.81+163039.5,s,"--,WAT",67.49,31.42,1.0,168.4,77.3,54,-23.21,WHL J133105.8+163040,0.3914,s,1574.0,0.0,0.0,0.635,26.14,1.19,12.0
202.77511,9.63822,,,,,,False,False,True,False,J133106.03+093817.6,,,,"--,WAT",27.24,11.49,1.13,144.5,22.9,33,,,,,,,,,,,
202.85112,-5.74315,0.14845,25.64,365.0,,,True,False,True,False,J133122.67-054403.2,,LCRS B132848.0-052909,s,"FR-I,WAT",677.48,287.36,1.13,109.0,741.5,136,,WHY18 J133124.3-054436,0.1526,p,654.0,0.0,0.0,0.902,50.2,2.24,35.0
202.84713,38.27748,0.8757,25.91,159.0,,2.18,True,False,True,False,J133123.40+381636.6,,SDSS J133123.31+381638.9,s,"FR-I,WAT",27.7,18.99,0.5,94.1,4.3,20,,Y21 J133123.3+381639,0.8757,s,3081.0,0.0,0.0,0.577,33.91,1.53,11.0
202.91626,31.46606,3.01954,27.13,393.0,,0.13,False,False,True,False,J133140.20+312757.8,,WISEA J133139.90+312757.8,s,"--,WAT",34.0,23.52,0.48,149.7,73.0,50,,,,,,,,,,,
202.91708,4.89655,0.17609,24.2,64.0,,1.22,True,False,True,False,J133140.44+045350.1,,WISEA J133140.10+045347.5,s,"FR-I,WAT",15.66,5.04,1.49,105.9,11.4,21,,WHL J133141.3+045316,0.1761,s,750.0,36.0,111.0,0.993,71.58,3.16,54.0
202.99655,14.06385,0.54172,24.97,124.0,8.43,1.94,False,True,True,False,J133159.32+140353.5,,WISEA J133159.17+140349.8,s,"FR-II,WAT",9.71,7.11,0.41,111.8,11.4,19,-22.82,,,,,,,,,,
203.06696,22.84992,0.44022,25.5,270.0,,1.77,False,False,True,False,J133216.25+225056.0,c,WISEA J133216.06+225059.7,s,"--,WAT",45.63,25.39,0.77,160.7,42.7,46,,,,,,,,,,,
203.07994,15.6296,,,,,,False,False,True,False,J133219.19+153746.6,,,,"--,WAT",106.94,55.43,0.86,152.4,39.8,47,,,,,,,,,,,
203.10532,34.24493,0.99824,25.79,255.0,,1.49,False,True,True,False,J133225.31+341444.1,,DESI J133225.28+341441.7,p,"FR-II,WAT",14.85,9.37,0.6,139.2,20.8,31,,,,,,,,,,,
203.1106,23.33377,,,,,,False,True,True,False,J133226.54+232001.6,,,,"FR-II,WAT",49.0,21.82,1.06,154.1,,72,,,,,,,,,,,
203.12512,29.28392,,,,,2.03,True,False,True,False,J133230.03+291702.1,,,,"FR-I,WAT",15.85,7.22,1.03,168.8,37.9,28,,,,,,,,,,,
203.17723,7.32729,0.02338,23.51,54.0,8.43,,False,False,True,False,J133244.08+072003.6,,2MASX J13324251+0719382,s,"--,WAT",241.16,74.53,1.54,162.6,108.7,111,-21.31,Y21 J133234.0+071933,0.6514,p,2438.0,126.0,902.0,0.452,16.71,0.77,8.0
203.19224,32.13468,0.32255,25.0,184.0,8.64,1.6,True,False,True,False,J133245.97+320808.4,,WISEA J133246.13+320804.8,s,"FR-I,WAT",29.25,16.35,0.76,104.2,15.2,38,-22.99,GHO 1330+3223,,p,,56.0,,,,,
203.2124,9.96606,0.35979,24.86,119.0,8.45,1.77,False,False,True,False,J133251.04+095756.4,,SDSS J133250.97+095757.8,s,"--,WAT",14.81,6.26,1.13,160.7,25.8,23,-22.34,WHL J133251.0+095758,0.3598,s,1459.0,0.0,0.0,0.554,12.2,0.57,11.0
203.26056,-4.74805,0.86477,25.95,285.0,,,False,False,True,False,J133302.58-044455.8,,DESI J133302.53-044453.0,p,"--,WAT",29.45,18.52,0.61,168.6,24.6,36,,WH J133302.5-044453,0.8912,p,3122.0,0.0,0.0,0.452,15.73,0.73,6.0
203.26431,60.11766,0.06807,23.72,64.0,8.42,1.0,False,False,True,False,J133304.34+600709.0,,DESI J133303.44+600703.6,p,"--,WAT",45.19,31.3,0.48,161.4,265.9,48,-21.68,V1CG 454,0.0726,p,317.0,0.0,0.0,,,,
203.27788,15.73397,0.24541,24.12,99.0,,1.48,True,False,True,False,J133306.79+154406.6,,WISEA J133306.69+154402.2,s,"FR-I,WAT",7.66,5.66,0.4,125.3,17.0,25,,,,,,,,,,,
203.27916,15.52918,0.35171,25.22,133.0,,1.79,False,True,True,False,J133307.16+153152.2,a,2MASS J13330699+1531450,s,"FR-II,WAT",36.31,15.93,1.08,99.2,12.7,26,,WHL J133307.5+153147,0.3522,s,1431.0,8.0,41.0,1.105,121.39,5.27,55.0
203.30917,45.46398,,,,,,True,False,True,False,J133314.20+452750.3,,,,"FR-I,WAT",17.21,8.75,0.89,128.8,13.4,27,,,,,,,,,,,
203.35762,9.74226,0.316,24.97,124.0,8.64,1.67,True,False,True,False,J133325.62+094430.5,f,WISEA J133325.82+094432.1,s,"FR-I,WAT",25.82,10.64,1.16,124.9,16.3,26,-22.94,maxBCG J133325.9+094432,0.316,s,1297.0,0.0,0.0,0.731,27.55,1.25,25.0
203.37124,-5.51194,0.335,24.81,144.0,,,True,False,True,False,J133329.11-053037.2,,DESI J133329.10-053043.0,p,"FR-I,WAT",19.63,15.28,0.33,131.8,19.2,29,,WHY18 J133329.1-053043,0.3241,p,1327.0,0.0,0.0,0.589,23.29,1.06,11.0
203.39698,54.46218,0.1075,24.76,132.0,,1.08,True,False,True,False,J133334.62+542742.3,"f,j",WISEA J133335.27+542743.8,s,"FR-I,WAT",179.74,82.16,1.03,142.7,39.2,65,,maxBCG J133335.2+542744,0.1075,s,466.0,0.0,0.0,0.702,22.25,1.02,18.0
203.40521,-1.65285,0.29332,24.67,167.0,,1.53,False,False,True,False,J133337.51-013913.8,b,WISEA J133337.25-013910.2,s,"--,WAT",16.4,8.42,0.87,149.7,34.0,37,,,,,,,,,,,
203.42032,4.25151,0.17041,25.43,243.0,8.09,1.16,False,False,False,True,J133340.85+041513.7,,2MASX J13334083+0415058,s,"--,NAT",312.4,142.51,1.03,24.5,28.1,81,-22.59,WHL J133340.9+041505,0.1741,s,742.0,0.0,0.0,0.814,37.36,1.68,29.0
203.44711,11.26231,0.80144,25.96,224.0,,0.04,False,False,True,False,J133347.47+111542.4,,DESI J133347.31+111544.3,p,"--,WAT",37.01,24.42,0.55,148.2,24.3,29,,,,,,,,,,,
203.45463,38.3613,0.55672,25.75,246.0,7.4,1.85,False,False,True,False,J133349.13+382138.4,,WISEA J133349.11+382140.6,s,"--,WAT",45.64,23.92,0.85,144.2,27.7,37,-22.51,WH J133349.1+382141,0.5567,s,2139.0,0.0,0.0,0.492,10.55,0.49,6.0
203.47997,11.23849,0.72858,25.9,217.0,,1.98,False,False,False,True,J133355.42+111426.7,,DESI J133355.19+111418.6,p,"--,NAT",35.07,19.14,0.79,86.8,9.6,29,,Y21 J133357.3+111239,0.7058,s,2602.0,104.0,769.0,0.67,34.74,1.57,11.0
203.52833,1.06643,1.20529,26.25,281.0,,0.88,False,True,True,False,J133406.90+010401.8,,DESI J133406.80+010359.2,p,"FR-II,WAT",22.73,11.93,0.85,147.1,30.8,33,,,,,,,,,,,
203.53338,61.44987,0.23577,24.6,124.0,8.73,1.45,True,False,True,False,J133407.95+612658.3,,WISEA J133408.01+612659.5,s,"FR-I,WAT",23.66,13.6,0.73,149.6,19.1,32,-22.66,,,,,,,,,,
203.53305,53.25019,0.35198,24.76,210.0,,1.79,False,False,True,False,J133408.52+531453.4,,WISEA J133407.93+531500.7,s,"--,WAT",15.0,10.14,0.51,159.3,51.7,41,,WHL J133405.8+531506,0.352,s,1431.0,20.0,103.0,0.684,26.72,1.21,14.0
203.56582,33.39452,0.25701,25.25,293.0,,1.47,False,True,True,False,J133416.90+332342.9,a,DESI J133415.80+332340.3,p,"FR-II,WAT",65.26,14.14,2.01,135.7,170.2,71,,WHL J133421.6+332305,0.2335,p,980.0,80.0,308.0,0.74,29.13,1.63,20.0
203.58986,33.38486,0.23826,25.04,175.0,,1.49,False,False,True,False,J133421.20+332303.2,"a,j",WISEA J133421.56+332305.4,s,"--,WAT",54.82,17.97,1.46,139.5,29.7,45,,maxBCG J133421.6+332305,0.2602,p,1084.0,0.0,0.0,0.773,40.77,1.83,31.0
203.59191,53.41289,0.77512,26.56,413.0,,1.69,False,False,True,False,J133422.69+532446.1,,DESI J133422.06+532446.4,p,"--,WAT",142.34,80.84,0.74,141.7,32.4,54,,Y21 J133422.1+532446,0.7678,p,2782.0,0.0,0.0,0.445,17.09,0.79,7.0
203.65448,25.62233,0.29761,24.8,91.0,8.69,1.63,False,False,False,True,J133437.55+253720.8,f,WISEA J133437.07+253720.3,s,"--,NAT",22.02,12.25,0.77,66.1,6.6,20,-22.89,maxBCG J133440.1+253706,0.2976,s,1227.0,43.0,197.0,0.859,54.02,2.4,31.0
203.69255,34.75378,0.25026,24.61,81.0,,1.46,False,False,False,True,J133445.29+344507.9,,DESI J133446.21+344513.6,p,"--,NAT",22.27,15.0,0.52,38.9,13.1,20,,Y21 J133439.2+344345,0.7229,p,2652.0,124.0,925.0,0.518,10.02,0.47,9.0
203.70159,5.00276,,,,,,False,True,True,False,J133448.38+050009.9,,,,"FR-II,WAT",12.02,6.13,0.88,144.5,12.7,20,,,,,,,,,,,
203.70334,17.47113,0.21137,24.74,107.0,,1.25,True,False,False,True,J133449.11+172805.8,f,DESI J133448.80+172816.1,p,"FR-I,NAT",39.64,19.13,0.96,43.5,7.7,30,,maxBCG J133447.3+172809,0.208,s,878.0,23.0,81.0,0.863,50.35,2.24,38.0
203.7072,31.47335,1.30939,26.7,499.0,,0.31,False,True,True,False,J133450.12+312826.1,"b,c",DESI J203.7072+31.4733,s,"FR-II,WAT",49.93,24.78,0.92,151.1,48.5,58,,WH J133452.6+313047,0.5087,s,1981.0,147.0,936.0,0.491,11.98,0.56,6.0
203.72658,40.94859,0.23802,25.54,175.0,8.88,1.45,False,True,True,False,J133454.38+405648.9,,WISEA J133454.37+405654.9,s,"FR-II,WAT",199.57,111.28,0.77,157.4,,45,-23.78,XMMXCS J133453.1+405654.5,0.233,s,978.0,15.0,58.0,,,,
203.83373,41.00121,0.2283,26.16,219.0,9.16,1.49,True,False,False,True,J133519.25+410002.5,a,DESI J133520.09+410004.2,s,"FR-I,NAT",869.24,399.45,1.02,77.9,19.6,58,-24.23,maxBCG J133520.1+410004,0.2381,s,998.0,0.0,0.0,1.469,273.78,11.6,192.0
203.83537,47.65345,0.41811,25.35,313.0,9.36,1.92,False,True,True,False,J133520.39+473909.2,,WISEA J133520.48+473912.4,s,"FR-II,WAT",35.84,19.59,0.79,160.6,50.0,55,-24.06,WHL J133520.5+473912,0.4181,s,1669.0,0.0,0.0,0.786,47.72,2.13,22.0
203.85316,8.4613,0.41377,24.77,107.0,,1.88,True,False,True,False,J133524.87+082738.9,,WISEA J133524.75+082740.6,s,"FR-I,WAT",9.85,5.64,0.73,160.8,54.2,19,,AMF J133524.8+082741,0.4137,s,1653.0,0.0,0.0,0.598,23.49,1.07,11.0
203.90231,22.4302,0.41449,25.37,181.0,7.87,1.86,False,False,True,False,J133535.92+222547.3,,DESI J133536.56+222548.7,p,"--,WAT",37.82,19.63,0.86,119.2,16.3,32,-23.51,WHL J133536.6+222549,0.4331,s,1722.0,0.0,0.0,0.743,39.63,1.78,16.0
203.91748,53.87269,0.49968,25.52,208.0,,1.83,False,False,True,False,J133541.21+535217.3,,DESI J133540.19+535221.7,p,"--,WAT",35.81,20.46,0.73,100.0,13.2,33,,GMBCG J133540.2+535222,0.4848,s,1900.0,0.0,0.0,0.665,32.12,1.45,22.0
203.92418,59.11454,0.61575,25.72,174.0,,1.33,True,False,False,True,J133541.70+590652.1,,DESI J133541.80+590652.3,p,"FR-I,NAT",26.62,9.91,1.3,41.2,28.5,25,,WHL J133544.2+590717,0.6,s,2278.0,31.0,214.0,0.575,20.5,0.94,6.0
203.93379,-2.88729,0.24011,24.97,161.0,,1.45,False,False,True,False,J133543.95-025316.2,,2MASS J13354411-0253141,s,"--,WAT",52.84,29.64,0.76,133.8,20.2,41,,GMBCG J133543.9-025313,0.2401,s,1005.0,3.0,12.0,0.709,29.21,1.32,21.0
203.98715,54.7265,0.63465,25.67,184.0,,1.96,False,False,True,False,J133557.02+544336.6,,DESI J133556.92+544335.4,p,"--,WAT",27.33,13.89,0.89,145.3,26.9,26,,WH J133601.3+544320,0.4641,s,1829.0,41.0,248.0,0.481,10.91,0.51,7.0
204.02279,0.79074,0.26953,25.14,183.0,,1.5,True,False,True,False,J133605.57+004721.0,"f,h,j",WISEA J133605.46+004726.6,s,"FR-I,WAT",63.17,40.61,0.58,92.9,12.3,43,,Y21 J133605.5+004727,0.2695,s,1120.0,0.0,0.0,0.695,29.46,1.33,12.0
204.01905,53.99474,0.79412,26.36,648.0,,1.31,False,True,True,False,J133606.47+535956.4,,DESI J133604.57+535941.1,p,"FR-II,WAT",71.57,32.91,1.02,153.9,228.7,84,,,,,,,,,,,
204.05859,53.58584,0.30067,25.05,157.0,,1.5,False,False,True,False,J133614.08+533509.5,c,DESI J133614.06+533509.0,p,"--,WAT",37.8,19.64,0.86,162.4,24.2,34,,AMF J133605.5+533437,0.3035,s,1250.0,83.0,386.0,0.701,32.66,1.47,15.0
204.06125,24.83467,0.85954,26.46,340.0,,1.74,True,False,True,False,J133615.27+245001.8,,DESI J133614.70+245004.8,p,"FR-I,WAT",50.98,14.66,1.64,164.7,54.7,43,,,,,,,,,,,
204.0691,56.43728,2.52118,26.56,173.0,,0.11,False,False,True,False,J133617.09+562608.3,,WISEA J133616.60+562614.3,s,"--,WAT",12.38,8.25,0.53,121.8,12.8,21,,,,,,,,,,,
204.11337,30.76939,,,,,1.43,True,False,True,False,J133627.21+304609.8,,,,"FR-I,WAT",44.72,22.48,0.9,144.9,21.7,28,,,,,,,,,,,
204.13125,40.59358,0.39618,25.83,331.0,,1.63,True,False,True,False,J133631.92+403544.3,j,WISEA J133631.50+403536.8,s,"FR-I,WAT",123.6,69.69,0.75,98.8,25.3,60,-22.77,,,,,,,,,,
204.13412,21.33249,0.18885,24.63,241.0,,1.23,False,False,True,False,J133632.72+211957.4,,WISEA J133632.18+211956.9,s,"--,WAT",39.9,19.21,0.96,161.0,67.0,74,,Y21 J133632.2+211957,0.1888,s,801.0,0.0,0.0,0.59,15.78,0.73,7.0
204.16686,43.05072,0.63633,25.3,170.0,,1.68,False,False,True,False,J133640.00+430300.2,,SDSS J133640.04+430302.5,s,"--,WAT",15.39,12.19,0.31,153.7,52.9,24,,WHL J133640.0+430303,0.6364,s,2392.0,0.0,0.0,0.636,24.93,1.13,13.0
204.18902,44.32547,0.54268,25.7,203.0,,1.83,True,False,True,False,J133646.06+441934.2,,WISEA J133645.36+441931.7,s,"FR-I,WAT",44.91,25.41,0.75,119.6,32.2,31,,CAMIRA J133645.4+441932,0.5427,s,2093.0,0.0,0.0,0.544,11.85,0.55,6.0
204.20533,27.86689,1.3138,26.18,353.0,,,False,True,True,False,J133649.75+275201.8,,DESI J133649.28+275200.8,p,"FR-II,WAT",22.04,15.51,0.46,168.4,58.7,41,,WH J133659.2+275114,0.2661,s,1107.0,139.0,589.0,0.587,15.99,0.74,6.0
204.25201,11.7694,1.97612,27.67,429.0,,1.27,True,False,True,False,J133700.61+114609.2,,DESI J133700.48+114609.8,p,"FR-I,WAT",72.39,19.66,1.71,164.7,33.5,50,,,,,,,,,,,
204.31335,14.23546,,,,,,False,True,True,False,J133715.20+141407.7,,,,"FR-II,WAT",29.28,14.78,0.9,158.6,71.0,38,,,,,,,,,,,
204.35477,33.33452,0.25521,24.75,143.0,8.86,1.49,False,False,True,False,J133724.67+332001.2,a,WISEA J133725.14+332004.2,s,"--,WAT",29.27,20.14,0.49,169.3,101.3,35,-23.07,WHL J133725.1+332004,0.2552,s,1064.0,0.0,0.0,0.907,58.21,2.58,29.0
204.3727,-2.66184,0.18564,24.48,145.0,,1.18,True,False,True,False,J133729.90-023937.6,,DESI J133729.45-023942.6,p,"FR-I,WAT",30.54,18.36,0.67,148.6,,45,,CFSFDP J133732.0-024231,0.4939,s,1931.0,173.0,1084.0,0.378,10.24,0.48,6.0
204.38714,-8.05885,,,,,,False,True,True,False,J133732.91-080331.8,f,,,"FR-II,WAT",46.97,22.56,0.96,127.4,14.6,32,,,,,,,,,,,
204.44324,64.53244,0.24223,25.31,146.0,8.64,1.42,True,False,False,True,J133744.87+643154.0,,WISEA J133746.37+643156.8,s,"FR-I,NAT",108.16,51.45,0.97,69.6,11.7,37,-23.15,GMBCG J133746.4+643157,0.2422,s,1014.0,0.0,0.0,0.628,18.66,0.86,10.0
204.48384,57.13837,0.79548,26.55,278.0,,1.49,False,True,True,False,J133756.03+570812.1,,DESI J133756.12+570818.1,p,"FR-II,WAT",110.93,51.03,1.02,104.8,26.8,36,,WH J133801.7+570914,0.6048,s,2293.0,72.0,499.0,0.557,18.79,0.86,6.0
204.49756,21.46659,0.51635,25.29,160.0,,0.98,True,False,True,False,J133759.59+212802.9,,DESI J133759.42+212759.7,p,"FR-I,WAT",19.31,10.57,0.79,153.5,16.4,25,,,,,,,,,,,
204.53517,21.92192,0.27283,24.69,107.0,,1.56,False,True,True,False,J133808.45+215519.3,,WISEA J133808.44+215518.8,s,"FR-II,WAT",22.36,15.79,0.46,159.0,55.8,25,,WHL J133808.4+215519,0.2743,s,1138.0,0.0,0.0,0.858,47.98,2.14,17.0
204.57431,36.71343,0.56648,25.59,221.0,,1.79,False,True,True,False,J133818.40+364252.5,,WISEA J133817.83+364248.3,s,"FR-II,WAT",33.66,21.57,0.58,149.7,32.2,33,,WHL J133817.8+364248,0.5664,s,2170.0,0.0,0.0,0.551,25.99,1.18,12.0
204.58702,-2.87782,,,,,,False,True,True,False,J133820.88-025240.2,,,,"FR-II,WAT",24.16,13.3,0.78,165.2,131.7,50,,,,,,,,,,,
204.60392,29.51771,0.67041,25.65,282.0,,1.85,False,True,True,False,J133825.00+293056.7,g,DESI J133824.94+293103.8,p,"FR-II,WAT",26.72,17.44,0.56,102.4,16.8,39,,WHL J133828.8+293132,0.6375,s,2395.0,58.0,411.0,0.753,51.29,2.28,29.0
204.61056,35.13522,0.61679,25.5,216.0,,1.53,True,False,True,False,J133826.88+350805.4,,DESI J133826.53+350806.8,p,"FR-I,WAT",21.2,12.06,0.74,169.5,87.1,31,,WH J133819.5+350642,0.8763,p,3082.0,121.0,964.0,0.518,24.3,1.11,6.0
204.65616,57.74452,0.54908,25.66,224.0,,1.56,False,False,True,False,J133837.89+574440.1,,SDSS J133837.47+574440.2,s,"--,WAT",42.32,26.75,0.6,160.4,24.2,34,,,,,,,,,,,
204.6914,41.63819,0.56484,25.29,160.0,8.71,1.9,True,False,True,False,J133845.80+413818.5,,SDSS J133845.93+413817.4,s,"FR-I,WAT",16.45,9.95,0.66,132.5,15.1,24,-23.46,AMF J133852.1+413901,0.5626,s,2158.0,82.0,549.0,0.86,70.54,3.11,25.0
204.70144,51.58749,,,,,0.74,False,False,True,False,J133848.35+513515.0,c,,,"--,WAT",21.41,17.57,0.26,129.2,20.2,37,,,,,,,,,,,
204.70842,-6.88416,,,,,,False,False,True,False,J133850.02-065303.0,,,,"--,WAT",7.14,5.5,0.34,159.3,28.6,24,,,,,,,,,,,
204.74053,4.54767,0.95488,25.51,195.0,,1.37,False,False,True,False,J133857.77+043255.8,,DESI J133857.73+043251.6,p,"--,WAT",10.42,8.21,0.31,143.6,17.9,24,,Y21 J133908.7+043211,0.6524,s,2441.0,169.0,1210.0,0.565,16.88,0.78,8.0
204.74254,30.0168,0.58424,25.45,197.0,8.81,1.87,False,True,True,False,J133858.34+300103.0,,SDSS J133858.20+300100.4,s,"FR-II,WAT",20.52,10.87,0.83,135.9,22.3,29,-23.31,WHL J133858.2+300100,0.5842,s,2228.0,0.0,0.0,0.612,23.71,1.08,14.0
204.75977,36.92272,0.78387,25.98,315.0,,2.25,False,True,True,False,J133902.40+365518.1,c,WISEA J133902.34+365521.7,s,"FR-II,WAT",38.52,23.51,0.65,151.2,,41,,WH J133902.4+365522,0.7838,s,2828.0,0.0,0.0,0.489,23.24,1.06,8.0
204.76154,-7.4457,0.9864,26.52,304.0,,,False,True,True,False,J133903.08-072639.6,f,DESI J133902.77-072644.5,p,"FR-II,WAT",58.31,25.64,1.08,117.9,20.2,37,,WH J133909.6-072419,1.0404,p,3500.0,178.0,1480.0,0.433,14.49,0.67,10.0
204.7673,16.34778,0.22765,25.03,260.0,8.53,1.38,False,False,True,False,J133903.81+162043.8,"g,j",WISEA J133904.15+162052.0,s,"--,WAT",61.41,24.08,1.23,124.1,35.0,69,-23.13,Y21 J133906.3+162333,0.2469,s,1032.0,164.0,658.0,0.525,15.55,0.72,7.0
204.76789,28.21144,0.95399,26.5,440.0,,0.46,False,True,True,False,J133903.81+281245.0,,SDSS J133904.29+281241.1,s,"FR-II,WAT",71.86,37.9,0.84,145.2,63.4,54,,WH J133903.7+281252,1.0551,p,3536.0,13.0,108.0,0.45,14.88,0.69,8.0
204.78557,61.03287,0.65803,25.31,136.0,9.09,1.57,False,True,True,False,J133908.71+610202.2,,SDSS J133908.53+610158.3,s,"FR-II,WAT",12.8,8.32,0.57,118.6,17.4,19,-24.02,WHL J133908.5+610159,0.658,s,2458.0,0.0,0.0,0.871,74.44,3.28,26.0
204.78996,56.76683,0.74602,26.2,203.0,,0.45,False,True,True,False,J133909.35+564600.0,,DESI J133909.59+564600.6,p,"FR-II,WAT",68.65,39.38,0.73,123.2,13.5,27,,,,,,,,,,,
204.92332,11.68178,,,,,,False,True,True,False,J133941.60+114054.4,,,,"FR-II,WAT",27.86,14.47,0.86,140.2,19.7,33,,,,,,,,,,,
204.9257,47.53426,0.40721,24.64,129.0,,1.91,False,False,True,False,J133942.77+473201.9,,WISEA J133942.16+473203.3,s,"--,WAT",8.52,6.45,0.37,104.8,14.9,23,-23.04,GMBCG J133942.1+473203,0.4043,s,1620.0,1.0,6.0,0.784,48.03,2.14,22.0
204.96403,12.05015,0.5765,25.44,460.0,,1.74,False,True,True,False,J133950.98+120257.3,,WISEA J133951.36+120300.5,s,"FR-II,WAT",20.79,11.26,0.8,156.4,64.6,68,,WH J133951.3+120300,0.5765,s,2203.0,0.0,0.0,0.444,17.9,0.82,7.0
205.00802,19.56306,0.4676,25.68,273.0,,1.87,True,False,True,False,J134002.34+193358.1,,WISEA J134001.92+193347.0,s,"FR-I,WAT",56.98,29.4,0.87,106.5,20.4,45,,WHL J134001.9+193347,0.4634,s,1827.0,0.0,0.0,0.879,65.71,2.9,37.0
205.05262,51.46487,0.56895,25.93,323.0,9.14,1.9,False,False,True,False,J134014.09+512745.3,,WISEA J134012.62+512753.5,s,"--,WAT",67.47,37.8,0.76,97.1,19.5,48,-23.43,CFSFDP J134012.6+512754,0.5689,s,2178.0,0.0,0.0,0.542,24.17,1.1,7.0
205.0912,0.93089,0.57953,25.84,196.0,,1.98,True,False,True,False,J134021.90+005544.9,,SDSS J134021.88+005551.1,s,"FR-I,WAT",44.24,18.74,1.13,127.4,22.8,29,,WH J134021.6+005546,0.9318,p,3228.0,7.0,57.0,0.814,80.08,3.52,18.0
205.14601,30.30917,,,,,,False,True,True,False,J134035.04+301833.0,,,,"FR-II,WAT",62.36,27.34,1.08,145.5,37.1,50,,,,,,,,,,,
205.16304,7.23689,0.57781,25.42,230.0,,1.86,False,False,True,False,J134039.13+071412.1,,WISEA J134039.12+071412.8,s,"--,WAT",22.92,16.04,0.47,153.1,26.2,34,,WHL J134039.1+071413,0.5778,s,2207.0,0.0,0.0,0.686,35.9,1.62,18.0
205.15989,55.83898,0.28558,25.2,343.0,,1.38,True,False,False,True,J134040.00+555028.3,,DESI J134038.37+555020.3,p,"FR-I,NAT",52.37,18.35,1.38,39.2,12.3,77,,,,,,,,,,,
205.17249,62.43483,0.47964,25.37,234.0,9.26,1.78,False,False,True,False,J134041.62+622610.0,,DESI J134041.40+622605.4,p,"--,WAT",28.4,16.82,0.69,151.8,37.2,38,-22.63,,,,,,,,,,
205.23659,17.46383,,,,,,False,True,True,False,J134056.78+172749.8,,,,"FR-II,WAT",18.02,9.35,0.86,163.5,30.1,25,,,,,,,,,,,
205.2367,62.24142,,,,,,False,True,True,False,J134056.81+621429.1,,,,"FR-II,WAT",26.75,14.14,0.84,155.0,34.1,37,,,,,,,,,,,
205.23751,22.64213,0.9459,25.39,97.0,,2.05,True,False,False,True,J134057.13+223831.6,,DESI J134057.00+223831.7,p,"FR-I,NAT",6.79,4.48,0.55,89.0,6.6,12,,Y21 J134056.6+223845,0.8585,p,3034.0,14.0,111.0,0.636,39.63,1.78,15.0
205.2691,22.19835,0.35126,25.13,194.0,,1.78,False,True,True,False,J134104.85+221158.2,,WISEA J134104.58+221154.0,s,"FR-II,WAT",33.07,19.78,0.67,147.5,32.3,38,,WHL J134104.0+221203,0.3558,s,1444.0,11.0,57.0,0.98,86.59,3.8,48.0
205.32319,54.10258,0.32744,24.92,141.0,,1.7,False,True,True,False,J134117.77+540613.3,"b,j",WISEA J134117.56+540609.2,s,"FR-II,WAT",28.47,26.28,0.11,118.8,15.8,29,,WHL J134117.4+540616,0.3288,s,1345.0,7.0,34.0,0.693,27.75,1.26,14.0
205.33781,-1.27064,0.87776,25.81,318.0,,0.08,True,False,True,False,J134120.92-011615.6,f,WISEA J134121.07-011614.2,s,"FR-I,WAT",21.78,14.65,0.52,152.7,29.2,40,,,,,,,,,,,
205.3952,53.74551,0.14094,25.88,259.0,,1.11,False,True,False,True,J134133.55+534443.6,,WISEA J134134.84+534443.8,s,"FR-II,NAT",1260.91,454.42,1.34,73.4,28.7,101,,,,,,,,,,,
205.46177,26.37533,,,,,,False,False,False,True,J134150.82+262231.2,"e,j",,,"--,NAT",349.64,153.51,1.08,67.4,22.7,54,,,,,,,,,,,
205.51016,-7.13434,0.42289,25.32,155.0,,,False,False,True,False,J134202.59-070759.4,,DESI J134202.44-070803.6,p,"--,WAT",33.83,20.5,0.66,93.3,10.0,27,,Y21 J134202.4-070804,0.5281,p,2045.0,0.0,0.0,0.707,41.01,1.84,16.0
205.54589,39.21269,0.60225,25.62,186.0,,1.64,True,False,True,False,J134211.42+391248.3,,DESI J134211.01+391245.7,p,"FR-I,WAT",27.13,13.44,0.92,168.1,53.2,27,,WH J134158.9+391134,0.6715,p,2499.0,158.0,1145.0,0.478,20.56,0.94,6.0
205.55426,54.38939,0.142,23.96,36.0,,,True,False,True,False,J134212.92+542323.4,,WISEA J134213.02+542321.8,s,"FR-I,WAT",14.34,4.05,1.66,157.5,6.2,14,,maxBCG J134213.0+542322,0.1425,s,612.0,0.0,0.0,0.739,27.22,1.24,22.0
205.62006,11.8066,0.57663,25.89,345.0,,1.74,False,True,True,False,J134228.56+114824.5,,DESI J134228.82+114823.7,p,"FR-II,WAT",54.04,25.44,0.99,156.7,50.2,51,,WHL J134231.2+114935,0.6045,s,2292.0,79.0,547.0,0.804,59.01,2.62,18.0
205.66226,6.72369,0.70186,26.23,413.0,,2.15,False,True,True,False,J134238.72+064328.1,,DESI J134238.94+064325.3,p,"FR-II,WAT",65.78,26.65,1.19,147.6,43.4,56,,WH J134238.9+064325,0.7229,p,2652.0,0.0,0.0,0.637,23.9,1.09,8.0
205.68088,12.44796,0.49004,25.5,168.0,,0.93,True,False,False,True,J134244.05+122659.2,f,DESI J134243.41+122652.7,p,"FR-I,NAT",31.06,13.23,1.12,81.6,10.0,27,,WHL J134244.0+122641,0.2171,s,915.0,15.0,55.0,0.624,20.03,0.92,10.0
205.68887,25.78653,0.61951,26.79,322.0,,0.73,False,False,True,False,J134245.51+254714.0,,DESI J134245.33+254711.5,p,"--,WAT",366.93,178.23,0.95,121.0,25.9,46,,,,,,,,,,,
205.70181,44.49999,0.19366,24.7,80.0,8.6,1.29,True,False,True,False,J134248.89+443002.3,,WISEA J134248.43+442959.9,s,"FR-I,WAT",43.64,20.23,1.01,111.9,13.2,24,-22.79,CFSFDP J134248.4+443000,0.1937,s,821.0,0.0,0.0,0.582,15.11,0.7,9.0
205.71711,6.70849,0.91107,26.39,547.0,,,False,True,True,False,J134251.77+064230.4,,DESI J134252.11+064230.6,p,"FR-II,WAT",56.94,27.3,0.96,168.4,212.2,68,,,,,,,,,,,
205.74651,-3.57306,0.50655,25.27,177.0,,1.93,False,False,False,True,J134259.57-033409.5,,DESI J134259.16-033423.0,p,"--,NAT",23.99,19.92,0.24,54.3,11.9,28,,WHL J134256.7-033506,0.5024,p,1960.0,57.0,360.0,0.899,70.76,3.12,51.0
205.75645,38.18192,0.1719,24.44,142.0,8.52,1.21,False,False,True,False,J134301.78+381051.9,,DESI J134301.55+381054.9,p,"--,WAT",31.03,13.91,1.05,169.0,56.8,47,-22.82,maxBCG J134301.6+381055,0.1725,s,735.0,0.0,0.0,0.766,31.52,1.42,29.0
205.90697,29.48109,0.26981,25.65,457.0,,1.39,False,True,False,True,J134337.29+292835.0,j,WISEA J134337.67+292851.9,s,"FR-II,NAT",174.47,71.09,1.18,83.4,,107,,,,,,,,,,,
205.99013,23.9139,2.53937,27.53,222.0,,0.09,False,False,True,False,J134357.71+235452.0,,SDSS J134357.63+235450.0,s,"--,WAT",72.23,36.74,0.89,147.6,43.0,27,,WH J134350.6+235601,0.8575,p,3032.0,120.0,950.0,0.459,18.76,0.86,8.0
206.0235,24.42528,0.17046,24.69,123.0,8.15,,True,False,False,True,J134404.44+242546.2,"g,j",WISEA J134405.64+242531.0,s,"FR-I,NAT",54.9,23.31,1.12,49.8,16.5,41,-22.37,maxBCG J134407.0+242524,0.1707,s,728.0,20.0,60.0,0.694,26.14,1.19,12.0
206.02828,18.41003,0.83233,25.66,164.0,,2.08,False,False,True,False,J134406.94+182437.3,,DESI J134406.79+182436.1,p,"--,WAT",13.25,6.34,0.97,138.3,15.6,21,,Y21 J134406.8+182436,0.7909,p,2848.0,0.0,0.0,0.55,26.1,1.19,12.0
206.21954,12.00208,0.53603,25.2,169.0,8.33,1.81,False,False,True,False,J134452.69+120010.2,,WISEA J134452.68+120007.4,s,"--,WAT",16.01,10.84,0.51,133.4,18.7,26,-22.1,AMF J134452.7+120007,0.537,s,2074.0,1.0,7.0,0.731,41.17,1.85,32.0
206.23958,30.26783,,,,,,False,True,True,False,J134457.50+301604.2,,,,"FR-II,WAT",95.28,37.53,1.22,148.5,76.5,84,,,,,,,,,,,
206.25082,24.77633,,,,,2.08,False,False,False,True,J134500.20+244634.8,,,,"--,NAT",16.67,8.89,0.82,83.6,5.6,22,,,,,,,,,,,
206.2628,61.17544,0.50652,25.29,152.0,8.35,1.82,True,False,True,False,J134503.53+611029.4,f,WISEA J134503.07+611031.5,s,"FR-I,WAT",21.27,13.13,0.63,130.9,15.0,24,-23.01,AMF J134503.1+611032,0.5065,s,1973.0,0.0,0.0,0.615,21.68,0.99,11.0
206.26854,8.91941,0.61906,25.49,209.0,9.65,1.83,False,True,True,False,J134504.31+085506.6,f,SDSS J134504.44+085509.8,s,"FR-II,WAT",15.54,5.7,1.32,137.4,23.0,30,-22.81,Y21 J134504.5+085510,0.6191,s,2338.0,0.0,0.0,0.55,14.4,0.67,8.0
206.28608,-3.48337,0.51647,25.92,186.0,,1.82,False,True,True,False,J134508.71-032852.8,,DESI J134508.66-032900.1,p,"FR-II,WAT",79.08,40.71,0.87,93.9,12.2,29,,WHL J134508.7-032900,0.5195,s,2017.0,0.0,0.0,0.924,83.21,3.65,52.0
206.34248,-4.86557,0.26993,25.15,265.0,,,False,True,True,False,J134523.18-045153.4,f,DESI J134522.20-045156.1,p,"FR-II,WAT",55.07,21.07,1.26,122.5,29.6,62,,Y21 J134522.2-045156,0.28,p,1160.0,0.0,0.0,0.672,25.35,1.15,17.0
206.37292,5.83141,0.12668,24.4,72.0,,1.03,True,False,True,False,J134529.85+054952.8,,WISEA J134529.50+054953.0,s,"FR-I,WAT",55.95,29.17,0.85,126.3,13.2,31,,,,,,,,,,,
206.38656,5.7696,0.12501,24.68,137.0,8.44,1.04,False,True,True,False,J134533.22+054613.1,,WISEA J134532.77+054610.5,s,"FR-II,WAT",99.43,27.38,1.69,165.5,187.1,59,-22.72,WHL J134532.8+054610,0.125,s,539.0,0.0,0.0,0.976,60.83,2.7,41.0
206.42357,31.4018,0.22236,25.07,155.0,8.87,1.38,False,False,True,False,J134541.83+312408.0,,SDSS J134541.65+312406.4,s,"--,WAT",80.71,50.58,0.61,141.7,36.8,42,-23.33,WHL J134541.7+312406,0.2224,s,936.0,0.0,0.0,0.73,34.27,1.54,16.0
206.43898,53.54786,0.13561,25.34,156.0,,0.29,False,True,True,False,J134545.78+533255.9,f,SBS 1343+537,s,"FR-II,WAT",433.09,246.83,0.74,121.3,31.5,63,,,,,,,,,,,
206.4956,35.25683,0.32973,25.73,221.0,8.68,1.67,False,True,True,False,J134559.89+351520.1,,WISEA J134558.94+351524.5,s,"FR-II,WAT",139.31,65.35,0.99,91.0,19.2,45,-22.97,WHL J134602.9+351517,0.3364,s,1373.0,50.0,249.0,0.898,61.56,2.73,32.0
206.53757,22.72424,,,,,,False,True,True,False,J134609.02+224327.3,,,,"FR-II,WAT",73.31,37.94,0.86,145.5,17.9,32,,,,,,,,,,,
206.57312,62.34594,0.11652,24.77,122.0,,0.63,True,False,True,False,J134618.58+622046.9,,WISEA J134617.54+622045.3,s,"FR-I,WAT",159.47,82.88,0.86,139.1,42.7,56,,WH J134621.0+622011,0.448,s,1774.0,42.0,249.0,0.527,18.65,0.86,6.0
206.62843,35.9039,0.84536,26.09,354.0,,2.62,False,True,False,True,J134631.04+355418.9,,DESI J134630.82+355414.1,p,"FR-II,NAT",38.13,20.55,0.81,72.4,89.2,45,,,,,,,,,,,
206.76949,20.46236,0.71518,25.18,163.0,,1.98,False,True,True,False,J134704.98+202749.3,,DESI J134704.68+202744.5,p,"FR-II,WAT",7.56,4.72,0.62,117.1,17.0,22,,Y21 J134704.7+202744,0.7144,p,2627.0,0.0,0.0,0.619,27.14,1.23,14.0
206.81682,3.55543,0.41977,24.85,142.0,9.1,1.88,True,False,True,False,J134716.29+033320.9,,WISEA J134716.03+033319.5,s,"FR-I,WAT",13.61,10.96,0.28,92.6,11.0,25,-23.21,WH J134715.8+033442,0.9869,p,3369.0,83.0,682.0,0.621,41.97,1.88,7.0
206.82663,-1.41761,0.40036,25.12,161.0,8.21,1.91,True,False,True,False,J134718.64-012457.6,,WISEA J134718.39-012503.4,s,"FR-I,WAT",24.1,14.06,0.71,149.6,37.5,29,-22.5,WHL J134718.4-012504,0.4003,s,1606.0,1.0,6.0,0.562,18.12,0.83,11.0
206.8477,52.81024,1.51382,26.5,234.0,,0.11,False,True,True,False,J134723.40+524839.2,,WISEA J134723.44+524836.8,s,"FR-II,WAT",20.78,9.71,1.0,159.6,32.9,27,,,,,,,,,,,
206.87845,27.06045,,,,,0.79,False,True,True,False,J134730.83+270337.6,,,,"FR-II,WAT",67.17,46.73,0.48,137.5,17.4,35,,,,,,,,,,,
206.88792,41.05566,0.28691,25.56,223.0,,1.63,True,False,False,True,J134732.69+410306.3,h,WISEA J134733.10+410320.3,s,"FR-I,NAT",127.83,58.22,1.03,33.8,11.2,50,,WHL J134733.2+410321,0.2869,s,1187.0,1.0,4.0,0.843,47.38,2.12,28.0
206.96373,7.22962,0.53578,25.49,287.0,,1.45,False,False,True,False,J134751.10+071349.2,,DESI J134751.30+071346.6,p,"--,WAT",28.16,15.65,0.77,149.1,31.1,44,,GMBCG J134748.4+071121,0.2796,s,1159.0,152.0,667.0,0.705,34.24,1.54,21.0
207.01007,43.70099,0.31914,25.12,206.0,,1.67,True,False,True,False,J134803.09+434158.8,,WISEA J134802.41+434203.5,s,"FR-I,WAT",35.56,15.25,1.11,117.8,15.7,43,,WHL J134802.4+434203,0.3191,s,1308.0,0.0,0.0,0.633,22.54,1.03,16.0
207.01722,22.6923,0.72071,25.61,275.0,,2.08,False,True,True,False,J134803.96+224134.8,,WISEA J134804.13+224132.2,s,"FR-II,WAT",19.22,10.99,0.73,163.1,32.7,37,,WHL J134811.9+224145,0.7238,s,2655.0,108.0,806.0,0.821,83.99,3.69,26.0
207.01916,44.19005,0.26635,25.54,212.0,,1.52,False,False,True,False,J134805.46+441125.2,,WISEA J134804.59+441124.1,s,"--,WAT",159.52,96.8,0.66,164.7,67.1,50,,GMBCG J207.02870+44.18581,0.327,p,1338.0,29.0,142.0,,,,
207.12055,54.44468,1.87368,26.85,285.0,,-0.06,False,False,False,True,J134829.45+542644.8,,SDSS J134828.93+542640.8,s,"--,NAT",17.31,5.81,1.43,59.4,7.6,33,,,,,,,,,,,
207.28893,42.67532,0.72199,25.36,164.0,,2.05,False,False,True,False,J134909.47+424032.9,,DESI J134909.34+424031.2,p,"--,WAT",10.79,6.28,0.71,154.1,13.8,22,,Y21 J134909.3+424031,0.7179,p,2638.0,0.0,0.0,0.61,24.8,1.13,13.0
207.3422,12.83683,0.18189,24.36,98.0,,1.24,False,False,False,True,J134921.66+125024.4,,WISEA J134922.12+125012.5,s,"--,NAT",23.73,12.37,0.85,86.1,19.9,31,,WH J134922.1+125013,0.1819,s,773.0,0.0,0.0,0.683,22.92,1.05,7.0
207.37597,43.10483,0.34703,25.86,259.0,,1.68,False,False,True,False,J134929.54+430612.2,,WISEA J134930.23+430617.3,s,"--,WAT",162.19,68.86,1.12,126.5,69.8,51,,Y21 J134919.4+430612,0.3482,s,1417.0,119.0,606.0,0.651,24.5,1.12,16.0
207.37502,55.06306,0.59656,25.24,247.0,,1.85,False,True,True,False,J134930.03+550353.0,,WISEA J134930.00+550347.0,s,"FR-II,WAT",13.79,9.36,0.51,116.6,5.1,36,,CFSFDP J134930.0+550347,0.5966,s,2267.0,0.0,0.0,0.565,15.15,0.7,7.0
207.40033,48.47883,0.49935,25.52,151.0,8.42,2.01,True,False,False,True,J134936.30+482839.5,f,WISEA J134936.07+482843.7,s,"FR-I,NAT",29.63,11.82,1.21,67.7,7.3,24,-23.25,WHL J134936.1+482844,0.4993,s,1949.0,0.0,0.0,0.95,81.72,3.59,48.0
207.4469,36.10343,0.24902,25.3,310.0,,1.47,False,False,False,True,J134946.39+360627.2,,WISEA J134947.25+360612.3,s,"--,NAT",91.83,32.65,1.36,49.3,98.4,77,,maxBCG J134947.2+360612,0.249,s,1040.0,0.0,0.0,0.607,25.38,1.15,14.0
207.45147,42.11773,0.23316,24.82,134.0,8.69,1.46,False,True,False,True,J134949.40+420657.4,,WISEA J134948.35+420703.8,s,"FR-II,NAT",39.04,20.46,0.85,75.0,15.5,35,-22.77,GMBCG J134948.3+420704,0.2332,s,978.0,0.0,0.0,0.539,14.75,0.68,14.0
207.72412,39.17003,0.58778,25.43,150.0,,1.8,True,False,True,False,J135053.71+391018.4,,WISEA J135053.78+391012.1,s,"FR-I,WAT",20.23,11.8,0.71,102.8,9.4,22,,WHL J135053.8+391013,0.5878,s,2239.0,0.0,0.0,0.623,27.66,1.25,8.0
207.74348,-0.60921,0.52205,24.85,116.0,8.66,1.87,False,False,True,False,J135058.49-003637.2,,WISEA J135058.43-003633.1,s,"--,WAT",8.08,5.94,0.4,113.1,9.1,18,-23.1,WH21 J135058.4-003633,0.522,s,2025.0,0.0,0.0,0.619,26.2,1.19,13.0
207.75944,42.61051,0.3033,25.0,116.0,8.31,1.62,True,False,True,False,J135102.70+423638.4,,WISEA J135102.26+423637.8,s,"FR-I,WAT",35.17,21.73,0.63,134.1,36.0,25,-23.45,WHL J135102.3+423638,0.3033,s,1249.0,0.0,0.0,0.624,26.83,1.22,14.0
207.76418,30.90118,0.2489,25.39,173.0,,1.47,False,False,True,False,J135103.63+305400.2,a,2MASX J13510346+3054054,s,"--,WAT",124.57,63.27,0.89,167.9,56.3,43,,maxBCG J135103.4+305405,0.2511,s,1048.0,0.0,0.0,1.018,84.88,3.72,50.0
207.82913,-5.81933,,,,,,False,True,True,False,J135118.99-054909.6,"f,j",,,"FR-II,WAT",989.83,183.21,2.21,129.5,33.3,136,,,,,,,,,,,
207.87048,18.34161,0.38415,25.64,319.0,9.25,1.99,False,False,True,False,J135129.14+182031.1,,WISEA J135128.91+182029.8,s,"--,WAT",82.0,41.57,0.89,162.7,66.5,59,-23.07,Y21 J135134.8+182211,0.6491,s,2431.0,132.0,943.0,0.502,22.06,1.01,8.0
207.88773,0.39233,,,,,,False,True,True,False,J135133.06+002332.4,f,,,"FR-II,WAT",48.64,22.2,1.03,132.1,30.5,58,,,,,,,,,,,
207.90657,54.66456,0.56393,25.67,375.0,7.48,2.01,False,True,False,True,J135136.03+543947.7,,WISEA J135137.57+543952.4,s,"FR-II,NAT",33.17,14.42,1.09,23.5,14.0,56,-22.77,AMF J135133.2+543943,0.5651,s,2166.0,39.0,262.0,0.793,55.56,2.47,27.0
207.92557,55.99532,0.07268,24.51,106.0,8.5,0.95,True,False,True,False,J135141.56+555936.8,,DESI J135142.14+555943.2,p,"FR-I,WAT",228.07,89.28,1.23,117.9,27.7,74,-22.77,CFSFDP J135142.1+555943,0.0691,s,302.0,0.0,0.0,0.632,10.45,0.49,10.0
207.93634,7.20471,0.84339,26.91,393.0,,1.45,False,True,True,False,J135144.69+071226.3,f,DESI J135144.72+071217.0,p,"FR-II,WAT",222.39,102.81,1.01,133.1,43.3,50,,Y21 J135145.6+071246,0.7441,p,2714.0,32.0,241.0,0.499,16.06,0.74,12.0
208.05209,61.07225,0.32075,24.81,120.0,8.66,1.38,False,False,False,True,J135213.74+610426.8,,WISEA J135212.50+610420.1,s,"--,NAT",19.73,12.12,0.64,57.7,10.1,25,-22.87,WHL J135158.4+610419,0.3262,s,1335.0,103.0,503.0,0.853,52.44,2.33,36.0
208.09463,61.8937,0.17847,25.24,153.0,8.22,1.25,False,False,False,True,J135221.10+615335.0,,2MASX J13522273+6153370,s,"--,NAT",186.46,95.65,0.88,40.3,14.7,49,-22.13,,,,,,,,,,
208.11644,12.79614,0.43689,24.88,93.0,8.28,1.82,True,False,True,False,J135227.80+124745.9,,WISEA J135227.94+124746.1,s,"FR-I,WAT",11.06,6.13,0.77,110.1,5.8,16,-22.6,WHL J135225.7+124756,0.4369,s,1735.0,35.0,205.0,0.659,33.99,1.53,20.0
208.25857,33.09128,0.06098,24.09,57.0,8.2,0.92,True,False,True,False,J135301.07+330529.1,f,WISEA J135302.05+330528.6,s,"FR-I,WAT",123.63,36.45,1.6,124.8,22.3,47,-21.94,AMF J135302.1+330529,0.061,s,267.0,0.0,0.0,0.596,14.99,0.69,11.0
208.28478,28.15248,0.63426,26.89,679.0,,0.46,False,False,True,False,J135308.62+280911.4,,DESI J135308.35+280908.9,p,"--,WAT",299.89,81.66,1.71,157.1,24.5,96,,AMF J135315.4+281042,0.5116,s,1990.0,131.0,836.0,0.746,37.4,1.68,21.0
208.29905,-3.44678,0.69661,25.82,205.0,,1.67,False,True,True,False,J135312.09-032650.3,,DESI J135311.77-032648.4,p,"FR-II,WAT",37.56,25.58,0.5,127.0,17.5,28,,WH J135314.4-032610,0.9161,p,3188.0,55.0,444.0,0.486,16.1,0.74,7.0
208.31377,55.11344,0.14342,24.54,114.0,,1.17,False,False,True,False,J135315.87+550652.9,d,2MASX J13531560+5506498,s,"--,WAT",58.48,28.31,0.95,154.1,43.0,44,,WH J135313.5+550829,0.8662,p,3055.0,102.0,810.0,0.521,18.18,0.84,7.0
208.37628,-7.53799,0.18581,24.6,203.0,,1.26,False,False,True,False,J135330.16-073219.7,f,DESI J135330.31-073216.8,p,"--,WAT",38.86,20.76,0.82,157.7,59.3,63,,WHL J135330.3-073217,0.194,p,822.0,0.0,0.0,0.871,49.68,2.21,23.0
208.42134,48.37153,0.69497,25.93,286.0,,0.58,False,True,True,False,J135340.97+482217.9,,DESI J135341.12+482217.5,p,"FR-II,WAT",41.24,22.48,0.8,155.1,21.7,39,,,,,,,,,,,
208.4161,9.70373,0.13487,24.89,158.0,,1.07,False,True,False,True,J135341.31+094235.4,"f,j",WISEA J135339.86+094213.4,s,"FR-II,NAT",139.04,42.05,1.57,48.1,17.1,64,,maxBCG J135335.9+094211,0.1349,s,580.0,58.0,144.0,0.849,44.43,1.99,28.0
208.42395,33.22816,0.05122,23.35,63.0,,,False,False,True,False,J135342.29+331339.5,a,2MASX J13534172+3313416,s,"--,WAT",33.75,16.03,0.98,148.9,62.2,61,,SPIDERS 1_08643,0.0633,p,278.0,0.0,0.0,,,,
208.43861,31.86497,0.73228,27.13,277.0,,1.28,False,False,True,False,J135345.59+315152.8,,DESI J135345.27+315153.9,p,"--,WAT",502.77,219.85,1.09,126.3,20.2,37,,Y21 J135345.3+315154,0.7364,p,2692.0,0.0,0.0,0.714,47.07,2.1,28.0
208.48859,9.35428,0.65241,26.06,236.0,,0.25,False,False,True,False,J135357.62+092110.8,,WISEA J135357.26+092115.4,s,"--,WAT",66.96,38.0,0.74,156.1,30.9,33,,,,,,,,,,,
208.51061,33.8516,0.17108,24.59,190.0,8.24,1.23,False,False,True,False,J135402.90+335101.3,,WISEA J135402.54+335105.7,s,"--,WAT",45.69,23.59,0.87,148.6,69.0,63,-22.48,maxBCG J135402.6+335106,0.1711,s,730.0,0.0,0.0,0.563,13.92,0.64,10.0
208.52683,44.28295,1.04903,25.56,149.0,,,True,False,True,False,J135406.47+441700.0,,DESI J135406.44+441658.6,p,"FR-I,WAT",8.86,6.44,0.42,138.1,9.7,18,,,,,,,,,,,
208.62274,40.2097,0.43807,24.93,140.0,8.35,1.81,False,False,True,False,J135429.77+401236.1,,WISEA J135429.45+401234.9,s,"--,WAT",14.75,11.81,0.29,164.1,45.1,24,-22.72,WHL J135429.5+401235,0.438,s,1739.0,0.0,0.0,0.65,28.14,1.28,10.0
208.63454,-3.04351,0.5863,25.71,204.0,,1.92,False,True,False,True,J135432.86-030232.4,,DESI J135432.29-030236.6,p,"FR-II,NAT",40.08,24.12,0.67,76.7,11.1,30,,WHL J135432.3-030237,0.6196,p,2339.0,0.0,0.0,0.863,69.75,3.08,36.0
208.64855,1.73625,0.2427,25.02,150.0,8.43,1.43,False,False,True,False,J135435.83+014416.2,,WISEA J135435.65+014410.5,s,"--,WAT",57.95,32.51,0.76,168.7,177.6,38,-22.68,maxBCG J135435.7+014411,0.2427,s,1016.0,0.0,0.0,0.723,27.31,1.24,12.0
208.67615,5.48226,0.07693,23.76,68.0,,,False,True,True,False,J135442.61+052901.7,f,WISEA J135442.27+052856.1,s,"FR-II,WAT",36.96,17.37,0.99,136.7,37.7,45,,[WH2015] 0862,0.077,s,336.0,0.0,0.0,,,,
208.7031,29.35358,,,,,1.61,False,True,True,False,J135448.74+292112.9,,,,"FR-II,WAT",27.25,15.64,0.73,130.9,10.2,21,,,,,,,,,,,
208.70849,33.40979,0.15279,24.68,209.0,8.68,1.23,False,False,True,False,J135450.47+332438.4,,DESI J135450.04+332435.2,p,"--,WAT",66.05,22.25,1.43,159.5,191.1,76,-23.21,maxBCG J135450.0+332435,0.1708,s,728.0,0.0,0.0,0.793,35.47,1.6,19.0
208.71083,25.21185,,,,,,False,True,True,False,J135450.60+251242.7,c,,,"FR-II,WAT",6.26,3.76,0.67,152.0,18.4,23,,,,,,,,,,,
208.80351,20.08538,0.46201,25.32,205.0,8.57,1.91,False,False,True,False,J135512.76+200510.5,,WISEA J135512.84+200507.3,s,"--,WAT",29.83,20.61,0.49,141.4,22.4,34,-23.38,Y21 J135512.6+200416,0.4622,s,1823.0,51.0,308.0,0.744,41.67,1.87,10.0
208.80921,4.58676,,,,,,False,True,True,False,J135514.21+043512.3,c,,,"FR-II,WAT",24.89,13.11,0.84,158.3,21.3,25,,,,,,,,,,,
208.86789,35.8456,0.53868,25.53,249.0,10.34,1.79,False,False,True,False,J135527.81+355050.3,,WISEA J135528.29+355044.1,s,"--,WAT",30.14,16.4,0.8,109.1,20.0,38,-23.58,WHL J135520.8+355118,0.4129,s,1650.0,97.0,549.0,0.613,20.8,0.95,12.0
208.89649,30.55726,1.38579,26.35,242.0,,,False,False,True,False,J135535.02+303325.5,c,DESI J135535.16+303326.1,p,"--,WAT",17.34,7.73,1.06,150.0,16.4,28,,,,,,,,,,,
208.91772,34.08709,0.28805,24.86,183.0,8.75,1.6,False,False,True,False,J135540.42+340508.6,,2MASS J13554028+3405134,s,"--,WAT",26.59,13.43,0.9,149.0,32.2,41,-22.76,WHL J135540.3+340513,0.2881,s,1191.0,0.0,0.0,0.733,37.08,1.67,29.0
208.94635,17.97924,0.33249,24.87,98.0,8.63,1.64,True,False,True,False,J135547.14+175847.2,f,WISEA J135547.12+175845.2,s,"FR-I,WAT",21.52,14.43,0.52,152.1,15.0,20,-23.09,,,,,,,,,,
209.01906,12.13319,0.3492,25.49,250.0,,1.7,True,False,True,False,J135604.70+120759.7,,WISEA J135604.57+120759.4,s,"FR-I,WAT",64.59,23.81,1.31,168.5,62.7,49,,WHL J135604.6+120759,0.3516,s,1429.0,1.0,5.0,0.903,65.8,2.91,41.0
209.02771,41.08944,0.34022,24.76,145.0,8.73,1.75,True,False,True,False,J135606.66+410514.8,,WISEA J135606.65+410521.9,s,"FR-I,WAT",13.73,6.32,1.02,151.5,16.2,29,-23.46,Y21 J135606.6+410522,0.3402,s,1387.0,0.0,0.0,0.578,14.95,0.69,6.0
209.04546,61.19779,0.78976,25.75,285.0,,,False,False,True,False,J135611.45+611153.6,,DESI J135610.91+611152.0,p,"--,WAT",25.14,18.01,0.44,133.7,24.2,37,,WHL J135602.7+610954,0.4538,s,1794.0,132.0,790.0,0.569,20.07,0.92,7.0
209.07834,18.29291,0.01912,23.51,58.0,,0.89,False,False,True,False,J135620.37+181748.9,,DESI J135618.80+181734.5,p,"--,WAT",357.92,92.24,1.78,144.1,140.7,145,,WH J135619.1+181609,0.703,s,2594.0,86.0,635.0,0.466,17.63,0.81,7.0
209.08656,31.44092,0.14984,24.89,111.0,8.61,1.08,True,False,True,False,J135620.53+312622.1,,DESI J135620.77+312627.3,p,"FR-I,WAT",110.45,35.68,1.48,154.4,35.7,41,-22.62,maxBCG J135620.8+312627,0.1495,s,641.0,0.0,0.0,0.819,38.38,1.72,33.0
209.0973,10.77403,0.23617,25.1,178.0,8.49,1.45,False,False,True,False,J135624.63+104618.5,,WISEA J135623.35+104626.4,s,"--,WAT",67.33,26.14,1.24,141.0,22.3,46,-23.05,maxBCG J135620.4+104724,0.241,s,1009.0,72.0,284.0,1.187,120.22,5.22,62.0
209.12944,39.01655,0.69989,25.43,191.0,9.01,1.91,False,False,True,False,J135631.11+390107.5,c,WISEA J135631.06+390059.5,s,"--,WAT",14.32,9.07,0.6,97.3,11.8,26,-23.53,,,,,,,,,,
209.15568,11.97652,0.67805,25.66,145.0,,1.71,False,True,True,False,J135637.61+115836.5,,DESI J135637.36+115835.5,p,"FR-II,WAT",21.53,10.08,1.0,114.9,24.4,20,,Y21 J135639.4+115850,0.6949,p,2570.0,33.0,243.0,0.542,23.34,1.06,10.0
209.16881,-5.07519,1.28465,27.4,619.0,,0.41,False,True,True,False,J135640.30-050434.8,,DESI J135640.52-050430.7,p,"FR-II,WAT",262.37,130.69,0.91,139.7,48.5,72,,WH J135639.1-050630,0.5803,p,2215.0,121.0,822.0,0.576,19.9,0.91,8.0
209.26402,11.64983,,,,,,False,True,True,False,J135703.36+113859.4,,,,"FR-II,WAT",25.06,12.84,0.88,122.9,11.7,28,,,,,,,,,,,
209.27469,34.7999,0.63555,25.58,169.0,8.31,1.9,False,True,True,False,J135706.51+344758.8,,SDSS J135705.92+344759.6,s,"FR-II,WAT",21.7,10.72,0.93,141.4,15.8,24,-23.02,AMF J135656.9+344718,0.565,s,2166.0,119.0,798.0,0.688,36.01,1.62,21.0
209.28614,32.97397,0.25436,25.08,262.0,,1.43,True,False,True,False,J135709.09+325827.0,,DESI J135708.67+325826.3,p,"FR-I,WAT",53.23,20.59,1.25,165.3,69.5,64,,WH J135712.4+325739,1.0311,p,3478.0,66.0,548.0,0.471,22.61,1.03,11.0
209.29034,13.44683,,,,,,False,True,True,False,J135709.68+132648.6,c,,,"FR-II,WAT",28.96,18.85,0.56,126.0,19.7,34,,,,,,,,,,,
209.36371,9.40913,0.15038,24.74,70.0,8.79,1.12,False,False,True,False,J135727.30+092431.7,,WISEA J135727.28+092432.8,s,"--,WAT",88.24,57.86,0.55,160.3,18.2,26,-22.98,maxBCG J135727.3+092433,0.1504,s,645.0,0.0,0.0,0.67,19.7,0.9,16.0
209.40169,33.5788,0.23933,24.87,125.0,8.68,1.43,False,True,True,False,J135736.94+333454.9,,WISEA J135736.40+333443.6,s,"FR-II,WAT",36.1,11.69,1.48,120.5,24.7,32,-23.0,maxBCG J135736.4+333444,0.2393,s,1002.0,0.0,0.0,0.694,30.52,1.38,20.0
209.45759,57.2122,0.75488,25.14,212.0,8.92,1.9,False,True,True,False,J135750.03+571244.3,,SDSS J135749.82+571243.9,s,"FR-II,WAT",8.21,7.53,0.11,166.4,46.2,28,-23.89,Y21 J135749.8+571244,0.7562,s,2749.0,0.0,0.0,0.683,43.19,1.93,15.0
209.52809,57.24468,0.78101,25.25,122.0,,2.17,True,False,True,False,J135807.15+571440.9,,DESI J135806.74+571440.9,p,"FR-I,WAT",6.74,3.77,0.76,109.7,13.0,16,,Y21 J135806.7+571441,0.7901,p,2846.0,0.0,0.0,0.637,37.28,1.68,16.0
209.54411,29.33236,,,,,,False,False,True,False,J135810.59+291956.5,,,,"--,WAT",34.72,15.57,1.05,161.3,23.3,31,,,,,,,,,,,
209.55067,51.32396,0.21412,24.45,133.0,8.6,1.37,True,False,True,False,J135812.13+511923.2,a,WISEA J135812.16+511926.2,s,"FR-I,WAT",19.41,8.84,1.03,126.7,18.2,37,-22.51,CFSFDP J135806.6+512058,0.284,s,1176.0,105.0,466.0,0.548,12.34,0.57,6.0
209.56473,39.54519,0.47125,25.53,415.0,,0.61,False,True,True,False,J135815.80+393251.6,,DESI J135815.53+393242.7,p,"FR-II,WAT",38.8,18.55,0.97,149.5,85.1,68,,Y21 J135815.5+393243,0.4901,p,1918.0,0.0,0.0,0.573,19.02,0.87,11.0
209.56773,18.62624,0.58977,25.88,287.0,,1.64,False,False,True,False,J135816.55+183741.6,,DESI J135816.26+183734.4,p,"--,WAT",52.11,26.31,0.9,120.8,23.5,42,,WH J135805.5+183736,0.7944,p,2858.0,153.0,1181.0,0.449,11.53,0.54,6.0
209.57426,13.87958,1.30639,26.4,249.0,,0.64,False,False,True,False,J135818.06+135249.0,,DESI J135817.82+135246.5,p,"--,WAT",18.4,6.92,1.28,139.6,22.8,29,,CFSFDP J135813.3+135417,0.3832,s,1544.0,111.0,601.0,0.463,10.61,0.5,6.0
209.5926,18.30005,0.16163,24.54,167.0,8.49,1.16,False,False,True,False,J135822.72+181800.7,,WISEA J135822.22+181800.1,s,"--,WAT",45.49,23.26,0.88,168.1,143.8,58,-22.87,,,,,,,,,,
209.60511,-6.92897,0.65803,25.56,280.0,,1.98,False,True,True,False,J135825.64-065542.7,,DESI J135825.23-065544.3,p,"FR-II,WAT",21.04,12.1,0.73,147.3,30.5,39,,WH J135825.2-065544,0.6382,p,2397.0,0.0,0.0,0.636,28.56,1.29,10.0
209.61227,8.11418,0.10585,24.61,116.0,,1.0,True,False,True,False,J135827.09+080701.8,,DESI J135826.95+080651.1,p,"FR-I,WAT",128.21,47.21,1.31,154.1,55.7,58,,maxBCG J135826.9+080651,0.102,s,443.0,0.0,0.0,0.687,20.09,0.92,16.0
209.63838,26.22975,1.27609,26.44,266.0,,1.67,False,True,True,False,J135833.38+261354.8,,DESI J135833.21+261347.1,p,"FR-II,WAT",23.51,9.66,1.17,96.0,16.1,31,,WH J135829.6+261407,0.2988,s,1232.0,52.0,239.0,0.552,14.14,0.65,9.0
209.6474,9.37111,0.17359,24.47,186.0,8.33,1.16,False,False,True,False,J135835.16+092214.4,,2MASX J13583538+0922153,s,"--,WAT",34.64,21.36,0.63,141.0,47.5,61,-22.23,,,,,,,,,,
209.65965,38.78939,0.87862,25.66,215.0,,,False,True,True,False,J135838.64+384723.4,c,DESI J135838.32+384721.8,p,"FR-II,WAT",16.12,11.65,0.43,134.3,33.2,27,,WHL J135838.5+384918,0.4744,s,1865.0,116.0,711.0,0.614,24.67,1.12,15.0
209.67535,-6.16024,,,,,,True,False,True,False,J135842.08-060936.9,,,,"FR-I,WAT",11.69,4.7,1.2,149.6,12.7,18,,,,,,,,,,,
209.68523,13.56965,0.65021,25.87,250.0,,1.94,False,True,True,False,J135844.63+133414.3,,DESI J135844.46+133410.7,p,"FR-II,WAT",39.77,19.4,0.94,165.7,,35,,,,,,,,,,,
209.73039,14.97751,0.36596,25.66,373.0,9.06,1.81,False,False,True,False,J135855.46+145843.2,,WISEA J135855.29+145839.0,s,"--,WAT",104.04,64.18,0.63,151.0,94.4,71,-23.73,WHL J135855.3+145839,0.366,s,1482.0,0.0,0.0,0.764,42.79,1.92,15.0
209.73851,3.87351,0.65488,26.09,294.0,,1.89,False,False,True,False,J135856.91+035229.3,f,DESI J209.7385+03.8735,s,"--,WAT",63.68,30.12,0.98,107.2,16.1,41,,MSPM 08638,0.1052,p,456.0,148.0,296.0,,,,
209.73681,53.4799,1.07303,26.76,460.0,,,False,True,True,False,J135857.49+532847.0,,DESI J135856.83+532847.6,p,"FR-II,WAT",96.15,49.89,0.86,161.4,47.5,55,,CFHTLS:[DAC2011] W3-0228,0.3,p,1236.0,141.0,650.0,,,,
209.77505,29.9091,0.59318,25.68,219.0,,1.68,False,True,True,False,J135906.35+295430.8,,DESI J135906.01+295432.8,p,"FR-II,WAT",39.43,27.74,0.46,168.3,60.7,32,,CFSFDP J135905.3+295540,0.6362,p,2391.0,68.0,482.0,0.473,13.65,0.63,7.0
209.87472,13.25955,0.68036,25.21,174.0,,1.83,True,False,True,False,J135929.85+131538.9,,DESI J135929.93+131534.4,p,"FR-I,WAT",11.42,9.89,0.19,106.2,12.3,24,,,,,,,,,,,
209.90567,11.45325,0.8075,26.0,349.0,,1.74,False,True,True,False,J135936.91+112719.1,,DESI J135937.36+112711.7,p,"FR-II,WAT",34.39,19.02,0.78,106.2,21.0,45,,Y21 J135937.4+112712,0.8447,p,2997.0,0.0,0.0,0.571,30.69,1.39,12.0
209.92387,27.00462,1.04856,26.38,308.0,,0.38,False,False,True,False,J135942.16+270017.9,,DESI J135941.73+270016.6,p,"--,WAT",52.3,33.66,0.58,164.0,46.0,37,,,,,,,,,,,
209.93166,29.23984,0.21086,24.73,85.0,,1.16,False,False,True,False,J135943.74+291426.5,,DESI J135943.60+291423.4,p,"--,WAT",40.49,22.79,0.75,161.2,23.1,24,,GMBCG J135947.9+291406,0.5399,s,2084.0,59.0,387.0,0.644,23.69,1.08,13.0
209.9464,36.50888,0.14145,24.65,108.0,,1.11,False,False,True,False,J135947.54+363038.4,,DESI J135947.14+363032.0,p,"--,WAT",80.01,46.42,0.71,158.5,57.6,42,,,,,,,,,,,
209.96126,-1.0443,0.34875,25.1,112.0,,1.71,False,False,False,True,J135950.28-010237.2,"b,f",WISEA J135950.70-010239.4,s,"--,NAT",28.99,13.92,0.96,79.3,24.4,22,,WHL J135945.5-010309,0.3534,s,1436.0,84.0,432.0,0.659,26.63,1.21,15.0
209.97457,4.16402,0.24727,24.96,192.0,8.49,1.46,True,False,True,False,J135953.68+040948.0,,WISEA J135953.89+040950.4,s,"FR-I,WAT",48.32,26.75,0.78,137.9,24.4,48,-23.15,WHL J135953.9+040951,0.2472,s,1033.0,0.0,0.0,0.689,28.79,1.3,8.0
209.97589,61.32924,0.17779,24.41,127.0,,1.24,False,False,True,False,J135953.93+611943.8,,WISEA J135954.21+611945.2,s,"--,WAT",30.03,22.53,0.38,156.5,92.3,41,,,,,,,,,,,
209.99902,44.73183,,,,,,True,False,True,False,J135959.76+444354.6,f,,,"FR-I,WAT",22.22,7.3,1.46,126.8,7.8,18,,,,,,,,,,,
210.00355,28.49995,0.06242,24.54,177.0,8.54,0.95,False,False,True,False,J140000.27+283001.8,j,SDSS J140000.85+282959.8,s,"--,WAT",315.48,56.17,2.26,167.5,122.1,142,-22.78,NSC J140001+283133,0.0574,p,252.0,93.0,107.0,,,,
210.0306,5.46519,0.55064,25.72,165.0,,1.88,False,True,True,False,J140007.53+052800.6,,WISEA J140007.34+052754.6,s,"FR-II,WAT",41.97,20.71,0.93,93.5,29.5,25,,redMaPPer J140007.4+052755,0.5506,s,2119.0,0.0,0.0,0.681,27.1,1.23,12.0
210.04294,-2.62638,0.41664,25.31,216.0,,1.93,False,True,True,False,J140010.50-023733.6,a,WISEA J140010.30-023734.9,s,"FR-II,WAT",30.82,14.85,0.96,163.1,51.4,38,,,,,,,,,,,
210.07577,28.35004,0.85614,26.25,743.0,,0.57,False,False,True,False,J140016.91+282100.0,,DESI J140018.18+282100.1,p,"--,WAT",34.36,10.89,1.51,144.5,126.3,94,,WH J140018.2+282048,0.7225,p,2651.0,12.0,90.0,0.515,16.86,0.78,8.0
210.09095,41.07551,0.25183,24.77,203.0,,1.47,False,False,True,False,J140022.86+410435.3,,WISEA J140021.82+410431.8,s,"--,WAT",26.64,10.01,1.28,153.1,86.1,50,,WH J140007.7+410434,0.5493,s,2115.0,159.0,1052.0,0.536,19.85,0.91,7.0
210.14403,56.10724,0.40302,25.72,150.0,,1.89,True,False,True,False,J140034.79+560631.0,,DESI J140034.57+560626.1,p,"FR-I,WAT",63.4,15.48,1.85,127.3,12.3,27,,AMF J140036.2+560543,0.535,p,2068.0,45.0,294.0,0.637,30.08,1.36,16.0
210.19717,36.81477,0.59851,25.03,117.0,,2.0,False,True,True,False,J140047.15+364854.0,,DESI J140047.32+364853.2,p,"FR-II,WAT",9.42,7.41,0.31,111.1,8.4,17,,WHL J140044.6+364844,0.5796,s,2213.0,34.0,231.0,0.539,20.42,0.93,12.0
210.24777,12.10627,1.15698,26.75,441.0,,0.4,False,True,True,False,J140059.46+120624.2,,DESI J140059.46+120622.6,p,"FR-II,WAT",78.26,40.17,0.88,169.3,90.4,52,,,,,,,,,,,
210.29801,59.32116,0.91506,26.29,403.0,,1.29,False,False,True,False,J140111.43+591918.0,,DESI J140111.52+591916.2,p,"--,WAT",46.58,23.58,0.89,159.5,784.3,50,,WH J140102.1+591743,0.9232,p,3206.0,118.0,954.0,0.498,17.92,0.82,7.0
210.34755,7.67783,0.2707,24.46,107.0,8.6,1.51,True,False,True,False,J140123.48+074043.9,f,WISEA J140123.41+074040.1,s,"FR-I,WAT",14.25,12.4,0.18,152.5,20.7,25,-22.83,WHL J140123.4+074040,0.2707,s,1124.0,0.0,0.0,0.763,39.32,1.77,21.0
210.35606,-4.95574,,,,,,False,True,True,False,J140125.45-045720.7,,,,"FR-II,WAT",14.24,6.25,1.08,168.4,129.0,41,,,,,,,,,,,
210.39047,0.05535,0.18768,24.28,78.0,8.32,1.2,False,False,True,False,J140134.13+000319.8,,WISEA J140133.71+000319.2,s,"--,WAT",15.49,3.97,1.79,117.5,68.1,24,-22.22,maxBCG J140133.7+000319,0.1877,s,797.0,0.0,0.0,0.704,27.49,1.25,18.0
210.43798,10.74346,0.04702,22.95,39.0,,0.88,False,False,True,False,J140145.55+104442.6,,DESI J140145.12+104436.4,p,"--,WAT",16.17,10.19,0.61,143.4,168.7,41,,CLuMPR J140139.6+104408,0.7664,p,2778.0,87.0,663.0,0.549,21.58,0.99,12.0
210.45133,28.55585,0.0645,24.06,46.0,9.53,,True,False,True,False,J140148.23+283318.3,f,CGCG 162-052,s,"FR-I,WAT",103.51,33.72,1.47,145.6,23.4,36,-22.45,WHL J140148.3+283321,0.0645,s,282.0,0.0,0.0,0.602,11.48,0.53,6.0
210.51564,21.71884,0.64058,25.78,241.0,,1.84,False,False,True,False,J140203.87+214312.0,,DESI J140203.75+214307.8,p,"--,WAT",35.49,19.19,0.81,140.9,15.8,34,,,,,,,,,,,
210.56172,58.29639,1.2658,26.89,480.0,,0.28,False,False,True,False,J140216.09+581746.3,,WISEA J140214.81+581746.9,s,"--,WAT",220.11,271.04,-0.27,147.3,38.0,56,,,,,,,,,,,
210.571,-1.72264,0.41923,25.11,222.0,,1.69,False,True,True,False,J140217.07-014320.4,,DESI J140217.04-014321.5,p,"FR-II,WAT",19.96,10.33,0.86,169.1,35.5,39,,,,,,,,,,,
210.58643,1.65275,0.25349,24.57,196.0,8.62,1.46,False,False,True,False,J140220.92+013913.8,a,WISEA J140220.74+013909.9,s,"--,WAT",17.93,8.53,0.97,133.5,88.5,48,-22.87,WHL J140219.6+013657,0.4053,s,1624.0,134.0,750.0,0.884,62.9,2.78,32.0
210.61581,41.17671,,,,,,False,False,True,False,J140227.79+411036.1,,,,"--,WAT",10.22,10.04,0.02,164.7,38.0,27,,,,,,,,,,,
210.72518,27.23416,0.15666,24.6,146.0,8.56,,False,False,True,False,J140254.54+271413.2,,WISEA J140254.04+271402.9,s,"--,WAT",55.82,25.94,1.01,155.7,,52,-22.77,maxBCG J140254.1+271403,0.1572,s,673.0,0.0,0.0,0.767,33.88,1.53,29.0
210.7291,-2.78369,1.18258,26.66,306.0,,0.71,False,False,True,False,J140255.01-024700.6,,DESI J140254.98-024701.3,p,"--,WAT",70.04,42.14,0.67,162.2,26.6,36,,,,,,,,,,,
210.80539,6.16899,0.08284,24.77,87.0,9.06,,True,False,False,True,J140313.93+061024.0,f,2MASX J14031331+0610081,s,"FR-I,NAT",329.16,183.34,0.77,76.8,19.8,54,-22.83,maxBCG J140313.3+061008,0.0828,s,361.0,0.0,0.0,0.624,15.23,0.7,8.0
210.81254,58.58407,0.85762,26.31,387.0,,0.84,False,False,True,False,J140315.81+583500.1,,DESI J140315.01+583502.7,p,"--,WAT",78.64,58.19,0.4,165.9,173.7,49,,CFSFDP J140315.0+583503,0.809,p,2899.0,0.0,0.0,0.574,23.81,1.08,8.0
210.81791,23.82382,0.39044,25.02,147.0,,1.82,False,False,True,False,J140316.59+234919.7,,WISEA J140316.29+234925.7,s,"--,WAT",21.14,13.88,0.55,91.3,56.7,27,,,,,,,,,,,
210.82956,-0.0807,0.39442,24.94,176.0,,1.82,True,False,True,False,J140319.37-000448.0,,WISEA J140319.09-000450.4,s,"FR-I,WAT",17.43,11.71,0.52,127.6,20.4,32,,WH J140319.1-000450,0.3921,p,1576.0,0.0,0.0,0.427,12.96,0.6,6.0
210.83606,51.70897,,,,,,False,True,True,False,J140320.65+514232.3,,,,"FR-II,WAT",46.05,19.16,1.15,165.8,89.7,59,,,,,,,,,,,
210.83896,18.82772,0.36029,24.91,119.0,,1.72,True,False,True,False,J140321.11+184946.1,,DESI J140321.35+184939.8,p,"FR-I,WAT",18.74,10.74,0.73,97.3,11.6,23,,WHL J140321.2+184943,0.3325,s,1358.0,4.0,20.0,0.642,22.39,1.02,15.0
210.87242,-5.53978,0.24897,24.7,246.0,,,True,False,True,False,J140329.11-053207.2,,DESI J140329.38-053223.2,p,"FR-I,WAT",27.12,17.03,0.61,152.1,56.8,61,,WH J140329.4-053223,0.2444,p,1022.0,0.0,0.0,0.557,17.55,0.81,10.0
210.89028,17.71809,0.43626,26.14,175.0,,0.77,False,False,True,False,J140333.82+174301.0,,DESI J140333.67+174305.1,p,"--,WAT",141.44,36.86,1.76,114.8,12.1,30,,,,,,,,,,,
210.90684,13.61817,1.48748,26.33,147.0,,0.34,False,True,False,True,J140337.96+133705.8,,DESI J140337.64+133705.4,p,"FR-II,NAT",15.88,8.06,0.89,82.1,5.9,17,,WH J140340.4+133624,0.625,s,2356.0,58.0,408.0,0.475,11.21,0.52,6.0
210.92135,5.44594,0.77257,25.56,221.0,,2.48,False,True,True,False,J140341.04+052646.7,,WISEA J140341.12+052645.3,s,"FR-II,WAT",11.6,4.96,1.11,149.4,49.8,29,,CFSFDP J140341.1+052646,0.7727,s,2796.0,0.0,0.0,0.702,42.95,1.92,22.0
210.93053,28.15583,0.92058,26.4,419.0,,2.5,False,True,True,False,J140343.22+280927.8,,DESI J140343.33+280921.0,p,"FR-II,WAT",47.78,18.49,1.25,136.8,36.1,52,,WH J140340.2+281002,0.2732,p,1134.0,59.0,255.0,0.414,11.07,0.52,6.0
210.93974,10.64922,0.49464,25.46,163.0,,1.58,False,False,True,False,J140345.11+103901.6,,WISEA J140345.53+103857.1,s,"--,WAT",34.28,21.69,0.6,145.5,,26,-23.38,,,,,,,,,,
210.95757,49.88486,0.49125,26.04,162.0,6.9,1.71,False,False,False,True,J140349.29+495301.1,,WISEA J140349.81+495305.4,s,"--,NAT",98.84,36.5,1.31,88.0,11.1,26,-22.47,WHL J140351.4+495034,0.5565,s,2138.0,152.0,1012.0,0.582,14.07,0.65,9.0
211.02358,24.87542,0.72492,26.27,246.0,,0.15,False,False,False,True,J140405.80+245224.9,,SDSS J140405.65+245231.4,s,"--,NAT",58.03,19.27,1.45,63.5,23.4,33,,WHL J140355.8+245408,0.4711,s,1853.0,165.0,1008.0,0.6,16.12,0.86,6.0
211.04345,60.29786,0.50435,25.78,601.0,8.56,1.81,False,True,True,False,J140409.50+601748.1,,SDSS J140410.42+601752.3,s,"FR-II,WAT",48.52,16.64,1.4,158.4,,95,-23.35,CLuMPR J140410.4+601752,0.5044,s,1966.0,0.0,0.0,0.491,14.92,0.69,10.0
211.0701,34.22139,0.93215,26.77,332.0,,0.16,False,True,True,False,J140416.80+341314.0,,WISEA J140416.82+341317.0,s,"FR-II,WAT",141.65,76.52,0.81,151.9,84.5,41,,,,,,,,,,,
211.08036,46.21033,0.62468,25.43,400.0,,1.78,False,False,True,False,J140419.70+461235.1,,DESI J140419.29+461237.2,p,"--,WAT",18.85,11.9,0.6,165.2,166.7,57,,WH J140427.9+461344,0.8227,p,2937.0,112.0,875.0,0.507,19.71,0.9,6.0
211.14824,22.53539,0.21803,24.38,91.0,8.16,1.36,True,False,True,False,J140435.74+223214.8,,WISEA J140435.57+223207.4,s,"FR-I,WAT",15.32,6.28,1.17,117.1,26.4,25,-22.23,maxBCG J140434.9+223211,0.2195,s,924.0,10.0,37.0,0.736,33.64,1.52,19.0
211.20816,6.82208,,,,,,False,True,True,False,J140449.96+064919.5,,,,"FR-II,WAT",23.19,5.46,1.9,154.0,27.7,33,,,,,,,,,,,
211.3082,3.49252,0.70519,25.74,184.0,,1.84,False,True,False,True,J140514.49+032943.1,,WISEA J140513.97+032933.1,s,"FR-II,NAT",28.68,18.01,0.61,75.0,35.0,25,,AMF J140514.0+032933,0.5606,s,2152.0,0.0,0.0,0.772,51.88,2.31,24.0
211.51703,40.69415,0.21092,25.66,171.0,8.76,1.46,True,False,False,True,J140604.68+404147.5,"a,f,h,j",WISEA J140604.08+404138.9,s,"FR-I,NAT",328.73,155.77,0.98,64.3,16.2,48,-23.54,AMF J140600.7+403843,0.4162,s,1662.0,180.0,1024.0,0.464,10.97,0.51,7.0
211.52369,2.19813,0.80557,25.56,224.0,,2.52,True,False,True,False,J140605.70+021157.0,f,DESI J140605.69+021153.3,p,"FR-I,WAT",16.76,13.26,0.31,139.3,34.3,29,,,,,,,,,,,
211.54506,-7.11731,0.73484,26.58,232.0,,,True,False,True,False,J140610.57-070654.6,,DESI J140610.81-070702.3,p,"FR-I,WAT",231.83,207.05,0.15,101.7,14.3,31,,,,,,,,,,,
211.5746,27.93697,0.38584,25.69,375.0,8.87,1.88,True,False,True,False,J140617.86+275614.3,g,WISEA J140617.90+275613.0,s,"FR-I,WAT",92.42,48.56,0.84,166.3,84.3,69,-23.81,WHL J140617.9+275613,0.3864,s,1556.0,0.0,0.0,0.912,67.8,2.99,34.0
211.5995,29.71652,0.3391,25.01,175.0,8.77,1.59,False,True,True,False,J140624.33+294300.1,,2MASS J14062383+2942595,s,"FR-II,WAT",24.52,11.27,1.02,128.8,24.2,35,-22.74,WHL J140624.1+294304,0.3458,s,1408.0,5.0,25.0,0.946,77.02,3.39,39.0
211.67369,60.37288,0.30752,24.93,168.0,8.76,1.61,False,True,True,False,J140642.17+602231.4,c,WISEA J140641.68+602222.3,s,"FR-II,WAT",27.13,13.98,0.87,111.4,17.3,36,-23.53,WHL J140641.7+602222,0.3075,s,1265.0,0.0,0.0,0.756,32.88,1.48,19.0
211.69815,11.53541,0.49725,25.52,301.0,,1.83,False,False,True,False,J140647.45+113201.6,,SDSS J140647.55+113207.4,s,"--,WAT",35.18,18.65,0.83,138.8,108.1,48,,WHL J140646.6+113155,0.498,s,1945.0,19.0,120.0,0.768,48.5,2.16,26.0
211.70036,17.24167,0.5998,25.33,345.0,8.87,2.01,False,True,True,False,J140647.93+171436.8,,WISEA J140648.08+171429.9,s,"FR-II,WAT",15.93,9.91,0.62,142.0,36.0,50,-22.9,WHL J140648.1+171430,0.5998,s,2277.0,0.0,0.0,0.49,17.0,0.78,6.0
211.73961,44.62012,0.43657,25.68,292.0,8.53,1.86,True,False,True,False,J140657.26+443723.1,a,WISEA J140657.50+443712.4,s,"FR-I,WAT",67.32,35.18,0.85,130.0,31.6,50,-23.12,Y21 J140657.5+443712,0.4366,s,1734.0,0.0,0.0,0.605,20.76,0.95,13.0
211.72966,55.06737,0.25053,25.39,389.0,8.65,1.53,True,False,True,False,J140657.78+550357.9,,WISEA J140655.11+550402.5,s,"FR-I,WAT",120.99,56.95,0.99,144.8,83.4,96,-23.64,maxBCG J140655.1+550403,0.2505,s,1046.0,0.0,0.0,0.882,54.97,2.44,29.0
211.78936,1.55224,0.958,26.8,473.0,,0.96,False,False,True,False,J140708.96+013311.9,,DESI J140709.45+013308.1,p,"--,WAT",112.3,46.07,1.17,135.4,40.8,58,,WH J140709.4+013308,1.045,p,3512.0,0.0,0.0,0.442,15.18,0.7,9.0
211.80429,42.95991,0.57535,25.66,230.0,,1.85,True,False,False,True,J140712.24+425726.2,f,DESI J140713.03+425735.7,p,"FR-I,NAT",31.93,14.95,1.0,76.1,13.0,34,,WHL J140711.9+425629,0.5629,s,2159.0,68.0,455.0,0.661,35.12,1.58,12.0
211.85043,45.19727,0.38982,25.21,180.0,8.87,1.79,False,True,True,False,J140724.06+451154.5,,SDSS J140724.10+451150.1,s,"FR-II,WAT",32.95,21.8,0.54,123.2,15.2,33,-23.08,WHL J140724.1+451150,0.3881,s,1562.0,0.0,0.0,0.659,29.72,1.35,15.0
211.92576,27.36626,0.2353,24.94,123.0,8.21,1.39,False,False,False,True,J140742.44+272210.1,,WISEA J140742.18+272158.5,s,"--,NAT",54.23,35.59,0.55,68.8,11.2,32,-22.86,maxBCG J140742.1+272158,0.2353,s,987.0,1.0,4.0,0.801,40.12,1.8,27.0
211.92913,0.89356,0.66949,25.47,173.0,,1.91,False,False,False,True,J140743.12+005342.6,,WISEA J140742.99+005336.8,s,"--,NAT",18.29,12.4,0.51,78.1,7.3,24,,WHL J140743.0+005337,0.6695,s,2493.0,0.0,7.0,0.673,36.71,1.65,25.0
211.95231,44.18506,0.50222,25.18,246.0,8.86,1.87,False,False,True,False,J140749.15+441105.8,,WISEA J140748.55+441106.2,s,"--,WAT",16.37,9.41,0.73,154.9,63.3,39,-23.27,Y21 J140748.6+441106,0.5353,p,2069.0,0.0,0.0,0.467,15.89,0.73,8.0
212.03058,55.1261,0.24721,24.82,88.0,8.41,1.5,False,True,False,True,J140806.42+550723.2,,WISEA J140807.33+550733.9,s,"FR-II,NAT",32.94,15.26,1.01,44.6,6.2,22,-22.96,maxBCG J140807.3+550734,0.2472,s,1033.0,0.0,0.0,0.762,32.65,1.47,23.0
212.02862,45.682,0.52568,24.86,155.0,8.27,1.9,True,False,True,False,J140807.03+454052.6,f,WISEA J140806.86+454055.1,s,"FR-I,WAT",9.52,9.28,0.03,122.9,11.6,24,-23.9,WHL J140812.5+453806,0.6687,s,2491.0,179.0,1295.0,0.519,17.59,0.81,9.0
212.06955,35.36835,0.33835,25.19,124.0,,1.56,True,False,True,False,J140816.96+352207.2,,DESI J140816.69+352206.1,p,"FR-I,WAT",36.61,15.66,1.11,123.0,16.4,25,,GMBCG J140816.7+352206,0.3413,p,1391.0,0.0,0.0,0.507,10.73,0.5,11.0
212.13542,47.64376,1.43393,26.65,355.0,,0.36,False,False,True,False,J140832.50+473844.2,,WISEA J140832.50+473837.5,s,"--,WAT",43.26,25.29,0.7,145.9,42.5,41,,,,,,,,,,,
212.22412,5.19083,,,,,,False,True,True,False,J140853.79+051127.0,f,,,"FR-II,WAT",5.22,3.19,0.65,164.0,33.6,28,,,,,,,,,,,
212.38362,26.24289,0.70442,25.38,147.0,,2.06,True,False,False,True,J140931.98+261441.2,,DESI J140932.07+261434.4,p,"FR-I,NAT",13.39,9.19,0.49,29.2,6.6,20,,AMF J140923.6+261410,0.6857,s,2542.0,116.0,848.0,0.552,20.0,0.92,9.0
212.39883,22.50387,0.73358,25.4,195.0,,1.93,False,True,True,False,J140935.46+223013.6,,DESI J140935.72+223013.9,p,"FR-II,WAT",13.18,9.27,0.46,165.4,46.4,26,,WH J140935.7+223014,0.7506,p,2733.0,0.0,0.0,0.587,30.44,1.38,18.0
212.39814,21.0626,,,,,,False,True,True,False,J140935.55+210345.4,c,,,"FR-II,WAT",13.32,10.61,0.3,109.6,7.8,22,,,,,,,,,,,
212.43281,47.03724,0.20661,24.71,87.0,,1.35,True,False,True,False,J140944.13+470214.5,,WISEA J140943.87+470214.0,s,"FR-I,WAT",40.64,22.92,0.75,145.6,46.3,25,,WH J140948.4+470200,0.8893,p,3117.0,48.0,384.0,0.434,12.32,0.57,6.0
212.44274,16.27565,0.39319,25.76,230.0,7.82,1.78,False,True,True,False,J140946.31+161635.1,,WISEA J140946.25+161632.3,s,"FR-II,WAT",103.35,52.13,0.9,155.7,50.2,42,-22.26,,,,,,,,,,
212.46316,53.95079,0.49207,24.91,150.0,,1.67,False,False,True,False,J140950.50+535659.3,,DESI J140951.16+535702.8,p,"--,WAT",11.01,9.09,0.25,110.5,19.4,24,,GMBCG J140949.5+535655,0.4577,s,1807.0,16.0,96.0,0.54,17.39,0.8,10.0
212.54228,22.10561,0.23335,24.45,107.0,8.27,1.38,False,False,True,False,J141010.39+220621.3,,WISEA J141010.14+220620.1,s,"--,WAT",16.44,8.23,0.91,134.6,22.8,28,-22.69,,,,,,,,,,
212.54325,45.97455,0.52318,25.63,251.0,,1.74,False,True,True,False,J141010.56+455826.8,,DESI J141010.38+455828.4,p,"FR-II,WAT",45.62,31.19,0.5,143.3,21.9,39,,CFSFDP J141025.7+455734,0.7776,s,2810.0,169.0,1295.0,0.618,31.5,1.42,18.0
212.56597,17.56775,,,,,,False,True,True,False,J141015.83+173403.9,,,,"FR-II,WAT",784.25,300.71,1.26,153.9,22.2,29,,,,,,,,,,,
212.60395,9.03052,0.69752,26.19,235.0,,1.77,False,False,False,True,J141025.35+090149.2,,DESI J141024.95+090149.9,p,"--,NAT",70.8,35.39,0.91,90.0,12.4,32,,WH J141025.9+090338,1.0894,p,3618.0,109.0,915.0,0.353,11.42,0.53,6.0
212.63762,53.17306,0.3336,24.69,163.0,,1.57,False,False,True,False,J141032.84+531029.8,,DESI J141033.03+531023.0,p,"--,WAT",16.04,14.55,0.13,114.7,18.8,33,,Y21 J141032.4+531016,0.3502,s,1424.0,9.0,46.0,0.609,23.46,1.07,19.0
212.66539,7.46581,0.32129,25.25,212.0,8.81,1.61,False,True,True,False,J141040.18+072758.4,,WISEA J141039.69+072756.9,s,"FR-II,WAT",47.5,19.85,1.14,137.8,48.3,44,-23.41,GMBCG J141040.5+072815,0.3213,s,1317.0,22.0,106.0,0.806,43.72,1.96,16.0
212.71189,30.23598,0.17461,24.92,202.0,,1.19,True,False,True,False,J141051.66+301406.5,,SDSS J141050.85+301409.5,s,"FR-I,WAT",85.93,31.51,1.32,159.3,175.2,66,,maxBCG J141050.9+301409,0.1746,s,744.0,0.0,0.0,0.817,28.58,1.3,27.0
212.73295,-6.61143,,,,,,False,True,True,False,J141055.91-063641.1,f,,,"FR-II,WAT",113.7,50.36,1.07,144.1,63.8,37,,,,,,,,,,,
212.77324,41.27529,0.16229,24.55,72.0,,1.14,True,False,True,False,J141105.64+411632.8,,DESI J141105.58+411631.0,p,"FR-I,WAT",41.0,11.56,1.66,139.8,17.5,25,,,,,,,,,,,
212.78347,19.88419,0.51939,25.93,276.0,,0.07,False,True,True,False,J141108.25+195257.7,,WISEA J141108.03+195303.0,s,"FR-II,WAT",78.58,39.96,0.89,149.8,97.5,43,,Y21 J141108.1+195213,0.6931,p,2564.0,50.0,367.0,0.467,15.41,0.71,8.0
212.78868,45.59019,0.35079,25.2,353.0,8.73,1.73,False,False,True,False,J141108.66+453519.7,,WISEA J141109.28+453524.6,s,"--,WAT",35.44,16.08,1.04,157.5,21.5,69,-22.65,WH J141106.7+453307,0.7984,p,2869.0,141.0,1090.0,0.432,16.27,0.75,8.0
212.86761,-6.91394,0.39805,26.18,537.0,,,False,False,True,False,J141128.62-065454.5,,DESI J141128.23-065450.2,p,"--,WAT",185.46,41.89,1.95,159.4,35.9,97,,Y21 J141125.8-065729,0.3877,p,1560.0,163.0,889.0,0.744,31.94,1.44,22.0
212.87203,10.81655,0.16118,24.37,86.0,,1.15,False,False,True,False,J141129.15+104902.3,f,WISEA J141129.28+104859.5,s,"--,WAT",32.17,18.56,0.72,107.5,10.7,30,,maxBCG J141129.3+104859,0.1612,s,689.0,1.0,3.0,0.534,12.24,0.57,9.0
212.89513,7.04761,1.16053,25.91,313.0,,0.29,False,False,True,False,J141134.66+070253.4,,DESI J141134.83+070251.4,p,"--,WAT",18.24,15.33,0.23,169.6,56.8,37,,WH J141133.1+070238,0.8293,p,2955.0,29.0,227.0,0.36,13.23,0.61,7.0
212.91036,-7.52722,0.98188,26.46,591.0,,,False,True,True,False,J141138.03-073140.2,f,DESI J141138.49-073138.0,p,"FR-II,WAT",54.5,25.5,1.0,154.7,99.9,72,,WH J141140.2-073126,0.8953,p,3133.0,28.0,224.0,0.424,15.61,0.72,7.0
212.9205,1.44826,0.46913,24.96,158.0,8.79,1.86,False,True,True,False,J141141.03+012652.8,,WISEA J141140.92+012653.7,s,"FR-II,WAT",13.83,11.42,0.25,169.5,25.5,26,-23.43,Y21 J141140.9+012654,0.4691,s,1846.0,0.0,0.0,0.579,25.24,1.15,8.0
212.98027,34.2528,1.8188,27.54,242.0,,0.0,False,True,True,False,J141155.10+341515.7,c,[HB89] 1409+344,s,"FR-II,WAT",203.08,122.14,0.67,145.5,34.9,28,,,,,,,,,,,
213.06953,4.2242,0.31172,24.82,118.0,8.42,1.64,False,False,True,False,J141216.42+041329.4,,WISEA J141216.68+041327.1,s,"--,WAT",18.98,7.98,1.14,132.2,14.0,25,-22.41,WHL J141217.7+041326,0.3122,s,1282.0,16.0,76.0,0.763,36.14,1.63,16.0
213.10117,27.29941,0.29387,24.62,81.0,,1.55,True,False,False,True,J141224.78+271801.1,,WISEA J141224.28+271757.8,s,"FR-I,NAT",14.77,8.02,0.8,64.4,7.7,18,,,,,,,,,,,
213.21491,1.89616,2.0239,26.34,231.0,,0.06,False,True,True,False,J141251.68+015352.2,f,DESI J141251.58+015346.2,p,"FR-II,WAT",21.69,22.19,-0.03,124.4,30.4,27,,WH J141253.3+015108,0.469,s,1846.0,161.0,981.0,0.682,27.85,1.26,11.0
213.21384,28.52347,0.26177,25.06,188.0,,1.47,False,True,True,False,J141251.76+283125.7,,SDSS J141251.32+283124.4,s,"FR-II,WAT",51.52,26.14,0.89,166.6,88.1,45,,WHL J141251.3+283124,0.262,s,1091.0,0.0,0.0,0.75,30.47,1.38,16.0
213.21825,28.71218,0.66012,25.8,179.0,,1.82,True,False,True,False,J141252.44+284241.6,,WISEA J141252.38+284243.8,s,"FR-I,WAT",34.72,19.05,0.79,133.9,11.1,25,,Y21 J141247.2+284346,0.6601,s,2464.0,92.0,662.0,0.583,20.18,0.92,16.0
213.22383,21.96174,0.6306,25.74,190.0,,1.72,False,False,True,False,J141253.63+215746.9,f,DESI J141253.72+215742.3,p,"--,WAT",40.35,28.66,0.45,115.8,14.0,27,,,,,,,,,,,
213.24071,14.73423,0.14136,24.55,108.0,8.14,1.08,True,False,True,False,J141258.13+144408.5,,WISEA J141257.76+144403.2,s,"FR-I,WAT",62.78,32.23,0.87,128.0,21.1,42,-22.28,GMBCG J141257.8+144403,0.146,s,626.0,0.0,0.0,0.885,46.4,2.07,36.0
213.26665,32.89026,1.14657,26.56,313.0,,0.34,False,False,True,False,J141303.96+325324.2,,WISEA J141303.99+325324.9,s,"--,WAT",74.59,56.02,0.38,166.6,37.6,37,,WH J141307.7+325342,0.6184,s,2336.0,49.0,343.0,0.553,26.02,1.18,10.0
213.29057,-5.17594,0.97854,26.72,393.0,,,False,True,True,False,J141309.94-051032.8,,DESI J141309.74-051033.4,p,"FR-II,WAT",109.33,56.75,0.86,167.9,,48,,,,,,,,,,,
213.3711,45.32304,0.21078,24.49,92.0,,1.32,False,False,True,False,J141328.96+451927.7,,DESI J141329.06+451922.9,p,"--,WAT",21.85,9.56,1.08,123.8,18.1,26,,maxBCG J141329.1+451923,0.2182,s,919.0,0.0,0.0,0.79,36.76,1.65,11.0
213.37256,48.74031,0.18349,24.86,137.0,7.92,1.22,False,True,True,False,J141330.77+484435.1,f,WISEA J141329.41+484425.1,s,"FR-II,WAT",72.63,37.93,0.85,113.1,32.4,43,-22.25,WHL J141331.7+484419,0.1835,s,780.0,24.0,77.0,0.719,28.26,1.28,12.0
213.42653,19.84154,,,,,,False,True,True,False,J141342.37+195029.6,,,,"FR-II,WAT",15.05,8.77,0.71,154.3,68.9,26,,,,,,,,,,,
213.45196,8.48405,,,,,,False,False,True,False,J141348.47+082902.6,c,,,"--,WAT",7.38,8.39,-0.17,139.8,49.6,23,,,,,,,,,,,
213.58221,49.30656,0.56766,25.43,188.0,,0.43,True,False,True,False,J141419.63+491824.8,,WISEA J141419.73+491823.6,s,"FR-I,WAT",21.17,11.48,0.8,167.1,45.6,28,,,,,,,,,,,
213.59212,31.15808,0.43206,25.22,308.0,,1.01,False,True,True,False,J141422.40+310934.3,,DESI J141422.11+310929.1,p,"FR-II,WAT",26.56,16.64,0.61,169.8,97.4,53,,WH J141418.8+311022,0.8274,p,2950.0,68.0,532.0,0.491,17.68,0.81,7.0
213.67221,6.61949,,,,,,False,True,True,False,J141441.33+063710.2,c,,,"FR-II,WAT",5.91,4.08,0.49,142.4,12.2,20,,,,,,,,,,,
213.70718,12.68483,,,,,,False,True,True,False,J141449.72+124105.4,,,,"FR-II,WAT",18.48,13.18,0.44,142.3,15.2,25,,,,,,,,,,,
213.73539,54.93166,0.3619,25.52,261.0,8.57,1.74,False,True,True,False,J141455.35+545543.7,,WISEA J141456.49+545553.9,s,"FR-II,WAT",60.8,19.91,1.46,132.7,26.5,50,-23.01,WHL J141456.5+545554,0.3619,s,1467.0,0.0,0.0,0.537,14.85,0.69,6.0
213.73284,17.77202,0.33739,25.46,209.0,,1.65,True,False,False,True,J141456.91+174612.0,,WISEA J141455.88+174619.2,s,"FR-I,NAT",78.93,48.86,0.63,48.3,11.5,42,,WHL J141455.9+174619,0.3544,p,1439.0,0.0,0.0,,,,
213.73577,0.20637,0.12709,24.74,183.0,,1.06,True,False,True,False,J141457.41+001218.0,"d,h,j",WISEA J141456.58+001222.9,s,"FR-I,WAT",111.56,34.09,1.56,107.7,20.0,78,,maxBCG J141456.6+001223,0.127,s,548.0,0.0,0.0,0.897,49.49,2.21,29.0
213.80828,-1.6177,0.14959,25.16,338.0,8.87,,False,False,True,False,J141513.62-013707.8,d,WISEA J141513.98-013703.7,s,"--,WAT",223.23,108.42,0.95,165.3,94.5,125,-23.45,maxBCG J141514.0-013704,0.1496,s,641.0,0.0,0.0,0.757,29.26,1.33,19.0
213.86988,9.44375,0.61751,25.21,209.0,,1.86,False,True,True,False,J141528.89+092634.1,,WISEA J141528.77+092637.5,s,"FR-II,WAT",14.17,12.26,0.19,136.8,18.4,30,,WH J141528.8+092638,0.6175,s,2333.0,0.0,0.0,0.533,18.87,0.87,7.0
213.91195,23.4473,1.0997,,184.0,,,False,False,True,False,J141538.91+232653.7,f,DESI J141538.87+232650.3,p,"--,WAT",38.58,,,102.7,11.2,22,,,,,,,,,,,
213.94145,58.72079,,,,,,False,True,True,False,J141545.95+584314.9,,,,"FR-II,WAT",14.76,6.55,1.07,150.5,32.5,37,,,,,,,,,,,
213.98794,2.60761,0.47455,25.3,147.0,,1.97,True,False,True,False,J141556.99+023626.9,,WISEA J141557.10+023627.3,s,"FR-I,WAT",21.8,9.81,1.05,152.4,22.9,24,,WHL J141557.1+023628,0.4745,s,1865.0,0.0,0.0,0.78,49.71,2.22,30.0
214.02243,12.75495,0.54045,25.03,157.0,8.62,1.88,False,False,True,False,J141605.76+124520.5,,WISEA J141605.38+124517.8,s,"--,WAT",13.05,12.45,0.06,116.4,19.2,24,-23.59,AMF J141605.4+124518,0.5404,s,2086.0,0.0,0.0,0.666,36.32,1.63,13.0
214.03017,50.85369,0.98321,26.14,312.0,,1.66,False,True,True,False,J141607.22+505118.6,,DESI J141607.24+505113.3,p,"FR-II,WAT",31.65,18.43,0.71,146.4,65.0,38,,WH J141607.2+505113,1.0424,p,3505.0,0.0,0.0,0.505,26.44,1.2,6.0
214.0576,21.79524,0.19406,24.74,156.0,8.4,1.27,False,False,True,False,J141613.34+214743.4,f,WISEA J141613.82+214742.8,s,"--,WAT",38.93,7.75,2.12,125.8,24.0,47,-22.75,maxBCG J141613.5+214654,0.1941,s,823.0,49.0,164.0,0.874,51.08,2.28,35.0
214.15793,25.44992,1.33402,26.21,250.0,,,False,False,True,False,J141638.07+252658.0,,DESI J141637.90+252659.7,p,"--,WAT",23.15,16.45,0.45,168.7,30.3,29,,,,,,,,,,,
214.16506,17.87621,,,,,0.96,False,False,True,False,J141639.61+175234.4,,,,"--,WAT",24.98,16.06,0.58,136.1,17.4,26,,,,,,,,,,,
214.17207,47.58454,,,,,,False,True,True,False,J141641.30+473504.3,,,,"FR-II,WAT",7.54,6.39,0.22,168.5,77.4,23,,,,,,,,,,,
214.21724,9.52087,0.68873,25.87,197.0,8.81,1.73,False,False,True,False,J141652.52+093116.4,,WISEA J141652.13+093115.1,s,"--,WAT",26.85,9.19,1.41,123.7,17.3,27,-23.99,Y21 J141652.1+093115,0.6795,s,2523.0,0.0,0.0,0.8,60.94,2.7,32.0
214.22023,12.04091,0.33458,24.95,208.0,8.83,1.65,False,False,True,False,J141652.69+120226.5,,WISEA J141652.85+120227.2,s,"--,WAT",26.58,19.68,0.39,165.0,44.1,42,-23.46,WH J141656.8+120101,0.8215,p,2933.0,103.0,804.0,0.544,25.68,1.17,7.0
214.2452,55.06651,0.24727,24.7,80.0,,1.51,True,False,True,False,J141658.74+550357.8,,WISEA J141658.84+550359.4,s,"FR-I,WAT",24.92,10.92,1.08,151.6,21.6,20,,WHL J141658.8+550359,0.2473,s,1034.0,0.0,0.0,0.892,56.12,2.49,44.0
214.25892,20.31759,0.46522,25.81,272.0,,1.71,False,True,True,False,J141702.35+201906.0,"g,j",DESI J141702.14+201903.3,p,"FR-II,WAT",73.15,33.18,1.04,107.5,18.0,45,,WHL J141702.1+201903,0.5592,p,2147.0,0.0,0.0,0.53,11.89,0.62,6.0
214.31323,5.9253,,,,,,False,True,True,False,J141715.18+055531.1,,,,"FR-II,WAT",33.08,12.68,1.26,165.0,33.8,36,,,,,,,,,,,
214.3246,23.28889,0.92095,26.87,411.0,,0.04,False,True,True,False,J141717.74+231723.0,,DESI J141717.90+231720.1,s,"FR-II,WAT",197.13,114.1,0.72,153.3,93.5,51,,WH J141721.8+231800,0.4826,p,1892.0,67.0,415.0,0.529,14.58,0.67,8.0
214.32899,6.13676,0.10972,24.83,251.0,,1.01,False,False,True,False,J141718.42+060812.5,d,WISEA J141718.95+060812.3,s,"--,WAT",190.0,56.53,1.59,166.6,379.8,121,,maxBCG J141719.0+060812,0.1097,s,475.0,0.0,0.0,0.664,20.42,0.93,18.0
214.32782,30.26042,0.69948,25.7,243.0,,1.93,False,True,True,False,J141718.72+301540.8,,DESI J141718.68+301537.5,p,"FR-II,WAT",20.58,8.9,1.1,161.5,27.5,33,,WHL J141721.2+301427,0.0642,s,281.0,78.0,100.0,0.57,12.9,0.6,6.0
214.38029,8.20842,0.0568,24.47,165.0,8.43,0.92,True,False,True,False,J141730.84+081237.1,d,NGC 5535,s,"FR-I,WAT",349.7,132.35,1.27,161.9,180.2,145,-22.56,WH J141727.8+081037,0.7634,p,2770.0,125.0,952.0,0.589,31.62,1.43,10.0
214.39144,41.18969,2.01232,27.05,317.0,,0.1,False,True,True,False,J141733.62+411125.6,b,SDSS J141733.94+411122.8,s,"FR-II,WAT",42.69,22.33,0.85,143.2,25.2,37,,,,,,,,,,,
214.42001,12.33239,1.22529,26.0,213.0,,,True,False,True,False,J141741.02+122003.6,c,DESI J141740.80+121956.6,p,"FR-I,WAT",17.0,11.94,0.46,121.6,18.3,25,,,,,,,,,,,
214.45841,-2.98699,0.50112,25.07,189.0,8.64,1.83,False,True,True,False,J141749.36-025914.4,,WISEA J141750.01-025913.1,s,"FR-II,WAT",13.6,8.8,0.57,153.2,28.5,30,-23.71,,,,,,,,,,
214.46388,20.60652,0.36328,25.02,219.0,,1.74,False,True,True,False,J141750.58+203619.2,,SDSS J141751.33+203623.4,s,"FR-II,WAT",22.46,11.24,0.91,116.5,26.7,42,,WHL J141751.3+203623,0.3633,s,1472.0,0.0,0.0,0.775,42.27,1.89,27.0
214.47039,1.24522,0.36936,24.68,163.0,,1.71,False,False,False,True,J141753.57+011442.0,,DESI J141752.89+011442.8,p,"--,NAT",9.61,4.51,0.99,88.4,13.6,31,,WHL J141753.4+011449,0.3845,s,1549.0,10.0,54.0,0.747,39.21,1.76,16.0
214.5383,5.2544,0.58384,25.69,197.0,,1.74,False,True,False,True,J141808.85+051512.0,f,WISEA J141809.19+051515.8,s,"FR-II,NAT",31.5,13.83,1.08,70.9,8.5,29,,Y21 J141804.3+051519,0.5859,s,2233.0,73.0,498.0,0.717,43.86,1.96,25.0
214.53933,48.04198,0.79915,25.57,487.0,,2.1,False,True,True,False,J141809.45+480228.2,,DESI J141809.44+480231.1,p,"FR-II,WAT",14.43,8.9,0.63,157.9,220.8,63,,,,,,,,,,,
214.54795,32.19426,0.36099,25.1,245.0,,1.76,False,True,True,False,J141812.35+321145.1,,WISEA J141811.50+321139.3,s,"FR-II,WAT",29.12,17.09,0.7,113.0,23.1,47,,WHL J141811.5+321139,0.361,s,1464.0,0.0,0.0,0.757,36.31,1.63,25.0
214.60422,8.27595,0.51402,25.07,159.0,8.94,1.89,False,False,True,False,J141825.28+081638.4,,WISEA J141825.01+081633.4,s,"--,WAT",13.35,9.18,0.49,109.5,11.9,25,-23.6,WHL J141829.9+081510,0.5148,s,2001.0,111.0,711.0,0.823,58.32,2.59,27.0
214.61754,22.1019,0.7583,25.79,243.0,8.44,2.18,False,False,True,False,J141828.04+220611.3,,WISEA J141828.20+220606.8,s,"--,WAT",24.26,12.83,0.84,147.9,24.1,32,-24.03,Y21 J141828.2+220606,0.7583,s,2755.0,1.0,8.0,0.736,53.4,2.38,21.0
214.66873,35.50046,0.12935,24.65,162.0,,,True,False,True,False,J141840.04+353003.2,,DESI J141840.49+353001.6,p,"FR-I,WAT",93.43,40.76,1.09,155.3,43.8,68,,,,,,,,,,,
214.77847,5.91718,2.38499,27.59,200.0,,0.31,False,False,True,False,J141906.77+055500.3,,DESI J141906.83+055501.9,p,"--,WAT",123.5,74.14,0.67,169.7,26.9,24,,WH J141906.9+055758,0.6843,s,2538.0,176.0,1286.0,0.439,14.17,0.66,6.0
214.78208,17.60344,0.96443,26.64,261.0,,0.2,False,False,True,False,J141907.92+173610.1,,SDSS J141907.69+173612.3,s,"--,WAT",107.55,64.39,0.67,145.2,24.1,32,,WH J141909.1+173415,0.6174,s,2332.0,119.0,832.0,0.518,21.17,0.97,7.0
214.83888,20.14637,0.36077,25.64,192.0,,1.64,True,False,True,False,J141920.97+200837.2,f,DESI J141921.33+200846.9,p,"FR-I,WAT",73.69,19.74,1.73,103.7,25.6,37,,,,,,,,,,,
214.86352,23.63619,0.13732,24.07,75.0,8.0,1.07,False,False,True,False,J141927.43+233812.3,d,WISEA J141927.24+233810.2,s,"--,WAT",22.11,11.02,0.91,137.0,21.8,30,-22.31,,,,,,,,,,
214.91734,46.95835,0.48256,25.78,309.0,9.69,1.97,True,False,True,False,J141939.58+465738.5,f,WISEA J141940.16+465730.0,s,"FR-I,WAT",68.94,37.65,0.79,116.0,23.1,50,-23.6,WHL J141940.2+465730,0.4826,s,1892.0,0.0,0.0,0.795,50.33,2.24,32.0
214.91837,42.82263,0.6735,26.25,399.0,9.35,1.73,False,False,True,False,J141940.09+424927.1,,WISEA J141940.40+424921.4,s,"--,WAT",81.67,36.36,1.06,140.5,41.1,55,-23.21,WHL J141932.4+424725,0.445,s,1763.0,146.0,858.0,0.627,23.77,1.08,8.0
214.92944,33.68148,0.59119,25.94,260.0,,1.93,False,False,True,False,J141943.64+334103.9,,DESI J141943.06+334053.3,p,"--,WAT",57.96,27.84,0.96,150.4,39.3,38,,WHL J141942.8+334020,0.6258,p,2359.0,34.0,239.0,0.729,47.34,2.11,28.0
215.02392,43.97444,,,,,,True,False,True,False,J142005.74+435828.0,,,,"FR-I,WAT",9.46,6.97,0.4,155.9,17.2,21,,,,,,,,,,,
215.0749,12.95115,0.2488,25.32,282.0,,1.52,False,False,True,False,J142018.31+125702.8,,WISEA J142017.97+125704.1,s,"--,WAT",94.77,32.22,1.42,138.7,12.1,70,,GMBCG J142018.0+125704,0.2488,s,1040.0,0.0,0.0,0.595,21.95,1.0,12.0
215.0907,4.65281,,,,,,False,True,True,False,J142021.77+043910.1,,,,"FR-II,WAT",13.99,8.28,0.69,149.1,12.0,20,,,,,,,,,,,
215.13033,-6.37985,0.24346,25.18,230.0,,,True,False,True,False,J142030.96-062233.5,"f,j",DESI J142031.28-062247.5,p,"FR-I,WAT",69.27,19.78,1.64,125.5,97.3,58,,WHY18 J142032.5-062310,0.2491,p,1041.0,29.0,117.0,1.015,77.37,3.4,45.0
215.13143,11.89704,0.61804,25.57,174.0,,1.89,True,False,False,True,J142031.97+115353.9,,DESI J142031.54+115349.3,p,"FR-I,NAT",18.06,6.22,1.4,81.6,11.4,25,,,,,,,,,,,
215.13888,53.13918,0.73855,25.73,240.0,,1.91,False,True,True,False,J142032.73+530823.8,,DESI J215.1388+53.1391,s,"FR-II,WAT",21.45,10.92,0.89,104.0,13.1,32,,WH21 J142033.3+530821,0.7382,s,2697.0,0.0,0.0,0.618,35.61,1.6,12.0
215.15593,19.77404,0.40965,25.7,140.0,8.64,1.92,True,False,True,False,J142037.62+194622.1,,WISEA J142037.42+194626.5,s,"FR-I,WAT",75.73,32.46,1.11,90.2,8.8,25,-21.98,WHL J142037.4+194626,0.4067,s,1628.0,1.0,6.0,1.126,133.98,5.8,81.0
215.17019,6.84995,0.23754,26.07,292.0,8.64,1.37,False,False,True,False,J142041.20+065055.2,,WISEA J142040.84+065059.8,s,"--,WAT",538.38,133.44,1.83,163.6,52.5,75,-22.8,WHL J142040.9+065100,0.2375,s,995.0,0.0,0.0,0.681,24.43,1.11,13.0
215.17434,25.00972,0.36254,25.79,182.0,8.9,1.79,False,True,True,False,J142042.32+250041.3,"a,f,h,j",WISEA J142041.84+250034.9,s,"FR-II,WAT",126.91,56.86,1.05,101.1,14.3,35,-23.72,WHL J142041.8+250035,0.3659,s,1482.0,0.0,0.0,0.901,66.43,2.94,33.0
215.18718,4.36935,0.70138,25.52,199.0,,1.74,False,False,True,False,J142044.89+042220.4,,DESI J142044.92+042209.7,p,"--,WAT",13.8,6.17,1.06,167.8,20.1,27,,,,,,,,,,,
215.19354,9.88245,1.09236,26.02,193.0,,,False,False,True,False,J142046.41+095257.6,,DESI J142046.45+095256.8,p,"--,WAT",19.23,11.38,0.69,168.4,19.5,23,,WH J142052.4+095109,0.7933,p,2855.0,139.0,1073.0,0.495,20.18,0.92,7.0
215.26363,-2.51362,0.32877,24.82,201.0,,1.6,False,True,True,False,J142103.06-023041.4,,DESI J142103.27-023049.0,p,"FR-II,WAT",16.95,7.63,1.05,134.0,30.3,41,,,,,,,,,,,
215.28304,37.55632,1.03544,26.14,365.0,,1.15,False,True,True,False,J142107.96+373325.8,,DESI J142107.93+373322.7,p,"FR-II,WAT",23.74,11.52,0.95,166.1,117.1,44,,,,,,,,,,,
215.29567,55.21273,0.61091,25.6,201.0,8.66,1.91,True,False,True,False,J142110.66+551244.4,,WISEA J142110.96+551245.8,s,"FR-I,WAT",28.07,16.98,0.66,146.1,48.9,29,-23.25,WHL J142118.5+551455,0.3934,s,1581.0,145.0,798.0,0.57,15.8,0.73,13.0
215.30308,31.23353,0.262,24.84,217.0,,1.49,False,True,True,False,J142113.15+311400.4,,DESI J142112.74+311400.7,p,"FR-II,WAT",29.9,12.79,1.11,138.6,43.8,52,,,,,,,,,,,
215.32653,43.18622,0.17909,25.24,231.0,8.64,1.21,True,False,True,False,J142118.20+431109.5,,WISEA J142118.36+431110.3,s,"FR-I,WAT",168.67,57.65,1.41,167.0,301.7,74,-22.75,,,,,,,,,,
215.33318,22.69741,0.34796,25.33,254.0,,1.61,False,False,True,False,J142120.22+224152.7,,DESI J142119.96+224150.7,p,"--,WAT",54.03,32.3,0.68,122.6,12.8,50,,WHL J142119.6+224321,0.1898,s,805.0,91.0,299.0,0.549,12.89,0.6,10.0
215.34436,48.92305,0.4768,25.98,387.0,8.06,1.83,False,False,True,False,J142123.68+485526.2,,WISEA J142122.64+485522.9,s,"--,WAT",83.35,25.07,1.58,143.7,54.7,63,-22.73,WH J142122.6+485523,0.4768,s,1873.0,0.0,0.0,0.497,12.8,0.59,8.0
215.36569,58.7993,1.52943,26.22,243.0,,0.33,False,True,True,False,J142127.28+584752.6,,WISEA J142127.76+584757.4,s,"FR-II,WAT",47.6,76.1,-0.62,169.9,18.6,28,,WH J142139.3+584604,0.7185,s,2640.0,145.0,1080.0,0.627,34.6,1.56,9.0
215.37067,-4.52572,0.34027,25.33,215.0,,,False,True,True,False,J142128.94-043136.6,f,DESI J142128.96-043132.6,p,"FR-II,WAT",58.62,37.95,0.57,110.3,16.1,43,,WHY18 J142129.0-043133,0.3274,p,1340.0,0.0,0.0,0.806,45.37,2.03,25.0
215.40398,61.00682,0.3091,24.86,122.0,,1.7,True,False,False,True,J142136.57+610036.0,a,WISEA J142136.95+610024.5,s,"FR-I,NAT",24.71,16.8,0.51,37.0,6.4,26,,AMF J142136.9+610024,0.3091,s,1271.0,0.0,0.0,0.586,18.83,0.86,11.0
215.42229,-7.72746,,,,,,False,True,True,False,J142141.35-074338.9,"g,j",,,"FR-II,WAT",145.23,92.36,0.59,147.4,38.4,53,,,,,,,,,,,
215.43792,17.95767,0.54479,25.08,158.0,,1.75,False,True,True,False,J142145.35+175732.1,,DESI J142145.10+175727.6,p,"FR-II,WAT",12.39,9.07,0.41,119.6,18.9,24,,Y21 J142145.1+175728,0.5412,p,2088.0,0.0,0.0,0.469,14.97,0.69,11.0
215.49382,44.9973,0.28286,25.29,181.0,,1.72,False,True,True,False,J142158.99+445954.2,,WISEA J142158.51+445950.2,s,"FR-II,WAT",79.75,49.6,0.62,148.2,52.7,41,,,,,,,,,,,
215.60371,7.52312,0.68536,24.92,131.0,9.04,1.93,False,True,True,False,J142225.15+073127.1,,WISEA J142224.89+073123.2,s,"FR-II,WAT",6.58,6.89,-0.06,96.5,14.0,18,-23.21,Y21 J142224.9+073123,0.6853,s,2541.0,0.0,0.0,0.511,18.25,0.84,6.0
215.62322,8.06056,0.49933,25.7,283.0,8.91,1.89,False,True,True,False,J142229.50+080336.6,,WISEA J142229.57+080338.0,s,"FR-II,WAT",52.5,28.37,0.81,132.9,21.1,45,-23.03,CAMIRA J142229.6+080338,0.4993,s,1949.0,0.0,0.0,0.584,17.67,0.81,9.0
215.62897,25.75344,0.35953,24.94,187.0,,1.68,True,False,True,False,J142231.07+254515.7,,DESI J142230.95+254512.4,p,"FR-I,WAT",18.84,9.04,0.96,167.0,72.1,36,,WH J142225.6+254234,0.6699,p,2494.0,174.0,1260.0,0.449,13.44,0.62,7.0
215.66101,6.77081,0.27218,24.9,193.0,,1.58,False,False,True,False,J142238.61+064614.0,,DESI J142238.64+064614.9,p,"--,WAT",29.14,9.99,1.4,158.8,60.2,45,,AMF J142236.9+064441,0.5096,s,1984.0,98.0,624.0,0.449,15.72,0.73,6.0
215.68533,28.03548,,,,,,False,True,True,False,J142244.48+280207.7,,,,"FR-II,WAT",14.53,11.68,0.29,157.8,25.8,28,,,,,,,,,,,
215.7098,63.04362,0.25449,25.04,299.0,,1.52,False,False,True,False,J142250.31+630236.7,,WISEA J142250.35+630237.0,s,"--,WAT",49.28,19.81,1.2,142.2,,73,,WHL J142250.4+630237,0.2545,s,1062.0,0.0,0.0,0.709,21.74,0.99,13.0
215.74555,8.42206,0.8596,25.63,213.0,,,True,False,True,False,J142259.16+082516.5,f,DESI J142258.93+082519.4,p,"FR-I,WAT",14.23,8.85,0.62,117.2,12.8,27,,WH J142255.7+082507,0.9069,p,3163.0,50.0,402.0,0.687,48.59,2.17,18.0
215.75793,46.47891,,,,,,False,True,True,False,J142301.90+462844.1,,,,"FR-II,WAT",36.47,20.48,0.76,145.8,26.3,39,,,,,,,,,,,
215.89296,16.47806,0.236,25.09,135.0,,1.41,False,False,True,False,J142334.28+162852.7,,WISEA J142334.31+162841.0,s,"--,WAT",67.7,28.75,1.12,138.1,11.0,35,,maxBCG J142334.3+162840,0.2377,s,996.0,1.0,4.0,1.054,86.7,3.8,61.0
215.95411,41.87836,,,,,0.36,False,True,True,False,J142348.99+415242.1,c,,,"FR-II,WAT",105.39,76.98,0.41,140.6,26.2,34,,,,,,,,,,,
215.98822,0.52083,,,,,0.42,False,True,True,False,J142357.17+003115.0,b,,,"FR-II,WAT",62.13,15.07,1.86,146.9,31.6,34,,,,,,,,,,,
216.05296,14.10195,0.56558,25.31,154.0,,1.84,False,False,True,False,J142412.80+140607.2,,SDSS J142412.71+140607.0,s,"--,WAT",18.58,12.97,0.47,160.4,13.7,23,,CAMIRA J142412.7+140607,0.5655,s,2167.0,0.0,0.0,0.725,36.99,1.66,18.0
216.16648,27.0604,,,,,1.85,False,False,True,False,J142439.96+270337.4,,,,"--,WAT",36.98,21.44,0.72,143.5,66.3,33,,,,,,,,,,,
216.18232,40.90984,0.24158,24.85,185.0,,1.46,False,False,True,False,J142444.72+405429.5,a,DESI J142443.76+405435.4,p,"--,WAT",37.82,18.25,0.96,115.9,16.3,47,,AMF J142445.7+405445,0.246,s,1028.0,24.0,96.0,0.724,30.7,1.39,28.0
216.19336,4.06266,0.36335,24.96,214.0,8.55,1.76,False,True,True,False,J142446.61+040340.7,"a,f",WISEA J142446.40+040345.5,s,"FR-II,WAT",21.8,14.39,0.55,159.9,38.6,41,-22.9,GMBCG J142444.9+040351,0.3634,s,1472.0,23.0,120.0,0.697,35.03,1.58,15.0
216.21886,61.75427,0.25313,25.1,187.0,,1.53,False,False,True,False,J142452.24+614518.0,,DESI J142452.53+614515.4,p,"--,WAT",55.43,19.77,1.35,159.9,61.2,46,,WHL J142441.1+614513,0.3596,s,1458.0,81.0,421.0,0.626,27.22,1.24,12.0
216.22374,17.03793,0.05342,23.3,50.0,8.57,0.89,True,False,False,True,J142453.40+170218.8,,IC 4417,s,"FR-I,NAT",25.99,4.96,2.17,21.5,12.8,47,-22.84,NSC J142442+170205,0.1503,p,644.0,167.0,453.0,,,,
216.23903,12.75434,0.88083,25.46,111.0,,2.56,True,False,False,True,J142457.64+124515.2,,DESI J142457.37+124515.6,p,"FR-I,NAT",10.81,8.46,0.32,75.9,5.0,14,,CAMIRA J142449.2+124502,0.2642,s,1099.0,120.0,506.0,0.65,18.74,0.86,12.0
216.30677,12.16408,0.15933,25.6,310.0,8.62,1.11,True,False,False,True,J142513.71+121025.2,,WISEA J142513.62+120950.6,s,"FR-I,NAT",502.4,181.03,1.34,88.4,66.4,109,-22.89,maxBCG J142513.6+120951,0.1593,s,681.0,0.0,0.0,0.804,39.97,1.79,30.0
216.32839,14.9806,,,,,,False,True,True,False,J142518.81+145850.2,,,,"FR-II,WAT",10.41,7.25,0.47,152.7,24.4,28,,,,,,,,,,,
216.44649,55.75747,1.10657,26.51,218.0,,,False,True,True,False,J142547.21+554526.2,f,DESI J142547.16+554526.9,p,"FR-II,WAT",49.4,24.91,0.9,132.1,12.8,26,,WH J142542.5+554404,0.9231,p,3206.0,91.0,735.0,0.422,16.91,0.78,6.0
216.48774,39.41247,0.14318,24.24,127.0,8.3,1.01,False,True,True,False,J142557.34+392447.5,,WISEA J142557.05+392444.8,s,"FR-II,WAT",30.82,17.97,0.71,151.9,51.2,49,-21.86,,,,,,,,,,
216.49401,41.91152,0.99084,26.6,575.0,,,False,True,True,False,J142559.43+415441.6,c,DESI J142558.56+415441.5,p,"FR-II,WAT",88.36,50.46,0.74,137.4,53.2,70,,CLuMPR J142558.2+415509,0.8408,p,2986.0,28.0,220.0,0.503,20.77,0.95,10.0
216.56811,0.83764,0.125,24.68,144.0,,,True,False,False,True,J142615.05+005028.2,"f,h,j",WISEA J142616.34+005015.5,s,"FR-I,NAT",105.84,41.09,1.24,80.6,26.0,62,,maxBCG J142616.3+005015,0.1266,s,546.0,0.0,0.0,0.919,52.51,2.34,24.0
216.5643,56.2238,1.05848,26.75,358.0,,0.86,False,False,True,False,J142615.24+561330.2,,DESI J142615.43+561325.7,p,"--,WAT",98.2,50.99,0.86,164.3,890.0,43,,,,,,,,,,,
216.56712,19.06086,0.14883,24.47,105.0,,0.76,False,False,True,False,J142616.38+190339.3,,DESI J142616.11+190339.1,p,"--,WAT",47.57,28.46,0.67,145.8,38.9,39,,,,,,,,,,,
216.59907,55.30138,0.13172,24.54,119.0,,1.09,True,False,True,False,J142623.25+551753.7,,WISEA J142623.77+551804.9,s,"FR-I,WAT",66.32,22.96,1.39,115.4,19.8,49,,maxBCG J142623.8+551805,0.1317,s,567.0,0.0,0.0,0.679,22.2,1.01,15.0
216.66446,41.0468,0.36257,25.24,182.0,8.37,1.76,True,False,True,False,J142638.93+410241.9,f,WISEA J142639.46+410248.4,s,"FR-I,WAT",38.51,20.98,0.8,106.9,14.2,35,-22.77,AMF J142639.5+410248,0.3626,s,1469.0,0.0,0.0,0.573,19.35,0.89,12.0
216.67066,24.14624,0.14449,24.65,126.0,8.82,,False,False,True,False,J142641.00+240844.3,,WISEA J142640.95+240846.4,s,"--,WAT",74.58,36.97,0.92,153.5,387.1,48,-23.78,maxBCG J142641.0+240846,0.1445,s,620.0,0.0,0.0,0.763,28.95,1.31,15.0
216.73152,42.09606,0.09925,24.79,199.0,8.91,1.05,True,False,True,False,J142655.57+420554.0,,DESI J142655.56+420545.8,s,"FR-I,WAT",223.0,75.68,1.42,132.4,116.9,105,-23.2,WHL J142655.6+420546,0.0986,s,428.0,0.0,0.0,0.66,12.09,0.63,5.0
216.74841,34.19989,0.12682,25.14,235.0,,1.08,True,False,True,False,J142700.08+341201.1,,DESI J142659.62+341159.6,p,"FR-I,WAT",302.16,140.56,1.0,144.8,81.3,100,,GMBCG J142659.6+341200,0.1286,s,554.0,0.0,0.0,0.903,51.33,2.29,34.0
216.79163,10.44235,0.23992,25.21,145.0,8.55,1.44,False,False,True,False,J142709.94+102629.4,,WISEA J142709.99+102632.4,s,"--,WAT",91.82,52.15,0.74,143.7,24.7,37,-22.58,CFSFDP J142713.3+102731,0.2399,s,1005.0,76.0,299.0,0.597,20.81,0.95,10.0
216.83613,15.99067,0.68814,26.05,263.0,,1.86,False,True,True,False,J142721.03+155923.9,,SDSS J142720.67+155926.4,s,"FR-II,WAT",61.51,37.56,0.65,132.1,33.3,36,,,,,,,,,,,
216.88992,6.45446,0.49367,25.56,306.0,,1.13,False,True,True,False,J142733.39+062719.7,,WISEA J142733.58+062716.0,s,"FR-II,WAT",51.48,46.89,0.12,135.8,24.6,49,,CLuMPR J142728.4+062502,0.922,p,3203.0,155.0,1252.0,0.549,23.04,1.05,11.0
216.98121,-0.72077,0.5904,25.88,321.0,,1.93,False,True,True,False,J142755.38-004310.8,,DESI J142755.49-004314.8,p,"FR-II,WAT",43.55,16.71,1.26,164.9,94.0,47,,WH J142800.7-004532,0.6147,s,2324.0,158.0,1102.0,0.449,14.05,0.65,6.0
216.97837,25.91039,0.30302,25.14,134.0,8.61,1.56,True,False,True,False,J142755.43+255434.7,a,2MASS J14275479+2554373,s,"FR-I,WAT",45.59,24.26,0.83,103.1,45.7,29,-22.66,maxBCG J142755.6+255432,0.3078,s,1266.0,12.0,56.0,0.619,23.81,1.08,12.0
216.9881,56.98781,0.09814,24.31,101.0,,1.02,False,False,True,False,J142755.88+565925.7,,DESI J142757.14+565916.1,p,"--,WAT",78.14,40.17,0.87,155.5,61.7,54,,WH J142735.4+565943,0.5338,s,2064.0,180.0,1174.0,0.573,19.84,0.91,8.0
216.99729,34.92036,0.18743,24.58,103.0,8.7,1.28,False,False,True,False,J142759.17+345523.5,,WISEA J142759.34+345513.2,s,"--,WAT",33.48,12.38,1.31,96.4,22.7,32,-23.05,maxBCG J142759.3+345513,0.1886,s,800.0,0.0,0.0,0.721,28.92,1.31,11.0
217.01393,48.6888,0.82389,26.18,265.0,,1.17,False,False,True,False,J142803.74+484123.5,,DESI J142803.34+484119.7,p,"--,WAT",53.4,31.54,0.69,110.2,20.5,34,,Y21 J142807.3+484109,0.9181,p,3193.0,41.0,331.0,0.558,31.48,1.42,11.0
217.03051,39.88811,0.51069,25.56,159.0,8.72,1.82,False,False,False,True,J142806.72+395322.8,,SDSS J142807.32+395317.1,s,"--,NAT",36.75,20.6,0.76,72.4,10.4,25,-23.25,WHL J142807.3+395317,0.511,s,1988.0,0.0,0.0,0.652,35.87,1.61,13.0
217.09108,23.88862,0.13548,24.4,104.0,,1.09,False,True,True,False,J142822.36+235325.0,a,WISEA J142821.86+235319.0,s,"FR-II,WAT",48.68,25.18,0.86,115.3,19.5,42,,maxBCG J142821.9+235319,0.1359,s,585.0,0.0,0.0,0.759,33.53,1.51,27.0
217.12473,44.66378,1.04857,26.07,308.0,,0.29,False,False,True,False,J142830.51+443947.6,,WISEA J142829.93+443949.6,s,"--,WAT",27.72,19.67,0.45,135.4,26.7,37,,GMBCG J217.10736+44.67902,0.441,p,1749.0,71.0,418.0,,,,
217.22224,10.87771,,,,,,False,False,True,False,J142853.34+105239.8,,,,"--,WAT",28.75,10.77,1.29,142.0,21.9,35,,,,,,,,,,,
217.25029,48.65975,0.52103,25.74,141.0,,1.99,False,False,True,False,J142859.80+483933.8,b,WISEA J142900.06+483935.1,s,"--,WAT",37.87,11.04,1.62,150.9,16.9,22,,WHL J142900.1+483935,0.5212,s,2022.0,0.0,0.0,0.757,47.85,2.14,19.0
217.26589,15.95378,1.104,26.73,302.0,,0.46,False,True,True,False,J142903.65+155716.4,b,WISEA J142903.81+155713.6,s,"FR-II,WAT",105.46,68.67,0.56,97.8,10.9,36,,,,,,,,,,,
217.32653,34.62239,,,,,,False,True,True,False,J142918.37+343720.6,,,,"FR-II,WAT",8.96,5.71,0.59,165.3,42.7,26,,,,,,,,,,,
217.33762,23.60449,0.12127,24.51,95.0,8.48,1.06,False,True,True,False,J142921.43+233625.5,,WISEA J142921.02+233616.1,s,"FR-II,WAT",80.25,40.62,0.89,91.9,19.8,42,-22.89,WHL J142921.0+233616,0.1213,s,524.0,0.0,0.0,0.662,17.32,0.8,15.0
217.38938,54.72647,0.12328,24.84,137.0,8.31,1.09,False,False,True,False,J142932.71+544340.0,j,SDSS J142933.45+544335.2,s,"--,WAT",124.47,10.84,3.2,90.8,37.6,60,-22.82,maxBCG J142933.5+544335,0.123,s,531.0,0.0,0.0,0.856,44.63,2.0,29.0
217.38832,51.52272,0.56569,25.08,181.0,8.76,1.87,True,False,True,False,J142933.32+513122.6,,WISEA J142933.19+513121.8,s,"FR-I,WAT",11.27,8.24,0.41,160.5,28.0,27,-23.16,WHL J142933.2+513122,0.5696,s,2181.0,0.0,0.0,0.566,24.6,1.12,11.0
217.39036,4.67882,,,,,0.5,False,True,True,False,J142933.69+044043.8,,,,"FR-II,WAT",132.03,71.44,0.81,159.0,41.2,39,,,,,,,,,,,
217.40508,48.26813,,,,,5.18,False,True,True,False,J142937.22+481605.3,,,,"FR-II,WAT",22.15,8.12,1.32,168.2,79.4,38,,,,,,,,,,,
217.48213,40.19082,0.21526,25.4,253.0,,1.4,False,False,True,False,J142956.97+401113.2,,DESI J142955.70+401126.9,s,"--,WAT",171.32,76.81,1.05,106.7,26.7,70,,GMBCG J142955.7+401127,0.2153,s,908.0,0.0,0.0,0.609,19.43,0.89,12.0
217.60143,14.59092,0.38909,25.55,300.0,8.37,1.8,False,True,True,False,J143024.48+143526.3,,WISEA J143024.34+143527.3,s,"FR-II,WAT",59.71,25.07,1.14,152.8,54.4,55,-23.06,WHL J143024.3+143527,0.3891,s,1566.0,0.0,0.0,0.755,33.26,1.5,18.0
217.61143,55.94348,1.12023,25.97,160.0,,0.4,False,False,True,False,J143026.72+555635.2,,DESI J143026.74+555636.5,p,"--,WAT",14.16,7.42,0.85,158.3,18.3,19,,CFSFDP J143011.9+555745,0.4988,s,1947.0,142.0,894.0,0.497,15.1,0.7,8.0
217.66316,10.00226,1.12126,26.91,455.0,,,False,True,True,False,J143039.05+100007.7,,DESI J143039.16+100008.1,p,"FR-II,WAT",134.1,75.64,0.75,162.7,60.8,54,,,,,,,,,,,
217.67784,6.29665,0.53805,25.74,360.0,,1.79,False,True,True,False,J143042.43+061741.9,,DESI J143042.68+061747.9,p,"FR-II,WAT",37.12,12.09,1.47,157.0,33.0,55,,WH J143042.7+061748,0.5464,s,2105.0,0.0,0.0,0.474,13.33,0.62,9.0
217.68454,43.19622,0.82155,25.92,281.0,,1.29,False,False,True,False,J143044.71+431146.9,,DESI J143044.29+431146.4,p,"--,WAT",32.75,22.23,0.51,157.6,71.0,36,,,,,,,,,,,
217.71821,33.22296,0.5099,26.09,452.0,,1.89,False,True,True,False,J143052.29+331322.7,,DESI J143052.34+331322.8,s,"FR-II,WAT",122.71,64.72,0.84,158.1,115.0,71,,,,,,,,,,,
217.72073,25.71052,0.26514,25.49,253.0,8.34,1.49,False,False,True,False,J143052.68+254240.2,,WISEA J143052.97+254237.8,s,"--,WAT",127.88,54.19,1.13,152.9,48.3,60,-22.5,Y21 J143056.1+254227,0.1744,s,743.0,43.0,132.0,0.626,15.83,0.73,12.0
217.72036,20.99002,,,,,,False,True,True,False,J143052.89+205924.1,,,,"FR-II,WAT",48.97,13.69,1.67,165.2,77.8,58,,,,,,,,,,,
217.74366,40.85774,,,,,1.26,True,False,True,False,J143058.48+405127.9,,,,"FR-I,WAT",125.93,66.15,0.84,124.9,18.8,26,,,,,,,,,,,
217.74585,8.39499,0.62738,26.82,499.0,,0.04,False,False,True,False,J143058.52+082346.5,,DESI J143059.00+082342.0,s,"--,WAT",363.75,164.65,1.04,151.5,70.7,71,,,,,,,,,,,
217.77081,57.03417,0.34327,24.94,166.0,,1.78,False,False,True,False,J143105.42+570200.3,,2MASS J14310497+5702026,s,"--,WAT",22.34,13.08,0.7,123.8,17.7,33,,WH J143114.8+570306,0.8064,p,2891.0,102.0,791.0,0.526,19.25,0.88,10.0
217.78775,-7.59274,,,,,,False,False,True,False,J143109.06-073533.9,,,,"--,WAT",18.07,11.67,0.57,124.5,10.5,24,,,,,,,,,,,
217.83539,1.24903,0.3426,25.21,257.0,,1.21,False,False,True,False,J143120.47+011503.5,,WISEA J143120.49+011456.4,s,"--,WAT",48.65,40.07,0.25,151.5,57.8,51,,KDR2 J143122.6+011710,0.23,p,966.0,137.0,521.0,,,,
217.83918,6.15823,,,,,,False,True,True,False,J143121.40+060929.6,,,,"FR-II,WAT",9.17,7.57,0.25,169.5,59.7,32,,,,,,,,,,,
217.86501,35.88115,0.62072,25.86,273.0,,1.75,False,False,True,False,J143128.41+355250.8,,WISEA J143127.60+355252.1,s,"--,WAT",41.62,19.12,1.02,98.1,14.8,39,,WHL J143134.4+355352,0.4594,p,1813.0,102.0,614.0,0.5,6.16,0.3,2.0
217.88897,41.42734,0.28518,25.19,115.0,,1.6,True,False,True,False,J143133.70+412541.9,,WISEA J143133.35+412538.4,s,"FR-I,WAT",55.38,25.26,1.03,96.4,10.7,26,,WHL J143133.3+412538,0.2852,s,1180.0,0.0,0.0,0.662,30.47,1.38,15.0
217.90412,52.45693,0.29217,25.4,325.0,,1.64,True,False,True,False,J143136.43+522724.0,,WISEA J143136.98+522724.9,s,"FR-I,WAT",86.02,40.34,0.99,161.1,90.7,72,,CFHTLS:[SMD2018a] W3-0364,0.36,s,1460.0,92.0,479.0,,,,
217.91068,-0.92515,,,,,,False,True,True,False,J143138.56-005530.5,,,,"FR-II,WAT",115.07,48.33,1.14,161.6,68.0,47,,,,,,,,,,,
217.94811,60.85262,0.11657,24.87,164.0,,1.05,False,False,True,False,J143149.56+605056.6,,DESI J143147.55+605109.4,p,"--,WAT",175.59,40.18,1.94,154.0,76.6,75,,WHL J143147.5+605109,0.113,s,489.0,0.0,0.0,0.699,21.24,0.97,12.0
217.98458,26.01014,0.70891,26.18,185.0,,1.96,False,False,True,False,J143156.11+260036.3,b,DESI J143156.30+260036.5,p,"--,WAT",55.63,21.35,1.26,155.1,18.3,25,,Y21 J143155.1+260055,0.6607,s,2466.0,25.0,180.0,0.723,38.85,1.74,15.0
217.9962,28.1671,,,,,1.64,False,True,True,False,J143159.09+281001.6,,,,"FR-II,WAT",38.89,15.84,1.18,138.3,51.0,57,,,,,,,,,,,
218.04185,5.43467,0.11312,24.02,83.0,,1.03,True,False,True,False,J143210.15+052601.7,,WISEA J143210.04+052604.8,s,"FR-I,WAT",30.47,19.45,0.59,145.1,22.2,39,,maxBCG J143210.1+052605,0.1131,s,489.0,1.0,2.0,0.571,16.25,0.75,15.0
218.10561,12.79018,0.55821,25.66,226.0,8.83,1.27,False,True,True,False,J143225.23+124726.9,f,WISEA J143225.34+124724.6,s,"FR-II,WAT",42.06,27.58,0.55,150.5,43.8,34,-23.36,,,,,,,,,,
218.14271,5.25375,0.39913,25.45,172.0,,0.61,True,False,True,False,J143234.02+051513.8,,WISEA J143234.25+051513.4,s,"FR-I,WAT",47.16,21.92,1.01,159.3,32.8,31,-22.74,,,,,,,,,,
218.15907,40.7274,0.21102,24.97,224.0,,1.3,False,True,True,False,J143238.94+404339.5,,WISEA J143238.17+404338.6,s,"FR-II,WAT",61.54,21.3,1.39,148.4,34.9,63,,WH J143238.2+404339,0.211,s,890.0,0.0,0.0,0.456,12.91,0.6,7.0
218.18266,44.60401,0.18156,24.46,202.0,8.77,1.26,False,False,True,False,J143243.08+443615.5,,WISEA J143243.83+443614.4,s,"--,WAT",29.83,15.91,0.82,151.8,53.2,64,-22.76,WHY18 J143243.9+443614,0.1816,s,772.0,0.0,0.0,0.582,17.54,0.81,13.0
218.26813,3.51045,0.14792,24.79,160.0,,1.13,False,False,True,False,J143304.38+033031.8,d,WISEA J143304.35+033037.6,s,"--,WAT",93.79,35.49,1.28,143.3,41.8,60,,maxBCG J143304.4+033038,0.1479,s,634.0,0.0,0.0,0.849,42.86,1.92,20.0
218.33531,19.22474,0.21108,24.48,114.0,8.51,1.37,False,False,True,False,J143320.14+191330.5,"a,f",WISEA J143320.47+191329.0,s,"--,WAT",23.14,13.75,0.68,120.9,13.0,32,-23.11,maxBCG J143320.5+191329,0.2111,s,891.0,0.0,0.0,0.675,27.41,1.24,14.0
218.38284,19.11991,2.36011,27.5,259.0,,-0.04,False,True,True,False,J143331.94+190712.4,c,SDSS J143331.87+190711.6,s,"FR-II,WAT",108.31,66.29,0.64,156.9,26.2,31,,,,,,,,,,,
218.38763,48.70772,1.35781,27.19,285.0,,0.58,False,False,True,False,J143333.58+484234.5,,WISEA J143333.00+484227.7,s,"--,WAT",145.32,74.28,0.88,95.2,15.8,33,,,,,,,,,,,
218.39292,32.15251,0.93533,26.95,429.0,,0.24,False,True,True,False,J143334.45+320910.2,,DESI J143334.31+320909.3,s,"FR-II,WAT",224.45,128.5,0.73,148.4,8.8,53,,CFSFDP J143333.2+320916,0.7123,s,2621.0,15.0,111.0,0.45,13.95,0.65,11.0
218.43733,48.13874,0.6976,26.21,647.0,7.29,1.78,False,False,True,False,J143345.61+480825.8,,SDSS J143344.95+480819.4,s,"--,WAT",55.03,18.06,1.46,159.8,173.0,88,-22.39,,,,,,,,,,
218.44457,2.29881,0.33774,25.85,294.0,8.33,1.67,False,True,True,False,J143346.89+021757.0,a,WISEA J143346.69+021755.7,s,"FR-II,WAT",174.03,79.2,1.03,167.2,,59,-22.75,GMBCG J143344.5+021808,0.3406,s,1388.0,35.0,176.0,0.56,14.81,0.68,8.0
218.45506,42.88124,0.42264,25.57,264.0,,1.87,True,False,True,False,J143348.41+425248.0,,SDSS J143349.21+425252.4,s,"FR-I,WAT",59.56,33.73,0.75,121.1,20.3,46,,WHL J143349.2+425252,0.4226,s,1685.0,0.0,0.0,0.946,74.65,3.29,42.0
218.47288,18.75594,0.07586,24.05,70.0,,0.96,False,True,True,False,J143352.40+184521.1,,WISEA J143353.49+184521.3,s,"FR-II,WAT",71.44,25.16,1.37,146.7,34.6,47,,WH J143350.6+184327,0.8675,p,3059.0,122.0,969.0,0.456,20.79,0.95,12.0
218.46602,0.6233,0.50371,26.52,474.0,,1.81,False,False,True,False,J143352.98+003720.4,,WISEA J143351.84+003723.8,s,"--,WAT",278.95,101.2,1.33,112.3,33.3,75,,WHL J143351.9+003723,0.5038,s,1964.0,1.0,6.0,0.589,25.72,1.17,11.0
218.4883,17.6733,0.3306,24.85,108.0,8.14,1.67,True,False,True,False,J143357.11+174020.5,a,WISEA J143357.19+174023.8,s,"FR-I,WAT",17.6,7.36,1.14,105.9,7.2,22,-22.33,Y21 J143351.2+174123,0.72,p,2644.0,104.0,775.0,0.564,23.62,1.08,9.0
218.50789,31.48436,,,,,,False,False,True,False,J143401.89+312903.7,,,,"--,WAT",10.24,5.49,0.82,164.7,35.0,24,,,,,,,,,,,
218.50903,59.11484,0.54534,26.6,316.0,,1.8,False,True,True,False,J143403.28+590654.3,,DESI J143402.17+590653.4,p,"FR-II,WAT",319.67,154.82,0.95,134.0,35.7,48,,WHL J143346.9+590631,0.5406,s,2086.0,119.0,781.0,0.693,31.12,1.41,19.0
218.53749,1.61682,0.13786,25.58,318.0,9.01,,True,False,True,False,J143408.36+013644.3,d,WISEA J143408.99+013700.5,s,"FR-I,WAT",592.17,108.83,2.22,165.7,178.2,126,-23.12,maxBCG J143409.0+013701,0.1379,s,593.0,1.0,3.0,0.861,45.27,2.02,20.0
218.54596,19.65754,0.56322,26.25,288.0,,1.42,False,False,True,False,J143411.16+193929.1,,WISEA J143411.03+193927.1,s,"--,WAT",133.7,65.98,0.93,152.8,44.7,43,,,,,,,,,,,
218.55938,44.93129,0.43517,25.5,210.0,8.51,1.94,False,False,True,False,J143414.18+445552.5,,WISEA J143414.25+445552.6,s,"--,WAT",40.18,16.25,1.19,152.0,20.3,36,-23.14,WHL J143414.3+445553,0.4356,s,1730.0,0.0,0.0,0.776,45.53,2.03,23.0
218.60003,15.23619,0.15802,24.43,82.0,,1.13,False,True,False,True,J143424.51+151412.2,a,WISEA J143424.02+151409.7,s,"FR-II,NAT",39.14,25.2,0.58,58.7,8.7,29,,WHL J143424.5+151359,0.1566,s,670.0,13.0,37.0,0.594,16.95,0.78,12.0
218.60109,11.42629,0.72906,25.52,142.0,,2.05,True,False,True,False,J143424.53+112537.6,,SDSS J143424.26+112534.6,s,"FR-I,WAT",14.1,7.45,0.84,115.0,11.7,19,,Y21 J143424.3+112535,0.7291,s,2671.0,0.0,0.0,0.82,68.36,3.02,36.0
218.61393,4.36482,1.41351,26.4,485.0,,0.08,False,True,True,False,J143427.43+042200.3,,DESI J143427.34+042153.4,p,"FR-II,WAT",21.21,10.73,0.89,151.5,79.9,56,,,,,,,,,,,
218.6405,29.99586,1.0718,26.38,251.0,,1.7,True,False,True,False,J143433.65+295945.9,,DESI J143433.72+295945.1,p,"FR-I,WAT",36.2,16.91,1.0,162.1,172.6,30,,CLuMPR J143435.2+295940,0.9908,p,3378.0,20.0,165.0,0.448,19.17,0.88,8.0
218.70433,-2.24987,0.29061,25.52,324.0,8.35,1.59,False,False,True,False,J143449.08-021509.5,,WISEA J143449.03-021459.5,s,"--,WAT",112.48,49.08,1.09,146.5,19.4,72,-23.15,GMBCG J143449.0-021459,0.2906,s,1201.0,0.0,0.0,0.495,18.61,0.85,10.0
218.78861,9.33674,0.76056,26.5,205.0,,0.49,False,False,False,True,J143509.95+092018.4,c,DESI J143509.27+092012.3,p,"--,NAT",125.87,69.2,0.78,59.9,12.2,27,,MSPM 06337,0.0941,p,409.0,126.0,228.0,,,,
218.82783,17.70465,1.2984,26.64,619.0,,,False,True,True,False,J143519.75+174214.1,,DESI J143518.68+174216.7,p,"FR-II,WAT",38.66,17.01,1.08,142.3,,72,,,,,,,,,,,
218.83759,-2.68243,0.52964,25.94,318.0,8.27,1.89,False,False,True,False,J143521.73-024055.2,j,SDSS J143521.02-024056.7,s,"--,WAT",64.46,23.4,1.33,119.7,25.8,49,-23.03,WHL J143521.0-024057,0.5296,s,2050.0,0.0,0.0,0.818,51.6,2.3,31.0
218.83952,11.84786,0.70243,25.77,273.0,8.62,2.01,False,True,True,False,J143522.05+115052.0,,WISEA J143521.48+115052.3,s,"FR-II,WAT",28.11,15.05,0.82,97.3,11.5,37,-23.55,CLuMPR J143526.4+115004,0.559,s,2146.0,86.0,574.0,0.487,12.74,0.59,9.0
218.85931,27.89321,0.17598,25.09,361.0,8.66,1.22,True,False,True,False,J143525.85+275337.5,,SDSS J143526.23+275335.5,s,"FR-I,WAT",124.03,44.31,1.35,156.1,148.6,117,-23.71,maxBCG J143526.2+275335,0.176,s,749.0,0.0,0.0,0.91,52.24,2.33,29.0
218.86855,55.1311,0.13985,25.43,214.0,8.95,1.15,False,False,True,False,J143527.25+550759.7,f,WISEA J143528.45+550751.9,s,"--,WAT",478.12,226.89,0.98,165.0,87.0,84,-23.67,maxBCG J143528.5+550752,0.1399,s,601.0,0.0,0.0,1.212,123.53,5.36,91.0
218.92635,-5.6932,0.41077,25.51,158.0,,,False,False,False,True,J143542.33-054141.4,b,DESI J143542.32-054135.5,p,"--,NAT",49.82,23.23,1.0,83.2,9.6,28,,Y21 J143544.5-054129,0.418,p,1669.0,33.0,188.0,1.034,99.93,4.36,46.0
218.96515,52.57078,0.27619,24.92,161.0,,1.39,False,False,True,False,J143552.23+523414.4,,DESI J143551.64+523414.8,p,"--,WAT",36.41,23.78,0.56,155.9,40.9,37,,WH J143551.6+523415,0.274,p,1137.0,0.0,0.0,0.525,11.4,0.53,8.0
219.01569,44.75306,1.10048,26.76,277.0,,,False,False,True,False,J143603.82+444513.2,c,DESI J143603.77+444511.0,p,"--,WAT",91.12,46.88,0.87,164.4,21.7,33,,,,,,,,,,,
219.02215,14.48831,0.27048,24.78,120.0,,1.51,False,False,True,False,J143605.39+142912.0,,WISEA J143605.31+142917.9,s,"--,WAT",29.3,23.95,0.26,92.9,11.9,28,,,,,,,,,,,
219.14076,13.75141,1.37104,26.91,294.0,,0.92,False,False,True,False,J143634.03+134502.9,,SDSS J143633.77+134505.1,s,"--,WAT",48.56,17.14,1.37,137.1,20.6,34,,WH J143631.6+134311,0.8078,p,2895.0,118.0,916.0,0.47,17.49,0.8,9.0
219.17094,27.15279,0.88823,25.66,175.0,,2.11,False,False,True,False,J143641.20+270910.4,,DESI J143641.03+270910.0,p,"--,WAT",16.46,12.51,0.36,120.5,10.8,22,,WH J143648.2+271001,0.8269,p,2948.0,108.0,845.0,0.546,21.32,0.97,8.0
219.18148,11.9308,0.80339,25.38,162.0,,1.37,False,False,False,True,J143643.72+115558.0,,DESI J143643.56+115550.9,p,"--,NAT",9.95,6.73,0.51,55.4,9.8,21,,,,,,,,,,,
219.2029,12.00725,0.78374,25.35,169.0,,0.05,False,False,True,False,J143649.13+120026.1,,SDSS J143648.69+120026.1,s,"--,WAT",12.4,11.59,0.09,114.1,12.9,22,,,,,,,,,,,
219.2459,23.86139,0.80791,25.98,194.0,,0.87,False,False,True,False,J143659.24+235146.7,,DESI J143659.02+235141.0,p,"--,WAT",26.48,10.89,1.17,109.1,13.6,25,,Y21 J143705.0+235157,0.7321,p,2679.0,84.0,630.0,0.616,31.11,1.41,11.0
219.3201,24.86923,0.08959,24.7,178.0,,,True,False,True,False,J143716.51+245201.2,a,WISEA J143716.82+245209.2,s,"FR-I,WAT",214.53,49.52,1.92,156.2,134.7,103,,Y21 J143720.4+245104,0.3982,s,1598.0,81.0,449.0,0.63,28.59,1.3,9.0
219.33378,46.87732,0.82091,25.52,444.0,,,False,True,True,False,J143720.29+465236.9,,DESI J143720.11+465238.3,p,"FR-II,WAT",14.64,11.68,0.3,167.1,151.8,57,,,,,,,,,,,
219.3371,22.1988,0.46647,25.04,151.0,,1.88,False,True,True,False,J143720.94+221155.8,,DESI J143720.90+221155.7,p,"FR-II,WAT",15.09,10.05,0.53,159.2,23.8,25,,WH J143720.9+221156,0.4858,s,1903.0,0.0,0.0,0.532,15.36,0.71,9.0
219.3583,-6.21905,2.27072,27.16,294.0,,0.05,False,False,True,False,J143726.48-061307.4,,DESI J143725.99-061308.6,p,"--,WAT",34.65,16.02,1.01,147.5,32.6,35,,WH J143726.4-061244,0.924,p,3208.0,25.0,202.0,0.429,15.26,0.7,6.0
219.37723,24.10671,,,,,,False,True,True,False,J143730.54+240624.2,,,,"FR-II,WAT",19.14,5.06,1.75,161.9,76.5,34,,,,,,,,,,,
219.41011,19.83607,0.80954,26.25,256.0,,0.26,True,False,True,False,J143738.29+195009.6,f,DESI J143738.43+195009.8,p,"FR-I,WAT",70.43,46.37,0.55,131.8,13.8,33,,,,,,,,,,,
219.43006,-0.25346,0.13747,24.53,80.0,,,False,True,False,True,J143742.89-001504.8,j,WISEA J143743.21-001512.4,s,"FR-II,NAT",63.15,30.3,0.96,49.7,9.6,32,,WHL J143743.2-001512,0.1347,p,580.0,0.0,0.0,,,,
219.43776,48.59008,0.12271,23.94,66.0,8.47,1.09,False,False,True,False,J143745.25+483526.7,,WISEA J143745.06+483524.2,s,"--,WAT",22.04,15.04,0.5,152.2,38.9,29,-23.0,maxBCG J143745.1+483524,0.1248,s,538.0,0.0,0.0,1.009,65.81,2.91,41.0
219.46884,38.33951,0.88044,25.91,159.0,,2.07,False,False,True,False,J143752.38+382026.8,,DESI J143752.52+382022.2,p,"--,WAT",20.65,9.85,0.97,100.1,12.2,20,,Y21 J143752.5+382022,0.958,p,3296.0,0.0,0.0,0.927,119.31,5.18,16.0
219.50482,13.12722,,,,,,False,False,True,False,J143801.16+130738.0,,,,"--,WAT",55.42,32.81,0.69,127.8,18.7,41,,,,,,,,,,,
219.5261,-0.59299,2.27934,26.97,235.0,,-0.09,False,True,True,False,J143806.17-003534.2,,WISEA J143806.19-003535.1,s,"FR-II,WAT",24.94,12.44,0.91,138.2,57.9,28,,,,,,,,,,,
219.5315,9.43662,0.33124,25.37,197.0,8.77,1.67,False,True,True,False,J143807.50+092608.8,f,WISEA J143807.55+092611.8,s,"FR-II,WAT",61.48,30.71,0.91,148.6,26.2,40,-24.19,WHL J143807.6+092612,0.3312,s,1354.0,0.0,0.0,0.865,53.35,2.37,27.0
219.58069,20.31572,0.4529,25.71,221.0,8.59,1.95,True,False,True,False,J143819.18+201855.5,,WISEA J143819.36+201856.5,s,"FR-I,WAT",60.71,26.0,1.11,156.1,29.5,37,-23.3,WHL J143819.3+201856,0.4529,s,1791.0,1.0,6.0,0.88,64.67,2.86,41.0
219.59101,3.67048,0.2247,26.09,280.0,,1.37,False,False,True,False,J143822.54+034015.0,a,DESI J143821.87+034013.3,s,"--,WAT",752.77,320.97,1.12,166.7,99.7,75,,maxBCG J143821.9+034013,0.23,s,966.0,1.0,4.0,1.316,166.9,7.17,88.0
219.6712,47.89892,0.18157,24.61,133.0,,1.27,False,False,True,False,J143841.56+475402.3,,WISEA J143841.08+475356.1,s,"--,WAT",45.95,34.63,0.37,115.8,26.9,42,,Y21 J143841.1+475356,0.1816,s,772.0,0.0,0.0,0.7,22.96,1.05,10.0
219.70163,0.68241,0.15028,25.11,168.0,8.33,1.06,True,False,True,False,J143848.77+004106.6,,WISEA J143848.39+004056.6,s,"FR-I,WAT",168.74,32.74,2.15,159.4,57.7,62,-22.14,maxBCG J143845.5+004018,0.1503,s,644.0,58.0,157.0,0.618,15.97,0.74,11.0
219.78865,49.53066,0.31482,25.19,200.0,8.77,1.67,False,True,True,False,J143910.17+493140.2,f,WISEA J143909.27+493150.3,s,"FR-II,WAT",51.61,35.84,0.48,94.2,26.4,42,-22.56,GMBCG J143902.6+493139,0.3148,s,1292.0,66.0,314.0,0.775,38.5,1.73,24.0
219.80105,20.24547,0.3791,24.96,123.0,,1.58,False,True,True,False,J143912.41+201443.8,,DESI J143912.25+201443.7,p,"FR-II,WAT",19.76,12.58,0.59,147.5,24.9,23,,WHL J143916.9+201636,0.2088,s,882.0,131.0,463.0,0.45,8.23,0.42,5.0
219.79996,54.30824,0.54053,25.91,321.0,,0.71,False,True,True,False,J143912.55+541833.6,,DESI J143911.99+541829.6,p,"FR-II,WAT",69.57,35.41,0.89,165.8,94.7,49,,,,,,,,,,,
219.8319,48.1424,0.39241,24.99,236.0,,1.93,False,True,True,False,J143920.14+480831.7,a,WISEA J143919.65+480832.6,s,"FR-II,WAT",17.81,9.35,0.85,151.6,54.2,43,,GMBCG J143919.7+480833,0.3924,s,1577.0,0.0,0.0,0.575,18.93,0.87,12.0
219.86995,11.10382,0.12499,24.25,76.0,,1.01,False,False,True,False,J143928.30+110604.7,g,WISEA J143928.78+110613.7,s,"--,WAT",42.95,30.65,0.44,142.7,27.7,33,,maxBCG J143928.8+110614,0.125,s,539.0,0.0,0.0,0.667,21.0,0.96,12.0
219.87066,29.77838,0.42443,25.05,218.0,,1.81,False,True,True,False,J143928.94+294640.3,,DESI J143928.96+294642.2,p,"FR-II,WAT",17.7,10.02,0.75,165.1,36.6,38,,CFSFDP J143929.0+294642,0.4138,p,1654.0,0.0,0.0,0.457,15.19,0.7,10.0
219.89504,55.74753,0.24926,24.74,109.0,,1.44,True,False,True,False,J143934.97+554447.7,,WISEA J143934.81+554451.1,s,"FR-I,WAT",28.09,14.76,0.84,142.1,35.8,27,,WH J143934.8+554451,0.2493,s,1041.0,0.0,0.0,0.502,12.18,0.57,7.0
219.89809,6.55507,0.46294,25.75,223.0,,1.81,True,False,True,False,J143935.93+063319.7,,WISEA J143935.54+063318.2,s,"FR-I,WAT",54.36,17.13,1.52,132.1,27.8,37,,CLuMPR J143933.0+063323,0.463,s,1826.0,38.0,230.0,0.501,14.26,0.66,9.0
219.95596,57.24326,0.51823,25.03,134.0,,1.1,False,False,True,False,J143949.69+571439.6,,DESI J143949.43+571435.7,p,"--,WAT",11.99,8.24,0.49,137.3,8.4,21,,CFHTLS:[SMD2018a] W3-2160,1.07,s,3572.0,38.0,318.0,,,,
219.95974,41.87162,0.38961,24.99,147.0,9.71,1.83,True,False,True,False,J143950.86+415214.9,a,WISEA J143950.33+415217.8,s,"FR-I,WAT",17.23,8.09,0.99,110.8,11.3,27,-23.41,WHL J143950.3+415218,0.3896,s,1567.0,0.0,0.0,0.704,37.4,1.68,19.0
219.99542,28.81536,0.24968,25.38,157.0,8.66,1.47,True,False,False,True,J143958.37+284903.8,a,2MASX J14395891+2848553,s,"FR-I,NAT",101.24,26.95,1.74,55.4,10.1,39,-22.88,maxBCG J144000.1+284821,0.2496,s,1043.0,38.0,154.0,0.692,28.42,1.29,12.0
219.99779,40.07574,0.78882,26.41,254.0,,0.64,False,False,True,False,J143959.46+400438.0,,DESI J143959.47+400432.7,p,"--,WAT",93.89,51.3,0.79,142.2,23.5,33,,,,,,,,,,,
220.01193,13.70498,0.51765,24.94,147.0,,1.77,False,False,True,False,J144002.68+134216.9,f,DESI J144002.86+134217.9,p,"--,WAT",10.46,8.35,0.3,138.1,11.9,23,,AMF J144002.9+134218,0.534,s,2065.0,0.0,0.0,0.515,14.7,0.68,9.0
220.04094,26.4821,0.97761,26.02,205.0,,2.79,False,False,True,False,J144009.92+262857.1,,DESI J144009.83+262855.6,p,"--,WAT",26.22,16.45,0.61,158.5,18.9,25,,WH J144009.8+262856,1.0597,p,3547.0,0.0,0.0,0.621,43.17,1.93,6.0
220.0517,-1.59997,0.3198,25.24,183.0,8.33,1.6,False,False,True,False,J144012.32-013557.5,,WISEA J144012.40-013559.8,s,"--,WAT",51.48,27.95,0.8,142.4,23.6,38,-22.9,WH J144009.0-013519,0.6024,s,2285.0,65.0,449.0,0.43,12.58,0.58,6.0
220.07326,31.45293,,,,,1.3,False,False,True,False,J144017.58+312710.5,b,,,"--,WAT",133.54,58.77,1.08,94.7,14.9,40,,,,,,,,,,,
220.07494,5.9428,0.06111,24.29,40.0,,,True,False,True,False,J144018.11+055630.2,,2MASX J14401795+0556341,s,"FR-I,WAT",204.24,127.42,0.62,135.7,20.0,33,,WH J144018.3+055720,0.6635,p,2475.0,46.0,332.0,0.443,14.82,0.69,7.0
220.08656,11.41864,0.31093,25.67,283.0,8.81,1.64,False,False,True,False,J144019.75+112452.7,,WISEA J144020.77+112507.1,s,"--,WAT",149.57,83.73,0.76,95.1,32.4,60,-23.61,WHL J144020.8+112507,0.3109,s,1278.0,0.0,0.0,0.745,32.88,1.48,16.0
220.12219,14.39227,0.39,25.45,125.0,,1.53,True,False,True,False,J144029.13+142327.2,,DESI J144029.33+142332.2,p,"FR-I,WAT",40.4,11.72,1.62,120.0,9.6,23,,WH J144033.2+142338,0.6837,s,2536.0,57.0,416.0,0.428,14.94,0.69,11.0
220.1279,5.71737,0.58348,25.1,136.0,,0.96,False,False,True,False,J144030.45+054303.8,,DESI J144030.69+054302.5,p,"--,WAT",11.17,8.3,0.39,133.1,297.6,20,,WH J144041.5+054330,0.3191,p,1308.0,164.0,789.0,0.459,10.38,0.49,8.0
220.16938,47.65919,,,,,,False,True,True,False,J144040.65+473933.1,,,,"FR-II,WAT",20.39,9.76,0.97,158.8,112.1,53,,,,,,,,,,,
220.25747,57.81276,0.71531,26.36,386.0,,1.89,False,True,True,False,J144102.02+574849.6,,SDSS J144101.79+574845.9,s,"FR-II,WAT",90.9,40.97,1.05,151.4,80.6,52,-22.94,WH J144117.6+574920,0.5206,s,2020.0,131.0,844.0,0.487,14.86,0.69,7.0
220.36256,11.86368,0.45622,25.43,257.0,8.45,1.88,False,True,True,False,J144127.32+115147.9,,WISEA J144127.01+115149.2,s,"FR-II,WAT",41.26,30.83,0.38,150.6,38.3,43,-23.1,WHL J144127.0+115149,0.4562,s,1802.0,0.0,0.0,0.667,31.9,1.44,24.0
220.39821,2.04525,1.19607,26.2,315.0,,0.56,False,True,True,False,J144135.63+020244.4,,DESI J144135.57+020242.9,p,"FR-II,WAT",14.68,5.43,1.3,166.1,44.2,37,,WH J144138.8+020033,0.6005,s,2279.0,138.0,953.0,0.45,14.61,0.68,6.0
220.42068,13.31454,0.12146,24.58,185.0,8.49,1.03,False,True,True,False,J144140.76+131849.8,,WISEA J144140.96+131852.3,s,"FR-II,WAT",87.18,27.26,1.53,158.1,86.2,82,-22.1,WH J144133.7+131930,0.5657,s,2168.0,113.0,759.0,0.506,16.39,0.76,7.0
220.42265,16.17888,0.23743,24.79,163.0,8.51,1.46,False,False,False,True,J144141.57+161057.0,,WISEA J144141.43+161043.9,s,"--,NAT",35.34,19.21,0.8,68.7,14.4,42,-22.98,maxBCG J144141.4+161044,0.2374,s,995.0,0.0,0.0,0.683,20.16,0.92,15.0
220.44595,-7.04361,1.12008,26.32,286.0,,0.85,False,True,True,False,J144147.00-070233.6,,DESI J144147.03-070237.0,p,"FR-II,WAT",42.81,30.13,0.46,169.5,,34,,,,,,,,,,,
220.49021,58.28584,,,,,,False,False,True,False,J144157.65+581709.0,,,,"--,WAT",13.57,9.78,0.43,149.2,47.0,42,,,,,,,,,,,
220.50352,32.723,0.60588,25.63,201.0,7.29,1.85,False,False,True,False,J144200.89+324318.5,,WISEA J144200.84+324322.7,s,"--,WAT",29.59,16.73,0.75,155.5,18.5,29,-23.45,Y21 J144204.3+324127,0.7381,p,2697.0,124.0,933.0,0.446,13.68,0.63,10.0
220.51522,-7.58796,2.0946,26.89,238.0,,,False,True,True,False,J144203.69-073516.2,,DESI J144203.65-073516.7,p,"FR-II,WAT",27.44,14.48,0.84,164.7,79.4,28,,,,,,,,,,,
220.5314,56.42314,,,,,,False,False,True,False,J144207.54+562523.3,c,,,"--,WAT",16.78,7.67,1.03,158.9,21.2,21,,,,,,,,,,,
220.5637,11.44234,1.31918,26.13,206.0,,0.72,True,False,True,False,J144215.36+112632.4,,DESI J144215.29+112632.4,p,"FR-I,WAT",22.67,18.34,0.28,157.2,21.9,24,,WH J144212.5+112756,0.9865,p,3368.0,93.0,764.0,0.46,11.54,0.54,8.0
220.64366,6.44758,0.81905,25.6,163.0,,0.39,False,True,True,False,J144234.71+062649.1,,DESI J144234.48+062651.3,p,"FR-II,WAT",15.93,10.98,0.49,91.9,10.2,21,,WH J144233.7+062641,0.8931,p,3127.0,15.0,120.0,0.412,11.72,0.55,7.0
220.86998,62.78075,0.6908,25.63,212.0,,1.91,False,True,True,False,J144329.40+624649.8,,DESI J144328.80+624650.7,p,"FR-II,WAT",17.18,6.95,1.19,150.9,37.1,29,,WHL J144337.9+624634,0.6908,p,2557.0,64.0,469.0,0.863,76.99,3.39,25.0
220.89921,11.1609,0.6504,25.55,228.0,,1.9,False,False,True,False,J144335.78+110945.5,,WISEA J144335.81+110939.2,s,"--,WAT",20.87,11.9,0.74,130.1,18.3,32,,WHL J144335.8+110939,0.6503,s,2434.0,0.0,0.0,0.539,22.09,1.01,9.0
220.93588,48.25306,0.65854,25.29,208.0,,,False,True,True,False,J144344.78+481513.5,,DESI J144344.61+481511.0,p,"FR-II,WAT",13.23,9.63,0.42,151.6,29.3,29,,Y21 J144348.9+481447,0.7891,s,2843.0,49.0,377.0,0.513,25.8,1.17,15.0
220.93629,42.55769,1.16414,26.14,220.0,,0.37,False,False,True,False,J144345.15+423333.3,,WISEA J144344.71+423327.6,s,"--,WAT",43.96,52.53,-0.23,105.4,15.5,26,,,,,,,,,,,
220.9548,57.89025,0.2987,25.13,170.0,,1.61,False,False,True,False,J144349.72+575332.8,,2MASS J14434916+5753256,s,"--,WAT",47.89,28.15,0.7,97.1,26.8,37,,maxBCG J144349.1+575325,0.3006,s,1239.0,0.0,0.0,0.748,34.72,1.56,21.0
220.95691,24.40091,0.82342,26.14,437.0,,,False,True,True,False,J144349.96+242415.8,,DESI J144349.66+242403.3,p,"FR-II,WAT",39.59,18.16,1.02,150.7,42.1,56,,WH J144349.7+242403,0.8527,p,3019.0,0.0,0.0,0.564,23.82,1.09,15.0
221.03525,35.79696,0.34995,25.14,168.0,8.27,1.75,False,True,True,False,J144408.15+354749.1,a,SDSS J144408.46+354749.0,s,"FR-II,WAT",34.59,20.93,0.66,107.5,11.2,33,-23.35,WHL J144408.5+354749,0.3499,s,1423.0,0.0,0.0,0.71,30.94,1.4,19.0
221.08752,44.34005,0.43505,25.08,169.0,8.45,1.9,False,False,True,False,J144421.34+442023.0,,WISEA J144421.00+442024.1,s,"--,WAT",19.2,12.44,0.57,141.8,16.3,29,-23.0,WHL J144421.0+442024,0.435,s,1728.0,0.0,0.0,0.902,67.7,2.99,37.0
221.08702,12.28133,0.81593,25.97,225.0,,1.15,False,False,True,False,J144421.37+121654.4,,DESI J144420.88+121652.8,p,"--,WAT",31.88,17.58,0.78,104.9,19.1,29,,Y21 J144421.4+121701,0.7616,p,2765.0,11.0,84.0,0.741,50.73,2.26,24.0
221.14047,19.356,0.1905,25.59,164.0,8.75,1.13,True,False,False,True,J144434.88+192132.9,j,WISEA J144433.71+192121.5,s,"FR-I,NAT",351.3,161.77,1.02,55.4,58.6,50,-23.02,maxBCG J144431.8+192127,0.1914,s,812.0,28.0,92.0,0.994,69.92,3.09,50.0
221.19136,36.10613,0.28144,26.01,299.0,,1.4,True,False,True,False,J144446.60+360620.9,,DESI J144445.93+360622.1,p,"FR-I,WAT",361.83,144.85,1.2,114.1,42.4,68,-22.03,WH J144445.9+360622,0.3522,s,1431.0,0.0,0.0,0.685,24.26,1.11,14.0
221.22211,54.10472,0.01754,22.74,7.0,,0.34,False,False,False,True,J144454.00+540617.4,,DESI J144453.31+540617.0,p,"--,NAT",72.79,33.26,1.03,52.0,5.1,21,,WHL J144454.2+540620,0.4601,s,1816.0,8.0,48.0,0.781,48.4,2.16,33.0
221.23583,-3.20044,0.1059,25.09,207.0,,1.08,False,False,False,True,J144458.13-031150.4,f,LCRS B144220.5-025924,s,"--,NAT",376.43,115.39,1.55,87.0,37.4,103,,AMF J144456.6-031202,0.1,p,434.0,0.0,0.0,0.712,25.73,1.17,13.0
221.26489,12.70053,0.65649,25.55,193.0,,2.0,False,False,False,True,J144503.13+124206.6,,DESI J144503.57+124201.9,p,"--,NAT",21.5,13.17,0.64,76.2,8.0,27,,AMF J144501.8+124116,0.643,s,2412.0,53.0,377.0,0.902,91.86,4.02,46.0
221.26655,24.17274,0.91082,26.2,257.0,,2.18,False,True,True,False,J144504.27+241025.2,,DESI J144503.97+241021.9,p,"FR-II,WAT",42.89,24.5,0.73,148.0,66.9,32,,CFSFDP J144500.8+240956,0.8154,p,2916.0,50.0,389.0,0.538,24.61,1.12,8.0
221.28659,33.66073,0.25599,24.82,222.0,8.49,1.53,False,False,True,False,J144509.16+333935.4,,WISEA J144508.78+333938.6,s,"--,WAT",34.35,22.42,0.56,161.5,,54,-22.85,Y21 J144508.8+333939,0.256,s,1068.0,0.0,0.0,0.62,19.04,0.87,14.0
221.30304,29.86099,,,,,,False,False,True,False,J144512.73+295139.6,"c,f",,,"--,WAT",27.05,12.63,1.0,138.4,11.9,24,,,,,,,,,,,
221.41018,63.95935,0.29751,24.78,105.0,,1.59,True,False,True,False,J144538.40+635735.9,f,SDSS J144538.44+635733.6,s,"FR-I,WAT",20.11,9.6,0.97,134.7,17.8,23,,maxBCG J144538.4+635734,0.2995,s,1234.0,0.0,0.0,0.73,35.47,1.6,25.0
221.50392,43.32026,0.89008,25.26,119.0,,2.26,False,False,False,True,J144600.80+431916.4,f,DESI J144600.94+431912.9,p,"--,NAT",6.92,5.65,0.27,66.2,7.3,15,,WH21 J144600.9+431913,0.915,p,3185.0,0.0,0.0,0.641,43.15,1.93,14.0
221.51079,21.57091,0.44719,25.16,148.0,,1.79,False,False,True,False,J144602.52+213420.9,,WISEA J144602.58+213415.2,s,"--,WAT",19.52,10.09,0.87,116.4,11.8,25,,Y21 J144602.6+213416,0.4472,s,1771.0,0.0,0.0,0.582,17.62,0.81,10.0
221.51435,30.98152,0.2576,24.8,128.0,8.37,1.51,False,True,True,False,J144603.66+305857.8,a,WISEA J144603.44+305853.4,s,"FR-II,WAT",32.46,21.52,0.54,146.6,39.9,31,-23.01,maxBCG J144603.5+305853,0.2571,s,1072.0,0.0,0.0,1.022,82.52,3.62,42.0
221.52576,16.06097,0.671,25.81,195.0,8.37,2.05,True,False,True,False,J144606.37+160339.0,,WISEA J144606.18+160339.4,s,"FR-I,WAT",24.28,7.93,1.47,145.0,21.4,27,-23.29,WHL J144606.2+160339,0.6711,s,2498.0,0.0,0.0,0.646,31.69,1.43,15.0
221.53299,22.93114,0.30618,24.48,116.0,,1.55,False,False,True,False,J144607.69+225554.3,,DESI J144607.92+225552.1,p,"--,WAT",9.82,5.19,0.84,127.1,12.7,25,,CFSFDP J144607.9+225552,0.3447,p,1404.0,0.0,0.0,0.61,11.81,0.55,10.0
221.56776,15.56039,0.43338,24.64,209.0,8.85,1.84,False,False,True,False,J144616.04+153339.4,,WISEA J144616.26+153337.3,s,"--,WAT",8.76,9.32,-0.08,151.2,34.5,36,-23.18,Y21 J144616.3+153337,0.4334,s,1723.0,0.0,0.0,0.672,32.36,1.46,14.0
221.61671,58.55756,0.27452,24.92,203.0,8.35,1.56,False,False,True,False,J144628.83+583328.6,,WISEA J144628.00+583327.2,s,"--,WAT",34.3,17.96,0.85,169.7,42.2,47,-23.05,GMBCG J221.61662+58.55752,0.27,p,1122.0,0.0,0.0,,,,
221.62275,48.53171,0.36236,25.25,125.0,8.7,1.88,True,False,True,False,J144630.05+483153.6,,WISEA J144629.46+483154.1,s,"FR-I,WAT",31.36,9.8,1.53,128.6,19.3,24,-23.79,WHL J144629.5+483154,0.3624,s,1469.0,0.0,0.0,0.711,33.76,1.52,6.0
221.63139,7.4834,0.74208,27.18,391.0,,1.53,False,False,True,False,J144632.06+072901.3,,WISEA J144631.53+072900.2,s,"--,WAT",570.37,265.91,1.0,139.2,32.7,52,-22.92,Y21 J144631.5+072900,0.7421,s,2708.0,0.0,0.0,0.581,29.64,1.34,11.0
221.64097,14.03667,0.11995,24.0,58.0,,1.04,True,False,True,False,J144633.72+140215.9,f,WISEA J144633.83+140212.0,s,"FR-I,WAT",25.8,15.89,0.64,119.0,12.4,26,,maxBCG J144633.8+140212,0.1199,s,518.0,0.0,0.0,0.54,13.47,0.62,10.0
221.65375,0.78239,0.7225,26.32,462.0,,0.08,False,True,True,False,J144636.77+004701.1,,ZTF18acuszrd,s,"FR-II,WAT",82.99,37.78,1.03,169.8,78.0,62,,WH21 J144631.8+004536,0.2078,s,878.0,111.0,391.0,0.656,20.08,0.92,9.0
221.67571,3.93523,0.26907,25.14,183.0,8.54,1.54,False,False,True,False,J144642.11+035612.4,,WISEA J144642.17+035606.8,s,"--,WAT",53.18,19.06,1.35,151.6,41.2,43,-22.86,maxBCG J144642.2+035607,0.2716,s,1128.0,0.0,0.0,0.87,52.9,2.35,34.0
221.72985,44.32913,0.67071,25.82,311.0,,1.92,False,True,True,False,J144655.18+441942.7,,DESI J144655.16+441944.9,p,"FR-II,WAT",36.11,20.71,0.73,158.4,112.1,43,,WHL J144655.2+441945,0.6455,s,2420.0,0.0,0.0,0.835,66.32,2.93,24.0
221.73089,31.85825,0.24742,25.29,108.0,,1.41,False,False,True,False,J144655.79+315128.4,,WISEA J144655.41+315129.6,s,"--,WAT",101.66,52.45,0.87,115.7,24.8,27,,maxBCG J144655.4+315129,0.2478,s,1036.0,0.0,0.0,0.967,71.14,3.14,56.0
221.7519,46.04541,0.12777,24.92,298.0,,1.1,False,True,True,False,J144701.15+460253.7,d,WISEA J144700.45+460243.4,s,"FR-II,WAT",183.54,93.75,0.88,169.9,,126,,maxBCG J144700.5+460243,0.1278,s,551.0,0.0,0.0,0.606,14.28,0.66,13.0
221.75675,44.94223,0.59938,26.35,324.0,,1.49,False,True,True,False,J144701.27+445627.3,,DESI J144701.62+445632.0,p,"FR-II,WAT",147.49,74.16,0.9,124.6,28.3,47,,CFSFDP J144705.2+445652,0.603,s,2287.0,43.0,297.0,0.569,17.58,0.81,6.0
221.76539,27.20091,1.70938,26.68,304.0,,0.32,False,True,True,False,J144703.94+271202.9,,DESI J144703.69+271203.3,p,"FR-II,WAT",34.88,22.37,0.58,163.6,78.0,35,,,,,,,,,,,
221.79514,55.96191,0.89321,26.67,288.0,,0.52,True,False,True,False,J144711.48+555741.4,,DESI J144710.83+555742.9,p,"FR-I,WAT",111.45,51.49,1.01,90.1,12.4,36,,CFSFDP J144651.0+555702,0.5434,s,2096.0,171.0,1126.0,0.594,15.01,0.69,13.0
221.86392,32.15061,0.41196,25.57,243.0,,1.84,False,False,True,False,J144727.48+320905.7,,DESI J144727.34+320902.2,p,"--,WAT",62.54,35.11,0.76,167.3,66.0,43,,WHL J144725.6+320759,0.4688,s,1845.0,67.0,408.0,0.579,21.38,0.98,11.0
222.00029,24.56919,0.98969,26.16,279.0,,,False,True,True,False,J144800.06+243413.2,,DESI J144800.07+243409.1,p,"FR-II,WAT",17.6,5.13,1.62,156.4,79.1,34,,WH J144806.9+243410,0.7429,p,2711.0,93.0,701.0,0.413,12.36,0.57,6.0
222.01086,14.78098,0.20886,25.82,335.0,,1.3,True,False,False,True,J144804.77+144723.4,j,WISEA J144802.60+144651.5,s,"FR-I,NAT",463.57,176.09,1.27,27.0,21.8,95,,maxBCG J144756.9+144533,0.2146,s,905.0,114.0,412.0,1.363,192.41,8.24,103.0
222.06581,44.40569,0.50388,25.79,278.0,,2.07,True,False,True,False,J144815.22+442424.5,,DESI J144815.79+442420.5,p,"FR-I,WAT",63.15,32.78,0.86,140.6,102.5,44,,WH J144817.4+442416,0.5451,p,2101.0,18.0,119.0,0.426,11.76,0.55,6.0
222.16191,59.74779,0.27625,25.5,208.0,,1.56,True,False,True,False,J144839.47+594444.0,f,WISEA J144838.85+594452.0,s,"FR-I,WAT",132.01,77.56,0.7,122.8,27.0,48,,maxBCG J144838.8+594452,0.308,p,1267.0,0.0,0.0,0.824,47.16,2.11,19.0
222.26794,2.96751,0.12179,24.29,111.0,,1.03,False,False,True,False,J144904.34+025800.5,d,WISEA J144904.30+025803.0,s,"--,WAT",47.82,25.84,0.81,154.3,34.6,49,,CFSFDP J144905.7+030012,0.3875,p,1560.0,130.0,708.0,0.544,10.27,0.48,6.0
222.27908,41.13258,0.82651,26.3,305.0,,1.03,True,False,True,False,J144907.33+410755.8,,DESI J144906.98+410757.3,p,"FR-I,WAT",55.78,24.89,1.06,152.0,48.4,39,,CFSFDP J144907.0+410757,0.8133,p,2911.0,0.0,0.0,0.371,12.42,0.58,8.0
222.28242,40.30586,1.03704,26.19,265.0,,0.4,False,True,True,False,J144907.74+401821.4,c,DESI J144907.78+401821.1,p,"FR-II,WAT",37.17,26.03,0.47,151.3,29.3,32,,,,,,,,,,,
222.31713,-6.46119,0.51242,25.26,172.0,,,False,False,False,True,J144916.02-062735.6,,DESI J144916.11-062740.3,p,"--,NAT",20.65,14.09,0.5,85.9,8.8,27,,Y21 J144914.3-062807,0.4983,p,1946.0,38.0,239.0,0.686,35.06,1.58,20.0
222.3397,50.32929,0.34822,25.81,366.0,,1.4,False,False,True,False,J144921.99+501948.4,,DESI J144921.53+501945.4,p,"--,WAT",136.04,51.48,1.28,169.1,104.9,72,,,,,,,,,,,
222.35225,29.60681,0.50199,25.56,259.0,7.95,1.86,False,True,True,False,J144925.02+293625.3,,WISEA J144924.53+293624.5,s,"FR-II,WAT",34.15,15.09,1.07,165.7,52.2,41,-22.93,AMF J144924.5+293624,0.5019,s,1958.0,0.0,0.0,0.603,19.5,0.89,18.0
222.36106,6.84359,0.14005,24.66,179.0,,1.12,False,False,True,False,J144926.23+065047.5,,WISEA J144926.65+065036.9,s,"--,WAT",79.35,34.44,1.1,134.7,17.6,70,,maxBCG J144926.7+065037,0.14,s,602.0,0.0,0.0,0.677,24.41,1.11,16.0
222.3904,-3.87226,,,,,,False,True,True,False,J144933.70-035220.1,,,,"FR-II,WAT",92.4,56.47,0.65,144.2,23.2,35,,,,,,,,,,,
222.49201,14.09153,0.30989,25.66,202.0,,1.63,True,False,True,False,J144957.89+140525.3,,WISEA J144958.08+140529.5,s,"FR-I,WAT",127.88,49.33,1.25,136.0,22.5,43,,maxBCG J144958.1+140530,0.3099,s,1274.0,0.0,0.0,0.866,54.52,2.42,35.0
222.49581,56.87722,0.79901,26.21,448.0,,1.31,False,False,True,False,J144959.31+565236.9,,DESI J144959.00+565238.0,p,"--,WAT",49.45,22.16,1.05,168.1,,58,,,,,,,,,,,
222.50626,14.79661,0.29955,25.41,285.0,8.65,1.59,False,False,True,False,J145001.47+144749.9,f,WISEA J145001.50+144747.7,s,"--,WAT",87.6,47.54,0.8,143.4,55.3,62,-23.38,GMBCG J145000.1+144939,0.3178,p,1304.0,113.0,542.0,0.611,17.0,0.78,13.0
222.50732,42.37185,0.3376,24.76,119.0,,1.74,True,False,False,True,J145001.62+422226.7,,WISEA J145001.75+422218.6,s,"FR-I,NAT",16.77,12.33,0.4,65.5,8.9,24,,maxBCG J145001.7+422219,0.3399,s,1386.0,0.0,0.0,0.791,42.67,1.91,31.0
222.52068,14.11263,0.30958,25.21,193.0,9.07,1.61,True,False,True,False,J145004.57+140646.4,a,WISEA J145004.96+140645.4,s,"FR-I,WAT",49.71,25.31,0.89,156.2,51.7,41,-23.23,WHL J144958.1+140529,0.297,p,1225.0,126.0,577.0,,,,
222.54666,46.04601,0.39158,25.14,219.0,8.75,1.86,False,True,True,False,J145011.35+460245.0,,WISEA J145011.19+460245.6,s,"FR-II,WAT",27.03,16.65,0.64,166.8,47.9,40,-22.4,,,,,,,,,,
222.59383,27.47234,0.12549,24.56,109.0,,,False,False,False,True,J145022.74+272816.5,"f,g,j",WISEA J145022.51+272820.4,s,"--,NAT",83.78,46.89,0.76,74.0,11.8,47,,AMF J145022.5+272820,0.1253,s,540.0,0.0,0.0,0.672,22.06,1.01,13.0
222.5971,29.19424,0.31667,24.89,119.0,,1.61,False,True,True,False,J145022.99+291136.5,,WISEA J145023.30+291139.2,s,"FR-II,WAT",24.39,14.48,0.68,122.3,18.7,25,,WH J145023.3+291139,0.3167,s,1299.0,0.0,0.0,0.539,15.44,0.71,9.0
222.59709,34.02307,,,,,-0.26,False,False,True,False,J145023.30+340123.1,,,,"--,WAT",14.03,5.76,1.17,141.1,10.9,18,,,,,,,,,,,
222.61042,38.6645,1.08598,26.13,285.0,,0.54,False,False,True,False,J145026.74+383945.9,,SDSS J145026.50+383952.1,s,"--,WAT",25.91,15.86,0.64,152.8,35.0,34,,,,,,,,,,,
222.69367,26.60681,0.3108,24.64,160.0,,1.54,False,True,True,False,J145045.97+263628.2,a,WISEA J145046.47+263624.5,s,"FR-II,WAT",15.45,11.74,0.36,132.0,28.2,34,,WHL J145038.6+263606,0.2892,p,1195.0,107.0,481.0,0.844,45.42,2.03,39.0
222.7141,12.21024,1.77228,26.41,320.0,,0.22,False,False,True,False,J145051.53+121235.4,,WISEA J145051.38+121236.8,s,"--,WAT",15.59,9.24,0.69,168.1,51.0,37,,WHY18 J145041.5+121311,0.3146,s,1292.0,149.0,710.0,0.606,23.78,1.08,8.0
222.81554,1.74141,0.48582,25.27,180.0,9.07,1.82,False,False,True,False,J145116.02+014434.2,,WISEA J145115.73+014429.0,s,"--,WAT",20.22,10.28,0.89,120.9,32.7,29,-22.9,WH21 J145122.9+014447,0.8017,p,2878.0,109.0,844.0,0.379,10.03,0.47,6.0
222.82637,7.28773,0.30715,25.26,243.0,8.9,1.61,False,False,False,True,J145119.17+071703.6,,WISEA J145118.32+071715.8,s,"--,NAT",61.76,37.26,0.66,60.3,17.2,52,-23.18,WHL J145117.1+071721,0.3072,s,1264.0,18.0,84.0,0.874,56.29,2.5,28.0
222.86823,31.1792,,,,,,False,True,True,False,J145128.38+311045.1,,,,"FR-II,WAT",54.17,24.33,1.05,157.6,40.9,43,,,,,,,,,,,
222.93553,16.38092,,,,,,True,False,True,False,J145144.53+162251.3,f,,,"FR-I,WAT",40.61,18.91,1.0,104.8,6.0,23,,,,,,,,,,,
222.93835,48.691,0.23126,24.84,248.0,8.02,1.44,False,False,False,True,J145146.83+484111.4,,WISEA J145145.20+484127.5,s,"--,NAT",36.92,11.82,1.49,22.9,,65,-22.68,WH J145145.2+484128,0.2313,s,971.0,0.0,0.0,0.532,13.69,0.63,7.0
222.98729,49.53996,0.82631,25.11,164.0,,2.55,False,True,False,True,J145156.52+493226.1,,DESI J145156.95+493223.8,p,"FR-II,NAT",6.72,6.6,0.02,51.7,13.4,21,,WH J145156.9+493224,0.8358,p,2973.0,0.0,0.0,0.569,26.88,1.22,6.0
223.05332,37.88094,0.2823,25.14,114.0,,1.57,True,False,False,True,J145212.75+375249.5,a,2MASS J14521279+3752513,s,"FR-I,NAT",50.4,22.13,1.08,83.4,8.5,26,,maxBCG J145212.7+375252,0.285,s,1179.0,1.0,4.0,1.068,100.41,4.38,76.0
223.06445,50.37363,0.0943,24.57,98.0,8.49,1.01,True,False,False,True,J145216.33+502238.6,"f,j",WISEA J145215.46+502225.0,s,"FR-I,NAT",148.03,51.73,1.38,80.2,25.2,54,-23.23,maxBCG J145215.5+502225,0.0965,s,419.0,0.0,0.0,0.679,22.65,1.03,15.0
223.08551,14.93667,0.99273,26.98,543.0,,1.2,False,True,True,False,J145220.04+145626.1,,DESI J145220.52+145612.0,p,"FR-II,WAT",209.98,118.51,0.75,107.8,44.3,66,,CLuMPR J145220.5+145612,0.9446,p,3261.0,0.0,0.0,0.56,32.78,1.48,9.0
223.09525,17.12162,0.04469,23.96,34.0,,,True,False,False,True,J145222.68+170729.6,f,2MASX J14522287+1707177,s,"FR-I,NAT",178.7,67.37,1.28,88.6,12.9,38,,Y21 J145223.5+170942,0.5021,p,1958.0,144.0,910.0,0.541,19.6,0.9,13.0
223.09843,61.28543,0.27881,25.55,381.0,8.98,1.6,False,False,False,True,J145225.02+611703.3,,WISEA J145223.62+611707.5,s,"--,NAT",127.96,49.34,1.25,29.5,7.2,87,-23.97,GMBCG J145223.6+611707,0.2788,s,1156.0,0.0,0.0,0.845,51.09,2.28,18.0
223.108,41.46318,0.23386,24.98,88.0,,1.47,False,False,True,False,J145225.79+412753.2,b,WISEA J145225.91+412747.4,s,"--,WAT",51.76,19.99,1.25,116.4,28.2,23,,WHL J145225.9+412747,0.2339,s,981.0,0.0,0.0,0.752,36.09,1.62,18.0
223.12046,3.60576,,,,,,False,True,True,False,J145228.91+033620.7,,,,"FR-II,WAT",22.4,10.11,1.04,166.9,64.7,39,,,,,,,,,,,
223.12444,6.61127,0.70662,25.56,214.0,,1.9,True,False,True,False,J145230.30+063642.7,f,DESI J145229.87+063640.6,p,"FR-I,WAT",17.72,10.15,0.73,117.7,11.8,29,,,,,,,,,,,
223.13937,27.96466,0.1224,24.89,134.0,,1.03,False,True,True,False,J145232.98+275800.7,,WISEA J145233.44+275752.7,s,"FR-II,WAT",187.4,93.85,0.91,114.4,39.8,59,,maxBCG J145233.4+275752,0.1251,s,540.0,1.0,2.0,0.926,53.53,2.38,41.0
223.15946,7.55892,0.39706,25.24,210.0,8.64,1.82,True,False,False,True,J145238.95+073340.3,f,WISEA J145238.27+073332.1,s,"FR-I,NAT",33.18,20.46,0.63,70.1,121.4,38,-23.3,WHL J145238.3+073332,0.3971,s,1594.0,1.0,6.0,0.853,57.47,2.55,20.0
223.17125,51.95723,0.62861,25.31,204.0,8.19,1.94,True,False,True,False,J145241.46+515732.6,,WISEA J145241.10+515726.0,s,"FR-I,WAT",12.86,7.2,0.76,103.0,14.0,29,-22.85,WHL J145241.1+515726,0.6287,s,2368.0,0.0,0.0,0.579,27.82,1.26,10.0
223.20043,62.32635,,,,,,False,True,True,False,J145248.10+621934.8,,,,"FR-II,WAT",24.49,12.57,0.88,156.2,30.6,35,,,,,,,,,,,
223.27158,21.14214,0.57348,26.54,574.0,9.01,1.4,False,False,True,False,J145305.25+210836.7,,WISEA J145305.17+210831.7,s,"--,WAT",173.35,45.3,1.76,165.4,264.9,85,-23.49,WH J145309.9+210827,0.8192,s,2927.0,66.0,515.0,0.586,33.38,1.51,9.0
223.31812,61.74833,0.28456,24.98,204.0,,1.54,True,False,True,False,J145317.15+614505.6,,WISEA J145316.34+614453.9,s,"FR-I,WAT",29.66,8.22,1.68,119.9,25.7,46,,maxBCG J145318.9+614251,0.2845,s,1177.0,125.0,555.0,0.75,35.31,1.59,30.0
223.32248,22.18217,0.12558,24.95,179.0,,1.06,False,False,False,True,J145317.29+221126.1,,DESI J145317.40+221055.8,p,"--,NAT",167.66,25.18,2.49,70.0,26.8,77,,,,,,,,,,,
223.32741,53.29038,,,,,,False,False,False,True,J145318.58+531725.4,,,,"--,NAT",119.49,37.09,1.54,77.9,11.4,47,,,,,,,,,,,
223.36313,-1.68687,0.5051,25.91,342.0,,1.81,False,False,True,False,J145327.16-014119.8,,WISEA J145327.15-014112.7,s,"--,WAT",79.73,39.51,0.92,158.7,63.4,54,,WH21 J145327.2-014113,0.5051,s,1968.0,0.0,0.0,0.593,24.42,1.11,8.0
223.38577,28.06586,0.29098,25.71,212.0,,1.48,False,False,True,False,J145332.74+280358.6,,DESI J145332.59+280357.1,p,"--,WAT",173.89,75.44,1.1,166.0,238.4,47,,NSCS J145332+280341,0.2569,p,1071.0,18.0,74.0,,,,
223.39679,-4.29308,0.31147,25.05,156.0,,,False,False,True,False,J145335.63-041739.6,,DESI J145335.23-041735.1,p,"--,WAT",35.8,20.89,0.71,116.2,16.6,33,,Y21 J145335.2-041735,0.3264,p,1336.0,0.0,0.0,0.724,34.73,1.56,20.0
223.42943,2.12746,0.9881,25.78,189.0,,0.56,True,False,True,False,J145343.12+020737.8,,DESI J145343.06+020738.9,p,"FR-I,WAT",17.37,13.22,0.36,166.3,32.6,23,,WH J145342.4+020848,0.7924,p,2852.0,70.0,540.0,0.39,12.69,0.59,6.0
223.43197,8.27473,0.58157,25.87,401.0,,1.92,False,False,True,False,J145344.29+081622.2,,DESI J145343.67+081629.0,p,"--,WAT",47.03,19.28,1.17,136.9,39.4,59,,WH J145344.6+081559,0.3755,s,1516.0,33.0,176.0,0.499,10.11,0.47,7.0
223.4833,3.08878,0.71215,25.28,207.0,,1.95,False,True,True,False,J145355.97+030518.0,,DESI J145355.99+030519.6,p,"FR-II,WAT",10.07,6.64,0.55,154.7,16.3,28,,WH J145356.0+030520,0.7077,p,2608.0,0.0,0.0,0.528,20.3,0.93,8.0
223.51407,34.30275,0.61143,26.27,577.0,,0.71,False,True,True,False,J145403.26+341816.4,,SDSS J145403.37+341809.9,s,"FR-II,WAT",85.89,26.49,1.54,166.8,,83,,,,,,,,,,,
223.5463,0.45807,0.71046,25.61,170.0,,2.05,False,True,True,False,J145411.21+002726.4,,DESI J145411.11+002729.1,p,"FR-II,WAT",14.65,5.55,1.27,120.6,12.3,23,,WH21 J145411.1+002729,0.7119,p,2620.0,0.0,0.0,0.511,17.96,0.83,7.0
223.67589,27.5366,0.66227,26.62,367.0,,1.71,False,False,True,False,J145442.83+273208.6,,DESI J145442.21+273211.8,p,"--,WAT",214.27,107.46,0.91,99.7,19.4,51,,,,,,,,,,,
223.79315,23.29656,,,,,2.15,False,True,True,False,J145510.36+231747.6,c,,,"FR-II,WAT",11.77,3.42,1.62,145.8,16.0,26,,,,,,,,,,,
223.81382,3.83009,0.71295,26.29,237.0,,1.09,True,False,False,True,J145515.22+034947.2,,WISEA J145515.30+034947.7,s,"FR-I,NAT",91.47,51.26,0.76,72.3,6.7,32,,WH J145515.3+034948,0.7014,p,2589.0,0.0,0.0,0.452,15.55,0.72,7.0
223.81561,48.13719,1.33598,26.18,207.0,,0.39,False,False,True,False,J145516.00+480815.8,,WISEA J145515.74+480813.8,s,"--,WAT",20.88,14.36,0.49,139.9,25.4,24,,,,,,,,,,,
223.82882,6.46972,0.66258,26.1,749.0,,0.57,False,True,True,False,J145519.28+062753.6,,WISEA J145518.93+062810.9,s,"FR-II,WAT",66.36,33.95,0.88,131.3,,104,,Y21 J145517.3+062857,0.6838,p,2536.0,52.0,380.0,0.57,24.89,1.13,17.0
223.86814,16.79911,0.27979,25.24,171.0,,1.31,False,False,True,False,J145528.06+164809.0,,DESI J145528.35+164756.8,p,"--,WAT",64.27,28.11,1.09,108.6,451.8,39,,WH J145534.3+165028,0.8195,p,2928.0,174.0,1357.0,0.427,15.19,0.7,6.0
223.97318,22.15621,0.25658,25.08,189.0,,1.54,False,False,True,False,J145553.34+220926.8,,WISEA J145553.56+220922.3,s,"--,WAT",50.71,17.75,1.38,125.8,25.5,46,,maxBCG J145544.4+220912,0.2566,s,1070.0,127.0,524.0,0.918,60.23,2.67,34.0
224.01687,33.55983,0.31795,24.98,225.0,,1.67,False,False,True,False,J145603.79+333336.5,,WISEA J145604.04+333335.3,s,"--,WAT",32.09,23.49,0.41,164.9,64.3,47,,AMF J145604.1+333335,0.318,s,1304.0,0.0,0.0,0.578,22.82,1.04,16.0
224.05955,13.74687,0.46782,24.99,121.0,8.26,1.86,False,False,True,False,J145614.47+134450.1,,WISEA J145614.29+134448.7,s,"--,WAT",14.14,10.6,0.38,126.7,11.1,20,-23.0,WH J145614.3+134449,0.4678,s,1842.0,0.0,0.0,0.552,14.09,0.65,8.0
224.14128,-5.52536,0.21183,25.52,378.0,,,True,False,True,False,J145634.01-053124.0,,DESI J145633.91-053131.3,p,"FR-I,WAT",239.69,120.32,0.9,168.7,243.3,106,,WHY18 J145633.9-053131,0.2476,p,1035.0,0.0,0.0,1.225,123.46,5.36,54.0
224.20365,18.67672,0.47253,25.08,110.0,8.18,1.85,False,True,True,False,J145649.04+184040.8,,WISEA J145648.87+184036.1,s,"FR-II,WAT",14.94,8.52,0.74,107.7,,18,-23.0,WHL J145648.9+184037,0.4726,s,1858.0,1.0,6.0,0.644,29.91,1.35,18.0
224.23332,50.29704,0.73129,25.35,247.0,,5.35,False,True,True,False,J145656.36+501754.0,c,DESI J145656.00+501749.4,p,"FR-II,WAT",12.78,9.99,0.32,130.6,24.6,33,,,,,,,,,,,
224.24797,52.91771,0.93081,26.38,202.0,,,False,False,True,False,J145659.73+525506.6,,DESI J145659.51+525503.8,p,"--,WAT",61.0,34.48,0.75,113.8,11.5,25,,WH J145718.3+525504,0.6059,s,2296.0,170.0,1178.0,0.423,12.43,0.58,7.0
224.2969,20.34831,0.44738,25.19,219.0,,1.97,False,True,True,False,J145711.71+202051.0,,SDSS J145711.25+202053.9,s,"FR-II,WAT",19.85,9.31,0.99,104.5,12.9,37,,Y21 J145711.3+202054,0.4474,s,1772.0,0.0,0.0,0.64,26.1,1.19,18.0
224.30077,2.37917,,,,,0.76,False,True,True,False,J145712.18+022245.0,,,,"FR-II,WAT",27.87,12.36,1.07,158.9,19.3,25,,,,,,,,,,,
224.30715,23.49679,0.3331,25.27,222.0,,1.72,True,False,True,False,J145714.59+232948.6,,WISEA J145713.71+232948.4,s,"FR-I,WAT",47.23,21.32,1.04,133.5,45.8,45,,WHL J145714.7+232942,0.3325,s,1358.0,15.0,74.0,0.811,49.48,2.21,30.0
224.31232,55.8358,0.97066,26.32,311.0,,,False,True,True,False,J145714.68+555008.3,,DESI J145714.96+555008.9,p,"FR-II,WAT",42.44,21.01,0.92,139.9,19.4,38,,,,,,,,,,,
224.31824,36.14899,0.59091,25.26,233.0,8.57,1.89,True,False,True,False,J145716.28+360846.7,,SDSS J145716.37+360856.3,s,"FR-I,WAT",14.16,8.99,0.6,97.9,15.1,34,-23.26,AMF J145716.4+360856,0.6192,p,2338.0,0.0,0.0,0.723,45.3,2.02,23.0
224.34442,2.54906,0.15184,24.73,112.0,8.55,1.17,False,True,True,False,J145723.00+023254.6,"a,f",WISEA J145722.65+023256.6,s,"FR-II,WAT",79.74,35.97,1.04,140.7,29.3,41,-22.62,maxBCG J145722.7+023257,0.155,s,664.0,0.0,0.0,0.746,31.59,1.43,24.0
224.39002,20.93979,0.34871,25.17,152.0,,1.69,True,False,True,False,J145733.98+205619.0,,SDSS J145733.60+205623.2,s,"FR-I,WAT",36.81,20.71,0.75,111.2,15.0,30,,AMF J145733.8+205620,0.3487,s,1418.0,4.0,20.0,0.598,16.34,0.75,12.0
224.40878,30.92656,0.564,26.28,254.0,,1.69,False,False,True,False,J145738.19+305533.3,,DESI J145738.10+305535.5,s,"--,WAT",149.34,78.34,0.85,157.7,36.2,38,-22.84,,,,,,,,,,
224.43618,8.30179,,,,,,False,False,True,False,J145744.68+081806.4,,,,"--,WAT",12.24,8.88,0.42,168.8,165.1,20,,,,,,,,,,,
224.48181,31.68196,,,,,1.68,False,True,True,False,J145755.63+314055.0,f,,,"FR-II,WAT",76.24,30.85,1.19,131.6,34.3,54,,,,,,,,,,,
224.52814,7.54825,,,,,1.94,False,True,True,False,J145806.75+073253.7,,,,"FR-II,WAT",13.25,8.87,0.53,129.9,15.3,26,,,,,,,,,,,
224.53403,5.14945,0.39521,25.08,121.0,,1.81,False,True,True,False,J145808.37+050859.2,,WISEA J145808.16+050858.0,s,"FR-II,WAT",23.31,14.35,0.64,162.5,24.9,22,,WHL J145808.2+050859,0.3952,s,1587.0,1.0,6.0,0.916,67.82,2.99,47.0
224.54691,-6.22895,0.9002,27.43,738.0,,,False,False,True,False,J145810.43-061343.5,,WISEA J145811.25-061344.2,s,"--,WAT",513.68,186.77,1.33,168.6,21.1,92,,WH J145808.0-061339,1.003,p,3409.0,49.0,404.0,0.646,43.86,1.96,8.0
224.60341,48.71025,0.20441,25.04,149.0,9.05,1.39,True,False,True,False,J145825.01+484232.4,,WISEA J145824.81+484236.8,s,"FR-I,WAT",84.39,38.84,1.02,143.6,31.7,43,-24.05,WHL J145824.8+484237,0.2044,s,864.0,0.0,0.0,0.859,49.32,2.2,26.0
224.62202,32.24427,0.60346,25.76,166.0,,1.84,False,True,True,False,J145829.37+321441.1,,DESI J145829.28+321439.4,p,"FR-II,WAT",39.69,22.13,0.77,156.0,9.8,24,,WHL J145829.3+321439,0.6239,p,2353.0,0.0,0.0,0.636,31.12,1.41,18.0
224.67436,10.10712,0.60497,25.89,242.0,10.23,1.92,True,False,True,False,J145841.68+100619.8,"c,f",WISEA J145841.84+100625.6,s,"FR-I,WAT",57.46,36.25,0.6,100.5,13.1,35,-23.01,WH J145839.9+100737,0.6033,s,2288.0,77.0,533.0,0.587,27.09,1.23,8.0
224.75089,27.90019,0.22884,24.39,94.0,,1.44,True,False,True,False,J145859.92+275402.2,"a,f",WISEA J145900.21+275400.6,s,"FR-I,WAT",16.23,10.92,0.52,138.5,13.7,25,,MaxBCG J224.75096+27.90021,0.2377,p,996.0,0.0,0.0,,,,
224.76345,10.09918,0.44016,25.32,141.0,,1.82,True,False,True,False,J145903.01+100602.1,,DESI J145903.23+100557.0,p,"FR-I,WAT",28.16,13.5,0.96,97.7,9.3,24,,WHL J145903.2+100557,0.434,s,1725.0,0.0,0.0,0.606,27.26,1.24,12.0
224.77098,54.08713,0.42711,25.57,167.0,,1.74,True,False,True,False,J145904.90+540513.6,,SDSS J145905.03+540513.2,s,"FR-I,WAT",37.36,8.41,1.96,138.1,18.1,29,,GMBCG J145907.3+540406,0.4271,s,1701.0,70.0,404.0,0.716,38.99,1.75,22.0
224.79584,38.61134,,,,,,False,True,True,False,J145911.00+383640.8,,,,"FR-II,WAT",142.26,57.32,1.19,158.1,47.7,45,,,,,,,,,,,
224.82017,34.24255,0.42997,25.76,197.0,,0.6,True,False,True,False,J145916.09+341434.9,,WISEA J145916.84+341433.1,s,"FR-I,WAT",72.68,27.16,1.29,107.1,11.9,34,,,,,,,,,,,
224.96225,38.6694,0.34104,25.11,185.0,8.4,1.76,False,True,True,False,J145950.92+384008.5,,2MASS J14595092+3840102,s,"FR-II,WAT",33.05,18.57,0.76,162.2,34.6,37,-23.27,GMBCG J145950.9+384010,0.341,s,1390.0,0.0,0.0,0.733,35.75,1.61,22.0
224.98777,51.81724,0.83633,26.1,196.0,9.54,1.48,False,False,True,False,J145957.60+514901.2,,SDSS J145957.06+514902.0,s,"--,WAT",39.72,21.57,0.8,124.2,13.4,25,-21.37,,,,,,,,,,
225.00972,-0.88867,,,,,1.82,False,True,True,False,J150002.33-005319.2,,,,"FR-II,WAT",27.54,12.19,1.07,137.6,24.1,37,,,,,,,,,,,
225.01852,-2.642,,,,,,False,True,True,False,J150004.44-023831.2,,,,"FR-II,WAT",36.98,18.82,0.89,149.0,84.7,47,,,,,,,,,,,
225.0235,0.62074,0.93728,25.82,210.0,,,False,True,True,False,J150005.69+003715.0,,DESI J150005.64+003714.7,p,"FR-II,WAT",14.41,6.97,0.95,161.8,83.1,26,,,,,,,,,,,
225.02391,22.55595,0.23408,24.73,165.0,,1.44,True,False,True,False,J150006.17+223326.4,,WISEA J150005.73+223321.4,s,"FR-I,WAT",32.12,17.15,0.82,136.9,38.5,43,,maxBCG J150005.7+223321,0.2341,s,982.0,0.0,0.0,0.997,71.44,3.15,24.0
225.0391,8.66035,0.38154,24.82,129.0,,1.83,False,False,True,False,J150009.28+083936.6,,WISEA J150009.38+083937.2,s,"--,WAT",15.34,12.03,0.32,166.1,24.0,24,,WHL J150011.9+083932,0.3867,s,1557.0,38.0,207.0,0.963,80.69,3.55,32.0
225.05478,50.26472,1.03906,26.63,291.0,,0.89,False,False,True,False,J150013.45+501551.6,c,DESI J150013.15+501553.0,p,"--,WAT",80.75,44.17,0.79,160.2,36.3,35,,,,,,,,,,,
225.0835,42.17068,0.88132,25.53,295.0,,,False,True,True,False,J150020.17+421013.1,,DESI J150020.04+421014.4,p,"FR-II,WAT",14.4,13.13,0.12,161.8,41.5,37,,WHL J150030.1+421154,0.6105,s,2311.0,149.0,1036.0,0.596,26.53,1.21,11.0
225.21096,10.84427,0.63756,25.8,319.0,,1.56,False,True,True,False,J150050.40+105044.7,,DESI J150050.63+105039.4,p,"FR-II,WAT",37.25,19.5,0.85,133.3,23.5,45,,,,,,,,,,,
225.22721,37.34431,0.61382,25.56,237.0,,1.93,False,False,True,False,J150053.97+372042.1,,SDSS J150054.53+372039.5,s,"--,WAT",22.67,11.53,0.89,140.7,20.0,34,,Y21 J150054.3+372040,0.8444,p,2996.0,3.0,24.0,0.679,45.79,2.05,17.0
225.27044,8.95046,0.31565,24.97,138.0,8.5,1.66,False,False,True,False,J150105.41+085708.6,,WISEA J150104.90+085701.6,s,"--,WAT",27.61,14.23,0.87,102.6,12.1,29,-22.97,WHL J150104.9+085701,0.317,s,1301.0,0.0,0.0,0.603,18.48,0.85,13.0
225.28293,52.25323,0.31991,25.09,134.0,8.38,1.64,False,True,True,False,J150107.56+521506.6,a,WISEA J150107.90+521511.6,s,"FR-II,WAT",39.13,26.86,0.49,103.2,51.5,28,-23.08,WHL J150107.9+521512,0.3199,s,1311.0,0.0,0.0,0.633,23.27,1.06,22.0
225.30915,9.99036,0.33836,25.23,239.0,8.54,1.62,False,False,True,False,J150114.38+095934.9,g,WISEA J150114.19+095925.3,s,"--,WAT",48.46,34.07,0.46,93.0,21.1,48,-22.88,WHL J150107.9+095718,0.3956,p,1589.0,158.0,872.0,,,,
225.31125,51.8037,0.31749,25.16,182.0,,1.72,False,True,False,True,J150115.82+514829.1,,WISEA J150114.69+514813.3,s,"FR-II,NAT",42.17,21.16,0.9,80.9,15.6,38,,maxBCG J150114.7+514813,0.3175,s,1302.0,0.0,0.0,0.587,19.39,0.89,15.0
225.36766,21.57323,0.25806,,219.0,8.37,1.51,False,True,True,False,J150128.97+213416.5,f,DESI J150128.25+213423.8,s,"FR-II,WAT",249.28,,,156.6,69.6,53,-23.81,maxBCG J150128.3+213424,0.263,s,1095.0,0.0,0.0,1.127,101.58,4.43,66.0
225.44416,24.65456,0.1203,24.74,110.0,,1.07,False,True,False,True,J150146.52+243912.7,,WISEA J150146.59+243916.4,s,"FR-II,NAT",136.8,63.49,1.01,89.5,12.2,49,,maxBCG J150146.6+243916,0.1219,s,526.0,0.0,0.0,0.836,36.51,1.64,18.0
225.4506,16.56273,0.14999,24.45,116.0,8.33,1.08,True,False,True,False,J150148.57+163347.2,,WISEA J150148.14+163345.8,s,"FR-I,WAT",42.49,18.83,1.07,158.5,48.2,43,-22.7,CFSFDP J150145.1+163351,0.6386,p,2398.0,44.0,312.0,0.424,13.45,0.62,8.0
225.48931,7.87411,0.6587,27.05,604.0,9.0,1.57,False,True,True,False,J150157.18+075233.3,,DESI J150157.43+075227.0,s,"FR-II,WAT",507.97,203.66,1.2,133.2,45.8,84,-22.76,,,,,,,,,,
225.53964,53.0724,0.28745,25.1,192.0,8.83,1.66,True,False,True,False,J150209.00+530411.3,,WISEA J150209.51+530420.6,s,"FR-I,WAT",33.45,6.29,2.19,163.6,29.3,43,-23.45,WHL J150209.5+530420,0.2874,s,1188.0,0.0,0.0,0.69,22.34,1.22,11.0
225.62106,52.73396,0.13307,25.01,188.0,,1.08,False,False,True,False,J150228.02+524405.7,d,WISEA J150229.05+524402.2,s,"--,WAT",204.69,101.46,0.92,139.6,39.2,77,,maxBCG J150229.0+524402,0.1331,s,573.0,0.0,0.0,0.813,34.06,1.54,16.0
225.62594,23.13364,0.18024,24.79,173.0,,1.22,False,False,True,False,J150230.18+230805.2,,WISEA J150230.22+230801.1,s,"--,WAT",61.22,25.27,1.16,139.9,,55,,maxBCG J150230.2+230801,0.1802,s,766.0,0.0,0.0,0.699,26.22,1.19,20.0
225.63916,42.93235,0.29276,25.09,113.0,,1.68,True,False,False,True,J150232.89+425559.2,"a,f",WISEA J150233.39+425556.4,s,"FR-I,NAT",40.82,17.57,1.11,63.1,8.0,25,,GMBCG J150238.0+425508,0.2927,s,1209.0,70.0,317.0,0.705,31.81,1.44,19.0
225.65182,19.09262,1.15188,27.0,559.0,,0.4,False,True,True,False,J150236.06+190522.7,,DESI J150236.44+190533.4,p,"FR-II,WAT",114.55,48.49,1.13,162.4,214.7,66,,,,,,,,,,,
225.65851,44.86294,0.52654,25.92,323.0,7.74,1.57,False,True,True,False,J150238.26+445145.5,,WISEA J150238.04+445146.5,s,"FR-II,WAT",78.9,43.19,0.79,157.0,60.2,50,-22.8,WH J150238.1+445146,0.5266,s,2040.0,1.0,6.0,0.52,19.16,0.88,10.0
225.65904,17.0295,1.037,26.57,232.0,,,True,False,True,False,J150238.47+170150.3,c,DESI J150238.17+170146.2,p,"FR-I,WAT",77.42,46.12,0.68,100.6,26.0,28,,,,,,,,,,,
225.74401,50.09462,0.91209,26.32,322.0,,2.54,False,True,True,False,J150258.44+500537.8,,DESI J150258.56+500540.6,p,"FR-II,WAT",51.37,26.47,0.87,152.0,34.9,40,,WH J150258.6+500541,0.9401,p,3250.0,0.0,0.0,0.595,36.22,1.63,10.0
225.83164,34.70298,0.36065,25.08,83.0,8.81,1.78,False,False,False,True,J150319.94+344207.6,,WISEA J150319.59+344210.7,s,"--,NAT",22.98,8.19,1.35,50.4,7.1,16,-22.82,WHL J150316.2+344001,0.3588,s,1456.0,136.0,706.0,0.81,38.65,1.74,22.0
225.85228,16.46776,1.08783,26.36,318.0,,0.26,False,True,True,False,J150324.59+162802.3,,WISEA J150324.54+162803.9,s,"FR-II,WAT",49.6,34.68,0.47,164.9,36.1,38,,CFSFDP J150325.0+162832,0.4976,s,1943.0,29.0,182.0,0.48,15.62,0.72,9.0
225.85964,30.8034,,,,,1.13,False,True,True,False,J150326.31+304812.2,,,,"FR-II,WAT",44.92,21.63,0.96,150.2,37.0,42,,,,,,,,,,,
225.85367,41.00259,0.01713,22.61,15.0,,0.53,False,False,True,False,J150326.49+410019.6,,DESI J150324.88+410009.3,p,"--,WAT",56.82,30.85,0.8,112.9,18.6,42,,WH J150327.7+410051,0.8951,p,3132.0,53.0,425.0,0.43,16.73,0.77,8.0
225.90295,3.12282,,,,,,False,True,True,False,J150336.71+030722.2,,,,"FR-II,WAT",41.66,20.53,0.93,132.1,14.0,32,,,,,,,,,,,
226.00649,24.83471,0.72907,26.28,426.0,,1.88,False,True,True,False,J150401.68+245002.8,,DESI J150401.56+245004.9,p,"FR-II,WAT",66.11,26.22,1.21,151.1,33.0,57,,Y21 J150401.6+245005,0.7395,p,2701.0,0.0,0.0,0.511,19.96,0.91,9.0
226.031,57.82155,0.41004,25.89,422.0,,1.59,False,True,True,False,J150408.43+574916.4,,DESI J150407.44+574917.6,p,"FR-II,WAT",94.38,24.94,1.75,159.5,112.5,75,,,,,,,,,,,
226.08747,60.87155,0.5267,25.35,123.0,8.24,1.79,True,False,True,False,J150421.32+605223.5,,DESI J150420.99+605217.6,p,"FR-I,WAT",19.59,9.49,0.95,101.5,20.6,19,-23.61,Y21 J150430.2+605144,0.5824,p,2222.0,75.0,510.0,0.585,19.88,0.91,12.0
226.11858,40.20948,1.84914,26.88,216.0,,0.1,False,False,True,False,J150428.46+401237.8,,SDSS J150428.45+401234.1,s,"--,WAT",32.91,16.35,0.92,120.5,15.2,25,,WHL J150435.5+401439,0.4229,s,1686.0,149.0,856.0,0.748,43.1,1.93,22.0
226.12391,29.64244,,,,,,False,True,True,False,J150429.74+293832.8,c,,,"FR-II,WAT",19.37,10.36,0.82,146.5,23.2,33,,,,,,,,,,,
226.18207,14.15879,,,,,,False,False,True,False,J150443.70+140931.7,f,,,"--,WAT",4.62,2.86,0.63,154.2,18.4,21,,,,,,,,,,,
226.1958,0.74355,0.73949,25.88,376.0,,1.51,False,True,True,False,J150446.85+004444.4,,DESI J150446.99+004436.8,p,"FR-II,WAT",27.39,11.95,1.09,159.2,41.2,50,,,,,,,,,,,
226.22334,44.81496,0.22532,25.11,179.0,8.56,1.43,False,False,True,False,J150453.96+444907.8,,WISEA J150453.60+444853.8,s,"--,WAT",79.9,38.7,0.95,95.6,22.0,48,-22.9,maxBCG J150453.7+444854,0.2253,s,947.0,1.0,4.0,0.809,36.76,1.65,28.0
226.22708,23.18811,0.18189,24.45,104.0,,1.27,True,False,True,False,J150455.18+231119.0,,WISEA J150454.49+231117.1,s,"FR-I,WAT",28.26,13.19,1.0,144.6,583.3,33,,AMF J150454.5+231117,0.1833,s,779.0,0.0,0.0,0.699,20.82,0.95,12.0
226.25616,23.5131,0.91508,26.09,209.0,,0.2,False,False,False,True,J150502.09+233041.9,b,DESI J150501.48+233047.1,p,"--,NAT",38.91,26.83,0.49,40.1,10.1,26,,AMF J150459.5+233142,0.4518,s,1787.0,61.0,364.0,0.704,35.76,1.61,15.0
226.28398,28.1551,0.2403,24.81,165.0,,1.43,False,False,True,False,J150508.62+280920.4,,WISEA J150508.15+280918.3,s,"--,WAT",36.89,21.49,0.71,163.9,95.8,42,,maxBCG J150508.1+280918,0.2391,p,1002.0,0.0,0.0,0.838,45.08,2.02,22.0
226.29037,13.13959,0.66841,25.47,151.0,,1.85,False,True,True,False,J150510.03+130824.9,,DESI J150509.69+130822.5,p,"FR-II,WAT",16.45,9.33,0.74,111.0,12.8,21,,Y21 J150509.7+130823,0.6698,p,2494.0,0.0,0.0,0.648,33.26,1.5,23.0
226.29551,5.94784,0.53742,25.95,248.0,8.39,1.27,True,False,True,False,J150510.95+055657.5,,WISEA J150510.92+055652.2,s,"FR-I,WAT",79.88,43.0,0.81,128.3,24.8,38,-22.82,CFSFDP J150514.6+055440,0.8803,p,3093.0,143.0,1140.0,0.464,10.77,0.5,6.0
226.37159,41.16595,0.44936,25.48,273.0,,1.22,False,True,True,False,J150529.33+410955.5,,DESI J150529.18+410957.4,p,"FR-II,WAT",39.6,20.41,0.87,160.4,61.7,46,,,,,,,,,,,
226.40854,47.10478,0.26646,25.22,373.0,8.77,1.54,False,False,True,False,J150539.48+470612.5,j,WISEA J150538.04+470617.2,s,"--,WAT",65.68,24.69,1.28,137.8,59.1,88,-23.57,maxBCG J150538.0+470618,0.284,p,1176.0,0.0,0.0,1.158,114.52,4.98,70.0
226.44934,15.78077,0.16336,24.23,81.0,,1.1,False,True,False,True,J150548.59+154650.4,f,DESI J150547.84+154650.8,p,"FR-II,NAT",24.03,18.47,0.35,35.3,5.7,28,,,,,,,,,,,
226.60067,12.17511,0.22004,24.87,136.0,,1.35,False,False,False,True,J150623.26+121031.1,,DESI J150624.16+121030.4,p,"--,NAT",49.74,24.89,0.91,68.6,23.4,37,,Y21 J150626.8+121052,0.6746,s,2508.0,44.0,320.0,0.482,17.12,0.79,7.0
226.68536,34.47312,0.11117,24.87,128.0,,1.04,False,True,True,False,J150644.25+342805.0,j,DESI J150644.48+342823.1,s,"FR-II,WAT",221.22,114.23,0.87,96.0,26.8,61,,maxBCG J150644.5+342823,0.1126,s,487.0,0.0,0.0,0.905,50.27,2.24,25.0
226.71847,-6.16636,0.15261,25.65,255.0,,,False,False,True,False,J150652.32-061002.2,,DESI J150652.43-060958.9,p,"--,WAT",627.99,229.62,1.32,158.1,130.6,93,,,,,,,,,,,
226.72708,35.02137,0.36058,24.83,114.0,,1.83,True,False,True,False,J150654.36+350114.7,,WISEA J150654.50+350116.9,s,"FR-I,WAT",17.05,12.33,0.43,124.7,9.7,22,,WHL J150654.5+350117,0.3512,s,1428.0,0.0,0.0,0.8,37.19,1.67,24.0
226.77276,63.61232,0.41536,25.37,125.0,,,True,False,True,False,J150706.08+633645.9,,DESI J150705.46+633644.4,p,"FR-I,WAT",30.84,10.48,1.42,101.9,11.8,22,,Y21 J150726.8+633653,0.3986,p,1600.0,142.0,787.0,0.975,89.79,3.93,51.0
226.7773,18.51874,0.96365,25.87,310.0,,1.81,False,True,True,False,J150706.75+183105.9,,DESI J150706.55+183107.5,p,"FR-II,WAT",21.21,14.8,0.47,165.1,48.9,38,,MOO J1507+1828,,p,,172.0,,,,,
226.78871,11.19043,1.23341,26.08,179.0,,,False,False,True,False,J150709.54+111126.5,,DESI J150709.29+111125.5,p,"--,WAT",18.8,12.58,0.53,114.9,10.6,21,,,,,,,,,,,
226.79686,13.05489,0.32274,25.33,106.0,,1.68,False,False,True,False,J150711.63+130322.2,,WISEA J150711.24+130317.6,s,"--,WAT",45.87,11.11,1.86,102.0,11.8,22,,WHL J150712.3+130430,0.3227,s,1322.0,74.0,359.0,0.747,38.27,1.72,23.0
226.94314,7.43373,,,,,,False,True,True,False,J150746.35+072601.4,,,,"FR-II,WAT",70.71,28.89,1.17,168.5,70.8,43,,,,,,,,,,,
226.97774,28.62062,0.42138,24.87,126.0,,1.8,False,True,True,False,J150754.82+283717.6,,DESI J150754.66+283714.2,p,"FR-II,WAT",13.5,10.06,0.39,119.2,19.3,22,,,,,,,,,,,
227.03257,19.28103,0.93071,25.79,161.0,,1.46,False,True,True,False,J150808.06+191655.3,,DESI J150807.82+191651.7,p,"FR-II,WAT",18.67,12.73,0.5,95.2,8.7,20,,,,,,,,,,,
227.11382,54.25229,0.0961,23.82,84.0,,0.93,False,True,True,False,J150827.48+541509.9,,WISEA J150827.31+541508.2,s,"FR-II,WAT",27.76,18.28,0.55,153.7,46.3,46,,,,,,,,,,,
227.15292,58.56146,0.31959,24.53,86.0,,0.61,False,False,True,False,J150836.68+583342.6,c,DESI J150836.70+583341.2,p,"--,WAT",10.84,7.34,0.51,166.3,6.7,18,,,,,,,,,,,
227.20023,30.17049,0.05886,23.04,23.0,,,False,False,True,False,J150848.20+301020.4,,2MASX J15084803+3010137,s,"--,WAT",12.61,7.83,0.63,120.9,20.6,20,,MSPM 04048,0.0589,p,258.0,85.0,101.0,,,,
227.26722,21.40423,0.31128,25.75,226.0,,1.62,False,False,True,False,J150903.93+212420.4,,WISEA J150904.13+212415.2,s,"--,WAT",152.53,56.8,1.3,109.5,21.1,48,,WH J150909.8+212415,0.6574,p,2456.0,80.0,575.0,0.479,10.18,0.48,7.0
227.27542,-4.75108,0.62187,25.14,168.0,,,False,False,True,False,J150906.07-044504.8,,DESI J150906.10-044503.9,p,"--,WAT",11.33,9.07,0.29,100.0,7.5,24,,Y21 J150906.1-044504,0.598,p,2271.0,0.0,0.0,0.537,23.0,1.05,12.0
227.36566,44.75211,0.49174,26.47,293.0,8.46,1.94,False,False,True,False,J150927.98+444516.6,,DESI J150927.76+444507.6,p,"--,WAT",305.31,146.39,0.96,156.3,30.2,47,-23.51,WHL J150927.8+444508,0.4958,s,1937.0,0.0,0.0,0.865,64.61,2.86,41.0
227.4126,26.71669,1.03476,26.34,249.0,,0.28,True,False,True,False,J150939.03+264258.5,,WISEA J150939.02+264300.0,s,"FR-I,WAT",112.93,177.29,-0.59,148.1,19.3,30,,,,,,,,,,,
227.42238,19.69073,0.52227,25.41,258.0,8.74,1.92,False,True,True,False,J150941.36+194132.1,,WISEA J150941.37+194126.6,s,"FR-II,WAT",24.93,14.2,0.74,93.5,21.3,40,-22.55,,,,,,,,,,
227.45674,28.24916,,,,,,False,True,False,True,J150949.62+281457.0,,,,"FR-II,NAT",10.23,3.24,1.51,66.8,3.2,27,,,,,,,,,,,
227.48906,33.45417,0.11723,24.85,109.0,,1.08,True,False,False,True,J150956.78+332701.5,"a,f,h",WISEA J150957.37+332715.0,s,"FR-I,NAT",163.26,31.77,2.15,75.6,18.8,50,,WH J150946.0+332716,0.7119,p,2620.0,142.0,1054.0,0.51,20.11,0.92,8.0
227.53671,-5.36623,0.44037,25.34,147.0,,,False,True,False,True,J151008.52-052153.2,,DESI J151008.81-052158.4,p,"FR-II,NAT",33.28,20.44,0.64,89.2,9.7,25,,Y21 J151008.8-052158,0.4269,p,1700.0,0.0,0.0,0.771,47.11,2.1,28.0
227.57381,56.27296,0.87267,26.03,373.0,,0.73,False,False,True,False,J151017.30+561622.1,,DESI J151017.71+561622.7,p,"--,WAT",37.33,25.59,0.5,164.8,598.4,47,,WH J151029.9+561758,0.4489,s,1777.0,139.0,826.0,0.492,15.97,0.74,7.0
227.62059,-3.43927,0.41233,25.38,333.0,,,False,False,True,False,J151029.13-032624.9,,DESI J151028.94-032621.4,p,"--,WAT",41.14,23.99,0.71,167.4,67.8,59,,,,,,,,,,,
227.63751,18.74415,,,,,,False,True,True,False,J151033.00+184438.9,,,,"FR-II,WAT",64.25,28.97,1.05,140.0,32.4,51,,,,,,,,,,,
227.65311,21.04319,0.88412,25.29,191.0,,2.02,False,False,True,False,J151036.62+210237.7,,DESI J151036.75+210235.5,p,"--,WAT",9.19,9.49,-0.04,149.5,50.5,24,,WH J151033.3+210318,0.4196,p,1674.0,65.0,372.0,0.471,15.69,0.72,8.0
227.72149,42.10868,0.24458,25.06,255.0,8.58,1.5,True,False,True,False,J151052.00+420632.3,,WISEA J151053.15+420631.2,s,"FR-I,WAT",59.86,28.01,1.0,163.3,121.4,64,-23.26,AMF J151051.2+420541,0.4182,p,1669.0,55.0,314.0,0.53,15.62,0.72,6.0
227.73375,5.74479,0.07805,24.97,75.0,,0.97,True,False,True,False,J151055.77+054439.4,"f,g",IC 1101,s,"FR-I,WAT",549.35,139.67,1.8,121.6,22.5,49,,WHL J151056.1+054441,0.0783,s,342.0,0.0,0.0,0.969,56.92,2.53,83.0
227.78663,18.03142,0.11584,25.16,187.0,8.68,1.03,True,False,True,False,J151109.07+180156.6,"d,g",WISEA J151108.79+180153.1,s,"FR-I,WAT",385.31,185.92,0.96,133.0,48.8,86,-23.11,maxBCG J151108.8+180153,0.1158,s,501.0,0.0,0.0,0.899,46.91,2.09,34.0
227.80154,10.02231,0.41482,25.59,289.0,9.04,1.88,False,False,True,False,J151112.65+100125.0,,DESI J151112.37+100120.3,p,"--,WAT",54.86,21.88,1.21,145.3,62.0,51,-23.06,WHL J151110.7+100213,0.4161,s,1662.0,58.0,330.0,0.933,71.81,3.17,40.0
227.858,36.56008,0.16383,25.05,145.0,,1.22,False,False,True,False,J151126.62+363330.9,f,WISEA J151125.91+363336.2,s,"--,WAT",142.76,66.43,1.0,114.0,30.0,50,,maxBCG J151125.9+363336,0.164,s,700.0,0.0,0.0,0.933,56.88,2.53,48.0
227.87828,32.47252,0.56414,26.38,529.0,,1.15,False,False,True,False,J151131.25+322819.4,"a,j",DESI J151130.79+322821.1,p,"--,WAT",185.29,95.4,0.87,145.3,50.0,79,-22.79,WH J151130.9+322804,0.8896,p,3118.0,17.0,136.0,0.508,25.32,1.15,7.0
227.90396,33.917,0.62341,26.03,456.0,,0.97,False,False,True,False,J151137.41+335505.7,,WISEA J151136.94+335501.1,s,"--,WAT",67.1,35.43,0.84,163.0,119.8,65,,Y21 J151148.0+335646,0.6651,p,2480.0,173.0,1249.0,0.49,20.28,0.93,11.0
228.00564,26.41318,0.16405,24.73,122.0,8.06,1.18,True,False,True,False,J151200.87+262451.6,,WISEA J151201.35+262447.4,s,"FR-I,WAT",67.25,32.07,0.97,159.7,40.0,42,-22.1,,,,,,,,,,
228.03471,42.82045,0.60031,25.53,227.0,,1.85,False,True,True,False,J151208.44+424912.6,,DESI J151208.33+424913.6,p,"FR-II,WAT",17.99,6.35,1.37,155.1,41.7,33,,WHL J151208.3+424914,0.5905,s,2248.0,0.0,0.0,0.611,24.28,1.11,10.0
228.03902,-7.26024,1.00858,25.81,189.0,,,False,False,True,False,J151209.25-071539.0,,DESI J151209.36-071536.9,p,"--,WAT",17.46,12.95,0.39,154.4,16.0,23,,,,,,,,,,,
228.0545,15.36627,0.18718,24.79,201.0,8.54,1.26,False,False,False,True,J151214.24+152157.6,,WISEA J151213.07+152158.5,s,"--,NAT",59.7,32.53,0.8,78.7,14.1,62,-22.86,NSCS J151216+152231,0.15,p,643.0,53.0,144.0,,,,
228.06451,15.24851,0.18653,25.05,113.0,8.32,1.24,True,False,False,True,J151215.11+151503.6,,2MASX J15121550+1514544,s,"FR-I,NAT",105.79,50.44,0.97,56.5,11.3,35,-23.46,maxBCG J151215.5+151455,0.1897,s,805.0,0.0,0.0,0.948,60.79,2.69,53.0
228.07605,36.90536,0.28957,25.08,125.0,,1.62,False,True,True,False,J151218.14+365414.7,f,WISEA J151218.25+365419.3,s,"FR-II,WAT",45.72,27.22,0.68,112.0,12.9,28,,maxBCG J151218.3+365419,0.2896,s,1197.0,0.0,0.0,0.83,49.0,2.19,31.0
228.12536,42.25176,,,,,,True,False,True,False,J151230.09+421506.4,,,,"FR-I,WAT",47.07,25.22,0.82,154.5,20.2,25,,,,,,,,,,,
228.22836,6.20325,0.17526,24.4,104.0,8.44,1.22,True,False,True,False,J151255.10+061217.2,"b,f",WISEA J151254.80+061211.6,s,"FR-I,WAT",26.89,12.17,1.04,133.1,30.1,34,-22.63,WHL J151250.0+061207,0.5397,s,2083.0,72.0,472.0,0.524,12.51,0.58,6.0
228.32397,9.30609,0.61949,25.83,280.0,,1.14,False,False,False,True,J151317.88+091837.3,c,DESI J151317.75+091821.9,p,"--,NAT",48.38,31.34,0.57,81.7,23.2,40,,WHL J151317.9+091845,0.4048,s,1622.0,23.0,129.0,0.562,20.6,0.94,12.0
228.34411,-5.9653,0.28714,25.38,214.0,,,True,False,True,False,J151322.82-055803.8,,DESI J151322.59-055755.1,p,"FR-I,WAT",89.69,48.13,0.82,110.8,20.8,48,,Y21 J151328.7-055740,0.1398,p,601.0,92.0,235.0,0.444,15.2,0.7,11.0
228.45324,5.79674,0.20319,24.66,145.0,8.18,1.3,False,False,True,False,J151349.13+054744.7,,WISEA J151348.77+054748.2,s,"--,WAT",34.65,14.38,1.15,133.4,32.0,42,-22.42,Y21 J151348.8+054748,0.2032,s,859.0,0.0,0.0,0.619,22.66,1.03,15.0
228.59648,44.06355,0.10477,24.09,69.0,,0.92,False,True,True,False,J151423.53+440356.0,,DESI J151423.15+440348.8,p,"FR-II,WAT",42.09,26.07,0.63,109.0,20.3,35,,,,,,,,,,,
228.6409,4.42383,,,,,1.39,False,False,True,False,J151433.82+042525.8,,,,"--,WAT",210.14,97.49,1.01,154.2,27.9,90,,,,,,,,,,,
228.68302,22.62366,0.38433,25.93,287.0,,1.91,True,False,True,False,J151442.84+223740.1,a,WISEA J151443.92+223725.1,s,"FR-I,WAT",142.85,56.08,1.23,97.9,174.2,53,,WHL J151443.9+223725,0.3843,s,1548.0,0.0,0.0,0.892,64.35,2.85,38.0
228.7057,10.28428,0.05724,24.62,130.0,8.68,0.95,False,False,True,False,J151448.35+101648.0,f,WISEA J151449.36+101703.3,s,"--,WAT",473.04,112.21,1.89,98.8,,113,-22.84,NSC J151454+101625,,p,,83.0,,,,,
228.75571,6.84361,0.4374,25.01,146.0,8.37,1.88,False,False,True,False,J151501.62+065033.6,,WISEA J151501.36+065037.0,s,"--,WAT",15.06,8.73,0.72,166.3,24.2,25,-23.33,WHL J151501.4+065037,0.4374,s,1737.0,0.0,0.0,0.726,31.07,1.4,17.0
228.76371,22.52885,0.57673,26.46,196.0,,-0.07,False,False,False,True,J151503.51+223147.4,,SDSS J151503.29+223143.8,s,"--,NAT",215.91,116.03,0.81,82.0,8.9,29,,WH J151506.6+223037,0.8673,p,3058.0,81.0,643.0,0.396,12.1,0.56,7.0
228.79026,51.02149,,,,,,False,True,True,False,J151509.66+510117.4,,,,"FR-II,WAT",73.33,30.66,1.14,150.2,32.8,43,,,,,,,,,,,
228.80239,43.68613,0.26417,24.58,105.0,,1.51,False,False,True,False,J151512.21+434110.2,,DESI J151512.57+434110.1,p,"--,WAT",18.54,12.39,0.53,110.1,11.0,25,,maxBCG J151510.7+433952,0.2451,s,1025.0,81.0,323.0,0.979,71.06,3.13,62.0
228.81498,54.20892,0.15801,24.89,203.0,,1.2,False,False,True,False,J151515.12+541229.9,,WISEA J151515.59+541232.1,s,"--,WAT",100.27,33.94,1.42,165.3,88.8,72,,maxBCG J151515.6+541232,0.158,s,676.0,0.0,0.0,0.632,18.48,0.85,9.0
228.93442,49.11944,0.2673,24.17,93.0,,1.5,True,False,True,False,J151544.30+490709.7,,DESI J151544.26+490710.0,p,"FR-I,WAT",7.95,8.03,-0.01,167.1,15.3,22,,,,,,,,,,,
228.9882,39.72632,0.70089,25.7,169.0,,,False,True,True,False,J151557.51+394334.5,,DESI J151557.17+394334.8,p,"FR-II,WAT",22.21,10.93,0.93,128.6,15.9,23,,Y21 J151602.0+394427,0.7304,p,2674.0,76.0,569.0,1.126,161.2,6.94,74.0
228.99348,14.59438,0.50593,25.57,171.0,,1.84,False,True,True,False,J151558.71+143543.9,,DESI J151558.44+143539.8,p,"FR-II,WAT",43.36,29.59,0.5,122.7,18.8,27,,,,,,,,,,,
229.02362,18.20098,0.33918,25.39,135.0,8.4,1.71,False,False,True,False,J151606.00+181206.5,,WISEA J151605.66+181203.5,s,"--,WAT",51.4,16.17,1.52,125.3,20.4,27,-23.33,WHL J151605.6+181203,0.3448,s,1404.0,0.0,0.0,0.96,75.05,3.3,50.0
229.14886,29.40304,0.53421,25.07,130.0,,1.97,False,False,True,False,J151635.77+292416.8,,WISEA J151635.72+292410.9,s,"--,WAT",12.8,9.52,0.39,104.9,9.0,20,,WHL J151635.9+292431,0.5645,p,2164.0,20.0,134.0,0.879,71.79,3.16,33.0
229.16586,14.09927,0.79125,26.42,254.0,,0.14,False,False,False,True,J151640.00+140610.0,,WISEA J151639.80+140557.3,s,"--,NAT",73.08,28.24,1.25,73.7,13.1,33,,maxBCG J151637.9+140657,0.1823,s,775.0,66.0,210.0,0.784,33.1,1.49,22.0
229.18197,52.97646,0.33377,25.03,163.0,,1.77,True,False,True,False,J151644.00+525848.3,,WISEA J151643.67+525835.2,s,"FR-I,WAT",27.24,12.97,0.97,96.6,16.1,33,,GMBCG J151643.7+525835,0.3342,s,1365.0,0.0,0.0,0.593,12.95,0.6,8.0
229.35417,17.48928,0.23577,25.66,228.0,,1.05,False,False,True,False,J151725.21+172927.4,,WISEA J151724.99+172921.4,s,"--,WAT",242.71,94.05,1.24,136.3,35.4,59,,Y21 J151727.1+173026,0.2352,s,986.0,71.0,275.0,0.623,24.46,1.11,9.0
229.35938,-3.98982,,,,,,False,True,True,False,J151726.25-035923.4,,,,"FR-II,WAT",38.8,16.08,1.16,152.4,25.2,33,,,,,,,,,,,
229.40204,28.02984,0.74766,25.65,294.0,,1.54,False,False,True,False,J151736.42+280154.5,,DESI J151736.49+280147.4,p,"--,WAT",20.64,13.01,0.61,154.0,38.8,39,,WH J151734.1+280248,0.7123,p,2621.0,69.0,512.0,0.566,26.92,1.22,11.0
229.44487,34.60203,0.34052,24.84,125.0,,1.76,False,True,True,False,J151746.83+343605.8,,SDSS J151746.76+343607.3,s,"FR-II,WAT",20.19,15.16,0.38,139.9,28.5,25,,WHL J151745.0+343547,0.3427,s,1396.0,30.0,151.0,0.729,28.79,1.3,19.0
229.44699,14.00554,0.45409,25.41,137.0,,1.25,True,False,True,False,J151747.19+140018.0,,DESI J151747.28+140019.9,p,"FR-I,WAT",47.21,50.13,-0.08,131.3,7.6,23,,,,,,,,,,,
229.54326,3.13689,0.48883,25.47,249.0,7.79,1.47,False,False,True,False,J151811.23+030810.8,,WISEA J151810.38+030812.8,s,"--,WAT",31.66,16.13,0.88,112.8,35.3,40,-23.03,WHL J151809.9+030754,0.4888,s,1914.0,20.0,125.0,0.815,55.94,2.48,33.0
229.68662,-3.7758,0.32849,24.75,122.0,,,True,False,True,False,J151844.67-034631.1,,DESI J151844.79-034632.9,p,"FR-I,WAT",17.84,13.89,0.33,164.8,15.3,25,,Y21 J151844.2-034656,0.2987,p,1232.0,24.0,110.0,0.707,20.11,0.92,15.0
229.76162,54.01085,0.68303,25.87,204.0,,1.49,False,False,True,False,J151902.42+540038.6,,DESI J151902.79+540039.0,p,"--,WAT",34.42,16.26,0.98,101.4,9.2,28,,maxBCG J151858.1+540046,0.2954,s,1219.0,42.0,192.0,0.881,55.99,2.49,40.0
229.80563,36.3954,0.28552,26.02,547.0,,1.09,False,False,True,False,J151912.75+362344.0,j,DESI J151913.35+362343.4,s,"--,WAT",364.89,152.13,1.15,154.0,110.8,123,-22.68,,,,,,,,,,
229.82866,12.11448,1.04184,25.75,191.0,,0.91,False,True,True,False,J151918.97+120656.3,,DESI J151918.88+120652.1,p,"FR-II,WAT",11.24,6.51,0.72,122.4,26.0,23,,,,,,,,,,,
229.83091,31.54254,0.34703,25.12,132.0,,1.32,False,False,True,False,J151920.00+313238.7,,SDSS J151919.41+313233.1,s,"--,WAT",30.46,14.18,1.0,144.3,16.1,26,,,,,,,,,,,
229.88668,56.89293,0.44137,25.11,147.0,8.24,1.74,False,False,True,False,J151933.36+565340.7,,WISEA J151932.80+565334.5,s,"--,WAT",21.04,15.8,0.38,93.7,8.6,25,-22.38,CFSFDP J151929.6+565347,0.4414,s,1751.0,29.0,171.0,0.534,18.91,0.87,8.0
229.9026,5.52973,,,,,,False,True,True,False,J151936.62+053147.0,,,,"FR-II,WAT",38.16,18.84,0.93,150.8,31.0,38,,,,,,,,,,,
229.91275,29.56474,0.06795,23.44,40.0,,0.79,False,False,True,False,J151939.29+293353.7,,DESI J151939.06+293353.1,p,"--,WAT",23.57,15.71,0.53,156.1,46.6,30,,WH J151930.5+293147,0.5114,s,1990.0,169.0,1079.0,0.594,28.86,1.31,10.0
229.93794,29.01147,1.20553,26.76,230.0,,,False,False,True,False,J151945.22+290039.5,,DESI J151945.10+290041.3,p,"--,WAT",81.04,46.68,0.72,120.1,9.8,27,,WH J151953.4+285928,0.6797,s,2524.0,131.0,954.0,0.59,18.33,0.84,9.0
229.97072,34.27678,,,,,,False,True,True,False,J151952.97+341636.4,,,,"FR-II,WAT",21.82,9.25,1.13,152.3,29.2,34,,,,,,,,,,,
229.98349,-8.01146,0.90332,26.31,457.0,,,False,True,True,False,J151955.83-080042.9,,DESI J151956.04-080041.2,p,"FR-II,WAT",32.75,9.95,1.56,165.2,59.4,57,,WH J151956.7-080143,0.9724,p,3332.0,63.0,516.0,0.576,33.97,1.53,6.0
230.0045,23.48481,0.47388,25.12,110.0,8.62,1.88,False,True,True,False,J152001.06+232908.3,f,WISEA J152001.07+232905.3,s,"FR-II,WAT",14.11,6.18,1.08,97.8,8.8,18,-23.36,WHL J151953.8+232834,0.476,s,1870.0,105.0,645.0,0.652,29.47,1.33,18.0
230.03049,16.47658,0.24932,25.66,355.0,,1.24,False,False,False,True,J152007.62+162829.0,,DESI J152007.32+162835.7,p,"--,NAT",196.98,56.47,1.64,28.1,12.1,88,,CFSFDP J151958.5+162644,0.6618,p,2470.0,169.0,1218.0,0.484,14.92,0.69,7.0
230.07959,-4.97898,0.10409,24.33,132.0,,,False,False,True,False,J152019.34-045838.3,,DESI J152019.10-045844.3,p,"--,WAT",71.03,30.75,1.1,142.9,271.4,67,,WHY18 J152019.1-045844,0.1141,p,494.0,0.0,0.0,0.524,11.76,0.55,10.0
230.08362,2.04066,,,,,,True,False,False,True,J152020.07+020226.4,,,,"FR-I,NAT",46.44,27.37,0.69,31.3,6.6,30,,,,,,,,,,,
230.13744,56.05079,0.43554,25.79,192.0,8.19,1.63,True,False,False,True,J152033.49+560313.0,c,WISEA J152032.98+560302.8,s,"FR-I,NAT",87.52,45.53,0.86,51.7,10.0,33,-22.47,WHL J152033.0+560303,0.4355,s,1730.0,0.0,0.0,0.574,18.15,0.83,9.0
230.23194,23.62367,0.31393,25.18,156.0,,1.68,False,True,True,False,J152056.14+233718.0,"a,f",WISEA J152055.66+233725.2,s,"FR-II,WAT",44.9,22.6,0.9,95.2,13.5,33,,WHL J152055.7+233725,0.3146,s,1292.0,0.0,0.0,0.743,29.66,1.34,16.0
230.28711,12.44672,0.82427,25.73,203.0,,0.06,False,False,True,False,J152108.41+122648.6,,WISEA J152108.90+122648.1,s,"--,WAT",18.97,11.5,0.66,131.8,16.3,26,,WH J152107.7+122636,0.8647,p,3051.0,21.0,167.0,0.608,36.51,1.64,13.0
230.30953,19.0637,0.83129,26.26,219.0,,0.2,True,False,True,False,J152114.53+190352.2,,DESI J152114.29+190349.3,p,"FR-I,WAT",73.33,52.29,0.44,115.3,17.2,28,,WH J152106.4+190242,0.9927,p,3383.0,131.0,1078.0,0.405,14.26,0.66,7.0
230.36243,31.95929,0.31313,25.46,313.0,8.7,1.64,True,False,True,False,J152126.52+315743.6,"a,f,j",WISEA J152126.98+315733.4,s,"FR-I,WAT",82.12,36.12,1.08,126.8,33.8,66,-23.59,WHL J152127.0+315733,0.3131,s,1286.0,0.0,0.0,0.803,43.08,1.93,22.0
230.36259,48.66206,0.07416,24.04,77.0,8.56,1.01,True,False,False,True,J152127.73+483956.2,,WISEA J152127.02+483943.4,s,"FR-I,NAT",75.66,31.86,1.13,58.8,12.7,53,-22.36,NSC J152119+483932,0.0829,p,361.0,73.0,118.0,,,,
230.36982,15.19695,0.35923,25.52,343.0,,1.77,False,False,True,False,J152129.16+151152.7,,WISEA J152128.75+151149.0,s,"--,WAT",74.22,38.11,0.87,159.8,67.6,66,,GMBCG J152128.8+151149,0.3592,s,1457.0,0.0,0.0,0.854,55.85,2.48,27.0
230.42288,52.01627,1.04056,26.38,299.0,,0.64,False,True,True,False,J152141.66+520059.5,c,DESI J152141.49+520058.6,p,"FR-II,WAT",49.54,30.06,0.66,154.0,30.2,36,,,,,,,,,,,
230.4817,27.41475,0.07776,24.17,61.0,,1.0,True,False,True,False,J152155.36+272452.7,,2MASX J15215562+2724530,s,"FR-I,WAT",89.87,29.47,1.46,166.9,48.5,40,,,,,,,,,,,
230.52955,32.85406,0.47223,24.91,165.0,,1.17,False,True,False,True,J152207.79+325116.3,,DESI J152207.09+325114.6,p,"FR-II,NAT",8.68,3.68,1.13,85.2,15.7,27,,WH J152220.4+325108,0.6758,p,2512.0,168.0,1221.0,0.487,12.1,0.56,8.0
230.5599,57.96316,0.17331,24.19,149.0,,0.36,False,True,True,False,J152213.48+575759.2,,DESI J152214.38+575747.4,p,"FR-II,WAT",18.27,11.39,0.62,137.9,39.7,49,,WHL J152215.5+575534,0.4118,p,1647.0,134.0,758.0,,,,
230.56778,56.58088,0.75569,25.32,144.0,,1.96,False,False,True,False,J152216.42+563452.5,,DESI J152216.27+563451.2,p,"--,WAT",10.17,7.04,0.48,140.7,9.9,19,,WH J152202.3+563310,0.6849,p,2540.0,154.0,1125.0,0.457,13.7,0.63,6.0
230.63058,54.89004,0.56006,25.3,220.0,7.98,1.83,False,True,False,True,J152230.64+545319.4,,WISEA J152231.33+545324.1,s,"FR-II,NAT",19.88,15.29,0.34,89.9,11.8,33,-23.16,AMF J152231.3+545324,0.5594,s,2148.0,0.0,0.0,0.796,53.22,2.37,30.0
230.64184,31.15297,0.23788,25.0,144.0,,,False,False,True,False,J152234.12+310913.8,,WISEA J152234.04+310910.6,s,"--,WAT",54.86,25.11,1.03,157.6,81.3,37,,GMBCG J152234.0+310911,0.2379,s,997.0,0.0,0.0,0.792,39.14,1.76,12.0
230.73406,23.37139,0.48574,25.22,99.0,,1.87,True,False,True,False,J152256.27+232214.2,,WISEA J152256.17+232216.9,s,"FR-I,WAT",14.58,4.88,1.44,123.6,12.6,16,,AMF J152255.3+232324,0.4857,s,1903.0,68.0,422.0,0.781,50.08,2.23,19.0
230.73822,37.56842,0.41325,25.36,141.0,,1.95,True,False,True,False,J152256.95+373411.6,,DESI J152257.17+373406.3,p,"FR-I,WAT",30.04,9.88,1.46,118.0,16.2,25,,,,,,,,,,,
230.85415,20.69366,0.23736,24.89,190.0,,1.4,False,False,True,False,J152323.89+204137.6,,DESI J152325.00+204137.2,p,"--,WAT",38.98,13.25,1.42,97.8,21.2,49,,AMF J152325.2+204130,0.5566,s,2139.0,8.0,53.0,0.717,43.22,1.93,31.0
230.96087,36.18498,0.2297,24.88,239.0,,1.43,True,False,True,False,J152350.12+361054.6,"a,j",WISEA J152350.60+361105.9,s,"FR-I,WAT",45.85,21.82,0.97,146.1,55.3,63,,maxBCG J152350.7+360934,0.2297,s,964.0,92.0,350.0,0.924,59.61,2.64,39.0
230.9691,21.35151,0.52175,25.51,432.0,,1.92,False,True,True,False,J152352.33+212100.6,,WISEA J152352.58+212105.4,s,"FR-II,WAT",28.96,13.8,0.97,152.1,66.8,67,,,,,,,,,,,
231.04109,29.76201,1.60309,26.83,434.0,,,False,False,True,False,J152410.23+294543.2,c,DESI J152409.86+294543.2,p,"--,WAT",31.53,12.58,1.21,151.0,52.2,50,,,,,,,,,,,
231.12336,32.62836,0.23577,25.14,275.0,8.51,1.46,False,True,True,False,J152429.43+323738.2,,WISEA J152429.60+323742.0,s,"FR-II,WAT",70.91,24.32,1.4,154.9,68.4,71,-22.91,maxBCG J152429.6+323742,0.2358,s,989.0,0.0,0.0,0.784,41.04,1.84,24.0
231.16429,62.0417,0.33762,25.53,239.0,,1.72,True,False,False,True,J152442.17+620238.6,g,DESI J152439.43+620230.1,p,"FR-I,NAT",72.5,22.87,1.51,66.0,,48,,WHL J152422.2+620149,0.34,p,1386.0,128.0,637.0,1.17,129.08,5.59,72.0
231.18113,13.35677,,,,,,True,False,True,False,J152443.47+132124.4,f,,,"FR-I,WAT",3.81,3.88,-0.02,149.8,11.5,16,,,,,,,,,,,
231.26283,36.41396,0.47253,25.11,226.0,,1.88,False,False,True,False,J152503.61+362453.5,,WISEA J152503.07+362450.2,s,"--,WAT",15.04,7.52,0.91,163.1,43.6,37,,,,,,,,,,,
231.32733,11.08066,,,,,2.64,False,False,True,False,J152518.56+110450.4,,,,"--,WAT",21.01,16.74,0.3,114.6,13.7,29,,,,,,,,,,,
231.38998,-0.52582,,,,,,False,True,True,False,J152533.60-003133.0,,,,"FR-II,WAT",32.97,19.64,0.68,142.2,14.7,25,,,,,,,,,,,
231.44514,40.65367,1.07109,26.21,568.0,,,False,True,True,False,J152546.70+403909.4,,DESI J152546.83+403913.2,p,"FR-II,WAT",28.85,15.81,0.79,155.8,75.4,68,,,,,,,,,,,
231.47165,28.5151,1.03314,26.27,340.0,,0.25,False,False,True,False,J152553.90+283057.1,,DESI J152553.20+283054.4,p,"--,WAT",23.27,7.99,1.4,127.1,24.5,41,,,,,,,,,,,
231.47974,53.03685,0.37557,25.0,219.0,7.43,1.73,False,False,True,False,J152554.67+530212.1,,SDSS J152555.13+530212.6,s,"--,WAT",22.23,14.62,0.55,127.9,32.1,41,-22.87,,,,,,,,,,
231.49679,4.67971,1.65261,27.31,678.0,,0.64,False,False,True,False,J152558.77+044040.0,,DESI J152559.23+044047.0,p,"--,WAT",143.23,83.31,0.71,159.6,99.4,78,,,,,,,,,,,
231.54078,17.63661,0.50029,25.2,189.0,,1.93,False,True,True,False,J152610.07+173814.6,,WISEA J152609.78+173811.7,s,"FR-II,WAT",16.39,8.62,0.84,141.3,32.8,30,,AMF J152609.8+173812,0.5003,s,1952.0,0.0,0.0,0.568,13.44,0.62,7.0
231.53992,35.1724,0.24859,25.55,302.0,,1.5,False,False,True,False,J152610.33+351018.0,,WISEA J152609.58+351020.6,s,"--,WAT",166.37,64.11,1.25,93.4,22.1,75,,MaxBCG J231.53990+35.17238,0.2485,p,1038.0,0.0,0.0,,,,
231.56305,4.64495,0.49566,25.31,182.0,,1.87,False,False,False,True,J152615.15+043834.1,f,WISEA J152615.13+043841.8,s,"--,NAT",23.69,14.6,0.64,80.4,11.7,29,,WH J152621.5+043743,0.6291,s,2369.0,112.0,790.0,0.538,20.14,0.92,11.0
231.57668,16.9988,0.18567,25.16,203.0,,1.21,False,False,True,False,J152618.40+165954.9,,WISEA J152618.40+165955.6,s,"--,WAT",138.04,62.39,1.04,138.2,28.2,63,,,,,,,,,,,
231.5804,18.74123,0.29346,25.69,177.0,8.73,1.69,False,False,True,False,J152619.26+184432.7,,WISEA J152619.29+184428.4,s,"--,WAT",169.89,84.88,0.91,146.6,23.7,39,-23.66,WHL J152619.3+184428,0.2934,s,1211.0,0.0,0.0,0.842,50.36,2.24,24.0
231.63956,16.65496,0.48395,25.55,316.0,8.53,1.91,False,False,True,False,J152633.88+163913.7,,WISEA J152633.49+163917.8,s,"--,WAT",38.0,18.1,0.97,157.6,46.6,51,-23.69,WHL J152633.5+163918,0.484,s,1897.0,0.0,0.0,0.801,53.78,2.39,29.0
231.67517,0.89143,0.11607,24.95,119.0,,1.05,True,False,True,False,J152642.05+005331.8,a,WISEA J152642.04+005329.1,s,"FR-I,WAT",236.44,112.32,0.98,169.4,,55,,AMF J152642.0+005329,0.1174,s,507.0,0.0,0.0,0.779,36.49,1.64,26.0
231.704,37.34281,0.39671,25.44,182.0,,1.87,False,True,True,False,J152649.22+372036.0,,WISEA J152648.96+372034.1,s,"FR-II,WAT",50.38,28.3,0.76,129.4,16.9,33,,WHL J152648.9+372034,0.3967,s,1593.0,0.0,0.0,0.823,51.07,2.27,33.0
231.73082,7.48648,0.1897,24.69,157.0,,1.28,False,False,True,False,J152655.70+072910.8,,WISEA J152655.39+072911.3,s,"--,WAT",48.23,30.08,0.62,168.5,248.7,48,,GMBCG J152655.4+072911,0.1897,s,805.0,1.0,3.0,0.559,15.55,0.72,10.0
231.75336,20.70945,0.4763,25.04,116.0,,1.9,False,False,False,True,J152701.09+204230.0,,DESI J152700.81+204234.0,p,"--,NAT",14.54,10.09,0.48,64.6,6.7,19,,WHL J152702.0+204256,0.4719,s,1856.0,27.0,165.0,0.608,26.45,1.2,20.0
231.89198,28.17109,0.36304,25.07,146.0,,1.78,True,False,True,False,J152734.30+281015.8,,WISEA J152734.07+281015.9,s,"FR-I,WAT",26.62,15.63,0.7,152.0,40.3,28,,GMBCG J152734.1+281016,0.363,s,1471.0,0.0,0.0,0.654,27.02,1.23,17.0
231.91658,14.1946,0.83968,26.13,212.0,,0.24,True,False,True,False,J152739.79+141142.4,,DESI J152739.98+141140.6,p,"FR-I,WAT",54.66,41.51,0.36,118.2,16.9,27,,Y21 J152745.7+141248,0.4405,s,1748.0,107.0,629.0,0.705,36.62,1.65,24.0
231.94859,6.88193,0.38512,25.18,255.0,8.44,1.83,False,False,True,False,J152748.04+065257.4,,WISEA J152747.66+065254.9,s,"--,WAT",25.17,9.84,1.23,148.8,52.1,47,-22.86,WHL J152745.0+065234,0.3949,s,1586.0,45.0,248.0,1.336,223.94,9.54,125.0
232.0772,7.23588,0.38729,25.09,223.0,8.81,1.86,True,False,True,False,J152818.68+071419.4,f,WISEA J152818.52+071409.1,s,"FR-I,WAT",22.29,10.62,0.97,162.0,,41,-22.77,WHL J152818.5+071409,0.3873,s,1559.0,0.0,0.0,0.723,33.79,1.52,22.0
232.09128,55.52531,0.20572,24.93,234.0,8.26,1.32,False,True,True,False,J152822.81+553117.0,,WISEA J152821.90+553131.1,s,"FR-II,WAT",62.39,24.77,1.21,167.1,117.4,67,-22.76,WHL J152821.9+553131,0.2063,s,872.0,0.0,0.0,0.587,15.16,0.7,11.0
232.19659,6.7556,0.63391,25.91,502.0,9.08,1.75,True,False,True,False,J152847.07+064525.5,,WISEA J152847.18+064520.1,s,"FR-I,WAT",40.18,16.07,1.2,166.3,156.8,71,-23.09,,,,,,,,,,
232.24646,47.11167,0.16932,24.27,113.0,8.52,1.21,False,False,True,False,J152859.98+470651.2,,WISEA J152859.15+470642.0,s,"--,WAT",21.93,10.1,1.02,99.2,24.1,38,-22.74,,,,,,,,,,
232.29386,10.8277,0.20831,24.98,144.0,,1.33,False,False,True,False,J152910.70+104940.0,,WISEA J152910.52+104939.7,s,"--,WAT",75.66,45.3,0.67,161.0,183.0,41,,WH J152910.6+104940,0.2083,s,880.0,0.0,0.0,0.609,15.26,0.7,6.0
232.42101,18.45127,0.29549,25.47,260.0,,1.61,False,True,False,True,J152940.70+182714.3,,WISEA J152941.04+182704.5,s,"FR-II,NAT",101.9,51.01,0.91,53.1,6.0,57,,maxBCG J152941.0+182705,0.2959,s,1221.0,0.0,0.0,0.702,29.58,1.34,16.0
232.44006,30.70993,0.11381,24.57,102.0,,1.04,True,False,True,False,J152945.36+304229.8,"a,h",DESI J152945.61+304235.6,s,"FR-I,WAT",101.09,38.0,1.28,117.4,44.7,48,,GMBCG J152945.6+304236,0.1138,s,492.0,0.0,0.0,0.811,38.99,1.75,28.0
232.5346,45.42819,0.31011,25.56,231.0,8.91,1.74,False,False,True,False,J153007.12+452551.6,f,WISEA J153008.30+452541.4,s,"--,WAT",103.04,42.66,1.16,115.4,21.8,49,-23.33,WHL J153008.3+452541,0.3101,s,1275.0,0.0,0.0,0.661,26.24,1.19,15.0
232.59283,33.02166,1.03235,25.46,215.0,,1.27,False,False,True,False,J153022.26+330121.5,c,DESI J153022.28+330118.0,p,"--,WAT",10.49,11.23,-0.09,125.5,11.8,26,,WH J153014.9+330014,0.7778,p,2811.0,113.0,866.0,0.541,17.81,0.82,7.0
232.64671,42.41234,0.38172,25.17,226.0,8.72,1.92,False,False,True,False,J153035.69+422440.5,,WISEA J153035.20+422444.4,s,"--,WAT",30.78,19.41,0.6,153.4,38.4,42,-23.2,WH21 J153035.2+422444,0.3839,s,1547.0,0.0,0.0,0.675,28.08,1.27,9.0
232.66371,40.37563,0.57007,25.48,343.0,,1.78,False,True,True,False,J153039.13+402236.7,,DESI J153039.29+402232.3,p,"FR-II,WAT",25.42,15.62,0.64,163.6,252.9,51,,,,,,,,,,,
232.7341,23.54105,0.49896,25.29,283.0,,1.85,False,False,True,False,J153057.40+233228.1,,WISEA J153056.18+233227.7,s,"--,WAT",19.57,9.46,0.95,111.5,10.3,45,,WH J153056.2+233228,0.499,s,1948.0,0.0,0.0,0.547,15.18,0.7,9.0
232.74535,-7.05901,0.18151,25.22,304.0,,,False,False,True,False,J153058.46-070340.0,f,DESI J153058.89-070332.4,p,"--,WAT",149.77,40.93,1.7,149.4,35.3,96,,WH J153058.9-070332,0.1867,p,793.0,0.0,0.0,0.655,20.7,0.95,17.0
232.85926,10.51747,0.26271,24.4,113.0,,1.53,False,False,True,False,J153126.22+103107.7,a,WISEA J153126.22+103102.8,s,"--,WAT",13.71,12.78,0.09,115.1,14.2,27,,WHL J153126.2+103103,0.2638,s,1098.0,0.0,0.0,0.672,27.62,1.25,17.0
232.89847,47.28103,0.49333,25.76,313.0,8.12,1.86,False,True,True,False,J153135.03+471655.0,,SDSS J153135.63+471651.6,s,"FR-II,WAT",59.09,28.89,0.94,113.7,29.3,50,-23.11,NSCS J153132+471854,0.23,p,966.0,128.0,487.0,,,,
232.91953,33.85738,0.19794,25.0,183.0,8.25,1.33,False,False,False,True,J153139.01+335119.4,,WISEA J153140.68+335126.5,s,"--,NAT",79.66,31.12,1.23,25.6,12.8,54,-22.51,maxBCG J153144.9+335207,0.2047,s,865.0,67.0,233.0,0.919,57.43,2.55,44.0
232.97697,7.36465,0.18841,25.15,199.0,,1.24,True,False,True,False,J153155.26+072158.5,,WISEA J153154.47+072152.7,s,"FR-I,WAT",123.65,46.62,1.28,104.8,899.8,61,,maxBCG J153154.5+072153,0.1884,s,800.0,0.0,0.0,0.898,53.51,2.38,36.0
233.00394,40.89512,0.27736,25.47,283.0,,,True,False,True,False,J153200.91+405359.8,,DESI J153200.94+405342.4,p,"FR-I,WAT",117.27,59.06,0.9,112.4,35.8,65,,CFSFDP J153208.8+405326,0.3505,p,1425.0,90.0,460.0,0.563,16.43,0.76,11.0
233.00738,46.98136,0.3162,24.82,157.0,8.31,1.64,False,True,True,False,J153201.71+465856.7,f,WISEA J153201.77+465852.8,s,"FR-II,WAT",21.4,13.72,0.58,127.5,19.4,33,-22.7,WHL J153201.8+465853,0.3162,s,1298.0,0.0,0.0,0.518,12.22,0.57,8.0
233.04045,58.90512,0.06807,23.59,27.0,8.68,0.99,False,False,True,False,J153209.59+585421.1,,WISEA J153209.70+585418.4,s,"--,WAT",31.35,10.5,1.44,167.9,23.6,20,-23.06,WHL J153209.7+585418,0.0693,s,303.0,0.0,0.0,0.58,16.61,0.77,15.0
233.06394,53.67653,0.47413,25.17,159.0,,1.96,False,False,True,False,J153215.97+534033.1,,WISEA J153215.34+534035.5,s,"--,WAT",18.49,10.91,0.69,95.2,9.2,26,,WHL J153215.3+534035,0.4741,s,1864.0,0.0,0.0,0.672,33.04,1.49,21.0
233.08661,49.27485,0.26131,24.95,117.0,8.67,1.58,True,False,True,False,J153220.57+491629.6,,WISEA J153220.78+491629.4,s,"FR-I,WAT",39.69,19.02,0.97,141.1,30.7,28,-23.05,CFSFDP J153220.8+491629,0.2613,s,1088.0,0.0,0.0,0.63,20.73,0.95,9.0
233.21118,57.57359,0.15186,24.85,216.0,,0.63,True,False,True,False,J153250.08+573437.2,,SDSS J153250.68+573424.9,s,"FR-I,WAT",102.27,42.61,1.15,155.7,52.1,79,,,,,,,,,,,
233.22012,56.11448,0.45955,24.98,138.0,8.37,1.85,False,False,True,False,J153252.82+560654.6,,WISEA J153252.82+560652.1,s,"--,WAT",14.09,9.93,0.46,137.9,14.7,23,-23.24,WHL J153252.8+560652,0.4596,s,1814.0,0.0,0.0,0.747,39.0,1.75,21.0
233.2205,0.46893,0.03852,23.06,23.0,,0.94,True,False,True,False,J153253.21+002804.2,,CGCG 022-009,s,"FR-I,WAT",31.36,17.67,0.75,102.7,10.1,30,,CFSFDP J153258.0+002627,0.0394,s,174.0,127.0,103.0,0.564,15.44,0.71,11.0
233.272,4.84068,0.79386,26.13,277.0,,2.04,False,False,True,False,J153305.71+045036.0,,DESI J153305.28+045026.5,p,"--,WAT",34.07,11.9,1.38,108.8,154.3,36,,WH J153305.3+045018,0.9289,p,3221.0,9.0,73.0,0.481,23.41,1.07,11.0
233.28479,46.03796,0.32279,25.01,145.0,8.64,1.7,True,False,True,False,J153308.23+460213.2,,WISEA J153308.34+460216.6,s,"FR-I,WAT",33.26,24.57,0.4,135.3,24.3,30,-23.15,WHL J153308.3+460217,0.3241,s,1327.0,0.0,0.0,0.825,49.51,2.21,37.0
233.31371,31.13087,0.06669,23.76,51.0,7.81,0.93,False,False,True,False,J153315.78+310750.9,,WISEA J153315.29+310751.1,s,"--,WAT",49.51,20.84,1.14,107.3,23.6,39,-21.88,WHL J153315.4+310842,0.0664,s,291.0,51.0,67.0,0.662,20.28,0.93,28.0
233.35602,47.77472,0.76331,25.38,190.0,,2.0,False,False,True,False,J153325.47+474628.6,,DESI J153325.45+474629.0,p,"--,WAT",11.78,8.56,0.42,150.7,14.0,25,,,,,,,,,,,
233.43993,6.13732,0.32987,25.32,235.0,,1.59,False,False,True,False,J153346.04+060816.1,,WISEA J153345.58+060814.3,s,"--,WAT",62.03,40.97,0.54,140.9,34.8,48,,CFSFDP J153342.2+061058,0.3544,s,1439.0,171.0,881.0,0.457,13.06,0.61,7.0
233.44288,57.00327,0.21761,25.17,127.0,,1.4,True,False,True,False,J153346.20+570016.4,f,WISEA J153346.29+570011.7,s,"FR-I,WAT",106.9,67.17,0.61,123.3,19.8,35,,WHL J153346.4+570012,0.2176,s,917.0,1.0,4.0,0.733,31.11,1.41,19.0
233.4751,46.9086,0.22855,24.67,193.0,,1.44,True,False,True,False,J153354.39+465435.8,,WISEA J153354.02+465430.9,s,"FR-I,WAT",29.05,15.56,0.82,138.4,40.9,51,,WHL J153409.5+465318,0.4104,p,1642.0,175.0,987.0,,,,
233.50451,13.07761,0.60179,25.21,248.0,8.85,1.95,False,False,True,False,J153401.53+130441.5,,WISEA J153401.08+130439.3,s,"--,WAT",14.03,11.29,0.29,131.1,29.1,36,-23.31,WHL J153401.1+130439,0.6017,s,2283.0,1.0,7.0,0.632,33.15,1.5,16.0
233.53945,46.88843,0.3892,24.58,147.0,,1.82,False,False,True,False,J153410.17+465323.3,,DESI J153409.47+465318.3,p,"--,WAT",9.12,8.85,0.04,107.4,20.1,27,,WHL J153409.5+465318,0.4104,p,1642.0,0.0,0.0,,,,
233.5962,37.04477,0.15191,24.56,123.0,,1.19,False,False,True,False,J153423.22+370227.0,,WISEA J153423.08+370241.1,s,"--,WAT",56.63,33.53,0.69,150.1,829.7,45,,maxBCG J153425.9+370316,0.1583,s,677.0,48.0,136.0,0.902,51.76,2.3,49.0
233.61846,12.1839,0.95682,26.56,244.0,,2.48,False,True,True,False,J153428.45+121059.1,,DESI J153428.43+121102.0,p,"FR-II,WAT",77.57,38.68,0.91,150.4,21.4,30,,WH J153428.4+121102,1.0117,p,3430.0,0.0,0.0,0.534,28.58,1.3,6.0
233.66794,5.93923,,,,,,True,False,True,False,J153440.31+055621.2,,,,"FR-I,WAT",43.1,17.25,1.2,129.9,28.2,46,,,,,,,,,,,
233.72618,40.49581,0.71233,25.7,200.0,,1.7,True,False,True,False,J153454.45+402946.2,,DESI J153454.28+402944.9,p,"FR-I,WAT",26.85,18.25,0.51,165.5,36.2,27,,maxBCG J153449.3+402950,0.203,s,858.0,57.0,197.0,0.939,60.22,2.67,31.0
233.83481,38.67561,0.26037,25.13,325.0,,1.55,False,False,True,False,J153521.24+384027.9,,WISEA J153520.35+384032.2,s,"--,WAT",60.74,27.89,1.02,146.0,41.5,78,,Y21 J153520.4+384032,0.2604,s,1085.0,0.0,0.0,0.62,19.85,0.91,7.0
233.8414,34.37869,0.23448,25.57,177.0,8.66,1.46,True,False,False,True,J153523.28+342304.6,"g,j",WISEA J153521.93+342243.2,s,"FR-I,NAT",196.77,72.69,1.31,33.8,11.4,46,-23.18,maxBCG J153519.5+342129,0.2347,s,984.0,81.0,313.0,1.088,119.53,5.19,80.0
233.9198,21.73765,,,,,,False,True,True,False,J153540.75+214415.5,c,,,"FR-II,WAT",46.1,20.2,1.08,132.2,16.9,31,,,,,,,,,,,
233.986,6.3008,0.81547,26.36,210.0,,,False,False,False,True,J153556.86+061801.8,,DESI J153556.64+061802.9,p,"--,NAT",71.95,36.22,0.9,87.0,8.6,27,,WH J153556.9+061800,1.0527,p,3530.0,4.0,33.0,0.437,18.24,0.84,6.0
233.99509,11.40401,0.21865,24.74,150.0,,1.39,False,False,True,False,J153558.95+112412.0,,WISEA J153558.82+112414.4,s,"--,WAT",36.75,17.45,0.98,156.5,29.4,41,,WH J153558.8+112415,0.2187,s,921.0,0.0,0.0,0.628,24.01,1.09,8.0
233.99695,57.4085,,,,,,False,True,True,False,J153559.27+572430.6,,,,"FR-II,WAT",6.39,5.66,0.16,161.7,35.4,27,,,,,,,,,,,
234.06796,14.3457,0.1355,24.98,216.0,,1.07,True,False,True,False,J153616.78+142044.4,"g,j",2MASX J15361628+1420443,s,"FR-I,WAT",180.59,85.14,0.99,163.9,,87,,maxBCG J153616.3+142044,0.136,s,585.0,0.0,0.0,0.747,25.87,1.18,30.0
234.10934,41.52478,0.0548,23.11,23.0,8.21,0.96,False,False,True,False,J153626.54+413130.4,,WISEA J153626.24+413129.2,s,"--,WAT",17.29,11.88,0.49,124.9,19.9,21,-21.73,,,,,,,,,,
234.13,-2.08516,0.14711,25.04,210.0,,1.22,False,False,True,False,J153629.35-020457.6,"f,j",WISEA J153631.19-020506.5,s,"--,WAT",167.93,59.34,1.36,95.8,17.9,79,,WH J153628.0-020250,1.0395,p,3498.0,144.0,1197.0,0.564,34.19,1.54,6.0
234.22532,-6.5582,0.10951,24.02,64.0,,,True,False,True,False,J153654.65-063334.0,,DESI J153654.08-063329.5,p,"FR-I,WAT",31.92,15.56,0.94,106.0,21.4,31,,WH J153655.2-063328,0.5055,p,1970.0,16.0,101.0,0.737,42.4,1.9,22.0
234.22916,-4.89773,0.35324,25.0,221.0,,,False,True,True,False,J153655.70-045352.1,,DESI J153655.00-045351.8,p,"FR-II,WAT",24.02,13.39,0.77,135.3,180.3,43,,WH J153655.0-045352,0.3434,p,1399.0,0.0,0.0,0.604,18.27,0.84,10.0
234.28054,26.80646,0.28676,25.88,277.0,8.71,1.53,False,False,True,False,J153707.29+264833.2,j,WISEA J153707.33+264823.2,s,"--,WAT",263.1,112.66,1.11,159.7,73.8,62,-22.7,AMF J153707.3+264823,0.2868,s,1186.0,0.0,0.0,0.529,13.08,0.61,10.0
234.29306,20.91296,0.763,25.76,289.0,,1.93,False,False,True,False,J153710.59+205450.1,,DESI J153710.33+205446.7,p,"--,WAT",17.0,6.28,1.31,164.0,78.7,38,,Y21 J153710.3+205447,0.7838,p,2828.0,0.0,0.0,0.571,28.81,1.31,11.0
234.2976,6.50268,0.59088,25.52,226.0,8.25,1.68,False,False,True,False,J153711.86+063012.3,,WISEA J153711.42+063009.6,s,"--,WAT",27.14,18.26,0.52,135.3,39.0,33,-23.56,Y21 J153711.4+063010,0.5932,s,2256.0,1.0,7.0,0.698,37.99,1.71,15.0
234.32487,6.39824,0.36433,25.0,246.0,,1.81,False,True,True,False,J153717.64+062352.4,,WISEA J153717.96+062353.6,s,"FR-II,WAT",20.41,9.12,1.06,126.7,26.9,47,,CFSFDP J153718.0+062354,0.3643,s,1476.0,0.0,0.0,0.615,20.11,0.92,6.0
234.35527,44.94354,1.06557,26.49,526.0,,0.38,False,False,True,False,J153725.16+445643.7,,DESI J153725.26+445636.7,p,"--,WAT",41.98,17.22,1.17,148.3,77.0,63,,GMBCG J153739.0+445544,0.3712,s,1501.0,155.0,822.0,0.592,14.53,0.67,9.0
234.40446,34.03012,0.32769,24.55,141.0,8.42,1.67,False,False,True,False,J153737.11+340141.2,,WISEA J153737.07+340148.4,s,"--,WAT",11.48,9.02,0.32,161.4,27.9,29,-22.88,WHL J153737.1+340148,0.3277,s,1341.0,0.0,0.0,0.572,17.79,0.82,11.0
234.47055,40.85905,0.62212,25.38,133.0,8.63,1.85,False,False,True,False,J153752.98+405130.7,f,SDSS J153752.93+405132.5,s,"--,WAT",14.76,7.68,0.86,154.3,22.4,19,-23.03,,,,,,,,,,
234.49145,32.96526,0.79317,26.24,331.0,,1.97,False,True,True,False,J153758.43+325759.1,,DESI J153757.95+325754.9,p,"FR-II,WAT",27.14,5.03,2.21,153.0,78.9,43,,CLuMPR J153757.9+325755,0.7932,p,2854.0,0.0,0.0,0.648,38.01,1.71,17.0
234.55663,7.95386,0.35659,25.44,222.0,9.2,1.84,False,False,True,False,J153813.23+075716.0,,WISEA J153813.59+075713.9,s,"--,WAT",62.29,32.01,0.87,165.9,63.9,43,-23.31,WHL J153813.6+075714,0.3566,s,1448.0,0.0,0.0,0.699,33.56,1.51,16.0
234.56412,24.73787,0.3953,25.22,308.0,9.02,1.9,False,False,True,False,J153815.28+244412.2,,WISEA J153815.38+244416.3,s,"--,WAT",30.3,16.4,0.81,152.5,51.8,56,-23.58,WHL J153815.4+244416,0.3953,s,1588.0,1.0,6.0,0.665,32.58,1.47,13.0
234.57383,29.54472,0.71283,25.96,185.0,,1.47,False,False,True,False,J153818.21+293239.2,,DESI J153817.72+293241.0,p,"--,WAT",41.3,21.92,0.83,129.5,122.1,25,,Y21 J153817.7+293241,0.6977,p,2578.0,0.0,0.0,0.555,22.17,1.01,12.0
234.741,35.95258,0.2326,25.43,142.0,,1.21,True,False,True,False,J153858.31+355712.9,,DESI J153857.83+355709.3,s,"FR-I,WAT",171.07,109.57,0.58,96.0,13.6,37,,maxBCG J153857.8+355709,0.2326,s,976.0,0.0,0.0,0.917,58.76,2.61,37.0
234.76673,4.84916,0.17422,23.85,61.0,8.33,1.21,False,True,True,False,J153903.67+045054.0,f,WISEA J153904.01+045056.9,s,"FR-II,WAT",7.72,3.51,1.03,138.8,52.2,20,-21.88,,,,,,,,,,
234.77468,28.19261,0.46688,25.33,273.0,8.67,1.92,False,True,True,False,J153906.13+281138.4,,WISEA J153905.92+281133.3,s,"FR-II,WAT",26.57,14.43,0.8,154.0,48.1,45,-23.26,Y21 J153905.9+281133,0.4669,s,1839.0,0.0,0.0,0.634,23.9,1.09,9.0
234.8476,-5.74528,1.02734,25.95,331.0,,,False,False,True,False,J153923.33-054439.6,f,DESI J153923.42-054443.0,p,"--,WAT",14.66,6.64,1.04,153.4,33.2,40,,,,,,,,,,,
234.8632,-4.02024,0.1426,24.26,90.0,,,True,False,True,False,J153927.60-040113.2,,DESI J153927.17-040112.9,p,"FR-I,WAT",31.8,17.42,0.79,144.1,31.5,35,,,,,,,,,,,
234.86921,18.09976,0.32021,25.58,163.0,,1.6,False,False,False,True,J153928.59+180605.3,f,DESI J153928.61+180559.1,p,"--,NAT",114.6,67.23,0.7,82.6,9.1,34,,GMBCG J153928.6+180559,0.329,p,1345.0,0.0,0.0,0.419,10.26,0.48,6.0
234.86654,30.74021,0.09724,23.92,74.0,8.59,0.99,False,True,True,False,J153928.59+304427.2,j,WISEA J153927.97+304424.7,s,"FR-II,WAT",33.7,20.67,0.64,120.3,22.8,40,-22.23,[EAD2007] 263,0.1092,p,473.0,1.0,2.0,,,,
234.90061,30.21234,0.62247,26.01,596.0,,1.7,False,True,True,False,J153936.35+301248.4,,DESI J153936.15+301244.4,p,"FR-II,WAT",45.86,14.13,1.54,169.5,311.3,85,,WH J153937.1+301449,0.8777,p,3086.0,126.0,1004.0,0.757,61.84,2.74,18.0
234.94281,27.37299,0.99137,26.41,312.0,,0.96,False,True,True,False,J153946.55+272219.9,,DESI J153946.27+272222.8,p,"FR-II,WAT",65.58,43.81,0.53,149.5,38.4,38,,,,,,,,,,,
234.97142,-2.4026,0.604,25.52,242.0,,1.54,False,True,True,False,J153953.38-022412.5,,DESI J153953.14-022409.4,p,"FR-II,WAT",22.82,12.79,0.76,141.1,20.8,35,,Y21 J153952.3-022326,0.6956,p,2572.0,45.0,331.0,0.721,48.98,2.18,24.0
234.97771,-4.26268,0.29143,24.56,144.0,,,False,True,True,False,J153954.93-041544.3,,DESI J153954.65-041545.6,p,"FR-II,WAT",13.74,8.47,0.63,126.1,17.7,32,,WH J153955.9-041719,0.2826,p,1170.0,95.0,420.0,0.575,21.82,1.0,14.0
234.99676,-2.25281,0.37659,,455.0,,1.62,False,False,True,False,J153959.62-021456.9,f,DESI J153959.22-021510.1,p,"--,WAT",104.07,,,141.5,78.6,85,,WH J154000.0-021434,0.9143,p,3183.0,38.0,306.0,0.545,17.08,0.79,9.0
235.17664,42.36004,0.14215,24.56,119.0,8.71,1.18,False,False,True,False,J154042.47+422137.4,,WISEA J154042.39+422136.1,s,"--,WAT",62.89,31.36,0.91,159.1,,46,-23.64,maxBCG J154042.4+422136,0.1426,s,612.0,0.0,0.0,0.749,31.93,1.44,15.0
235.21415,25.96964,0.5432,25.31,157.0,,1.82,False,True,True,False,J154051.59+255810.4,,WISEA J154051.39+255810.7,s,"FR-II,WAT",18.77,11.23,0.67,152.7,20.7,24,,Y21 J154051.4+255811,0.5432,s,2095.0,0.0,0.0,0.685,32.5,1.47,8.0
235.26889,43.45026,0.26295,25.45,365.0,,1.51,False,False,True,False,J154106.21+432655.6,,WISEA J154104.53+432700.9,s,"--,WAT",120.91,51.67,1.12,152.4,66.8,87,,maxBCG J154108.6+432748,0.2679,s,1114.0,65.0,277.0,0.999,92.18,4.03,40.0
235.32845,15.54894,0.14797,24.54,187.0,8.81,1.1,False,False,True,False,J154117.58+153303.9,,WISEA J154118.82+153256.1,s,"--,WAT",49.96,14.02,1.67,163.0,67.0,70,-22.94,,,,,,,,,,
235.42364,3.0174,0.06415,23.32,57.0,8.33,1.0,True,False,False,True,J154141.19+030122.2,,WISEA J154141.67+030102.6,s,"FR-I,NAT",19.94,12.68,0.59,40.6,,45,-24.56,Y21 J154144.7+025813,0.6738,p,2506.0,176.0,1278.0,0.536,21.15,0.97,11.0
235.43461,47.46523,0.11036,24.68,112.0,8.06,1.06,False,False,True,False,J154143.60+472759.3,,SDSS J154144.30+472754.8,s,"--,WAT",145.43,80.55,0.78,149.9,86.6,54,-22.16,MSPM 08167,0.1088,p,471.0,0.0,0.0,,,,
235.57116,55.89969,0.13994,24.26,156.0,,1.07,True,False,True,False,J154216.85+555404.1,,DESI J154217.08+555358.9,p,"FR-I,WAT",32.02,13.4,1.14,143.0,33.3,61,,Y21 J154217.1+555359,0.1451,s,623.0,0.0,0.0,0.606,12.4,0.58,10.0
235.5814,33.97784,0.89275,26.74,256.0,,-0.01,True,False,True,False,J154219.34+335845.0,,DESI J154219.54+335840.2,p,"FR-I,WAT",147.06,78.45,0.82,154.9,,32,,,,,,,,,,,
235.63351,49.64515,0.59031,25.8,260.0,,0.11,False,True,True,False,J154232.55+493842.9,,WISEA J154232.04+493842.5,s,"FR-II,WAT",57.02,46.04,0.28,141.1,64.3,38,,WHL J154241.9+493717,0.5975,s,2270.0,128.0,882.0,0.866,69.85,3.08,29.0
235.63836,2.48452,1.75463,26.69,234.0,,0.17,False,False,True,False,J154233.44+022907.8,,WISEA J154233.21+022903.7,s,"--,WAT",35.67,23.74,0.53,106.4,13.5,27,,,,,,,,,,,
235.74254,29.87043,0.34555,24.81,136.0,8.49,1.66,False,True,False,True,J154258.12+295223.8,,WISEA J154258.20+295213.5,s,"FR-II,NAT",18.74,14.93,0.3,67.0,119.7,27,-22.49,WHL J154252.7+295300,0.3963,p,1591.0,85.0,470.0,0.75,40.05,1.8,20.0
235.80478,1.13748,,,,,0.64,False,False,True,False,J154313.15+010814.9,,,,"--,WAT",36.8,19.83,0.81,157.8,56.7,39,,,,,,,,,,,
235.82769,19.91674,0.58902,26.08,376.0,,1.93,False,False,True,False,J154319.07+195459.5,,DESI J154318.65+195500.3,p,"--,WAT",67.14,24.28,1.33,141.5,37.7,55,,Y21 J154320.8+195434,0.585,s,2230.0,40.0,273.0,0.496,19.2,0.88,8.0
235.89937,-1.28914,0.54814,25.28,191.0,,2.14,False,False,True,False,J154336.15-011723.9,c,DESI J154335.85-011720.9,p,"--,WAT",16.3,9.08,0.77,169.1,22.5,29,,WHL J154334.5-011828,0.5494,s,2115.0,70.0,463.0,1.036,122.72,5.32,63.0
235.93099,12.19062,1.42075,26.2,190.0,,0.56,True,False,True,False,J154343.45+121129.9,,DESI J154343.44+121126.2,p,"FR-I,WAT",10.43,4.3,1.16,90.8,10.2,22,,WH J154342.4+121152,0.831,p,2960.0,30.0,235.0,0.452,15.94,0.74,6.0
235.95232,15.8197,0.75281,26.1,310.0,,0.81,False,True,True,False,J154348.84+154911.9,,DESI J154348.56+154910.9,p,"FR-II,WAT",51.72,28.6,0.78,169.8,80.6,41,,Y21 J154357.9+154933,0.706,p,2603.0,136.0,1006.0,0.51,18.85,0.87,10.0
236.02871,12.40114,0.4396,25.44,264.0,,1.47,False,True,True,False,J154407.22+122404.5,,DESI J154406.89+122404.1,p,"FR-II,WAT",36.7,17.14,1.0,164.2,54.2,45,,Y21 J154409.5+122322,0.9152,p,3185.0,57.0,460.0,0.604,36.27,1.63,9.0
236.03956,3.83599,0.50848,25.34,209.0,,1.99,False,False,True,False,J154409.73+035008.9,,DESI J154409.49+035009.6,p,"--,WAT",25.57,17.8,0.48,156.5,33.7,33,,Y21 J154402.9+034938,0.6571,p,2455.0,103.0,740.0,0.446,10.19,0.48,6.0
236.04147,17.91797,0.20886,25.36,134.0,8.26,1.33,False,False,False,True,J154410.06+175517.0,f,2MASX J15440995+1755045,s,"--,NAT",169.7,84.15,0.92,69.2,13.8,38,-22.87,maxBCG J154409.9+175505,0.2089,s,882.0,0.0,0.0,0.905,55.05,2.45,44.0
236.05655,28.6455,0.35512,25.49,196.0,8.57,1.78,False,False,True,False,J154413.24+283844.5,j,WISEA J154413.57+283843.8,s,"--,WAT",67.86,31.93,0.99,98.4,12.8,38,-22.96,WHL J154413.5+283844,0.3551,s,1442.0,1.0,5.0,0.714,34.15,1.54,23.0
236.05711,44.47006,0.77632,26.31,352.0,,,False,True,True,False,J154413.69+442819.8,,DESI J154413.71+442812.2,p,"FR-II,WAT",49.79,15.25,1.55,137.8,45.3,46,,WH J154422.4+443043,0.3799,s,1532.0,177.0,953.0,0.491,13.06,0.61,6.0
236.07451,34.69628,0.07169,24.43,129.0,8.88,0.97,False,False,True,False,J154417.46+344147.5,,MCG +06-35-001,s,"--,WAT",196.69,71.06,1.34,128.4,39.6,91,-22.81,AMF J154417.9+344147,0.0717,s,313.0,0.0,0.0,0.72,24.95,1.14,17.0
236.12719,29.90018,0.35164,25.58,338.0,,1.75,False,False,True,False,J154429.82+295352.6,,WISEA J154430.52+295400.6,s,"--,WAT",79.44,30.62,1.25,146.7,83.0,66,,WHL J154430.4+295443,0.3893,p,1566.0,43.0,235.0,0.993,88.54,3.88,60.0
236.20398,8.03532,0.56419,26.43,489.0,,1.61,False,True,True,False,J154448.42+080158.8,,DESI J154448.96+080207.2,p,"FR-II,WAT",175.82,67.59,1.25,114.3,36.0,73,,maxBCG J154448.0+080306,0.2357,s,988.0,60.0,233.0,0.745,32.68,1.48,14.0
236.22975,10.43853,0.25993,24.54,124.0,8.26,1.54,False,True,True,False,J154455.42+102620.4,a,WISEA J154455.14+102618.7,s,"FR-II,WAT",17.25,11.28,0.56,120.3,21.5,30,-22.7,WHL J154455.1+102619,0.2599,s,1083.0,0.0,0.0,0.681,31.92,1.44,19.0
236.27044,52.9904,0.21842,25.52,106.0,,0.93,True,False,True,False,J154505.18+525931.2,,DESI J154504.90+525925.5,p,"FR-I,WAT",224.92,108.94,0.95,119.7,17.3,29,,,,,,,,,,,
236.30938,16.63202,0.34959,25.14,163.0,9.51,1.73,False,False,False,True,J154514.96+163807.2,,WISEA J154514.25+163755.2,s,"--,NAT",32.43,16.99,0.85,26.1,19.0,32,-23.63,WHL J154514.3+163755,0.3496,s,1422.0,0.0,0.0,0.696,33.01,1.49,13.0
236.44706,-2.6332,,,,,inf,False,False,False,True,J154547.74-023802.3,f,DESI J154547.29-023759.5,,"--,NAT",12.61,8.69,0.49,67.3,6.0,19,,,,,,,,,,,
236.45519,-2.82973,0.17462,24.75,227.0,,,False,True,False,True,J154548.47-025001.7,"g,j",DESI J154549.25-024947.0,p,"FR-II,NAT",57.61,20.02,1.39,25.7,629.4,74,,WH J154550.3-025038,0.6114,p,2314.0,53.0,369.0,0.632,25.14,1.14,7.0
236.47494,3.15342,0.20933,24.49,127.0,,1.37,False,True,False,True,J154554.01+030924.5,"f,j",WISEA J154553.98+030912.3,s,"FR-II,NAT",24.46,16.29,0.53,66.0,11.8,36,,maxBCG J154554.0+030912,0.2113,s,892.0,0.0,0.0,0.798,40.69,1.82,30.0
236.51306,19.36792,0.31523,25.19,166.0,,1.5,False,True,True,False,J154603.53+192206.5,,DESI J154603.13+192204.5,p,"FR-II,WAT",44.33,20.23,1.03,162.4,16.0,35,,Y21 J154602.8+192205,0.7574,p,2753.0,5.0,38.0,0.622,31.84,1.44,10.0
236.59116,2.67599,0.66275,25.68,237.0,,1.99,False,True,True,False,J154621.62+024033.4,,WISEA J154621.87+024033.5,s,"FR-II,WAT",27.68,16.37,0.69,140.8,25.6,33,,WH J154621.9+024034,0.6628,s,2473.0,0.0,0.0,0.432,14.51,0.67,8.0
236.60342,36.49819,0.98673,25.77,262.0,,,False,True,True,False,J154624.66+362959.2,,DESI J154624.82+362953.5,p,"FR-II,WAT",16.23,11.73,0.43,131.2,20.5,32,,WHL J154634.4+362910,0.5478,s,2110.0,124.0,819.0,0.507,18.24,0.84,7.0
236.62991,26.34246,0.58028,25.17,122.0,8.09,1.91,False,False,False,True,J154631.15+262028.9,"c,f",WISEA J154631.17+262032.8,s,"--,NAT",11.26,6.42,0.74,82.5,7.0,18,-22.26,AMF J154631.8+262146,0.5798,s,2213.0,74.0,503.0,0.664,34.92,1.57,14.0
236.64448,24.98358,,,,,,False,True,True,False,J154634.68+245900.9,,,,"FR-II,WAT",117.7,56.93,0.95,167.4,,68,,,,,,,,,,,
236.76759,51.50227,,,,,1.62,False,False,True,False,J154704.22+513008.2,,,,"--,WAT",24.5,11.65,0.98,161.8,16.9,31,,,,,,,,,,,
236.7877,-0.77466,,,,,,False,True,True,False,J154709.05-004628.8,j,,,"FR-II,WAT",138.24,66.59,0.96,102.0,17.5,47,,,,,,,,,,,
236.87328,14.94915,0.08501,24.63,150.0,8.16,0.99,False,False,True,False,J154729.01+145655.7,d,WISEA J154729.58+145656.9,s,"--,WAT",212.64,76.77,1.34,142.2,21.1,91,-22.3,,,,,,,,,,
236.96742,33.74909,,,,,,True,False,True,False,J154752.18+334456.7,,,,"FR-I,WAT",22.99,11.14,0.95,96.9,8.2,24,,,,,,,,,,,
237.00494,13.96046,0.53998,25.66,308.0,,1.88,False,False,True,False,J154801.17+135741.4,,DESI J154801.18+135737.6,p,"--,WAT",30.81,10.48,1.41,158.1,,47,,,,,,,,,,,
237.02377,36.56128,0.19626,24.98,330.0,8.83,1.28,False,False,True,False,J154806.24+363400.2,,WISEA J154805.70+363340.5,s,"--,WAT",73.63,24.41,1.45,159.4,120.1,98,-22.35,maxBCG J154805.7+363341,0.1963,s,832.0,0.0,0.0,0.722,21.45,0.98,26.0
237.02915,40.16398,0.17476,24.55,132.0,,1.25,True,False,True,False,J154807.30+400948.7,,DESI J154807.00+400950.3,p,"FR-I,WAT",41.07,24.63,0.67,167.1,71.0,43,,,,,,,,,,,
237.03882,22.10759,1.44154,25.61,295.0,,0.5,False,True,True,False,J154809.00+220625.8,,DESI J154809.32+220627.3,p,"FR-II,WAT",7.77,8.2,-0.07,169.4,31.5,34,,GMBCG J237.05606+22.09050,0.335,p,1368.0,84.0,417.0,,,,
237.1046,7.41182,,,,,,False,True,False,True,J154825.10+072442.6,,,,"FR-II,NAT",307.54,29.13,3.09,85.4,222.9,38,,,,,,,,,,,
237.13861,23.35877,,,,,,False,False,True,False,J154833.27+232131.6,,,,"--,WAT",17.7,5.37,1.56,131.8,43.1,31,,,,,,,,,,,
237.17709,57.30212,0.33968,24.82,110.0,,1.78,False,False,True,False,J154842.37+571808.5,,WISEA J154842.50+571807.6,s,"--,WAT",16.67,8.42,0.9,143.3,10.5,22,,WHL J154845.3+571750,0.3397,s,1385.0,28.0,140.0,0.654,29.25,1.32,19.0
237.18182,1.14478,1.11266,26.21,193.0,,,False,False,True,False,J154843.74+010843.8,,DESI J154843.64+010841.2,p,"--,WAT",19.88,8.16,1.17,135.3,19.4,23,,,,,,,,,,,
237.20556,36.17637,0.23339,25.25,219.0,8.42,1.48,False,False,True,False,J154848.55+361045.0,f,WISEA J154849.33+361034.9,s,"--,WAT",107.6,59.79,0.77,110.7,24.1,57,-23.02,GMBCG J237.20564+36.17649,0.247,p,1032.0,0.0,0.0,,,,
237.23737,20.48903,1.09456,26.74,529.0,,0.67,False,True,True,False,J154856.68+202921.0,,DESI J154856.97+202920.5,p,"FR-II,WAT",73.8,32.26,1.09,166.1,76.1,63,,,,,,,,,,,
237.24793,8.90991,0.06827,24.7,92.0,,,False,False,True,False,J154858.18+085432.1,,WISEA J154859.50+085435.6,s,"--,WAT",382.56,84.21,1.99,98.8,29.2,68,,CLuMPR J154904.6+085309,0.9933,p,3385.0,115.0,947.0,0.458,17.94,0.82,6.0
237.25586,10.5313,0.35166,24.86,97.0,,1.68,False,False,True,False,J154901.69+103154.8,,WISEA J154901.40+103152.6,s,"--,WAT",18.58,12.36,0.53,92.5,8.6,19,,WHL J154901.4+103153,0.3517,s,1430.0,0.0,0.0,0.773,36.06,1.62,27.0
237.3047,4.59627,,,,,,False,True,True,False,J154913.13+043546.6,,,,"FR-II,WAT",99.73,43.89,1.08,145.5,19.6,35,,,,,,,,,,,
237.30502,43.60489,0.73359,25.48,217.0,,2.27,False,False,True,False,J154913.41+433616.5,,WISEA J154913.20+433617.6,s,"--,WAT",13.34,7.42,0.77,125.5,16.0,29,,WH21 J154913.2+433618,0.7387,s,2699.0,0.0,0.0,0.644,39.17,1.76,14.0
237.40938,29.87244,0.82333,26.21,257.0,,0.95,False,False,True,False,J154938.21+295219.4,,DESI J154938.25+295220.8,p,"--,WAT",51.42,26.91,0.85,159.2,24.9,33,,WHL J154937.7+295458,0.5491,s,2114.0,157.0,1039.0,0.716,40.55,1.82,21.0
237.43603,-3.2869,,,,,,True,False,True,False,J154944.69-031714.2,,DESI J154944.65-031712.8,,"FR-I,WAT",22.92,13.7,0.68,161.3,33.7,33,,,,,,,,,,,
237.45641,33.80769,0.84835,25.66,299.0,,1.26,False,False,True,False,J154949.41+334830.3,c,DESI J154949.54+334827.7,p,"--,WAT",17.97,13.46,0.38,150.4,38.7,38,,CLuMPR J154939.7+334641,0.8329,p,2965.0,162.0,1270.0,0.556,24.45,1.11,12.0
237.4688,19.16427,0.1346,23.9,47.0,,1.09,True,False,True,False,J154952.35+190950.2,a,WISEA J154952.51+190951.3,s,"FR-I,WAT",14.75,5.05,1.41,162.2,80.8,19,,GMBCG J237.46879+19.16428,0.152,p,651.0,0.0,0.0,,,,
237.50325,17.72107,0.48118,25.56,148.0,,1.85,True,False,False,True,J155000.22+174318.6,,DESI J155000.78+174315.8,p,"FR-I,NAT",46.32,29.94,0.57,86.4,23.3,24,,,,,,,,,,,
237.50259,29.83166,2.32931,26.99,184.0,,0.44,False,False,True,False,J155000.38+294952.6,c,WISEA J155000.62+294953.9,s,"--,WAT",26.95,14.25,0.84,102.2,9.0,22,,,,,,,,,,,
237.51405,58.8906,0.45108,26.03,333.0,,1.47,False,True,True,False,J155003.72+585323.9,,DESI J155003.37+585326.2,p,"FR-II,WAT",131.57,61.03,1.01,166.2,64.1,56,,maxBCG J154956.6+585144,0.2688,s,1117.0,115.0,491.0,0.762,28.7,1.3,21.0
237.54005,8.14409,0.23199,25.13,180.0,,1.36,False,True,True,False,J155009.50+080844.8,b,WISEA J155009.61+080838.7,s,"FR-II,WAT",84.3,51.86,0.64,105.4,18.4,47,,GMBCG J237.56251+08.10674,0.349,p,1420.0,156.0,796.0,,,,
237.54932,27.2998,1.17168,27.25,322.0,,0.41,False,False,True,False,J155011.72+271758.9,,DESI J155011.84+271759.3,p,"--,WAT",297.48,189.16,0.59,145.9,21.6,38,,,,,,,,,,,
237.55636,5.86142,0.835,26.84,266.0,,0.31,False,True,True,False,J155013.73+055142.5,,WISEA J155013.52+055141.1,s,"FR-II,WAT",215.22,114.0,0.83,142.9,13.9,34,,Y21 J155009.2+055306,0.678,p,2519.0,106.0,771.0,0.597,26.47,1.2,15.0
237.64517,12.01136,0.30399,25.15,204.0,,1.63,True,False,True,False,J155034.97+120038.9,f,WISEA J155034.84+120040.8,s,"FR-I,WAT",53.2,40.88,0.35,156.2,35.9,44,,WH J155034.8+120041,0.304,s,1252.0,0.0,0.0,0.53,18.59,0.85,6.0
237.64873,7.51848,0.35441,25.42,355.0,8.93,1.8,False,True,True,False,J155035.97+073102.4,,WISEA J155035.69+073106.5,s,"FR-II,WAT",59.63,29.67,0.92,152.1,59.2,69,-23.51,WHL J155035.7+073106,0.3544,s,1439.0,0.0,0.0,0.705,30.33,1.37,15.0
237.65687,9.90949,0.49849,25.44,157.0,,2.0,True,False,True,False,J155037.64+095440.2,,DESI J155037.65+095434.2,p,"FR-I,WAT",23.88,8.76,1.32,134.5,27.9,25,,WHL J155037.7+095434,0.4999,s,1951.0,0.0,0.0,0.719,40.54,1.82,22.0
237.79205,27.62983,,,,,,False,False,True,False,J155110.09+273747.4,,,,"--,WAT",15.51,8.51,0.79,93.0,11.1,20,,,,,,,,,,,
237.83612,8.28782,,,,,,False,False,True,False,J155120.67+081716.2,,,,"--,WAT",30.07,15.74,0.85,168.6,61.0,47,,,,,,,,,,,
237.91806,6.15464,0.30653,24.78,98.0,,1.6,True,False,True,False,J155140.25+060917.3,f,WISEA J155140.33+060916.6,s,"FR-I,WAT",21.62,16.08,0.39,116.5,8.3,21,,WHL J155140.3+060917,0.3065,s,1261.0,0.0,0.0,0.892,59.04,2.62,29.0
237.96195,53.34937,1.05197,26.47,291.0,,,False,False,False,True,J155150.19+532106.5,c,DESI J155150.87+532057.7,p,"--,NAT",47.87,22.72,0.98,54.5,9.6,35,,WHL J155209.7+532152,0.4472,p,1771.0,177.0,1050.0,,,,
237.97025,5.53308,0.25043,25.34,133.0,8.62,1.47,False,False,True,False,J155152.98+053203.4,,WISEA J155152.86+053159.0,s,"--,WAT",102.23,41.18,1.19,161.9,72.4,33,-23.52,maxBCG J155152.8+053200,0.2533,s,1057.0,1.0,4.0,1.027,84.36,3.7,46.0
237.9897,13.91887,0.4806,25.01,123.0,,1.73,False,False,True,False,J155157.54+135511.6,,DESI J155157.53+135507.9,p,"--,WAT",13.35,9.23,0.48,99.1,8.4,20,,,,,,,,,,,
237.99436,10.9177,0.60736,25.85,319.0,8.7,2.0,False,False,True,False,J155158.96+105456.6,,SDSS J155158.64+105503.7,s,"--,WAT",40.23,16.58,1.16,127.8,25.2,46,-23.82,WHL J155158.6+105504,0.6074,s,2301.0,0.0,0.0,0.89,75.22,3.31,36.0
238.11072,15.90621,0.66827,25.61,195.0,8.85,1.88,False,False,True,False,J155226.90+155422.9,,WISEA J155226.57+155422.3,s,"--,WAT",23.31,14.1,0.66,150.4,,27,-23.75,WHL J155226.6+155423,0.6683,s,2489.0,0.0,0.0,0.737,48.74,2.17,20.0
238.17295,18.32036,1.22235,26.72,247.0,,,False,True,True,False,J155241.43+181914.6,,DESI J155241.51+181913.3,p,"FR-II,WAT",63.7,32.57,0.88,152.1,14.6,29,,WH J155241.4+182040,1.0606,p,3549.0,87.0,726.0,0.575,35.65,1.61,9.0
238.19515,9.40907,0.38477,24.57,173.0,,1.83,False,False,True,False,J155247.07+092436.7,a,WISEA J155246.83+092432.6,s,"--,WAT",9.46,9.8,-0.05,142.7,30.7,32,,GMBCG J155246.8+092433,0.3848,s,1550.0,0.0,0.0,0.513,14.74,0.68,13.0
238.19922,42.81245,0.87785,25.33,183.0,,0.26,False,True,True,False,J155248.36+424843.8,,DESI J155247.81+424844.8,p,"FR-II,WAT",8.79,7.54,0.2,113.9,15.9,23,,,,,,,,,,,
238.25463,7.34573,0.39504,25.54,226.0,,1.76,False,False,True,False,J155301.74+072046.6,,DESI J155301.11+072044.6,p,"--,WAT",60.44,30.46,0.9,109.9,17.4,41,,WHL J155255.8+072051,0.3492,s,1420.0,80.0,408.0,0.692,27.3,1.24,23.0
238.27766,28.18526,0.52615,25.76,220.0,8.79,1.88,False,False,False,True,J155307.17+281121.6,,WISEA J155306.63+281106.9,s,"--,NAT",54.61,30.91,0.75,62.4,58.3,34,-23.25,WHL J155306.6+281107,0.5262,s,2039.0,0.0,0.0,0.823,58.33,2.59,35.0
238.28953,-0.41943,0.95442,25.5,220.0,,2.25,False,True,True,False,J155309.77-002511.4,,DESI J155309.49-002510.0,p,"FR-II,WAT",11.54,10.52,0.12,142.1,20.2,27,,WH J155318.0-002526,1.0178,p,3445.0,129.0,1068.0,0.564,28.34,1.28,7.0
238.32345,10.31919,0.22633,24.33,67.0,8.75,1.4,True,False,False,True,J155317.73+101913.6,,WISEA J155317.62+101909.0,s,"FR-I,NAT",14.71,10.13,0.49,70.9,6.6,18,-23.6,maxBCG J155317.6+101909,0.2263,s,951.0,0.0,0.0,0.909,55.68,2.47,28.0
238.39715,54.7379,1.10308,25.85,168.0,,,False,False,True,False,J155335.82+544416.1,,DESI J155335.32+544416.4,p,"--,WAT",13.11,8.1,0.63,99.5,519.0,20,,,,,,,,,,,
238.43163,23.80705,0.11761,25.42,277.0,8.97,0.91,True,False,True,False,J155345.24+234833.0,d,DESI J155343.59+234825.4,s,"FR-I,WAT",627.95,162.11,1.78,129.2,112.3,126,-22.62,,,,,,,,,,
238.43974,15.50377,0.13093,24.84,111.0,8.76,1.09,True,False,False,True,J155346.48+153016.2,"f,h,j",WISEA J155345.53+153013.5,s,"FR-I,NAT",140.81,64.26,1.03,78.9,17.4,46,-23.37,maxBCG J155345.5+153014,0.1309,s,564.0,0.0,0.0,0.897,50.14,2.23,28.0
238.44209,19.25512,0.62913,25.86,204.0,,1.31,False,False,True,False,J155346.71+191518.6,c,WISEA J155346.10+191518.4,s,"--,WAT",61.97,55.9,0.14,120.8,11.4,29,,Y21 J155355.9+191439,0.7316,p,2678.0,144.0,1080.0,0.516,18.81,0.86,9.0
238.50285,-2.3471,0.14517,25.21,216.0,,1.4,False,False,True,False,J155400.41-022037.2,j,DESI J155400.69-022049.6,p,"--,WAT",256.38,92.08,1.34,137.4,97.8,82,,AMF J155358.4-022041,0.1513,p,648.0,36.0,98.0,0.679,22.05,1.01,15.0
238.50831,15.16305,0.13151,24.46,101.0,8.45,1.1,True,False,True,False,J155402.17+150943.2,,WISEA J155402.00+150947.1,s,"FR-I,WAT",59.59,29.32,0.93,157.9,105.6,42,-22.62,maxBCG J155402.0+150947,0.1318,s,568.0,0.0,0.0,0.601,12.5,0.58,10.0
238.52075,25.43753,0.39789,24.93,132.0,,1.86,False,True,True,False,J155404.72+252618.0,,DESI J155404.98+252615.1,p,"FR-II,WAT",16.48,10.49,0.59,165.2,19.1,24,,GMBCG J155405.0+252615,0.4119,p,1647.0,0.0,0.0,0.56,15.45,0.71,12.0
238.55674,40.2128,0.53254,25.55,273.0,8.66,1.94,False,False,False,True,J155414.09+401249.8,,WISEA J155413.61+401246.0,s,"--,NAT",33.49,19.3,0.72,60.6,30.7,42,-23.18,WH J155405.3+401227,0.3905,s,1570.0,98.0,537.0,0.531,15.75,0.73,9.0
238.68989,-2.37566,,,,,,True,False,True,False,J155445.57-022232.4,,,,"FR-I,WAT",71.92,36.2,0.9,151.2,22.6,31,,,,,,,,,,,
238.72713,21.57733,0.24731,24.56,92.0,,1.5,False,True,True,False,J155454.65+213442.6,,WISEA J155454.51+213438.3,s,"FR-II,WAT",17.06,6.27,1.31,124.3,32.1,23,,WH J155455.3+213427,0.5331,p,2062.0,16.0,104.0,0.612,27.05,1.23,9.0
238.82804,4.77416,0.53995,25.43,249.0,,1.93,False,False,True,False,J155518.93+044621.9,f,SDSS J155518.73+044626.9,s,"--,WAT",21.98,10.5,0.97,120.1,16.3,38,,,,,,,,,,,
238.84171,45.51695,0.07118,23.76,45.0,7.99,0.96,False,False,True,False,J155522.32+453058.6,f,WISEA J155522.01+453101.0,s,"--,WAT",44.82,31.33,0.47,146.1,29.2,32,-21.8,,,,,,,,,,
238.88518,3.44943,0.2042,24.74,166.0,,1.48,False,False,True,False,J155533.01+032702.8,f,WISEA J155532.44+032657.9,s,"--,WAT",45.72,27.49,0.67,153.1,63.3,48,,WHL J155532.4+032658,0.2042,s,863.0,0.0,0.0,0.746,27.33,1.24,11.0
238.95809,35.10905,,,,,,False,True,True,False,J155549.94+350632.6,,,,"FR-II,WAT",26.48,15.22,0.73,151.8,20.6,27,,,,,,,,,,,
239.03292,25.30234,,,,,,False,False,True,False,J155607.90+251808.4,c,,,"--,WAT",9.78,7.08,0.42,159.6,24.1,23,,,,,,,,,,,
239.0654,12.80407,0.37312,24.94,175.0,8.66,1.35,False,False,False,True,J155614.89+124811.8,,WISEA J155615.69+124814.6,s,"--,NAT",20.69,15.61,0.37,52.5,36.3,33,-22.87,GMBCG J155620.6+124813,0.3718,s,1503.0,71.0,377.0,0.718,32.22,1.45,10.0
239.11418,55.64931,0.96011,26.44,302.0,,0.94,False,True,True,False,J155627.61+553858.4,,DESI J155627.40+553857.5,p,"FR-II,WAT",61.93,33.48,0.81,123.0,13.2,37,,,,,,,,,,,
239.12115,29.72799,0.52465,25.36,174.0,,1.77,False,False,True,False,J155629.05+294338.8,,WISEA J155629.07+294340.7,s,"--,WAT",22.27,12.77,0.73,119.6,9.3,27,,CAMIRA J155629.0+294340,0.5247,s,2034.0,1.0,6.0,0.584,23.42,1.07,14.0
239.1974,9.26861,0.18513,24.39,70.0,9.01,1.25,True,False,True,False,J155647.90+091606.6,,WISEA J155647.37+091606.9,s,"FR-I,WAT",23.69,11.77,0.92,129.5,16.7,22,-23.08,AMF J155638.3+091708,0.3203,s,1313.0,147.0,709.0,0.533,14.26,0.66,11.0
239.21923,16.04583,0.24033,25.44,204.0,,1.44,False,False,True,False,J155653.13+160252.8,,DESI J155652.61+160245.0,p,"--,WAT",154.71,86.8,0.76,133.2,102.2,52,,maxBCG J155653.5+160204,0.2332,s,978.0,42.0,165.0,1.019,89.24,3.91,45.0
239.23395,49.34693,0.31201,24.75,179.0,,1.64,False,False,True,False,J155655.88+492047.4,,WISEA J155656.14+492048.9,s,"--,WAT",17.73,9.82,0.78,137.1,34.1,38,,,,,,,,,,,
239.35165,30.23225,1.30606,26.96,241.0,,0.42,False,False,True,False,J155724.55+301358.1,,DESI J155724.40+301356.1,p,"--,WAT",95.29,49.43,0.86,122.4,15.5,28,,,,,,,,,,,
239.37474,33.07964,0.94288,26.75,365.0,,0.18,False,True,True,False,J155729.72+330446.6,,[HB89] 1555+332,s,"FR-II,WAT",170.67,121.21,0.45,160.3,49.8,45,,,,,,,,,,,
239.43684,21.5304,0.41928,26.04,205.0,,1.87,True,False,False,True,J155744.05+213157.2,b,SDSS J155744.83+213149.4,s,"FR-I,NAT",144.06,51.93,1.34,44.3,8.6,36,,WHL J155744.8+213149,0.4205,s,1677.0,0.0,0.0,0.993,103.29,4.5,67.0
239.45941,53.72619,0.31207,25.87,279.0,8.94,1.65,True,False,True,False,J155750.23+534336.5,a,WISEA J155750.25+534334.2,s,"FR-I,WAT",212.24,90.07,1.12,168.9,238.7,59,-24.43,WHL J155750.2+534334,0.3149,s,1293.0,0.0,0.0,0.786,39.02,1.75,25.0
239.52709,45.32933,,,,,1.4,False,False,True,False,J155806.50+451945.6,,,,"--,WAT",353.19,117.92,1.44,156.5,354.2,170,,,,,,,,,,,
239.60896,8.98004,0.22648,24.71,120.0,,1.45,True,False,True,False,J155826.31+085854.6,,WISEA J155826.15+085848.1,s,"FR-I,WAT",27.42,7.77,1.65,145.1,31.0,32,,WH J155826.1+085848,0.2268,s,953.0,0.0,0.0,0.697,27.0,1.23,11.0
239.62888,34.07919,0.13131,24.62,82.0,,0.97,False,True,False,True,J155831.68+340446.5,,WISEA J155830.93+340445.1,s,"FR-II,NAT",87.36,48.63,0.77,87.0,,34,,Y21 J155829.3+340251,0.6901,p,2555.0,116.0,850.0,0.555,26.64,1.21,9.0
239.64244,40.76871,1.10548,26.33,302.0,,1.57,False,False,True,False,J155834.53+404610.0,,WISEA J155834.18+404607.3,s,"--,WAT",34.56,18.32,0.83,149.6,32.8,36,-21.82,RM J155826.8+404757.9,0.3664,p,1483.0,139.0,732.0,,,,
239.64364,7.99613,0.22771,25.75,362.0,8.93,1.44,False,False,True,False,J155834.74+075952.3,,WISEA J155834.47+075946.0,s,"--,WAT",308.01,101.9,1.45,166.2,183.3,96,-23.61,WHL J155834.5+075946,0.2277,s,957.0,0.0,0.0,0.7,18.72,1.01,8.0
239.68911,28.68947,0.42529,25.14,132.0,,1.79,True,False,True,False,J155845.27+284121.5,,WISEA J155845.38+284122.0,s,"FR-I,WAT",20.19,9.64,0.97,147.3,26.2,23,,WHL J155845.4+284122,0.4255,s,1695.0,0.0,0.0,0.79,49.49,2.21,18.0
239.7006,30.64724,0.28345,24.99,221.0,8.58,1.54,False,False,True,False,J155848.97+303844.0,a,2MASX J15584814+3038492,s,"--,WAT",37.33,18.99,0.89,93.4,17.8,50,-22.52,maxBCG J155848.1+303850,0.2834,s,1173.0,0.0,0.0,0.673,20.56,0.94,22.0
239.71474,39.05317,0.52424,25.73,142.0,9.56,1.96,False,False,True,False,J155851.63+390309.6,,WISEA J155851.53+390311.4,s,"--,WAT",47.56,22.97,0.95,157.3,36.1,22,-24.25,AMF J155851.5+390311,0.5242,s,2032.0,1.0,6.0,0.908,80.98,3.56,30.0
239.72354,42.97159,0.8747,26.26,477.0,,0.11,False,True,True,False,J155854.17+425824.0,,SDSS J155853.64+425817.7,s,"FR-II,WAT",59.61,38.28,0.58,130.7,43.0,60,,,,,,,,,,,
239.81717,61.63427,0.28812,24.79,174.0,8.45,1.64,False,False,True,False,J155916.24+613800.8,,WISEA J155916.12+613803.3,s,"--,WAT",25.99,20.41,0.32,161.0,40.3,39,-23.41,CLuMPR J155916.2+613803,0.2881,s,1191.0,1.0,4.0,0.66,19.96,0.91,8.0
239.90036,35.89459,0.39339,25.28,220.0,8.77,1.9,False,False,True,False,J155936.23+355339.4,,SDSS J155936.08+355340.5,s,"--,WAT",35.53,20.02,0.75,165.1,41.6,40,-23.35,WHL J155936.1+355341,0.3934,s,1581.0,0.0,0.0,0.731,38.17,1.72,15.0
239.98966,11.16307,0.60513,25.74,256.0,8.97,1.82,False,True,True,False,J155957.68+110951.6,,WISEA J155957.51+110947.0,s,"FR-II,WAT",42.99,29.85,0.48,145.5,39.8,37,-23.15,WHL J160000.8+111141,0.6906,p,2557.0,124.0,909.0,0.71,33.99,1.53,22.0
240.03496,49.25149,,,,,,True,False,True,False,J160008.39+491505.4,,,,"FR-I,WAT",16.83,10.31,0.64,145.0,13.9,22,,,,,,,,,,,
240.04035,23.01561,0.42779,24.97,167.0,8.88,1.75,True,False,False,True,J160010.36+230101.2,f,WISEA J160009.68+230056.1,s,"FR-I,NAT",15.52,10.26,0.54,76.0,11.0,29,-22.71,WHL J160007.9+225855,0.4278,s,1703.0,124.0,717.0,1.02,91.11,3.99,49.0
240.05481,35.68937,0.34469,24.79,96.0,8.75,1.73,False,False,True,False,J160013.38+354119.2,,WISEA J160013.15+354121.7,s,"--,WAT",15.15,8.08,0.82,97.2,8.7,19,-23.28,Y21 J160013.1+354121,0.3447,s,1404.0,1.0,5.0,0.687,33.56,1.51,11.0
240.16955,-0.75567,0.4741,25.48,165.0,8.9,1.97,False,False,True,False,J160040.86-004515.0,,WISEA J160040.69-004520.3,s,"--,WAT",33.02,15.18,1.02,133.6,17.1,27,-23.97,WHL J160040.7-004521,0.4741,s,1864.0,0.0,0.0,0.78,36.76,2.09,11.0
240.17669,34.4536,,,,,,False,False,True,False,J160042.41+342713.0,,,,"--,WAT",41.64,19.53,0.99,115.6,10.4,25,,,,,,,,,,,
240.32685,8.7324,0.68417,26.25,387.0,,1.3,False,False,True,False,J160118.24+084353.5,,DESI J160118.44+084356.6,p,"--,WAT",99.58,62.74,0.61,157.3,33.7,53,,,,,,,,,,,
240.3515,43.86217,1.0899,25.92,243.0,,0.19,False,True,True,False,J160124.53+435148.1,,WISEA J160124.36+435143.7,s,"FR-II,WAT",18.03,12.56,0.47,106.7,12.3,29,,,,,,,,,,,
240.37399,8.64744,0.18756,24.92,130.0,,1.26,True,False,True,False,J160129.87+083847.3,,2MASX J16012976+0838512,s,"FR-I,WAT",81.26,44.95,0.78,158.7,38.0,40,,WHL J160129.8+083851,0.187,s,794.0,0.0,0.0,0.6,8.83,0.45,5.0
240.37508,21.17842,0.25396,24.99,118.0,,1.48,False,True,True,False,J160130.49+211048.9,,DESI J160130.02+211042.3,p,"FR-II,WAT",49.74,29.84,0.67,99.9,13.6,29,,maxBCG J160130.0+211042,0.2745,p,1139.0,0.0,0.0,0.68,13.15,0.61,10.0
240.37591,31.92745,1.81215,26.68,242.0,,1.43,True,False,False,True,J160130.72+315539.5,f,DESI J160130.22+315538.8,p,"FR-I,NAT",26.54,15.25,0.73,83.7,9.4,28,,AMF J160130.8+315532,0.2552,p,1064.0,10.0,37.0,0.733,28.5,1.29,18.0
240.44007,14.71363,,,,,,False,False,True,False,J160145.62+144249.1,,,,"--,WAT",52.2,31.14,0.68,158.3,46.8,38,,,,,,,,,,,
240.4466,44.31276,0.55993,26.07,447.0,,0.62,False,True,True,False,J160146.98+441844.7,,WISEA J160147.18+441845.9,s,"FR-II,WAT",97.45,54.21,0.77,164.8,256.9,67,-23.22,,,,,,,,,,
240.51835,39.25672,0.58817,25.23,246.0,8.98,1.93,False,True,True,False,J160204.61+391528.0,,WISEA J160204.40+391524.2,s,"FR-II,WAT",15.57,12.44,0.29,136.2,24.2,36,-23.09,WHL J160202.1+391514,0.5881,s,2240.0,29.0,198.0,0.752,49.31,2.2,17.0
240.60258,38.23189,,,,,0.3,False,False,True,False,J160224.62+381354.8,,,,"--,WAT",64.62,34.23,0.83,138.5,16.6,29,,,,,,,,,,,
240.61209,27.69499,0.93722,27.06,251.0,,0.14,False,True,True,False,J160227.27+274132.2,,DESI J160226.90+274141.9,s,"FR-II,WAT",260.85,131.97,0.89,157.6,12.0,31,,WHL J160217.9+274309,0.5586,s,2145.0,148.0,987.0,0.683,39.14,1.76,13.0
240.79208,3.02277,0.16964,24.38,98.0,,1.24,True,False,True,False,J160310.51+030120.4,,DESI J160310.10+030122.0,p,"FR-I,WAT",27.21,11.39,1.14,152.4,75.3,33,,WHL J160308.5+030058,0.1748,p,745.0,34.0,104.0,,,,
240.8291,3.27913,0.2222,25.31,126.0,,1.5,False,False,True,False,J160318.80+031642.0,,WISEA J160318.98+031644.8,s,"--,WAT",132.94,66.86,0.9,132.8,30.8,34,,WHL J160319.0+031645,0.2222,s,935.0,0.0,0.0,1.451,197.89,8.46,128.0
240.82749,19.40567,1.28535,26.52,275.0,,0.51,False,False,False,True,J160319.02+192420.3,g,DESI J160318.60+192420.4,p,"--,NAT",39.72,22.61,0.74,40.0,6.2,32,,,,,,,,,,,
240.8562,21.85369,0.70661,26.07,258.0,,2.14,False,True,True,False,J160325.79+215107.7,,WISEA J160325.48+215113.2,s,"FR-II,WAT",53.54,28.23,0.84,133.3,18.1,35,,WHL J160325.5+215113,0.7065,s,2604.0,0.0,0.0,0.752,52.9,2.35,21.0
240.87688,22.8674,0.31062,25.41,240.0,,0.4,False,True,True,False,J160330.28+225201.0,,DESI J160330.45+225202.6,p,"FR-II,WAT",79.33,40.39,0.89,158.4,55.5,51,,,,,,,,,,,
240.90965,28.96359,0.28209,25.02,194.0,8.53,1.57,False,True,False,True,J160338.88+285754.1,"f,j",WISEA J160338.31+285748.9,s,"FR-II,NAT",39.13,18.58,0.98,86.9,14.0,44,-23.17,maxBCG J160338.3+285749,0.2821,s,1168.0,0.0,0.0,0.749,30.01,1.36,21.0
240.91616,31.54983,0.4069,25.33,145.0,8.82,1.83,False,False,False,True,J160340.63+313300.2,f,WISEA J160339.87+313259.3,s,"--,NAT",37.43,21.99,0.7,68.6,18.9,26,-22.95,WHL J160340.5+313301,0.4069,s,1629.0,8.0,45.0,0.817,51.69,2.3,23.0
240.94067,63.19193,0.29174,25.58,280.0,,,False,False,True,False,J160346.90+631130.3,,DESI J160345.76+631131.0,p,"--,WAT",147.71,97.86,0.54,160.2,62.3,62,,WHY18 J160327.8+631247,0.3073,p,1264.0,143.0,670.0,1.068,94.69,4.14,50.0
241.00338,23.66565,0.33467,25.29,253.0,8.19,1.74,False,False,False,True,J160400.33+234008.3,,WISEA J160400.81+233956.3,s,"--,NAT",48.72,22.86,0.99,85.0,59.4,51,-23.0,AMF J160400.8+233956,0.3347,s,1367.0,0.0,0.0,0.739,23.68,1.08,16.0
241.05827,48.6024,0.25878,24.51,107.0,,1.43,True,False,True,False,J160414.34+483615.3,,DESI J160413.98+483608.6,p,"FR-I,WAT",16.75,11.68,0.47,109.6,18.6,26,,maxBCG J160413.6+483650,0.235,s,985.0,42.0,162.0,0.746,38.14,1.71,26.0
241.22306,38.1238,0.54834,25.55,165.0,,1.46,False,True,True,False,J160453.67+380727.3,,DESI J160453.53+380725.7,p,"FR-II,WAT",34.25,23.28,0.51,148.4,27.2,25,,,,,,,,,,,
241.26902,32.01846,0.37432,25.92,224.0,,1.49,False,False,True,False,J160505.70+320103.8,,SDSS J160504.56+320106.4,s,"--,WAT",163.28,79.05,0.95,108.7,22.8,42,,WHL J160504.6+320107,0.3743,s,1512.0,0.0,0.0,0.479,13.2,0.61,9.0
241.35472,40.05453,0.7765,26.41,352.0,,1.31,False,True,True,False,J160525.76+400317.1,,DESI J160525.13+400316.3,p,"FR-II,WAT",82.58,36.87,1.06,154.5,72.4,46,,WH J160523.6+400229,0.6819,s,2531.0,51.0,372.0,0.538,23.3,1.06,8.0
241.37167,16.43584,0.04407,23.48,35.0,,0.91,True,False,True,False,J160529.66+162559.9,,2MASX J16052922+1626088,s,"FR-I,WAT",59.49,16.88,1.65,103.5,17.1,39,,AMF J160529.2+162609,0.0452,s,199.0,0.0,0.0,0.78,26.26,1.19,26.0
241.50556,47.86294,1.00779,27.01,454.0,,,False,True,True,False,J160602.08+475143.8,,DESI J160601.34+475146.6,p,"FR-II,WAT",191.95,94.84,0.93,120.9,29.9,55,,GMBCG J160602.4+475048,0.4064,s,1627.0,59.0,331.0,0.571,16.24,0.75,11.0
241.51943,56.17904,0.67733,25.45,145.0,,1.7,False,False,True,False,J160604.67+561045.1,f,DESI J160604.66+561044.5,p,"--,WAT",17.37,11.93,0.49,125.5,18.5,20,-22.73,,,,,,,,,,
241.56643,8.54159,0.2851,25.29,284.0,8.53,1.59,False,False,True,False,J160615.71+083235.4,,WISEA J160615.94+083229.7,s,"--,WAT",63.92,21.13,1.45,155.4,70.8,64,-22.64,WH J160615.9+083230,0.2851,s,1180.0,0.0,0.0,0.545,14.52,0.67,7.0
241.59879,42.91904,,,,,,False,True,True,False,J160623.71+425508.5,,,,"FR-II,WAT",32.76,11.58,1.36,156.4,38.6,38,,,,,,,,,,,
241.64563,53.89371,0.35041,25.38,148.0,8.59,1.72,True,False,False,True,J160634.96+535348.9,,WISEA J160634.95+535337.3,s,"FR-I,NAT",54.9,25.73,0.99,86.1,19.8,29,-23.81,WHL J160635.0+535337,0.353,s,1434.0,0.0,0.0,0.949,72.9,3.21,31.0
241.67093,6.81614,,,,,,True,False,True,False,J160641.02+064858.1,,,,"FR-I,WAT",22.83,18.0,0.31,151.0,16.5,23,,,,,,,,,,,
241.69355,40.39161,1.96499,26.98,197.0,,0.08,True,False,False,True,J160646.57+402333.6,,SDSS J160646.45+402329.7,s,"FR-I,NAT",48.64,29.96,0.64,84.7,12.3,23,,,,,,,,,,,
241.68993,22.63724,0.18597,25.13,193.0,,1.31,True,False,True,False,J160646.74+223828.4,,WISEA J160645.58+223814.0,s,"FR-I,WAT",115.78,34.52,1.59,157.1,145.4,60,,maxBCG J160645.6+223814,0.186,s,790.0,0.0,0.0,0.812,39.72,1.78,29.0
241.79112,18.98188,1.05728,25.84,158.0,,,True,False,True,False,J160709.86+185852.6,,DESI J160709.87+185854.8,p,"FR-I,WAT",15.49,10.54,0.51,138.3,15.8,19,,,,,,,,,,,
241.84935,34.70305,0.28628,25.19,214.0,8.64,1.62,True,False,True,False,J160723.13+344209.6,"a,f",WISEA J160723.84+344210.9,s,"FR-I,WAT",57.0,27.56,0.95,127.3,67.5,48,-23.69,WHL J160723.8+344211,0.2881,s,1191.0,0.0,0.0,0.759,37.22,1.67,20.0
241.86083,0.8157,0.37709,25.09,117.0,,1.88,False,False,True,False,J160726.70+004858.1,,DESI J160726.60+004856.5,p,"--,WAT",24.93,13.48,0.81,123.0,11.2,22,,WHL J160726.7+004904,0.363,s,1471.0,7.0,37.0,0.643,23.23,1.06,14.0
241.8675,48.42645,0.97221,26.43,188.0,,0.2,True,False,True,False,J160728.07+482535.5,f,WISEA J160728.19+482535.2,s,"FR-I,WAT",61.25,34.01,0.77,107.8,7.3,23,,,,,,,,,,,
241.87227,-0.84515,,,,,,False,False,True,False,J160729.34-005042.5,,,,"--,WAT",80.87,34.77,1.11,161.4,158.5,54,,,,,,,,,,,
241.95176,9.25396,0.72135,25.54,201.0,,1.15,True,False,True,False,J160748.32+091514.0,,DESI J160748.42+091514.3,p,"FR-I,WAT",17.47,11.06,0.6,152.9,35.5,27,,,,,,,,,,,
241.95935,8.68619,0.18109,24.15,66.0,,1.25,True,False,True,False,J160750.50+084115.2,,DESI J160750.24+084110.3,p,"FR-I,WAT",15.34,10.42,0.51,93.9,8.7,21,,WHL J160750.0+084120,0.1873,s,795.0,10.0,32.0,0.8,32.39,1.82,15.0
241.9652,21.07093,,,,,,False,False,True,False,J160751.65+210415.3,,,,"--,WAT",14.88,5.56,1.29,159.5,114.6,45,,,,,,,,,,,
241.9981,33.11821,0.67067,25.28,152.0,,1.96,False,True,True,False,J160759.61+330706.3,,WISEA J160759.54+330705.5,s,"FR-II,WAT",13.05,10.37,0.3,134.9,12.9,21,,WH J160759.5+330705,0.6714,s,2499.0,0.0,0.0,0.601,24.93,1.13,10.0
242.01888,43.16345,0.08492,24.17,77.0,,1.05,False,False,True,False,J160804.80+430951.4,,DESI J242.0188+43.1634,s,"--,WAT",76.94,33.2,1.1,155.0,119.9,47,,WHL J160804.5+430948,0.0849,s,370.0,0.0,0.0,0.644,12.69,0.59,8.0
242.07497,12.24834,0.54673,25.63,369.0,,1.71,False,False,True,False,J160817.57+121501.0,,WISEA J160817.99+121454.0,s,"--,WAT",33.23,15.54,1.0,129.4,51.2,56,,WHL J160810.9+121233,0.2364,s,991.0,175.0,680.0,0.639,21.75,0.99,16.0
242.0881,28.47868,0.05018,24.16,61.0,,0.92,True,False,True,False,J160821.71+282841.9,,SDSS J160821.14+282843.2,s,"FR-I,WAT",225.47,92.92,1.16,163.7,790.5,60,,Y21 J160815.6+283010,0.7774,p,2810.0,114.0,874.0,0.469,13.24,0.61,7.0
242.09232,40.20495,0.62826,26.37,204.0,,0.58,True,False,True,False,J160822.33+401219.3,,DESI J160822.16+401217.8,s,"FR-I,WAT",205.59,188.73,0.11,156.9,25.6,29,,WHL J160816.5+400942,0.5956,s,2264.0,168.0,1156.0,0.726,43.8,1.96,16.0
242.09937,23.40889,1.00439,25.67,132.0,,,False,True,True,False,J160824.10+232433.3,,DESI J160823.85+232432.0,p,"FR-II,WAT",9.7,5.37,0.78,116.1,10.8,16,,,,,,,,,,,
242.10834,44.86907,0.68122,26.33,182.0,,,True,False,False,True,J160826.58+445212.3,,DESI J242.1083+44.8690,s,"FR-I,NAT",62.97,15.06,1.88,88.8,14.6,25,,CFSFDP J160827.7+445251,0.6812,s,2528.0,46.0,335.0,0.724,46.67,2.08,17.0
242.11884,35.0566,0.43956,25.46,146.0,,1.99,False,False,False,True,J160828.12+350326.1,,WISEA J160828.52+350323.7,s,"--,NAT",38.53,18.01,1.0,77.1,7.3,25,,WHL J160828.5+350324,0.4396,s,1744.0,0.0,0.0,0.957,84.53,3.71,46.0
242.12367,35.0983,0.35016,25.25,158.0,8.26,1.65,False,False,True,False,J160829.72+350555.6,,WISEA J160829.68+350553.8,s,"--,WAT",40.57,19.64,0.95,153.5,30.8,31,-22.51,GMBCG J242.11887+35.05661,0.445,p,1763.0,151.0,893.0,,,,
242.14794,19.50073,0.68097,25.53,247.0,,1.37,False,False,True,False,J160836.13+193000.5,,DESI J160835.50+193002.6,p,"--,WAT",19.73,13.06,0.54,160.3,21.4,34,,,,,,,,,,,
242.15392,13.29781,0.44202,25.7,218.0,,1.86,False,False,False,True,J160836.63+131743.1,,DESI J160836.94+131752.1,p,"--,NAT",56.72,19.71,1.39,47.7,411.1,37,,,,,,,,,,,
242.30755,3.58011,0.367,25.3,194.0,,,False,True,False,True,J160913.76+033458.2,b,WISEA J160913.81+033448.3,s,"FR-II,NAT",41.28,20.67,0.91,58.2,11.3,37,,WHL J160913.2+033311,0.3744,p,1512.0,98.0,523.0,1.028,93.28,4.08,46.0
242.37729,61.73841,0.41436,25.27,136.0,,1.77,True,False,False,True,J160931.41+614423.2,,DESI J160930.55+614418.3,p,"FR-I,NAT",31.21,18.18,0.71,67.8,7.1,24,,,,,,,,,,,
242.43612,7.22714,0.20586,25.17,125.0,,1.28,False,False,True,False,J160944.21+071343.7,,WISEA J160944.66+071337.6,s,"--,WAT",112.08,50.22,1.05,117.9,90.0,36,,WHL J160951.9+071403,0.2069,s,874.0,111.0,390.0,0.882,51.38,2.29,33.0
242.49551,55.00564,0.9572,25.86,277.0,,,False,False,True,False,J160958.95+550029.1,,DESI J160958.92+550020.3,p,"--,WAT",14.63,6.84,1.0,152.7,45.9,34,,WH J160953.7+545927,0.5945,s,2260.0,69.0,474.0,0.467,15.89,0.73,9.0
242.5567,52.84526,0.37578,25.35,176.0,8.77,1.9,False,False,True,False,J161013.25+525040.6,,WISEA J161013.60+525042.9,s,"--,WAT",35.75,10.62,1.59,103.6,13.0,33,-23.04,WHL J161013.6+525044,0.3758,s,1518.0,1.0,5.0,0.633,25.94,1.18,15.0
242.60869,15.41705,0.67673,25.21,174.0,,1.84,False,False,True,False,J161026.07+152458.4,c,DESI J161026.09+152501.4,p,"--,WAT",10.08,7.19,0.44,126.9,10.8,24,,GMBCG J161022.4+152223,0.2973,s,1226.0,167.0,765.0,0.559,14.34,0.66,7.0
242.6627,12.0551,0.14178,24.5,69.0,,0.49,True,False,False,True,J161039.19+120318.5,f,DESI J161039.05+120318.4,p,"FR-I,NAT",55.64,28.18,0.89,76.3,6.0,27,,CFSFDP J161035.0+120339,0.7573,p,2752.0,63.0,478.0,0.563,21.01,0.96,10.0
242.66708,60.10933,1.03789,26.22,340.0,,,False,True,True,False,J161039.75+600636.9,,DESI J161040.10+600633.6,p,"FR-II,WAT",36.75,23.88,0.57,148.5,31.2,41,,WH J161054.7+600441,0.2163,s,912.0,157.0,570.0,0.561,17.86,0.82,9.0
242.71752,11.98781,0.4657,24.9,200.0,8.45,1.94,False,False,True,False,J161052.58+115921.1,,WISEA J161052.20+115916.1,s,"--,WAT",14.84,17.97,-0.25,157.7,86.8,33,-23.54,WHL J161052.2+115916,0.4657,s,1835.0,0.0,0.0,0.637,29.92,1.35,12.0
242.76203,4.25089,0.31352,25.16,137.0,,1.66,False,False,True,False,J161102.78+041457.5,f,WISEA J161102.88+041503.2,s,"--,WAT",40.74,17.0,1.15,92.5,8.2,29,,CFSFDP J161102.9+041503,0.3135,s,1287.0,0.0,0.0,0.6,23.87,1.09,9.0
242.7817,18.76546,1.20334,26.56,400.0,,0.54,False,False,True,False,J161107.59+184558.9,,DESI J161107.61+184555.7,p,"--,WAT",59.49,39.42,0.54,147.8,32.5,47,,WH J161104.8+184824,0.7412,p,2706.0,154.0,1160.0,0.468,14.14,0.65,6.0
242.91176,15.54865,0.34587,25.38,228.0,,1.77,True,False,True,False,J161139.01+153240.7,,WISEA J161138.82+153255.1,s,"FR-I,WAT",51.35,19.79,1.25,161.4,21.1,45,,WHL J161138.8+153255,0.3525,s,1432.0,0.0,0.0,0.722,29.55,1.34,17.0
242.97794,44.83319,0.43935,25.38,217.0,,1.82,True,False,True,False,J161154.35+445008.4,,WISEA J161154.70+444959.4,s,"FR-I,WAT",33.87,17.6,0.86,106.6,17.3,37,,CFSFDP J161154.7+444959,0.4394,s,1744.0,0.0,0.0,0.527,18.11,0.83,9.0
243.07996,1.58322,0.12504,24.96,97.0,,,False,False,True,False,J161219.26+013503.6,,DESI J161219.19+013459.6,p,"--,WAT",218.18,134.39,0.64,126.2,27.3,42,,Y21 J161224.7+013737,0.3893,p,1566.0,178.0,973.0,0.583,10.52,0.49,12.0
243.13979,58.00406,0.81956,25.24,163.0,,1.59,False,False,True,False,J161233.92+580017.0,,SDSS J161233.55+580014.6,s,"--,WAT",7.48,5.66,0.37,125.6,30.3,21,,AMF J161240.7+575930,0.4622,s,1823.0,72.0,435.0,0.595,12.31,0.57,10.0
243.19774,5.33301,0.14692,24.76,207.0,8.65,1.15,False,False,True,False,J161247.54+052007.1,,WISEA J161247.45+051958.0,s,"--,WAT",94.11,47.85,0.89,154.1,92.7,78,-22.66,WHL J161247.5+051959,0.1469,s,630.0,0.0,0.0,0.656,12.07,0.56,11.0
243.29293,29.49116,0.31924,24.9,158.0,,1.26,False,True,True,False,J161310.03+292927.7,,DESI J161310.30+292928.2,p,"FR-II,WAT",23.3,12.42,0.83,148.3,54.1,33,,,,,,,,,,,
243.29036,9.88247,1.00654,25.93,189.0,,1.36,False,False,True,False,J161310.09+095255.3,,DESI J161309.69+095256.9,p,"--,WAT",21.19,14.1,0.53,111.5,10.9,23,,WH J161309.7+095257,1.0243,p,3461.0,0.0,0.0,0.636,39.97,1.79,8.0
243.31671,56.02055,0.49856,25.68,207.0,8.69,1.86,False,True,False,True,J161317.88+560118.4,,SDSS J161316.01+560114.1,s,"FR-II,NAT",46.14,20.95,1.04,52.9,6.8,33,-23.23,WHL J161316.0+560114,0.4986,s,1947.0,0.0,0.0,0.923,75.81,3.34,38.0
243.35775,6.0298,0.3163,24.82,100.0,,1.6,False,False,True,False,J161325.85+060148.8,,DESI J161325.86+060147.3,p,"--,WAT",21.2,13.65,0.58,152.2,16.2,21,,CFSFDP J161325.9+060147,0.2966,p,1224.0,0.0,0.0,0.537,14.26,0.66,14.0
243.36644,55.2633,0.6824,25.45,248.0,7.9,1.72,False,False,True,False,J161327.76+551547.9,,WISEA J161327.94+551547.8,s,"--,WAT",18.09,13.58,0.38,160.6,42.7,34,-23.65,,,,,,,,,,
243.3688,29.6272,0.9752,26.31,311.0,,0.23,False,False,True,False,J161328.89+293735.5,j,SDSS J161328.51+293737.8,s,"--,WAT",41.27,20.59,0.91,122.7,14.7,38,,,,,,,,,,,
243.39296,19.35272,0.33731,25.89,274.0,,1.6,True,False,True,False,J161335.10+192113.8,f,DESI J161334.31+192109.8,p,"FR-I,WAT",196.35,100.26,0.88,96.8,23.1,55,,WH J161332.0+192136,1.0491,p,3522.0,42.0,350.0,0.405,15.26,0.7,6.0
243.45627,57.18245,1.56537,27.39,417.0,,0.19,False,False,True,False,J161349.97+571055.6,,WISEA J161349.50+571056.8,s,"--,WAT",169.15,88.37,0.85,167.0,51.5,48,,WHL J161349.4+570835,0.4315,s,1716.0,142.0,825.0,0.581,17.12,0.79,7.0
243.45989,14.96765,,,,,,False,False,True,False,J161350.37+145803.5,c,,,"--,WAT",98.21,53.16,0.81,133.9,15.4,37,,,,,,,,,,,
243.5106,54.73619,0.33256,25.15,163.0,8.55,1.7,False,True,False,True,J161402.35+544420.8,,WISEA J161402.54+544410.2,s,"FR-II,NAT",38.24,21.0,0.79,80.6,11.4,33,-22.62,WHL J161420.1+544254,0.3396,s,1385.0,170.0,852.0,0.979,79.82,3.51,49.0
243.51607,59.0182,0.07602,23.97,76.0,,0.98,False,False,True,False,J161403.48+590102.9,j,DESI J161403.86+590105.5,p,"--,WAT",61.58,29.34,0.97,149.5,111.2,51,,WH J161402.1+590005,0.4607,p,1818.0,62.0,374.0,0.447,14.24,0.66,6.0
243.55354,62.25819,0.26699,25.5,216.0,,1.56,False,False,True,False,J161415.00+621518.1,,DESI J161412.85+621529.5,p,"--,WAT",136.69,69.35,0.89,98.4,171.2,51,,AMF J161412.8+621529,0.2674,p,1112.0,0.0,0.0,1.113,101.86,4.44,64.0
243.61023,13.93782,0.53113,25.64,175.0,,1.34,True,False,True,False,J161426.67+135622.1,,DESI J161426.46+135616.2,p,"FR-I,WAT",44.28,28.79,0.56,106.1,35.5,27,,,,,,,,,,,
243.6269,35.25105,0.53778,25.44,163.0,,1.74,False,True,True,False,J161430.46+351506.4,,WISEA J161430.45+351503.7,s,"FR-II,WAT",27.76,18.62,0.52,158.4,14.1,25,,WH J161433.5+351423,0.7642,p,2772.0,56.0,427.0,0.435,11.56,0.54,6.0
243.72232,2.68241,0.09162,23.88,83.0,,1.04,False,False,True,False,J161453.09+024058.8,,DESI J161453.36+024056.7,p,"--,WAT",33.18,13.71,1.16,163.9,62.9,47,,CFSFDP J161453.4+024057,0.103,p,447.0,0.0,0.0,0.568,15.57,0.72,9.0
243.8807,23.71374,1.12915,25.81,337.0,,0.45,False,False,True,False,J161531.32+234249.0,c,DESI J161531.37+234249.5,p,"--,WAT",17.25,16.22,0.08,166.3,46.1,40,,,,,,,,,,,
243.8982,19.45342,0.03043,23.02,18.0,,,True,False,True,False,J161536.08+192709.4,"g,j",NGC 6099,s,"FR-I,WAT",45.65,22.84,0.91,95.5,11.4,29,,MCXC J1615.5+1927,0.0308,s,136.0,13.0,8.0,,,,
243.92359,60.09366,0.34008,24.94,125.0,,1.69,False,False,True,False,J161541.06+600532.7,,DESI J161541.66+600537.2,p,"--,WAT",19.82,7.95,1.2,150.5,18.4,25,,AMF J161541.7+600537,0.3153,p,1294.0,0.0,0.0,0.81,41.09,1.84,18.0
243.92174,47.18663,0.19862,25.91,299.0,8.31,0.71,False,False,False,True,J161544.08+471128.9,,DESI J161541.22+471111.8,s,"--,NAT",580.04,154.21,1.74,53.3,39.0,88,-22.67,maxBCG J161541.3+471004,0.1999,s,846.0,68.0,232.0,0.72,30.5,1.38,21.0
243.94655,14.77082,0.65904,25.66,179.0,9.41,1.91,False,False,True,False,J161546.97+144618.3,,WISEA J161547.17+144614.9,s,"--,WAT",25.13,13.64,0.8,133.5,16.2,25,-23.54,WHL J161547.2+144615,0.6591,s,2461.0,0.0,0.0,0.867,80.24,3.53,32.0
244.00013,45.8276,0.4754,25.62,202.0,,1.86,False,False,True,False,J161600.21+454941.6,,SDSS J161600.03+454939.3,s,"--,WAT",52.65,32.17,0.65,161.0,57.5,33,,,,,,,,,,,
244.02409,12.31788,0.37402,25.0,127.0,,1.8,False,False,True,False,J161605.77+121901.9,,WISEA J161605.78+121904.3,s,"--,WAT",17.7,6.47,1.32,148.2,15.6,24,,WHL J161557.7+121847,0.3717,s,1503.0,120.0,637.0,0.797,44.38,1.99,29.0
244.04359,9.11541,0.17208,25.18,169.0,8.51,1.18,True,False,True,False,J161610.91+090704.4,"a,f",WISEA J161610.46+090655.4,s,"FR-I,WAT",172.95,81.63,0.99,99.4,20.3,56,-22.81,WHL J161610.5+090655,0.1774,s,755.0,0.0,0.0,0.971,62.82,2.78,53.0
244.0737,28.96115,0.62483,25.07,133.0,8.27,1.8,False,True,True,False,J161617.98+285743.2,,WISEA J161617.68+285740.1,s,"FR-II,WAT",10.08,8.86,0.17,94.6,11.0,19,-23.07,WHL J161617.7+285740,0.6248,s,2356.0,0.0,0.0,0.622,29.02,1.31,10.0
244.15761,42.4488,0.13676,24.95,158.0,8.67,1.15,True,False,True,False,J161638.29+422713.8,"g,j",DESI J161637.83+422655.6,s,"FR-I,WAT",169.1,89.59,0.83,138.4,138.5,63,-22.84,maxBCG J161637.8+422656,0.1406,s,604.0,0.0,0.0,0.984,63.36,2.8,44.0
244.16087,56.3421,0.52215,25.49,309.0,,1.92,False,False,True,False,J161639.39+562035.4,j,WISEA J161638.60+562031.5,s,"--,WAT",26.2,11.42,1.09,165.3,70.5,48,,WHL J161638.6+562032,0.5225,s,2027.0,0.0,0.0,0.608,28.69,1.3,10.0
244.22181,9.44409,0.21353,25.54,223.0,,1.34,False,False,True,False,J161653.64+092635.6,"f,j",DESI J161653.24+092638.7,p,"--,WAT",223.75,77.86,1.39,165.6,86.2,62,,WHL J161653.2+092639,0.2049,s,866.0,0.0,0.0,0.899,52.85,2.35,31.0
244.27615,57.77771,0.20325,24.67,110.0,,1.32,True,False,False,True,J161707.48+574638.4,,DESI J161706.28+574639.8,p,"FR-I,NAT",36.65,17.88,0.94,52.7,10.3,32,,WHL J161706.3+574640,0.2158,p,910.0,0.0,0.0,0.553,17.63,0.81,11.0
244.28678,48.51175,1.0023,26.63,321.0,,,True,False,True,False,J161709.39+483046.7,,DESI J161708.83+483042.3,p,"FR-I,WAT",73.61,32.82,1.06,130.9,25.3,39,,,,,,,,,,,
244.30621,50.78356,0.29901,25.01,188.0,,1.59,False,False,True,False,J161714.00+504658.2,,WISEA J161713.48+504700.8,s,"--,WAT",31.08,11.57,1.3,151.2,44.3,41,,WHL J161713.5+504701,0.299,s,1233.0,0.0,0.0,0.663,22.24,1.02,13.0
244.38495,20.69912,0.47792,24.75,190.0,,1.83,False,True,True,False,J161732.10+204157.5,,WISEA J161732.38+204156.8,s,"FR-II,WAT",10.09,12.53,-0.28,153.0,24.6,31,,Y21 J161734.7+204405,0.4779,s,1876.0,132.0,813.0,0.572,15.66,0.72,13.0
244.46275,42.96911,0.87412,25.64,175.0,,,False,False,True,False,J161751.34+425812.4,,DESI J161751.06+425808.8,p,"--,WAT",14.25,9.07,0.59,128.4,21.8,22,,,,,,,,,,,
244.50649,59.41581,0.36399,25.04,131.0,,1.67,True,False,True,False,J161801.35+592452.2,,DESI J161801.56+592456.9,p,"FR-I,WAT",25.25,15.14,0.67,124.0,16.6,25,,WHL J161804.7+592742,0.4265,s,1698.0,167.0,964.0,0.77,44.36,1.98,26.0
244.5051,5.63063,0.6184,25.66,293.0,,1.96,False,False,True,False,J161801.38+053752.8,,DESI J161801.22+053750.3,p,"--,WAT",30.04,16.91,0.75,154.3,53.8,42,,Y21 J161801.2+053750,0.6063,p,2298.0,0.0,0.0,0.527,22.07,1.01,9.0
244.51492,12.1924,0.39339,25.67,462.0,,1.96,False,True,True,False,J161803.98+121130.6,,WISEA J161803.58+121132.6,s,"FR-II,WAT",82.84,40.19,0.95,162.8,118.8,84,,WHL J161803.6+121133,0.3993,s,1602.0,0.0,0.0,1.025,91.04,3.99,41.0
244.61608,62.63013,0.33772,25.77,279.0,,1.73,True,False,True,False,J161829.43+623740.6,,DESI J161827.86+623748.5,p,"FR-I,WAT",145.61,68.57,0.99,93.6,22.0,56,,WHL J161827.9+623748,0.3454,p,1406.0,0.0,0.0,0.722,38.15,1.71,27.0
244.62604,29.99248,0.17482,25.14,92.0,,0.57,False,False,True,False,J161829.70+295938.9,,DESI J161830.25+295932.9,p,"--,WAT",123.13,21.94,2.26,96.1,15.6,30,,maxBCG J161829.0+295900,0.1338,s,576.0,37.0,91.0,0.806,33.78,1.52,23.0
244.62501,17.9057,0.20123,24.5,113.0,,1.27,True,False,True,False,J161830.20+175414.3,,WISEA J161830.00+175420.5,s,"FR-I,WAT",25.32,12.42,0.93,127.3,18.7,33,,maxBCG J161830.0+175420,0.2045,s,864.0,0.0,0.0,0.678,23.52,1.07,15.0
244.64611,9.80701,0.14716,24.64,138.0,,,True,False,True,False,J161834.64+094820.3,,WISEA J161835.06+094825.2,s,"FR-I,WAT",70.44,33.97,0.96,132.1,103.5,52,,GMBCG J161835.1+094825,0.1472,s,631.0,0.0,0.0,0.702,27.4,1.24,20.0
244.70461,17.35605,0.58885,26.21,342.0,,1.87,False,False,True,False,J161849.47+172110.4,,DESI J161849.11+172121.8,p,"--,WAT",108.08,52.5,0.95,107.1,22.4,50,,CFSFDP J161850.0+172105,0.5691,p,2179.0,22.0,141.0,0.535,20.42,0.93,13.0
244.80292,26.81262,0.43247,25.23,128.0,,1.87,False,True,True,False,J161912.67+264845.6,,SDSS J161912.70+264845.4,s,"FR-II,WAT",26.84,16.8,0.61,143.3,13.5,22,,WHL J161912.7+264845,0.4403,s,1747.0,0.0,0.0,0.881,67.29,2.97,42.0
244.80458,11.36664,0.2051,24.52,202.0,8.53,1.36,False,True,True,False,J161913.13+112205.4,,WISEA J161913.09+112159.8,s,"FR-II,WAT",27.35,17.76,0.57,149.5,109.7,58,-22.91,maxBCG J161913.1+112200,0.2051,s,867.0,0.0,0.0,0.743,32.29,1.46,15.0
244.82383,16.31885,0.40403,25.49,106.0,,1.9,True,False,True,False,J161917.71+161905.7,,DESI J161917.72+161907.9,p,"FR-I,WAT",34.4,7.05,2.08,150.6,9.8,19,,,,,,,,,,,
244.83213,16.32774,,,,,,False,True,True,False,J161919.71+161939.9,,,,"FR-II,WAT",35.37,14.64,1.16,116.0,10.8,26,,,,,,,,,,,
244.84527,54.00782,0.26625,24.86,152.0,8.71,1.54,False,False,False,True,J161923.54+540040.8,,WISEA J161922.86+540028.1,s,"--,NAT",34.07,21.45,0.61,87.8,12.7,36,-23.49,maxBCG J161922.9+540028,0.2662,s,1107.0,0.0,0.0,0.745,31.76,1.43,13.0
244.89192,16.62061,0.32635,25.11,200.0,,0.37,False,False,True,False,J161933.86+163717.3,,WISEA J161934.06+163714.1,s,"--,WAT",42.27,33.57,0.3,127.4,24.9,41,,,,,,,,,,,
244.93665,53.5834,0.47408,25.44,226.0,8.74,1.98,False,False,True,False,J161944.74+533459.1,,WISEA J161944.79+533500.2,s,"--,WAT",31.33,15.33,0.94,152.4,29.5,37,-23.88,WHL J161944.8+533500,0.4741,s,1864.0,0.0,0.0,0.714,39.66,1.78,18.0
244.96915,50.14909,0.32425,24.83,179.0,,1.66,False,False,True,False,J161953.08+500854.6,,WISEA J161952.59+500856.7,s,"--,WAT",17.83,7.57,1.12,151.3,35.0,37,,WHL J161952.6+500857,0.3242,s,1328.0,0.0,0.0,0.64,20.12,1.09,8.0
245.02946,42.47936,0.09509,24.65,95.0,,0.91,False,False,False,True,J162008.36+422830.5,"a,g,j",DESI J162007.07+422845.7,p,"--,NAT",181.39,81.97,1.04,57.7,17.3,52,,maxBCG J162008.3+423003,0.1336,s,575.0,78.0,192.0,0.829,32.92,1.49,24.0
245.11935,43.44725,,,,,,False,False,True,False,J162028.64+432650.1,,,,"--,WAT",12.35,10.05,0.27,138.4,60.9,20,,,,,,,,,,,
245.13589,50.93339,0.78913,25.84,285.0,,1.47,False,False,True,False,J162033.09+505556.8,,DESI J162032.61+505600.2,p,"--,WAT",17.16,5.64,1.46,166.9,40.1,37,,,,,,,,,,,
245.13914,24.60985,0.18687,24.84,119.0,,1.18,False,True,True,False,J162033.40+243633.5,,DESI J162033.39+243635.4,p,"FR-II,WAT",67.65,35.72,0.84,161.5,31.7,37,,CLuMPR J162032.2+243530,0.1879,s,798.0,68.0,221.0,0.43,16.49,0.76,8.0
245.15423,25.34823,0.10265,24.74,215.0,8.49,1.02,False,False,True,False,J162036.56+252116.1,j,SDSS J162037.01+252053.6,s,"--,WAT",181.6,56.04,1.54,131.9,191.3,110,-21.32,,,,,,,,,,
245.2197,49.85677,0.83399,25.58,156.0,,1.59,False,True,False,True,J162052.86+495128.2,,DESI J162052.73+495124.4,p,"FR-II,NAT",11.82,6.17,0.85,77.4,6.5,20,,WH J162052.7+495124,0.8163,p,2919.0,0.0,0.0,0.493,19.04,0.87,8.0
245.31261,62.10153,0.66618,25.54,281.0,,1.64,True,False,True,False,J162115.01+620614.3,,DESI J162115.03+620605.5,p,"FR-I,WAT",20.1,12.27,0.65,141.5,195.4,39,,,,,,,,,,,
245.37199,31.46266,0.48787,25.35,211.0,,1.88,False,True,True,False,J162129.20+312746.0,,DESI J162129.28+312745.6,p,"FR-II,WAT",26.85,16.95,0.6,159.8,101.3,34,,WHL J162129.3+312746,0.4929,s,1927.0,0.0,0.0,0.724,40.67,1.82,16.0
245.45002,48.40334,0.79141,25.47,192.0,,0.35,False,True,True,False,J162148.74+482410.8,,DESI J162148.00+482412.0,p,"FR-II,WAT",12.07,7.75,0.58,104.4,17.8,25,,,,,,,,,,,
245.52151,34.30345,0.36149,25.44,198.0,8.44,1.83,True,False,True,False,J162205.30+341812.1,,WISEA J162205.16+341812.4,s,"FR-I,WAT",60.49,30.7,0.89,129.7,22.2,38,-23.19,WHL J162205.1+341812,0.3615,s,1465.0,0.0,0.0,0.756,39.53,1.77,26.0
245.57393,51.30301,0.69493,25.58,279.0,,2.02,False,True,True,False,J162217.87+511821.8,,DESI J162217.74+511810.8,p,"FR-II,WAT",21.22,13.87,0.56,151.4,36.7,38,,Y21 J162208.3+512001,0.7765,p,2807.0,141.0,1080.0,0.513,17.26,0.79,8.0
245.6202,26.78277,0.22061,25.02,199.0,,1.36,True,False,True,False,J162229.19+264702.4,g,WISEA J162228.84+264657.9,s,"FR-I,WAT",62.55,21.43,1.41,142.5,335.3,54,,maxBCG J162228.9+264658,0.2206,s,928.0,0.0,0.0,0.967,65.98,2.92,29.0
245.66341,34.33345,0.63364,25.55,275.0,,1.97,False,False,True,False,J162239.41+341959.7,,DESI J162239.22+342000.4,p,"--,WAT",22.76,13.61,0.67,165.8,,39,,,,,,,,,,,
245.7287,3.55729,,,,,,False,False,True,False,J162254.89+033326.3,,,,"--,WAT",64.15,28.65,1.06,95.2,37.3,42,,,,,,,,,,,
245.77303,28.65108,0.76649,25.99,244.0,,1.9,False,True,True,False,J162305.71+283900.5,,DESI J162305.53+283903.9,p,"FR-II,WAT",32.7,14.68,1.05,129.4,16.2,32,,Y21 J162305.5+283904,0.7409,s,2705.0,0.0,0.0,0.618,31.49,1.42,9.0
245.77426,23.85971,0.42863,26.3,191.0,7.73,1.62,False,False,True,False,J162305.87+235134.2,,SDSS J162305.82+235134.9,s,"--,WAT",310.05,177.68,0.73,160.9,,33,-22.19,WHL J162257.3+235336,0.0627,s,275.0,168.0,211.0,0.634,13.73,0.64,10.0
245.7889,9.32597,0.31606,25.54,320.0,,1.58,False,True,True,False,J162309.83+091938.8,,DESI J162309.34+091933.5,p,"FR-II,WAT",83.14,23.8,1.64,162.5,,67,,,,,,,,,,,
245.79633,52.3593,0.19743,24.25,84.0,,1.24,False,False,True,False,J162311.20+522130.6,a,DESI J162311.12+522133.5,p,"--,WAT",15.61,9.02,0.72,113.4,24.8,25,,maxBCG J162306.3+522147,0.185,s,786.0,46.0,148.0,0.851,44.35,1.98,29.0
245.80158,3.38834,0.74689,26.28,287.0,,,False,False,True,False,J162312.33+032319.7,,DESI J162312.38+032318.0,p,"--,WAT",90.75,59.79,0.55,166.7,24.7,38,,,,,,,,,,,
245.82806,37.09653,0.20671,25.29,224.0,,1.35,False,True,True,False,J162317.76+370540.3,,DESI J162318.73+370547.5,p,"FR-II,WAT",152.65,85.84,0.76,168.5,44.2,64,,GMBCG J162306.4+370628,0.2019,s,854.0,153.0,527.0,0.563,16.39,0.76,10.0
245.93433,48.0092,0.19207,24.52,145.0,8.84,1.28,False,False,True,False,J162343.61+480036.5,,WISEA J162344.23+480033.1,s,"--,WAT",31.61,20.16,0.59,110.8,18.6,44,-23.01,NSC J162350+475840,0.2598,p,1082.0,130.0,541.0,,,,
246.13431,43.33421,0.28785,25.22,246.0,9.13,1.61,False,True,True,False,J162433.33+432011.1,,WISEA J162432.23+432003.1,s,"FR-II,WAT",58.72,26.89,1.02,116.6,20.8,55,-23.4,GMBCG J162432.2+432003,0.2908,s,1202.0,0.0,0.0,0.845,49.44,2.2,20.0
246.14185,46.08301,0.48117,25.43,216.0,,3.01,True,False,True,False,J162434.19+460505.7,,WISEA J162434.04+460458.8,s,"FR-I,WAT",27.96,12.53,1.05,125.3,20.1,35,,WHL J162433.4+460300,0.481,s,1887.0,119.0,735.0,0.557,18.19,0.84,8.0
246.21779,34.43854,0.96139,25.84,351.0,,,False,True,True,False,J162452.68+342621.3,,DESI J162452.27+342618.8,p,"FR-II,WAT",16.26,9.14,0.76,125.4,50.6,43,,WH J162457.2+342449,0.7762,s,2806.0,109.0,835.0,0.491,15.01,0.69,8.0
246.23662,46.68942,,,,,,False,True,True,False,J162456.79+464121.9,j,,,"FR-II,WAT",458.3,206.46,1.05,166.4,265.1,88,,,,,,,,,,,
246.25252,55.83846,0.20783,24.75,147.0,8.66,1.38,False,True,True,False,J162500.85+555023.7,,WISEA J162500.60+555018.4,s,"FR-II,WAT",41.98,20.18,0.96,155.1,85.6,42,-22.99,CFSFDP J162500.6+555018,0.2078,s,878.0,0.0,0.0,0.57,20.77,0.95,11.0
246.27177,15.71447,0.40763,25.48,146.0,8.62,1.87,False,False,True,False,J162505.01+154254.0,,WISEA J162505.22+154252.0,s,"--,WAT",45.54,19.01,1.15,169.1,29.5,26,-23.19,WHL J162505.2+154252,0.4076,s,1632.0,1.0,6.0,0.655,30.4,1.38,17.0
246.29457,28.49574,0.14507,24.65,81.0,8.24,,True,False,False,True,J162511.41+282937.2,,WISEA J162510.69+282944.6,s,"FR-I,NAT",71.5,28.23,1.22,70.5,13.3,31,-23.11,maxBCG J162510.7+282944,0.1451,s,623.0,0.0,0.0,0.68,25.14,1.14,12.0
246.30492,48.21966,0.17135,24.58,160.0,,1.43,False,True,True,False,J162512.52+481311.2,f,DESI J162513.18+481310.8,p,"FR-II,WAT",44.11,22.16,0.9,142.5,46.8,53,,WH J162510.5+481445,0.1986,s,841.0,98.0,333.0,0.444,10.54,0.49,6.0
246.34327,63.46917,0.50968,25.4,140.0,,1.8,False,True,True,False,J162522.68+632806.9,,DESI J162522.38+632809.0,p,"FR-II,WAT",25.93,14.49,0.76,160.6,22.3,22,,,,,,,,,,,
246.34947,44.93985,0.39909,25.56,221.0,8.89,1.86,False,True,True,False,J162524.32+445629.3,f,WISEA J162523.87+445623.4,s,"FR-II,WAT",71.71,50.53,0.46,150.6,99.7,40,-23.39,WHL J162523.9+445623,0.3993,s,1602.0,0.0,0.0,0.721,35.28,1.59,17.0
246.34736,9.54309,0.40797,25.29,236.0,8.65,1.93,True,False,False,True,J162524.38+093224.6,f,2MASS J16252337+0932344,s,"FR-I,NAT",36.22,23.82,0.55,70.0,14.9,42,-23.36,WHL J162523.4+093235,0.408,s,1633.0,0.0,0.0,0.652,26.78,1.22,12.0
246.38492,30.44439,1.13139,27.06,447.0,,0.33,False,True,True,False,J162531.87+302646.1,f,DESI J162532.38+302639.8,p,"FR-II,WAT",207.6,131.89,0.6,137.8,44.3,53,,,,,,,,,,,
246.39658,14.22695,0.43147,25.85,337.0,,1.79,False,True,True,False,J162535.38+141336.9,,DESI J162535.18+141337.0,p,"FR-II,WAT",94.68,41.51,1.08,167.4,165.7,58,,WH J162533.3+141449,0.7835,p,2827.0,76.0,584.0,0.507,23.59,1.08,8.0
246.40913,52.49631,0.8026,25.75,232.0,,0.5,False,True,True,False,J162537.34+522949.8,,DESI J162538.19+522946.7,p,"FR-II,WAT",27.28,22.5,0.25,107.8,15.6,30,,WH J162521.9+522845,0.7649,p,2774.0,161.0,1227.0,0.414,11.74,0.55,8.0
246.54207,54.87233,0.34319,25.21,297.0,,1.58,False,False,True,False,J162611.76+545225.1,,WISEA J162610.09+545220.3,s,"--,WAT",36.95,15.25,1.16,126.3,18.5,59,,WHL J162601.3+545302,0.3463,s,1410.0,86.0,437.0,0.59,17.2,0.79,8.0
246.58053,60.90711,0.64063,25.65,191.0,,,False,True,True,False,J162619.38+605427.3,,DESI J162619.33+605425.6,p,"FR-II,WAT",25.36,12.79,0.9,122.2,11.6,27,,WH J162619.3+605426,0.6245,p,2355.0,0.0,0.0,0.469,16.78,0.77,7.0
246.65515,58.15491,0.20595,25.8,174.0,,0.04,False,True,True,False,J162636.96+580919.0,,DESI J162637.24+580917.7,p,"FR-II,WAT",541.75,414.42,0.35,157.1,36.2,50,,,,,,,,,,,
246.66859,25.72882,0.34922,25.16,193.0,,1.63,False,False,True,False,J162640.62+254349.1,,DESI J162640.46+254343.7,p,"--,WAT",33.52,16.44,0.93,130.2,25.1,38,,AMF J162642.4+254349,0.3439,s,1401.0,27.0,136.0,0.626,15.7,0.72,11.0
246.66979,5.64466,0.95192,25.7,195.0,,1.38,False,True,True,False,J162640.64+053848.6,,DESI J162640.75+053840.8,p,"FR-II,WAT",17.77,15.68,0.16,119.3,15.0,24,,WHL J162647.2+054051,0.479,p,1880.0,162.0,998.0,0.676,22.04,1.01,15.0
246.79952,31.73314,0.73232,26.43,314.0,,-0.02,False,False,True,False,J162712.22+314406.4,,DESI J162711.89+314359.4,s,"--,WAT",130.52,81.86,0.61,127.0,17.4,42,-21.55,,,,,,,,,,
246.85228,50.32803,0.43823,25.03,263.0,8.88,1.85,False,True,True,False,J162724.75+501943.6,,SDSS J162724.54+501940.6,s,"FR-II,WAT",14.85,7.61,0.88,157.0,69.1,45,-23.4,WHL J162724.6+501941,0.4383,s,1740.0,0.0,0.0,0.586,26.83,1.22,11.0
246.87651,6.38398,,,,,1.74,False,False,False,True,J162730.36+062302.3,,,,"--,NAT",35.14,18.27,0.86,36.1,13.3,38,,,,,,,,,,,
246.89741,11.62737,1.0874,26.38,251.0,,,False,True,True,False,J162735.58+113740.1,,DESI J162735.38+113738.5,p,"FR-II,WAT",47.08,29.4,0.62,141.8,19.7,30,,AMF J162731.5+113951,0.5772,s,2205.0,145.0,983.0,0.595,17.57,0.81,12.0
246.99182,33.76316,0.16336,24.66,162.0,,1.16,False,False,True,False,J162757.66+334540.6,a,WISEA J162758.03+334547.3,s,"--,WAT",60.02,31.56,0.84,126.7,27.5,56,,maxBCG J162758.0+334547,0.1663,s,710.0,0.0,0.0,0.706,23.03,1.05,20.0
247.02818,13.00426,0.20155,24.56,92.0,,1.32,False,True,False,True,J162806.56+130024.1,a,DESI J162806.76+130015.3,p,"FR-II,NAT",31.34,20.27,0.57,55.1,11.6,27,,maxBCG J162807.1+130108,0.2028,p,858.0,53.0,183.0,0.636,25.75,1.17,23.0
247.074,34.99145,0.48021,25.44,148.0,,1.6,False,False,False,True,J162817.42+345934.5,,DESI J162817.76+345929.2,p,"--,NAT",28.1,11.6,1.16,79.6,9.7,24,,WHL J162817.3+345907,0.6982,s,2579.0,23.0,169.0,0.674,41.24,1.85,13.0
247.1024,23.01891,0.20793,25.38,193.0,9.33,1.35,False,True,True,False,J162824.42+230108.8,,WISEA J162824.57+230108.0,s,"FR-II,WAT",168.02,59.33,1.37,126.2,19.2,55,-23.03,maxBCG J162824.6+230108,0.2079,s,878.0,0.0,0.0,0.797,33.65,1.52,25.0
247.11455,40.17649,0.35254,25.42,179.0,8.37,1.68,False,False,True,False,J162827.26+401038.0,,SDSS J162827.49+401035.3,s,"--,WAT",50.0,15.34,1.55,125.6,18.1,35,-22.77,WHL J162827.1+401026,0.3525,s,1432.0,10.0,51.0,0.808,48.71,2.17,27.0
247.11581,5.05017,0.25043,24.67,97.0,,,True,False,True,False,J162827.76+050304.4,,DESI J162827.80+050300.6,p,"FR-I,WAT",25.4,16.51,0.57,103.4,13.1,24,,Y21 J162831.2+050034,0.2533,p,1057.0,155.0,634.0,0.75,36.02,1.62,23.0
247.15945,39.55135,0.03103,24.95,73.0,8.69,,False,False,True,False,J162838.22+393300.3,j,2MASX J16283827+3933049,s,"--,WAT",3605.68,776.08,2.02,169.4,219.8,114,-21.5,AMF J162838.3+393305,0.0312,s,138.0,0.0,0.0,0.999,57.85,2.57,60.0
247.18501,63.20765,0.29572,25.22,187.0,,1.66,False,True,True,False,J162842.73+631225.1,,DESI J162844.40+631227.5,p,"FR-II,WAT",55.52,25.37,1.03,158.9,36.1,41,,WHY18 J162905.6+631210,0.1432,p,615.0,144.0,376.0,0.491,13.25,0.61,6.0
247.18069,53.41014,0.9534,25.54,162.0,,,False,True,True,False,J162843.43+532439.9,,DESI J162843.37+532436.5,p,"FR-II,WAT",9.64,6.49,0.52,132.5,12.2,20,,WH J162852.0+532628,0.8511,p,3014.0,135.0,1066.0,0.434,15.82,0.73,6.0
247.18623,34.8914,0.32817,25.74,308.0,,0.98,True,False,False,True,J162844.98+345336.0,,DESI J162844.70+345329.0,p,"FR-I,NAT",133.3,50.18,1.28,79.7,12.6,63,,maxBCG J162844.7+345349,0.1681,s,717.0,20.0,60.0,0.679,27.58,1.25,19.0
247.22873,20.37362,0.8785,25.67,231.0,,1.08,False,True,True,False,J162854.78+202220.3,,DESI J162854.90+202225.0,p,"FR-II,WAT",15.23,9.86,0.57,130.3,35.8,29,,,,,,,,,,,
247.2514,58.56676,,,,,,True,False,True,False,J162900.34+583400.3,,,,"FR-I,WAT",36.85,16.94,1.02,135.3,27.0,46,,,,,,,,,,,
247.3618,59.98059,,,,,,True,False,True,False,J162926.83+595850.1,,,,"FR-I,WAT",13.42,8.34,0.62,101.3,15.9,16,,,,,,,,,,,
247.3771,61.56673,0.46321,25.38,169.0,,1.29,True,False,True,False,J162930.70+613358.0,,DESI J162930.50+613400.2,p,"FR-I,WAT",33.7,22.88,0.51,145.1,20.7,28,,,,,,,,,,,
247.47912,45.26867,,,,,,False,True,True,False,J162954.99+451607.2,,,,"FR-II,WAT",26.52,16.23,0.64,129.4,17.0,34,,,,,,,,,,,
247.56906,14.58643,0.27895,26.31,333.0,,1.5,False,True,True,False,J163017.29+143508.4,,DESI J163016.56+143511.1,s,"FR-II,WAT",491.24,55.46,2.86,163.8,29.6,76,,WHL J163016.6+143511,0.279,s,1156.0,0.0,0.0,0.689,28.7,1.3,8.0
247.58218,18.78837,0.48524,25.93,285.0,,1.85,False,True,True,False,J163020.09+184723.9,,WISEA J163019.72+184718.1,s,"FR-II,WAT",88.04,39.88,1.04,131.5,35.0,46,,,,,,,,,,,
247.60012,33.49801,,,,,0.74,True,False,True,False,J163024.03+332952.8,,,,"FR-I,WAT",22.19,15.63,0.46,117.8,22.5,27,,,,,,,,,,,
247.62214,7.02515,,,,,0.74,True,False,True,False,J163029.31+070130.5,,,,"FR-I,WAT",12.43,10.54,0.22,152.0,13.2,19,,,,,,,,,,,
247.63556,53.84495,1.0252,26.33,248.0,10.5,1.62,False,True,True,False,J163032.68+535041.7,,SDSS J163032.53+535041.8,s,"FR-II,WAT",45.29,26.94,0.68,126.3,15.6,30,-20.11,Y21 J163033.8+534914,0.6256,s,2358.0,89.0,626.0,0.611,21.13,0.97,6.0
247.66306,63.02857,2.3753,27.55,275.0,,-0.01,False,False,True,False,J163039.36+630145.3,,SDSS J163039.12+630143.0,s,"--,WAT",99.49,55.01,0.78,148.9,20.3,33,,CFSFDP J163049.3+630159,0.1497,p,642.0,71.0,192.0,0.604,16.6,0.76,8.0
247.78555,20.37996,0.41037,26.01,186.0,,0.68,False,True,True,False,J163108.81+202250.8,,DESI J163108.53+202247.9,p,"FR-II,WAT",174.51,99.06,0.74,163.5,16.4,33,,,,,,,,,,,
247.79277,5.53063,0.15083,24.75,185.0,,1.14,False,True,True,False,J163109.98+053156.1,f,WISEA J163110.26+053150.2,s,"FR-II,WAT",81.4,31.63,1.24,119.8,47.9,68,,WHL J163110.3+053150,0.149,p,639.0,0.0,0.0,0.763,32.29,1.46,22.0
247.8125,24.55051,,,,,,False,True,True,False,J163115.00+243301.8,c,,,"FR-II,WAT",9.21,6.79,0.4,145.5,13.3,22,,,,,,,,,,,
247.84219,8.05909,0.96427,26.04,367.0,,2.72,False,True,True,False,J163122.47+080336.7,,DESI J163122.13+080332.7,p,"FR-II,WAT",30.56,21.1,0.49,136.3,47.4,45,,WH J163125.2+080214,0.7821,p,2823.0,92.0,707.0,0.491,19.17,0.88,7.0
248.01199,21.4112,0.23081,24.65,110.0,,1.36,True,False,True,False,J163202.83+212446.8,,DESI J163202.88+212440.3,p,"FR-I,WAT",26.83,13.33,0.92,139.9,28.6,29,,maxBCG J163202.9+212440,0.2376,s,996.0,0.0,0.0,0.803,43.96,1.97,23.0
248.0644,9.54541,0.67472,26.28,225.0,,,True,False,True,False,J163215.64+093246.6,,DESI J163215.46+093243.5,p,"FR-I,WAT",95.86,48.73,0.89,111.0,14.8,31,,WH J163219.1+093340,0.8483,p,3007.0,78.0,615.0,0.57,25.83,1.17,9.0
248.29175,54.31139,0.35296,24.66,87.0,8.43,1.77,True,False,False,True,J163310.22+541846.2,,WISEA J163310.01+541840.9,s,"FR-I,NAT",10.46,5.31,0.89,73.2,6.4,17,-22.73,,,,,,,,,,
248.29529,36.12621,0.16477,24.32,96.0,8.33,1.18,False,True,True,False,J163311.23+360734.7,a,WISEA J163310.87+360734.3,s,"FR-II,WAT",26.5,13.27,0.91,169.1,90.0,33,-22.37,maxBCG J163310.9+360734,0.1661,s,709.0,0.0,0.0,0.789,30.42,1.38,26.0
248.34838,42.6811,0.51004,25.76,210.0,8.43,1.48,True,False,True,False,J163323.73+424049.8,,WISEA J163323.61+424051.9,s,"FR-I,WAT",65.43,44.89,0.49,150.7,30.5,33,-23.18,WH J163323.6+424052,0.51,s,1985.0,0.0,0.0,0.554,12.05,0.56,6.0
248.35116,60.96868,0.38451,25.37,222.0,,,False,True,True,False,J163324.39+605809.4,,DESI J163324.28+605807.3,p,"FR-II,WAT",45.63,24.96,0.79,169.0,98.4,41,,WH J163324.3+605807,0.4044,p,1620.0,0.0,0.0,0.494,11.51,0.54,6.0
248.37293,55.93811,,,,,,True,False,True,False,J163329.50+555617.2,,,,"FR-I,WAT",25.4,18.32,0.43,159.0,25.3,32,,,,,,,,,,,
248.44765,51.80609,0.33688,25.43,194.0,,1.37,False,True,True,False,J163347.48+514824.6,,DESI J163347.44+514821.9,p,"FR-II,WAT",73.44,43.26,0.69,115.6,14.3,39,,,,,,,,,,,
248.46302,17.18174,0.35134,25.13,210.0,,1.7,False,False,True,False,J163351.30+171051.8,"a,f",WISEA J163351.12+171054.2,s,"--,WAT",33.08,19.69,0.68,131.2,20.6,41,,GMBCG J163351.1+171054,0.3513,s,1428.0,0.0,0.0,0.805,44.83,2.0,17.0
248.50858,6.44417,0.23123,25.24,175.0,,,True,False,False,True,J163402.97+062629.2,"f,g",DESI J163402.06+062639.0,p,"FR-I,NAT",98.98,42.59,1.11,73.2,41.5,46,,WHY18 J163402.1+062639,0.2525,p,1054.0,0.0,0.0,0.967,74.06,3.26,22.0
248.51398,17.05142,0.4763,25.44,245.0,,1.98,False,True,True,False,J163403.32+170300.0,,WISEA J163403.35+170305.1,s,"FR-II,WAT",33.2,19.03,0.73,141.7,32.7,40,,WHL J163403.3+170305,0.4794,s,1882.0,0.0,0.0,0.884,70.55,3.11,42.0
248.51579,29.69269,0.79891,25.92,193.0,,2.0,False,True,True,False,J163403.54+294132.0,,DESI J163403.79+294133.7,p,"FR-II,WAT",31.82,18.99,0.68,144.0,37.6,25,,,,,,,,,,,
248.54776,46.3005,0.61148,25.4,271.0,,0.82,False,True,True,False,J163410.97+461800.4,,DESI J163411.46+461801.8,p,"FR-II,WAT",18.07,11.07,0.64,149.2,94.4,39,,,,,,,,,,,
248.54748,21.6637,0.70946,25.52,185.0,,2.27,False,True,True,False,J163411.72+213946.4,,DESI J163411.40+213949.3,p,"FR-II,WAT",17.76,11.6,0.56,119.4,24.1,25,,WH J163411.4+213949,0.6865,p,2544.0,0.0,0.0,0.437,14.9,0.69,7.0
248.60096,34.26207,0.49884,25.65,403.0,,1.91,True,False,True,False,J163423.71+341542.0,"g,j",SDSS J163424.23+341543.4,s,"FR-I,WAT",48.22,26.36,0.79,143.5,41.0,64,,AMF J163424.2+341543,0.4988,s,1947.0,0.0,0.0,0.742,42.32,1.9,19.0
248.61293,31.69515,0.28396,25.13,124.0,,1.52,False,False,True,False,J163426.88+314146.0,,WISEA J163427.10+314142.5,s,"--,WAT",50.21,24.92,0.92,104.8,14.8,28,,CFSFDP J163427.1+314143,0.2851,s,1180.0,0.0,0.0,0.644,25.03,1.14,8.0
248.78312,14.71042,0.28632,24.95,129.0,,1.58,False,False,False,True,J163508.45+144244.0,,DESI J163507.95+144237.5,p,"--,NAT",35.4,21.92,0.63,37.2,7.5,29,,WHL J163507.9+144237,0.2921,s,1206.0,0.0,0.0,1.007,81.11,3.56,35.0
248.80106,44.78078,0.8082,26.05,256.0,,0.59,False,False,True,False,J163512.43+444648.0,c,DESI J163512.25+444650.8,p,"--,WAT",48.83,36.46,0.38,147.2,20.0,33,,,,,,,,,,,
248.81667,50.67719,,,,,1.36,False,False,True,False,J163516.00+504037.9,,,,"--,WAT",27.04,18.33,0.51,166.2,170.8,63,,,,,,,,,,,
248.81294,43.1678,0.22576,24.87,127.0,,1.39,False,False,False,True,J163516.33+431004.3,f,WISEA J163515.10+431004.0,s,"--,NAT",45.52,21.34,0.99,61.7,15.6,34,,maxBCG J163515.1+431004,0.2278,s,957.0,0.0,0.0,0.893,55.53,2.47,33.0
248.82122,20.34684,0.14997,24.71,140.0,,1.25,True,False,True,False,J163516.80+202047.1,"a,f",WISEA J163517.09+202048.6,s,"FR-I,WAT",80.63,43.7,0.8,156.9,48.6,52,,maxBCG J163521.5+202153,0.1531,s,656.0,89.0,245.0,0.771,30.07,1.36,26.0
248.88289,54.11301,0.36434,25.21,220.0,,1.85,False,False,True,False,J163532.09+540649.6,,WISEA J163531.89+540646.8,s,"--,WAT",37.09,22.29,0.67,136.7,30.9,42,,CFSFDP J163545.7+540636,0.5117,s,1991.0,122.0,779.0,0.46,13.32,0.62,6.0
248.90177,32.78311,0.39196,25.11,192.0,,1.82,False,False,True,False,J163536.53+324654.5,,DESI J163536.43+324659.2,p,"--,WAT",21.32,9.01,1.13,112.2,18.4,35,,GMBCG J163536.8+324644,0.3666,s,1484.0,16.0,84.0,0.776,40.5,1.82,17.0
248.90682,7.69686,,,,,,False,False,True,False,J163537.29+074154.6,,DESI J163537.64+074148.7,,"--,WAT",28.61,15.59,0.8,115.9,34.1,48,,WH J163537.6+074149,0.1451,p,623.0,0.0,0.0,0.697,14.62,0.68,8.0
248.92419,56.67064,,,,,1.74,True,False,True,False,J163541.81+564014.3,,,,"FR-I,WAT",28.02,16.67,0.68,131.2,23.2,25,,,,,,,,,,,
249.0177,27.30808,0.13427,25.37,269.0,8.61,1.13,False,False,True,False,J163604.52+271839.0,,WISEA J163604.24+271829.0,s,"--,WAT",438.3,155.08,1.36,130.7,95.0,109,-23.15,maxBCG J163604.2+271829,0.135,s,581.0,0.0,0.0,0.798,32.35,1.46,28.0
249.07428,49.21761,0.13218,25.36,212.0,,1.11,True,False,False,True,J163617.38+491237.7,,DESI J163617.83+491303.4,p,"FR-I,NAT",395.65,77.15,2.14,38.1,136.8,87,,maxBCG J163617.8+491303,0.1298,s,559.0,0.0,0.0,0.805,38.99,1.75,18.0
249.09066,13.02152,0.85933,25.85,213.0,,0.99,False,False,True,False,J163621.61+130116.7,,DESI J163621.76+130117.5,p,"--,WAT",23.26,14.51,0.62,142.4,24.5,27,,,,,,,,,,,
249.15085,45.68386,0.25668,25.02,202.0,,1.56,False,False,True,False,J163635.90+454103.8,,WISEA J163636.20+454101.8,s,"--,WAT",46.27,18.79,1.18,160.1,45.5,49,,maxBCG J163636.2+454102,0.2819,p,1168.0,0.0,0.0,1.133,107.92,4.7,64.0
249.15598,41.12515,0.42737,25.19,138.0,,1.72,False,False,True,False,J163637.26+410733.4,,WISEA J163637.43+410730.5,s,"--,WAT",26.05,17.41,0.53,152.4,18.5,24,,WHL J163637.4+410730,0.4273,s,1701.0,0.0,0.0,0.72,39.0,1.75,10.0
249.18319,44.19791,0.63281,25.88,254.0,,1.94,False,True,True,False,J163644.46+441151.7,,WISEA J163643.96+441152.4,s,"FR-II,WAT",44.54,22.84,0.88,103.7,12.1,36,,WHL J163654.7+441027,0.3715,s,1502.0,144.0,764.0,0.696,30.74,1.39,17.0
249.31228,30.59731,0.56461,25.83,154.0,8.5,1.79,False,False,True,False,J163715.22+303551.4,,WISEA J163714.94+303550.3,s,"--,WAT",60.58,39.62,0.56,142.0,16.9,23,-23.09,,,,,,,,,,
249.50361,37.88327,0.16669,,345.0,,1.21,True,False,True,False,J163802.80+375253.8,j,DESI J163800.87+375259.8,p,"FR-I,WAT",654.21,,,95.2,128.2,117,,maxBCG J163800.9+375300,0.1641,s,701.0,0.0,0.0,0.921,51.17,2.28,41.0
249.56831,7.93089,0.32666,25.16,175.0,,1.69,False,True,True,False,J163816.80+075558.7,,DESI J163816.40+075551.2,p,"FR-II,WAT",41.42,24.0,0.72,112.2,26.5,36,,Y21 J163816.4+075551,0.3232,p,1324.0,0.0,0.0,0.528,15.66,0.72,7.0
249.59383,32.85327,0.1589,24.81,244.0,,1.21,False,False,True,False,J163822.36+325120.7,,SDSS J163822.51+325111.7,s,"--,WAT",89.18,45.51,0.88,152.7,101.1,86,,maxBCG J163822.5+325112,0.1589,s,680.0,0.0,0.0,0.834,38.98,1.75,33.0
249.60614,56.07341,0.98763,26.16,205.0,,,False,False,True,False,J163825.95+560423.1,,DESI J163825.47+560424.3,p,"--,WAT",35.32,22.38,0.6,165.6,17.3,25,,WH J163822.6+560245,0.8683,p,3061.0,102.0,810.0,0.542,17.28,0.8,6.0
249.66279,43.822,0.51672,25.99,275.0,,1.95,False,False,False,True,J163838.59+434921.5,,WISEA J163839.07+434919.2,s,"--,NAT",94.27,50.58,0.82,74.6,9.3,43,,WH21 J163839.1+434919,0.5167,s,2007.0,0.0,0.0,0.685,32.89,1.48,13.0
249.72195,38.68742,1.0725,27.12,292.0,,,False,True,True,False,J163853.36+384118.0,,DESI J163853.27+384114.7,p,"FR-II,WAT",189.57,83.95,1.07,139.7,22.6,35,,,,,,,,,,,
249.7387,56.80944,0.2664,24.72,106.0,,,True,False,True,False,J163857.08+564838.4,,DESI J163857.29+564834.0,p,"FR-I,WAT",24.2,14.47,0.67,154.8,17.4,25,,Y21 J163857.3+564834,0.2639,p,1098.0,0.0,0.0,0.62,22.79,1.04,10.0
249.75619,49.51595,0.31349,25.84,185.0,,0.59,False,True,False,True,J163902.52+493055.2,,DESI J163901.49+493057.4,p,"FR-II,NAT",198.43,90.53,1.03,88.3,14.1,39,,,,,,,,,,,
249.78548,54.4837,0.75388,25.66,159.0,,1.76,False,False,False,True,J163909.23+542901.8,,DESI J163908.51+542901.3,p,"--,NAT",19.61,11.58,0.69,78.0,6.2,21,,,,,,,,,,,
249.80056,17.18995,0.4714,25.51,158.0,8.42,1.93,False,False,True,False,J163912.37+171122.8,,WISEA J163912.13+171123.8,s,"--,WAT",31.81,11.21,1.37,120.0,119.8,26,-23.1,WHL J163912.1+171124,0.4714,s,1854.0,0.0,0.0,0.62,26.67,1.21,17.0
249.83379,29.84894,0.06507,24.6,118.0,,0.94,False,False,False,True,J163918.80+295135.5,,DESI J163920.11+295056.2,p,"--,NAT",338.23,76.12,1.96,42.9,,91,,AMF J163920.1+295056,0.0883,s,384.0,0.0,0.0,0.865,38.4,1.72,20.0
249.88596,53.77881,0.11005,25.35,262.0,,1.08,False,False,False,True,J163928.37+534646.0,"f,g",2MASX J16393265+5346437,s,"--,NAT",641.11,223.6,1.38,74.2,84.5,126,,AMF J163932.6+534644,0.11,s,476.0,0.0,0.0,0.927,52.74,2.35,29.0
249.88395,28.90777,,,,,,False,True,True,False,J163932.15+285428.0,,,,"FR-II,WAT",48.86,18.59,1.27,122.3,24.4,52,,,,,,,,,,,
249.95136,17.3845,0.20342,24.77,239.0,,1.28,False,False,True,False,J163949.10+172300.2,,DESI J163948.33+172304.2,p,"--,WAT",41.91,13.23,1.51,152.8,59.3,69,,WH J163949.4+172435,0.6221,s,2347.0,92.0,645.0,0.456,11.9,0.55,7.0
249.95741,24.72694,1.5866,27.36,234.0,,0.42,False,False,True,False,J163949.87+244336.1,,DESI J163949.76+244337.0,s,"--,WAT",181.62,109.04,0.67,131.0,9.7,27,,Y21 J163950.9+244223,0.9646,p,3312.0,76.0,621.0,0.522,15.82,0.73,8.0
249.96396,47.53363,0.61932,26.18,525.0,,0.41,False,True,True,False,J163950.59+473156.3,,DESI J163951.35+473201.1,p,"FR-II,WAT",95.74,51.6,0.81,164.5,88.7,75,,WH J163946.2+473122,0.7478,p,2725.0,65.0,491.0,0.485,18.43,0.85,8.0
249.96984,34.02807,0.44539,25.65,230.0,,1.74,False,True,True,False,J163953.07+340138.9,,WISEA J163952.76+340141.0,s,"FR-II,WAT",62.49,34.94,0.76,134.2,21.3,39,,WHL J163952.4+340331,0.4458,s,1766.0,110.0,651.0,0.885,67.23,2.97,31.0
249.99655,51.32525,0.65473,26.07,365.0,,0.29,False,True,True,False,J163958.88+511925.5,,DESI J163959.17+511930.9,p,"FR-II,WAT",58.53,26.79,1.03,141.1,33.8,51,,WHL J163952.6+512044,0.2191,p,923.0,96.0,352.0,0.55,9.76,0.5,5.0
250.04519,51.11975,0.78647,24.93,107.0,,1.8,True,False,False,True,J164011.43+510714.2,,DESI J164010.84+510711.1,p,"FR-I,NAT",5.17,5.49,-0.08,71.9,53.8,14,,,,,,,,,,,
250.05579,19.60564,0.77521,26.47,336.0,,0.09,False,True,True,False,J164013.69+193623.7,,WISEA J164013.38+193620.4,s,"FR-II,WAT",111.36,59.79,0.82,155.8,63.9,44,,WH J164012.3+193627,0.8143,p,2913.0,17.0,132.0,0.437,13.28,0.62,7.0
250.12238,32.0904,0.14016,25.26,156.0,8.74,1.04,True,False,False,True,J164029.09+320536.5,,DESI J164029.37+320525.5,s,"FR-I,NAT",340.96,211.77,0.62,39.1,13.9,61,-23.27,maxBCG J164029.4+320525,0.1402,s,602.0,0.0,0.0,0.777,32.75,1.48,17.0
250.15841,43.64116,,,,,1.69,False,True,True,False,J164038.02+433828.2,,,,"FR-II,WAT",28.56,16.54,0.72,143.3,36.6,28,,,,,,,,,,,
250.17381,56.55828,0.84165,25.96,220.0,,,False,False,True,False,J164041.76+563333.2,,DESI J164041.71+563329.8,p,"--,WAT",24.5,11.03,1.05,147.5,19.0,28,,WH J164053.1+563517,0.7826,p,2824.0,142.0,1091.0,0.551,26.71,1.21,11.0
250.1902,46.56706,0.9234,25.81,218.0,,0.47,False,False,True,False,J164045.30+463358.5,,DESI J164045.65+463401.4,p,"--,WAT",17.16,10.02,0.71,125.5,7.9,27,,,,,,,,,,,
250.19118,46.22432,0.00794,22.25,7.0,,-0.34,True,False,True,False,J164045.87+461319.5,,DESI J164045.88+461327.6,p,"FR-I,WAT",118.22,62.62,0.83,127.8,54.3,43,,,,,,,,,,,
250.2246,32.79125,0.13608,24.53,107.0,8.35,1.1,True,False,False,True,J164053.70+324715.4,"a,f,h,j",2MASS J16405390+3247284,s,"FR-I,NAT",64.09,30.52,0.97,50.0,13.8,43,-22.95,maxBCG J164055.7+324907,0.1361,s,586.0,101.0,252.0,0.973,61.17,2.71,40.0
250.23833,15.40185,,,,,,False,False,True,False,J164057.20+152406.7,,,,"--,WAT",21.97,19.4,0.16,158.7,31.2,24,,,,,,,,,,,
250.28689,10.07928,0.34018,25.94,270.0,,,True,False,True,False,J164109.35+100437.6,f,DESI J164108.85+100445.4,p,"FR-I,WAT",207.96,94.87,1.03,118.5,36.2,54,,AMF J164116.4+100342,0.4286,p,1706.0,128.0,741.0,0.703,34.02,1.53,22.0
250.33114,38.04728,,,,,,False,True,True,False,J164119.47+380250.2,,,,"FR-II,WAT",362.9,80.31,1.98,168.7,123.0,74,,,,,,,,,,,
250.43465,43.68304,0.22669,24.67,214.0,8.47,1.45,False,False,True,False,J164144.67+434104.7,,WISEA J164144.31+434058.9,s,"--,WAT",31.46,20.29,0.58,148.3,80.3,57,-22.68,GMBCG J250.43473+43.68298,0.29,p,1198.0,0.0,0.0,,,,
250.59495,45.01785,0.18624,24.45,145.0,,1.23,True,False,True,False,J164222.85+450108.9,,WISEA J164222.78+450104.2,s,"FR-I,WAT",27.0,12.89,0.97,165.0,103.8,45,,,,,,,,,,,
250.71376,18.93559,0.47471,25.15,147.0,,1.38,True,False,True,False,J164251.19+185611.0,,DESI J164251.30+185608.1,p,"FR-I,WAT",17.22,9.87,0.73,154.5,26.5,24,,,,,,,,,,,
250.83146,13.35016,0.18323,25.09,127.0,8.54,1.28,False,False,True,False,J164319.49+132111.2,,WISEA J164319.55+132100.5,s,"--,WAT",109.69,34.52,1.52,130.3,44.2,40,-22.92,GMBCG J164322.2+132045,0.2645,p,1100.0,42.0,177.0,0.566,10.38,0.48,11.0
250.87538,14.10402,0.17915,24.71,87.0,8.9,1.28,True,False,False,True,J164329.98+140624.2,,WISEA J164330.09+140614.4,s,"FR-I,NAT",56.72,35.14,0.63,52.6,165.3,28,-22.7,AMF J164326.6+140801,0.1807,s,768.0,118.0,372.0,1.076,91.67,4.01,61.0
250.87549,35.46541,,,,,,False,False,True,False,J164330.12+352755.5,,,,"--,WAT",11.05,6.21,0.76,156.1,20.9,24,,,,,,,,,,,
251.04669,49.13097,0.84671,26.34,425.0,,1.07,False,True,True,False,J164411.15+490749.2,,DESI J164411.21+490751.5,p,"FR-II,WAT",67.53,36.76,0.8,149.1,171.6,54,,WH J164417.5+491017,0.8808,p,3094.0,158.0,1260.0,0.523,26.08,1.19,8.0
251.06351,26.14239,2.80354,27.12,297.0,,1.79,False,True,True,False,J164415.42+260835.6,,DESI J164415.24+260832.6,p,"FR-II,WAT",43.66,32.59,0.38,114.6,11.5,37,,,,,,,,,,,
251.22396,10.52563,0.54841,25.58,257.0,,1.95,False,False,True,False,J164453.71+103131.8,,DESI J164453.75+103132.3,p,"--,WAT",31.38,16.01,0.88,163.4,66.7,39,,AMF J164453.8+103132,0.5358,p,2070.0,0.0,0.0,0.867,74.11,3.26,38.0
251.22572,30.93669,1.50961,26.79,286.0,,0.5,False,False,True,False,J164454.02+305616.6,,DESI J164454.17+305612.1,p,"--,WAT",52.83,30.77,0.71,120.6,19.5,33,,,,,,,,,,,
251.25412,10.77642,0.41554,25.06,142.0,,1.96,False,True,False,True,J164500.91+104640.2,,DESI J164500.99+104635.1,p,"FR-II,NAT",22.14,17.84,0.28,81.2,9.2,25,,WHL J164501.0+104635,0.4266,p,1699.0,0.0,0.0,0.64,22.46,1.23,10.0
251.3313,31.96127,0.43789,25.41,134.0,8.54,1.87,False,False,True,False,J164519.88+315740.1,,SDSS J164519.51+315740.5,s,"--,WAT",34.17,16.08,0.99,111.9,44.1,23,-23.24,WHL J164519.5+315741,0.4379,s,1738.0,0.0,0.0,0.83,48.67,2.17,25.0
251.34401,58.71484,,,,,,False,True,True,False,J164522.56+584253.4,f,,,"FR-II,WAT",58.56,26.11,1.06,143.5,20.9,37,,,,,,,,,,,
251.36533,27.33497,0.10182,24.56,225.0,8.66,,False,False,True,False,J164527.49+272012.4,d,DESI J164527.68+272005.8,s,"--,WAT",126.87,53.93,1.12,154.2,921.4,116,-23.08,maxBCG J164527.7+272006,0.1018,s,442.0,0.0,0.0,0.874,44.29,1.98,21.0
251.50959,53.01322,0.34185,25.31,226.0,,1.84,False,True,True,False,J164602.17+530053.0,a,WISEA J164602.30+530047.5,s,"FR-II,WAT",45.16,17.67,1.23,152.0,45.7,45,,WHL J164602.4+530048,0.3418,s,1393.0,1.0,5.0,0.692,26.96,1.22,16.0
251.5796,55.83307,0.27501,24.82,138.0,,,False,False,True,False,J164619.22+554957.8,,DESI J164619.10+554959.0,p,"--,WAT",26.76,13.54,0.89,161.8,79.3,32,,WHY18 J164621.9+554952,0.275,p,1141.0,25.0,108.0,0.667,25.96,1.18,16.0
251.61481,23.9653,1.00984,26.42,256.0,,,False,True,True,False,J164627.79+235754.8,,DESI J164627.55+235755.1,p,"FR-II,WAT",54.83,30.72,0.76,161.5,40.0,31,,,,,,,,,,,
251.77193,51.90306,0.29314,25.55,304.0,8.76,1.61,False,True,True,False,J164705.09+515410.0,,WISEA J164705.26+515411.0,s,"FR-II,WAT",129.92,76.81,0.69,166.6,477.5,67,-23.69,AMF J164705.2+515411,0.2931,s,1210.0,1.0,5.0,0.706,31.33,1.42,15.0
251.83484,26.45392,1.12828,26.66,236.0,,0.37,True,False,True,False,J164720.26+262718.9,,DESI J164720.36+262714.1,p,"FR-I,WAT",91.14,63.79,0.47,122.2,14.8,28,,,,,,,,,,,
251.86199,29.16377,0.13304,25.37,169.0,,0.92,False,False,True,False,J164725.08+291002.6,,DESI J164726.88+290949.6,s,"--,WAT",451.92,181.88,1.19,166.8,27.1,69,,,,,,,,,,,
251.95376,22.38033,,,,,,True,False,True,False,J164748.90+222249.2,,,,"FR-I,WAT",22.25,9.04,1.18,165.8,21.3,18,,,,,,,,,,,
252.11275,51.30448,0.28776,24.75,116.0,8.33,1.61,False,False,True,False,J164827.00+511821.4,a,WISEA J164827.05+511816.1,s,"--,WAT",23.92,18.61,0.33,91.7,15.9,26,-22.7,WHL J164827.1+511816,0.2915,s,1204.0,0.0,0.0,0.717,34.62,1.56,23.0
252.16631,32.22999,0.41343,25.58,204.0,8.19,1.77,False,True,True,False,J164840.22+321351.8,,WISEA J164839.91+321347.9,s,"FR-II,WAT",61.84,33.32,0.81,94.2,14.6,36,-22.6,,,,,,,,,,
252.18784,25.68878,0.11462,24.65,69.0,,,True,False,True,False,J164844.94+254123.0,,WISEA J164845.08+254119.6,s,"FR-I,WAT",116.23,37.06,1.5,142.3,28.2,32,,maxBCG J164845.1+254120,0.1146,s,496.0,0.0,0.0,0.547,13.28,0.62,12.0
252.20986,62.08411,0.46856,25.67,207.0,,,False,False,True,False,J164850.43+620500.6,,DESI J164850.37+620502.8,p,"--,WAT",59.86,34.62,0.72,168.4,76.7,34,,Y21 J164850.4+620654,0.4672,p,1840.0,111.0,675.0,0.548,13.56,0.63,8.0
252.23642,16.91941,0.61589,25.1,139.0,,2.0,False,True,True,False,J164856.75+165508.5,,DESI J164856.74+165509.9,p,"FR-II,WAT",10.81,9.1,0.23,153.3,37.8,20,,Y21 J164854.6+165802,0.6003,s,2279.0,175.0,1208.0,0.574,20.4,0.93,14.0
252.31535,13.12299,0.39166,25.39,191.0,,1.77,False,True,True,False,J164915.22+130717.9,,DESI J164915.68+130722.8,p,"FR-II,WAT",46.26,25.89,0.76,117.7,15.0,35,,AMF J164915.7+130723,0.4053,p,1624.0,0.0,0.0,0.714,34.58,1.56,22.0
252.33144,28.90522,0.6868,25.23,138.0,,2.03,False,False,True,False,J164919.55+285418.4,,DESI J164919.55+285418.8,p,"--,WAT",9.76,6.35,0.56,168.4,30.5,19,,Y21 J164919.5+285419,0.6994,p,2583.0,0.0,0.0,0.768,56.85,2.52,29.0
252.35322,28.80844,0.67916,25.56,211.0,9.17,2.01,False,False,True,False,J164925.09+284827.2,,WISEA J164924.77+284830.3,s,"--,WAT",20.47,12.76,0.62,156.0,34.2,29,-23.5,WH J164924.8+284830,0.6792,s,2522.0,0.0,0.0,0.534,26.06,1.18,8.0
252.37695,14.88994,0.25135,24.64,178.0,,1.54,False,False,True,False,J164930.28+145318.7,,DESI J164930.47+145323.8,p,"--,WAT",22.17,12.49,0.75,154.8,49.4,44,,WHL J164930.5+145324,0.2678,p,1113.0,0.0,0.0,0.764,38.47,1.73,23.0
252.38706,48.81861,0.80253,25.86,193.0,,0.56,False,True,True,False,J164932.82+484911.7,,DESI J164932.89+484907.0,p,"FR-II,WAT",23.8,12.04,0.89,148.9,233.6,25,,,,,,,,,,,
252.41568,46.96571,0.31466,24.81,185.0,8.36,1.66,False,False,True,False,J164940.10+465751.1,,WISEA J164939.76+465756.5,s,"--,WAT",20.1,11.55,0.73,140.6,28.1,39,-22.72,CFSFDP J164939.7+465756,0.3146,s,1292.0,0.0,0.0,0.52,16.09,0.74,12.0
252.46757,31.13852,,,,,,False,True,True,False,J164952.22+310818.7,c,,,"FR-II,WAT",124.6,60.4,0.95,129.1,15.5,36,,,,,,,,,,,
252.51912,27.45225,0.52003,25.45,180.0,8.66,1.94,False,False,True,False,J165005.03+272711.3,,WISEA J165004.58+272708.1,s,"--,WAT",27.51,15.45,0.76,162.9,42.0,28,-22.74,,,,,,,,,,
252.53703,52.54262,0.0693,23.88,65.0,,1.06,False,False,True,False,J165008.24+523236.5,,DESI J165008.89+523233.4,p,"--,WAT",56.35,12.24,2.0,157.7,151.6,48,,AMF J165012.0+523107,0.6291,s,2369.0,91.0,642.0,0.643,34.11,1.54,15.0
252.53211,32.03582,0.29607,25.03,164.0,,,False,False,True,False,J165008.26+320214.9,"a,f",WISEA J165007.70+320208.9,s,"--,WAT",37.85,21.6,0.74,95.0,13.3,36,,WHL J165013.2+320250,0.2961,s,1222.0,81.0,370.0,0.842,48.57,2.17,26.0
252.55597,53.4062,0.39364,25.34,187.0,,,False,False,True,False,J165013.44+532419.2,,DESI J165013.43+532422.3,p,"--,WAT",44.58,31.32,0.46,132.4,21.7,34,,Y21 J165013.4+532422,0.3846,p,1549.0,0.0,0.0,0.634,26.7,1.21,7.0
252.82402,50.79195,0.44654,25.19,260.0,,1.92,False,True,True,False,J165117.78+504736.5,,DESI J165117.76+504731.0,p,"FR-II,WAT",19.33,8.52,1.07,140.0,,44,,WH J165117.8+504731,0.4614,p,1820.0,0.0,0.0,0.709,38.39,1.72,9.0
252.82255,28.26693,0.26953,25.17,128.0,,0.46,False,True,True,False,J165118.06+281604.7,,DESI J165117.41+281601.0,p,"FR-II,WAT",71.62,53.75,0.38,120.9,263.1,30,,Y21 J165114.2+281707,0.6908,p,2557.0,78.0,572.0,0.624,35.47,1.6,19.0
252.85295,35.00765,0.36212,25.85,235.0,,1.66,False,True,True,False,J165125.02+350040.1,f,WISEA J165124.70+350027.5,s,"FR-II,WAT",157.08,84.91,0.81,142.3,28.7,45,,GMBCG J165124.6+350049,0.3633,s,1472.0,22.0,115.0,0.709,34.04,1.53,10.0
252.9708,52.5454,0.90952,26.48,273.0,,1.32,False,True,True,False,J165153.61+523247.2,,DESI J165152.99+523243.4,p,"FR-II,WAT",70.62,34.18,0.95,169.5,14.4,34,,,,,,,,,,,
253.02287,30.92168,0.80695,26.34,271.0,,1.11,False,False,False,True,J165204.98+305523.6,"f,j",DESI J165205.49+305518.0,p,"--,NAT",70.79,35.81,0.89,69.4,12.9,35,,,,,,,,,,,
253.02429,36.16342,0.96327,26.03,245.0,,,False,True,True,False,J165205.78+360946.9,,DESI J165205.83+360948.3,p,"FR-II,WAT",14.57,4.47,1.55,167.4,32.2,30,,,,,,,,,,,
253.03982,32.76675,0.9246,26.08,258.0,,0.41,False,True,True,False,J165209.47+324601.3,,SDSS J165209.55+324600.3,s,"FR-II,WAT",32.41,19.06,0.7,166.5,27.1,32,,,,,,,,,,,
253.19138,60.12065,0.64218,25.5,298.0,,,False,True,True,False,J165245.74+600713.1,,DESI J165245.93+600714.3,p,"FR-II,WAT",18.85,10.43,0.78,157.4,26.9,42,,Y21 J165245.9+600714,0.6669,p,2485.0,0.0,0.0,0.72,47.39,2.12,12.0
253.27063,40.11743,0.14828,24.87,83.0,,1.16,True,False,True,False,J165304.80+400701.8,,DESI J165304.99+400702.6,s,"FR-I,WAT",115.12,49.14,1.12,164.3,27.0,31,,WHL J165301.0+400700,0.4068,s,1629.0,45.0,253.0,0.62,19.46,0.89,9.0
253.30216,32.90736,0.16814,24.62,77.0,,1.22,False,True,False,True,J165312.30+325431.8,,WISEA J165312.51+325426.4,s,"FR-II,NAT",51.83,30.87,0.68,89.0,12.4,26,,AMF J165312.5+325426,0.1681,s,717.0,0.0,0.0,0.584,12.01,0.56,13.0
253.33538,43.75247,0.34481,24.81,121.0,,1.76,False,False,True,False,J165320.07+434510.5,,DESI J165320.49+434508.9,p,"--,WAT",16.39,9.37,0.73,145.7,31.9,24,,,,,,,,,,,
253.4055,31.25775,0.6523,26.68,415.0,,0.91,True,False,True,False,J165337.44+311528.9,,DESI J165337.31+311527.6,s,"FR-I,WAT",213.99,81.45,1.27,130.4,23.2,58,-23.18,Y21 J165335.2+311457,0.7427,p,2710.0,42.0,317.0,0.644,32.84,1.48,18.0
253.48811,58.04113,0.40626,24.62,100.0,,,True,False,True,False,J165357.45+580232.3,,DESI J165357.15+580228.1,p,"FR-I,WAT",7.97,5.44,0.5,105.6,11.3,18,,WH J165357.1+580228,0.4063,p,1627.0,0.0,0.0,0.558,17.51,0.81,8.0
253.49899,21.10293,0.75873,25.31,250.0,,1.0,False,False,True,False,J165400.06+210611.4,,DESI J165359.76+210610.6,p,"--,WAT",11.57,10.11,0.18,170.0,38.3,33,,,,,,,,,,,
253.59346,48.14612,0.1512,25.42,319.0,8.75,1.14,True,False,True,False,J165423.85+480838.8,,WISEA J165422.43+480846.0,s,"FR-I,WAT",387.57,161.23,1.15,142.0,77.6,117,-23.6,AMF J165422.4+480846,0.1519,s,651.0,0.0,0.0,0.887,50.35,2.24,29.0
253.61684,21.59134,0.74496,26.04,301.0,,1.97,False,False,True,False,J165427.94+213540.7,,DESI J165428.04+213528.8,p,"--,WAT",28.3,7.9,1.67,145.9,81.8,40,,CFSFDP J165427.8+213500,0.7441,p,2714.0,29.0,219.0,0.381,11.95,0.56,9.0
253.73374,29.83479,,,,,,False,True,True,False,J165456.10+295005.3,,,,"FR-II,WAT",33.23,17.13,0.87,165.8,95.2,29,,,,,,,,,,,
253.73412,22.63922,0.18121,25.24,189.0,,,False,True,True,False,J165456.62+223822.8,,2MASX J16545619+2238208,s,"FR-II,WAT",175.55,79.71,1.04,165.6,,60,,maxBCG J165456.2+223821,0.1897,s,805.0,0.0,0.0,1.068,88.72,3.89,61.0
253.78455,22.76659,0.68802,25.76,278.0,,2.18,False,True,True,False,J165508.52+224605.7,,DESI J165508.29+224559.7,p,"FR-II,WAT",32.59,21.15,0.57,134.6,32.5,38,,,,,,,,,,,
253.80977,22.21251,0.1912,24.55,66.0,,1.29,False,True,False,True,J165514.59+221250.5,a,DESI J165514.34+221245.0,p,"FR-II,NAT",33.45,19.12,0.73,58.1,12.5,20,,maxBCG J165514.5+221301,0.1987,s,841.0,16.0,54.0,0.749,30.22,1.37,25.0
253.82733,52.29107,0.31562,25.31,143.0,,,False,False,True,False,J165519.20+521726.5,,DESI J165518.56+521727.9,p,"--,WAT",62.13,33.79,0.8,118.7,13.4,30,,Y21 J165518.6+521728,0.2974,p,1227.0,0.0,0.0,0.852,44.27,1.98,29.0
253.86579,43.82196,0.34538,25.61,228.0,,1.85,False,False,True,False,J165528.09+434920.8,,DESI J165527.79+434919.0,s,"--,WAT",101.67,57.06,0.76,165.2,173.4,45,,WHL J165527.8+434919,0.3454,s,1406.0,0.0,0.0,0.542,13.24,0.61,9.0
253.89518,48.6278,0.42045,25.51,291.0,,1.94,False,True,True,False,J165534.78+483741.2,,DESI J165534.84+483740.1,p,"FR-II,WAT",50.84,27.62,0.8,153.9,41.4,51,,AMF J165530.5+484013,0.4657,p,1835.0,159.0,965.0,0.61,19.51,0.89,11.0
253.93265,34.76735,,,,,,False,False,True,False,J165543.84+344602.5,,,,"--,WAT",19.51,10.17,0.85,162.2,42.5,31,,,,,,,,,,,
253.95424,37.9899,0.06267,23.9,63.0,8.31,0.96,True,False,False,True,J165548.46+375914.8,,WISEA J165549.01+375923.6,s,"FR-I,NAT",71.57,12.62,2.28,43.7,13.9,51,-21.89,SDSS-C4-DR3 3506,0.064,s,280.0,0.0,0.0,,,,
253.97038,60.39617,,,,,,False,True,True,False,J165552.89+602346.2,,,,"FR-II,WAT",19.52,11.62,0.68,164.9,30.7,32,,,,,,,,,,,
253.98896,44.5643,1.33485,26.43,310.0,,0.78,False,True,True,False,J165557.61+443348.7,,SDSS J165557.35+443351.4,s,"FR-II,WAT",28.04,15.0,0.82,166.5,41.7,36,,,,,,,,,,,
254.02294,24.91188,0.26426,24.96,290.0,,1.52,False,True,True,False,J165605.82+245440.2,,WISEA J165605.50+245442.7,s,"FR-II,WAT",39.89,19.25,0.96,157.9,87.3,69,,CFSFDP J165605.5+245443,0.2643,s,1100.0,0.0,0.0,0.603,16.24,0.75,9.0
254.0771,43.8659,0.33678,25.75,418.0,,1.75,False,False,True,False,J165619.99+435148.8,,WISEA J165618.50+435157.2,s,"--,WAT",136.48,59.01,1.1,119.5,50.0,84,,WHL J165618.5+435157,0.3368,s,1374.0,0.0,0.0,0.841,53.46,2.38,36.0
254.1527,44.40531,0.75841,25.18,235.0,10.66,2.29,False,False,True,False,J165636.42+442422.6,,SDSS J165636.64+442419.1,s,"--,WAT",9.57,9.69,-0.02,144.5,20.7,31,-21.95,CLuMPR J165636.7+442419,0.7584,s,2756.0,0.0,0.0,0.389,11.9,0.55,7.0
254.16722,63.28461,0.00839,21.95,5.0,,0.61,False,False,True,False,J165639.55+631658.6,,DESI J165640.13+631704.6,p,"--,WAT",53.07,27.47,0.86,96.5,13.4,33,,WHL J165640.6+631736,0.3846,s,1549.0,32.0,174.0,0.776,44.25,1.98,31.0
254.17176,37.16611,,,,,0.76,False,True,True,False,J165641.22+370958.0,,,,"FR-II,WAT",30.31,14.59,0.96,151.0,47.2,44,,,,,,,,,,,
254.18601,56.67465,,,,,,False,True,True,False,J165644.64+564028.7,,,,"FR-II,WAT",10.51,6.69,0.59,153.4,36.7,43,,,,,,,,,,,
254.23991,14.50417,,,,,,False,False,True,False,J165657.58+143015.0,,,,"--,WAT",36.78,13.68,1.3,155.7,65.0,35,,,,,,,,,,,
254.33417,22.81329,1.14314,26.82,338.0,,0.57,False,False,True,False,J165720.63+224850.3,,DESI J165720.20+224847.8,p,"--,WAT",77.24,32.57,1.13,151.1,23.6,40,,,,,,,,,,,
254.37957,21.73157,0.63835,26.0,418.0,,1.25,False,True,True,False,J165731.32+214401.0,,DESI J165731.10+214353.7,p,"FR-II,WAT",54.53,25.98,0.97,146.2,56.4,59,,,,,,,,,,,
254.38861,43.32689,0.23355,25.29,304.0,,1.37,False,False,True,False,J165731.77+431933.3,"f,j",DESI J165733.27+431936.8,p,"--,WAT",106.1,41.16,1.24,104.5,35.3,79,,WHL J165731.9+431955,0.2071,s,875.0,24.0,84.0,0.661,24.13,1.1,16.0
254.41262,60.63854,,,,,,False,True,True,False,J165739.03+603818.8,,,,"FR-II,WAT",3.94,4.31,-0.12,159.6,43.6,21,,,,,,,,,,,
254.4509,16.39591,,,,,,False,False,True,False,J165748.22+162345.3,,,,"--,WAT",35.04,14.86,1.13,136.5,15.5,29,,,,,,,,,,,
254.44966,27.76921,0.2674,24.63,144.0,,1.58,False,True,True,False,J165748.35+274614.5,f,WISEA J165747.91+274609.1,s,"FR-II,WAT",20.47,14.28,0.47,116.1,32.5,34,,AMF J165747.9+274609,0.2679,s,1114.0,1.0,4.0,0.736,37.37,1.68,15.0
254.50819,58.13339,0.84039,26.34,298.0,,,False,True,True,False,J165801.77+580759.0,,DESI J165801.97+580800.2,p,"FR-II,WAT",67.32,36.23,0.81,166.4,128.2,38,,,,,,,,,,,
254.71042,45.7361,0.45243,25.01,113.0,8.94,1.92,True,False,True,False,J165850.30+454408.3,,WISEA J165850.49+454409.9,s,"FR-I,WAT",12.76,6.05,0.98,124.3,8.0,19,-23.06,WHL J165850.5+454410,0.4524,s,1789.0,0.0,0.0,0.676,25.55,1.16,13.0
254.75787,50.59745,0.15573,25.19,243.0,,,False,False,True,False,J165901.71+503551.3,,DESI J165901.89+503550.8,p,"--,WAT",200.04,59.59,1.59,136.1,40.3,87,,,,,,,,,,,
254.84283,27.14665,0.37323,25.63,351.0,,1.75,False,True,True,False,J165922.85+270859.7,,DESI J165922.28+270847.9,p,"FR-II,WAT",85.66,42.13,0.93,140.0,83.7,66,,WHL J165923.4+270924,0.6223,s,2348.0,39.0,274.0,0.687,39.43,1.77,14.0
254.90398,29.92137,0.48636,25.9,205.0,,1.49,False,True,False,True,J165937.02+295513.7,f,DESI J165936.96+295516.9,p,"FR-II,NAT",77.23,31.66,1.17,89.4,8.3,33,,,,,,,,,,,
254.90619,38.16629,0.4356,25.5,210.0,,1.9,False,False,True,False,J165937.71+381002.7,,WISEA J165937.48+380958.6,s,"--,WAT",47.26,26.96,0.74,121.8,22.5,36,,WHL J165937.5+380959,0.4354,s,1730.0,0.0,0.0,0.736,35.63,1.6,24.0
254.91387,61.95682,0.23832,24.89,183.0,,1.48,True,False,True,False,J165938.49+615732.9,,DESI J165939.33+615724.5,p,"FR-I,WAT",37.03,10.74,1.62,164.6,,47,,WHL J165939.3+615725,0.2383,p,998.0,0.0,0.0,0.717,26.31,1.2,14.0
254.91342,15.91115,,,,,1.41,False,True,True,False,J165939.22+155440.1,,,,"FR-II,WAT",66.69,32.84,0.93,138.1,34.8,46,,,,,,,,,,,
255.00419,55.58113,,,,,,False,True,True,False,J170001.01+553452.1,,,,"FR-II,WAT",15.16,9.32,0.64,153.5,19.3,31,,,,,,,,,,,
255.00971,53.065,,,,,,False,False,True,False,J170002.33+530354.0,,,,"--,WAT",19.16,14.42,0.37,128.7,20.2,23,,,,,,,,,,,
255.03635,48.68187,0.28019,24.85,145.0,8.85,1.55,True,False,True,False,J170008.66+484059.4,,WISEA J170008.72+484054.7,s,"FR-I,WAT",30.06,20.34,0.51,134.0,23.1,33,-23.36,WHL J170008.7+484054,0.2802,s,1161.0,0.0,0.0,0.906,59.76,2.65,28.0
255.15564,56.74258,,,,,,False,True,True,False,J170037.35+564433.3,,,,"FR-II,WAT",70.47,30.24,1.11,139.8,31.7,41,,,,,,,,,,,
255.2723,36.16657,,,,,1.76,False,False,True,False,J170105.35+360959.7,c,,,"--,WAT",22.98,9.71,1.13,134.3,12.6,23,,,,,,,,,,,
255.3117,31.84624,0.3078,24.97,178.0,8.6,1.6,False,True,True,False,J170114.94+315043.0,,WISEA J170114.80+315046.4,s,"FR-II,WAT",29.56,15.11,0.88,154.8,39.5,38,-23.26,WHL J170114.8+315046,0.3078,s,1266.0,1.0,5.0,0.651,24.79,1.13,15.0
255.3602,50.74035,,,,,,True,False,True,False,J170126.45+504425.3,,,,"FR-I,WAT",122.14,54.46,1.06,155.0,43.9,37,,,,,,,,,,,
255.36429,25.72653,0.72918,26.25,292.0,,1.64,True,False,True,False,J170127.45+254340.4,,DESI J170127.43+254335.5,p,"FR-I,WAT",82.3,48.5,0.69,151.4,56.4,39,,,,,,,,,,,
255.3938,35.01885,0.44809,26.28,344.0,8.96,1.78,False,True,True,False,J170134.66+350105.9,,DESI J170134.49+350107.7,s,"FR-II,WAT",271.42,157.81,0.71,152.0,37.7,58,-23.12,WHL J170134.5+350108,0.448,s,1774.0,0.0,0.0,0.58,20.02,1.085,10.0
255.47122,35.05093,0.10515,23.93,61.0,8.48,1.07,True,False,True,False,J170152.80+350307.2,,WISEA J170153.09+350303.3,s,"FR-I,WAT",28.08,13.41,0.97,122.5,23.2,31,-22.54,WHL J170146.2+350241,0.1065,s,462.0,87.0,176.0,0.754,30.33,1.37,27.0
255.53964,33.37935,0.42808,25.23,248.0,,1.67,False,True,True,False,J170209.78+332300.6,,DESI J170209.51+332245.7,p,"FR-II,WAT",27.79,17.83,0.58,154.1,20.9,43,,WHY18 J170216.8+332045,0.1784,s,759.0,151.0,472.0,0.648,21.26,0.97,12.0
255.60599,61.14907,0.59664,25.41,185.0,,1.97,False,True,False,True,J170226.42+610903.4,,DESI J170225.44+610856.6,p,"FR-II,NAT",19.74,12.41,0.61,70.1,10.1,27,,Y21 J170225.4+610857,0.5943,p,2260.0,0.0,0.0,0.548,24.87,1.13,6.0
255.72453,46.60616,,,,,,False,False,True,False,J170253.89+463622.2,,,,"--,WAT",15.44,7.96,0.87,133.8,10.2,21,,,,,,,,,,,
255.76863,32.47996,0.30858,25.39,192.0,8.28,1.57,True,False,True,False,J170304.77+322852.8,,WISEA J170304.47+322847.8,s,"FR-I,WAT",77.29,41.18,0.83,123.7,43.9,41,-23.02,WHL J170304.5+322847,0.3086,s,1269.0,0.0,0.0,0.688,30.94,1.4,23.0
255.81335,45.09822,0.38576,24.87,124.0,,1.88,True,False,True,False,J170315.23+450558.7,,WISEA J170315.20+450553.5,s,"FR-I,WAT",15.48,10.2,0.55,100.6,13.7,23,,AMF J170315.2+450553,0.3858,s,1554.0,1.0,5.0,0.616,15.87,0.73,8.0
255.81319,48.55972,0.54071,25.39,249.0,,1.97,False,True,True,False,J170315.71+483334.7,,DESI J170315.17+483335.0,p,"FR-II,WAT",22.61,13.11,0.72,132.8,24.7,38,,Y21 J170315.2+483335,0.5515,p,2122.0,0.0,0.0,0.734,46.24,2.07,15.0
255.89289,41.66995,0.14219,25.07,106.0,,1.15,False,False,False,True,J170333.81+413958.0,"f,j",WISEA J170334.29+414011.8,s,"--,NAT",177.49,39.98,1.96,79.0,14.4,41,,WHL J170334.3+414012,0.1422,s,611.0,0.0,0.0,0.643,23.8,1.08,17.0
255.89584,39.29324,0.52344,25.8,161.0,,0.19,False,True,True,False,J170335.15+391739.2,,WISEA J170335.00+391735.6,s,"FR-II,WAT",59.08,30.84,0.85,135.4,13.8,25,,CFSFDP J170333.9+391803,0.7829,p,2825.0,30.0,230.0,0.48,13.73,0.64,6.0
256.10465,33.52941,0.28973,25.14,256.0,,0.26,False,True,True,False,J170425.45+333142.7,,WISEA J170425.11+333145.8,s,"FR-II,WAT",54.96,37.0,0.52,156.0,36.7,57,-22.3,,,,,,,,,,
256.12727,59.2176,0.5584,26.04,260.0,,1.47,True,False,True,False,J170430.83+591310.1,,DESI J170430.55+591303.3,p,"FR-I,WAT",79.29,35.13,1.07,124.0,63.5,39,,WH J170428.8+591532,0.8159,p,2918.0,149.0,1161.0,0.436,15.69,0.72,7.0
256.16249,33.33921,0.70672,25.77,303.0,,1.93,False,True,True,False,J170438.78+332021.2,,DESI J170439.00+332021.2,p,"FR-II,WAT",19.92,6.69,1.43,165.6,,41,,,,,,,,,,,
256.16916,50.64882,0.94842,25.56,244.0,,,True,False,True,False,J170440.63+503903.1,,DESI J170440.60+503855.7,p,"FR-I,WAT",14.51,14.25,0.02,126.4,22.8,30,,Y21 J170448.0+503702,0.1207,p,521.0,134.0,302.0,0.563,16.81,0.77,12.0
256.17243,60.74181,0.37152,27.19,408.0,,0.33,False,True,True,False,J170441.61+604434.6,,SDSS J170441.38+604430.5,s,"FR-II,WAT",3194.61,1682.85,0.84,150.3,131.5,77,,MSPM 06181,0.0971,p,422.0,164.0,306.0,,,,
256.21501,40.34299,,,,,,False,True,True,False,J170451.60+402034.7,,,,"FR-II,WAT",10.49,6.74,0.58,143.3,11.9,20,,,,,,,,,,,
256.21358,24.87598,0.07718,23.8,56.0,,0.64,True,False,False,True,J170451.95+245235.6,"f,j",DESI J170451.26+245233.5,p,"FR-I,NAT",41.28,23.71,0.73,76.0,12.2,37,,maxBCG J170448.5+245307,0.3034,s,1249.0,50.0,232.0,0.695,28.79,1.3,22.0
256.2291,44.54142,0.404,24.97,111.0,,1.88,False,True,False,True,J170455.62+443225.9,,WHL J170455.0+443229 BCG,s,"FR-II,NAT",17.35,11.28,0.56,46.7,5.9,20,,WHL J170453.7+443316,0.4042,s,1620.0,49.0,274.0,0.728,37.29,1.68,23.0
256.24174,50.87526,0.68916,25.67,249.0,,,False,False,True,False,J170458.32+505227.2,,DESI J170458.02+505230.9,p,"--,WAT",27.42,18.54,0.51,128.0,18.6,34,,Y21 J170458.0+505231,0.6989,p,2582.0,0.0,0.0,0.778,58.55,2.6,24.0
256.30218,45.05535,0.83473,25.79,211.0,,,False,True,True,False,J170512.88+450323.4,,DESI J170512.52+450319.3,p,"FR-II,WAT",22.91,15.24,0.53,114.0,14.9,27,,,,,,,,,,,
256.36006,51.15983,0.53723,26.56,274.0,,,True,False,True,False,J170527.02+510937.5,f,DESI J170526.41+510935.4,p,"FR-I,WAT",342.77,200.38,0.7,95.7,14.7,42,,Y21 J170534.0+510936,0.5869,p,2236.0,71.0,485.0,0.534,16.98,0.78,7.0
256.40902,42.76241,0.05241,22.95,25.0,,0.8,False,True,True,False,J170538.91+424541.8,,DESI J170538.16+424544.7,p,"FR-II,WAT",13.03,7.91,0.65,145.6,14.5,24,,,,,,,,,,,
256.47563,43.01452,0.25304,25.2,343.0,7.93,1.26,False,False,True,False,J170553.92+430058.1,,WISEA J170554.15+430052.2,s,"--,WAT",75.35,34.2,1.04,162.4,281.2,84,-22.37,,,,,,,,,,
256.54257,28.91634,0.48987,24.81,155.0,8.11,1.98,False,True,False,True,J170610.35+285506.0,,SDSS J170610.21+285458.8,s,"FR-II,NAT",9.68,9.29,0.05,33.2,10.1,25,-22.42,WHL J170612.2+285449,0.4902,s,1918.0,28.0,175.0,0.843,60.95,2.7,46.0
256.55665,24.618,0.71321,25.58,222.0,9.04,1.63,True,False,False,True,J170614.06+243716.8,,WISEA J170613.59+243704.7,s,"FR-I,NAT",18.8,11.43,0.65,53.8,8.4,30,-22.93,,,,,,,,,,
256.56789,50.68124,0.53895,25.74,203.0,,,False,True,True,False,J170616.41+504052.7,,DESI J170616.29+504052.5,p,"FR-II,WAT",56.11,38.54,0.49,169.8,,31,,,,,,,,,,,
256.71602,54.55868,0.34647,24.72,96.0,,,False,True,True,False,J170651.87+543325.7,,DESI J170651.84+543331.2,p,"FR-II,WAT",14.08,9.63,0.5,156.9,8.8,19,,WH J170640.4+543258,0.7773,p,2810.0,105.0,805.0,0.551,26.82,1.22,11.0
257.01111,60.92062,0.16373,24.22,78.0,,1.41,False,True,True,False,J170802.89+605515.1,,DESI J170802.67+605514.2,p,"FR-II,WAT",21.51,11.41,0.83,152.6,22.1,27,,WH J170825.9+605557,0.9129,p,3179.0,175.0,1410.0,0.531,12.9,0.6,8.0
257.21464,47.39318,0.92105,25.07,121.0,,,False,False,True,False,J170851.78+472334.8,f,DESI J170851.51+472335.4,p,"--,WAT",4.47,3.97,0.16,116.4,16.6,15,,WH J170851.5+472335,0.9199,p,3198.0,0.0,0.0,0.535,27.17,1.23,9.0
257.21923,43.31689,,,,,,True,False,True,False,J170852.62+431900.8,,,,"FR-I,WAT",12.66,7.17,0.75,129.7,35.5,19,,,,,,,,,,,
257.24018,38.21883,,,,,,False,True,True,False,J170857.64+381307.8,,,,"FR-II,WAT",17.68,9.72,0.78,165.6,68.1,27,,,,,,,,,,,
257.27545,42.03257,0.13325,24.76,66.0,,0.16,False,False,False,True,J170905.43+420154.6,,DESI J170906.11+420157.3,p,"--,NAT",116.59,64.82,0.77,80.9,9.1,27,-23.25,,,,,,,,,,
257.33078,22.43731,0.85371,25.72,260.0,,2.33,False,True,True,False,J170919.67+222612.5,c,DESI J170919.39+222614.3,p,"FR-II,WAT",17.7,11.07,0.62,149.2,21.0,33,,WH J170919.4+222614,0.7842,p,2829.0,0.0,0.0,0.532,26.51,1.2,7.0
257.36632,46.92248,0.63438,25.41,148.0,,,False,False,True,False,J170928.05+465521.4,,DESI J170927.92+465520.9,p,"--,WAT",13.77,6.15,1.06,153.8,36.0,21,,WH J170927.9+465521,0.6582,p,2459.0,0.0,0.0,0.503,17.57,0.81,6.0
257.40976,34.4313,0.07629,25.0,84.0,,0.99,False,False,True,False,J170939.27+342551.5,,DESI J170938.34+342552.7,p,"--,WAT",646.1,273.5,1.13,110.8,38.2,56,,WHL J170948.7+342732,0.0854,s,372.0,162.0,269.0,1.267,127.45,5.52,105.0
257.42059,64.55944,0.70924,25.75,214.0,,2.09,False,False,True,False,J170941.56+643335.6,,DESI J170940.94+643334.0,p,"--,WAT",29.58,19.37,0.56,143.8,28.3,29,,CFSFDP J170940.9+643334,0.7092,p,2612.0,0.0,0.0,0.712,44.23,1.98,20.0
257.45367,40.36073,0.17007,24.73,69.0,8.66,1.24,True,False,True,False,J170949.09+402142.0,,2MASS J17094888+4021386,s,"FR-I,WAT",62.5,28.71,1.02,99.9,12.9,23,-23.4,WH J170948.9+402139,0.1701,s,725.0,0.0,0.0,0.498,14.9,0.69,7.0
257.46496,44.12497,,,,,,False,True,True,False,J170951.59+440729.9,,,,"FR-II,WAT",13.93,7.78,0.76,130.4,15.1,31,,,,,,,,,,,
257.52126,32.66227,0.79972,26.25,348.0,,1.41,False,False,True,False,J171005.22+323943.3,,DESI J171005.10+323944.2,p,"--,WAT",50.62,21.05,1.15,157.8,27.0,45,,Y21 J171008.3+324111,0.7027,s,2593.0,96.0,709.0,0.412,11.65,0.54,6.0
257.59473,43.19546,0.59469,25.7,268.0,8.37,1.83,False,False,True,False,J171023.00+431145.1,,SDSS J171022.73+431143.6,s,"--,WAT",29.43,11.66,1.21,132.8,123.4,39,-22.1,AMF J171023.7+431144,0.603,s,2287.0,11.0,76.0,0.769,50.45,2.25,21.0
257.61019,45.19551,,,,,0.16,False,True,False,True,J171026.45+451143.8,,,,"FR-II,NAT",30.03,21.2,0.46,83.1,12.2,33,,,,,,,,,,,
257.64185,43.10924,0.85223,26.66,363.0,,2.66,False,True,True,False,J171034.49+430637.3,,DESI J171034.05+430633.3,p,"FR-II,WAT",120.49,55.33,1.02,148.1,60.9,46,,,,,,,,,,,
257.66976,42.6625,0.16835,25.62,295.0,8.61,1.23,True,False,False,True,J171041.44+423954.7,j,DESI J171040.74+423944.9,s,"FR-I,NAT",464.8,155.88,1.43,48.1,14.4,99,-23.37,WHL J171040.7+423945,0.1683,s,718.0,0.0,0.0,0.748,32.01,1.45,23.0
257.73463,39.69199,0.06486,24.88,143.0,8.74,1.01,False,False,False,True,J171100.99+394141.4,,DESI J171056.31+394131.2,p,"--,NAT",659.83,173.04,1.76,65.9,88.5,111,-21.9,WHL J171056.3+394131,0.0627,s,275.0,0.0,0.0,0.813,26.93,1.22,35.0
257.75753,23.13308,0.34373,24.94,191.0,8.7,1.73,False,True,True,False,J171101.73+230757.5,,WISEA J171101.80+230759.0,s,"FR-II,WAT",20.99,10.31,0.93,166.9,54.7,38,-23.5,GMBCG J171101.8+230759,0.3437,s,1400.0,0.0,0.0,0.758,40.79,1.83,21.0
257.77819,60.64823,0.52572,26.03,265.0,,1.93,False,True,True,False,J171107.54+603855.2,,DESI J171106.77+603853.6,p,"FR-II,WAT",90.59,40.25,1.06,124.4,23.6,41,,,,,,,,,,,
257.90824,58.05838,0.15595,24.65,159.0,8.91,1.21,True,False,True,False,J171138.16+580324.4,g,DESI J171137.98+580330.2,p,"FR-I,WAT",63.14,29.94,0.98,153.6,44.9,57,-23.08,WHL J171138.0+580330,0.1466,s,629.0,0.0,0.0,0.688,24.95,1.14,19.0
258.09605,61.2587,0.35545,25.34,258.0,,1.44,False,False,True,False,J171223.89+611533.5,,DESI J171223.05+611531.3,p,"--,WAT",43.93,16.65,1.27,156.7,81.7,50,,,,,,,,,,,
258.10638,29.17245,0.20097,25.42,370.0,,1.2,True,False,True,False,J171225.42+291000.4,j,DESI J171225.53+291020.8,p,"FR-I,WAT",167.8,29.77,2.27,156.5,,108,,,,,,,,,,,
258.0965,64.03256,0.07981,24.76,126.0,8.41,0.98,False,False,False,True,J171227.35+640222.6,,VII Zw 694,s,"--,NAT",330.13,126.18,1.26,35.6,102.6,81,-22.13,WHL J171228.8+640339,0.0821,s,358.0,108.0,173.0,1.41,174.33,7.48,152.0
258.13224,24.59277,,,,,,True,False,True,False,J171231.74+243534.0,c,,,"FR-I,WAT",76.23,23.55,1.54,126.1,13.8,28,,,,,,,,,,,
258.25797,24.54447,0.9721,26.88,368.0,,,False,False,True,False,J171302.07+243238.8,,DESI J171301.91+243240.1,p,"--,WAT",149.96,71.06,0.98,165.7,123.6,45,,,,,,,,,,,
258.2974,51.96195,0.01036,21.76,9.0,,,False,False,True,False,J171311.80+515743.6,,DESI J171311.38+515743.0,p,"--,WAT",22.27,11.17,0.91,140.7,45.4,44,,,,,,,,,,,
258.31669,63.79377,0.08296,24.36,37.0,8.68,1.01,True,False,True,False,J171316.57+634741.3,,WISEA J171316.00+634737.5,s,"FR-I,WAT",113.65,21.27,2.2,115.0,12.1,23,-22.81,WHL J171333.9+634536,0.3382,p,1380.0,170.0,850.0,0.61,19.57,1.06,8.0
258.33945,45.14259,0.57701,26.41,501.0,,1.52,False,True,True,False,J171321.15+450832.7,,DESI J171321.47+450833.3,p,"FR-II,WAT",165.35,68.93,1.15,144.6,51.0,74,,,,,,,,,,,
258.37742,42.5849,0.69824,25.65,294.0,9.1,2.04,False,True,True,False,J171331.11+423508.0,c,WISEA J171330.58+423505.6,s,"FR-II,WAT",23.41,14.26,0.65,145.2,36.7,40,-23.03,,,,,,,,,,
258.44372,27.28347,0.3165,24.65,162.0,,1.64,False,False,True,False,J171346.75+271657.0,,DESI J171346.49+271700.5,p,"--,WAT",14.32,9.34,0.56,147.1,33.6,34,,WHL J171345.1+271616,0.3255,s,1332.0,48.0,234.0,0.716,33.82,1.53,24.0
258.60239,41.56778,0.06424,24.16,42.0,,0.26,False,False,True,False,J171424.97+413402.7,,DESI J171424.57+413404.0,p,"--,WAT",137.94,83.08,0.67,140.3,91.8,33,,WHL J171411.0+413309,0.2177,s,917.0,163.0,595.0,0.616,12.19,0.57,8.0
258.60747,41.93947,0.05476,24.61,127.0,,0.96,True,False,True,False,J171425.73+415618.3,,DESI J171425.79+415622.1,p,"FR-I,WAT",501.66,107.81,2.02,149.6,223.1,115,,,,,,,,,,,
258.62991,60.60119,0.24507,24.9,135.0,,1.45,False,False,True,False,J171432.23+603604.8,,WISEA J171431.17+603604.2,s,"--,WAT",40.19,17.64,1.08,119.9,26.1,34,,WHL J171431.2+603604,0.2451,s,1025.0,0.0,0.0,0.646,18.76,0.86,6.0
258.78671,25.24775,0.66499,25.03,180.0,,0.27,False,False,True,False,J171508.56+251452.8,,DESI J171508.81+251451.9,p,"--,WAT",9.53,10.69,-0.15,139.4,19.1,25,,,,,,,,,,,
258.84623,45.2503,0.3386,24.71,90.0,,1.7,True,False,True,False,J171523.35+451504.1,,DESI J171523.09+451501.1,p,"FR-I,WAT",15.34,11.87,0.34,106.6,15.9,18,,WH J171523.1+451501,0.3489,p,1419.0,0.0,0.0,0.531,16.7,0.77,9.0
258.90857,25.94455,0.33729,25.18,194.0,9.0,1.69,False,False,False,True,J171538.10+255642.9,,WISEA J171538.05+255640.3,s,"--,NAT",40.44,23.04,0.74,34.0,11.1,39,-23.58,AMF J171543.1+255523,0.3583,p,1454.0,103.0,534.0,0.639,18.52,0.85,11.0
259.08985,26.13127,0.34536,25.85,298.0,,1.72,False,False,True,False,J171622.54+260800.3,"g,j",DESI J171621.56+260752.6,p,"--,WAT",165.22,78.32,0.98,138.2,,59,,WHL J171621.6+260753,0.3354,s,1369.0,0.0,0.0,1.013,86.14,3.78,63.0
259.10238,29.29872,0.2799,24.84,118.0,8.44,1.55,True,False,False,True,J171625.11+291806.7,,WISEA J171624.57+291755.3,s,"FR-I,NAT",28.44,17.25,0.66,45.2,7.9,27,-22.89,maxBCG J171624.6+291755,0.2796,s,1159.0,0.0,0.0,0.921,63.57,2.81,46.0
259.14222,46.51911,,,,,,True,False,True,False,J171634.13+463108.8,,,,"FR-I,WAT",12.44,6.63,0.83,119.2,11.3,17,,,,,,,,,,,
259.2271,36.4293,0.64442,25.12,135.0,,1.99,True,False,True,False,J171654.62+362548.1,,WISEA J171654.50+362545.4,s,"FR-I,WAT",8.56,5.5,0.58,159.8,14.9,19,,WHL J171654.5+362546,0.6476,s,2426.0,0.0,0.0,0.779,56.13,2.49,11.0
259.28721,35.32454,0.3744,25.13,192.0,,1.89,False,False,True,False,J171708.75+351930.5,b,WISEA J171708.92+351928.3,s,"--,WAT",27.76,14.97,0.81,156.3,41.1,36,,WHL J171703.9+351928,0.3742,s,1512.0,62.0,331.0,0.906,65.08,2.88,21.0
259.30301,62.28003,,,,,,False,False,True,False,J171712.72+621648.1,,,,"--,WAT",13.79,7.5,0.8,132.5,14.4,27,,,,,,,,,,,
259.35591,37.58296,0.08903,24.54,143.0,,1.04,True,False,False,True,J171724.50+373526.1,j,WISEA J171725.41+373458.6,s,"FR-I,NAT",158.27,56.84,1.34,44.4,12.4,83,,WHL J171725.4+373459,0.089,s,387.0,0.0,0.0,0.762,22.03,1.01,17.0
259.39238,25.8288,0.17875,24.49,90.0,8.47,1.2,True,False,True,False,J171734.34+254949.1,,2MASX J17173418+2549436,s,"FR-I,WAT",31.07,12.01,1.25,130.5,,29,-23.05,AMF J171732.8+255106,0.1787,s,760.0,84.0,263.0,0.986,67.41,2.98,40.0
259.5093,42.03659,0.41329,25.1,203.0,8.28,1.89,False,False,True,False,J171802.36+420207.2,f,WISEA J171802.23+420211.7,s,"--,WAT",20.38,10.94,0.82,124.2,17.7,36,-22.88,,,,,,,,,,
259.5633,42.47177,0.18246,25.01,127.0,,1.13,True,False,True,False,J171815.55+422823.9,,DESI J171815.19+422818.4,p,"FR-I,WAT",111.82,81.93,0.41,128.6,25.5,40,,WHL J171803.4+422650,0.1793,s,763.0,158.0,495.0,0.612,14.83,0.69,8.0
259.57766,40.02077,0.20964,25.28,251.0,,1.01,False,False,True,False,J171819.52+400120.3,,DESI J171818.64+400114.8,p,"--,WAT",114.39,23.57,2.07,121.5,36.5,71,,WHL J171826.7+400122,0.1631,s,697.0,93.0,270.0,0.544,12.95,0.6,9.0
259.62528,39.63174,0.32595,25.25,185.0,,1.61,True,False,True,False,J171830.00+393753.2,,DESI J171830.07+393754.3,p,"FR-I,WAT",41.01,12.85,1.52,161.1,23.4,38,,CFSFDP J171829.9+393605,0.3568,s,1448.0,109.0,564.0,0.584,18.83,0.86,6.0
259.67118,38.97395,0.34984,24.89,127.0,,1.76,False,True,True,False,J171841.27+385825.0,,WISEA J171841.08+385826.2,s,"FR-II,WAT",20.02,13.2,0.55,169.9,16.7,25,,WHL J171835.3+385918,0.3498,s,1422.0,85.0,434.0,0.809,47.6,2.12,24.0
259.90146,35.78507,0.27113,24.89,124.0,8.84,1.57,False,True,True,False,J171936.19+354707.2,f,WISEA J171936.35+354706.2,s,"FR-II,WAT",34.13,20.49,0.67,137.2,15.3,29,-23.25,MaxBCG J259.90164+35.78526,0.2592,p,1080.0,1.0,4.0,,,,
260.01585,24.52466,0.50798,25.82,235.0,8.72,1.56,True,False,True,False,J172003.61+243125.1,,WISEA J172003.80+243128.7,s,"FR-I,WAT",69.01,39.96,0.72,124.9,17.2,37,-23.47,,,,,,,,,,
260.07293,49.3072,0.7005,26.03,331.0,,,False,False,True,False,J172018.15+491831.9,,DESI J172017.50+491825.9,p,"--,WAT",37.24,12.91,1.39,110.5,21.4,45,,WH J172011.1+491652,0.5593,p,2147.0,113.0,754.0,0.505,17.53,0.81,9.0
260.1169,22.91653,0.16975,24.51,129.0,,,False,False,True,False,J172028.92+225501.0,,DESI J172028.06+225459.5,p,"--,WAT",40.18,25.77,0.58,162.7,63.1,43,,,,,,,,,,,
260.1353,51.69662,0.66365,25.57,201.0,,,False,False,True,False,J172032.25+514143.6,,DESI J172032.47+514147.8,p,"--,WAT",16.18,6.36,1.23,116.7,14.2,28,,Y21 J172033.9+514124,0.6781,p,2519.0,27.0,196.0,0.685,42.37,1.9,17.0
260.21133,27.75496,1.40653,26.22,311.0,,1.27,False,False,True,False,J172050.44+274512.0,,DESI J172050.72+274517.9,p,"--,WAT",17.6,10.8,0.64,135.2,52.0,36,,WH J172049.3+274359,0.9569,p,3293.0,81.0,661.0,0.445,16.97,0.78,6.0
260.26193,33.11818,0.20759,25.18,186.0,,1.37,True,False,True,False,J172102.65+330700.0,,DESI J172102.87+330704.6,s,"FR-I,WAT",112.87,51.29,1.03,123.0,30.8,53,,Y21 J172053.8+330850,0.6803,s,2526.0,155.0,1130.0,0.784,58.71,2.6,23.0
260.31761,50.56387,0.06388,23.67,36.0,,,True,False,False,True,J172117.19+503349.7,,DESI J172116.23+503349.9,p,"FR-I,NAT",44.58,24.74,0.77,70.6,9.9,29,,CFSFDP J172120.0+503215,0.6954,p,2571.0,102.0,750.0,0.681,37.42,1.68,12.0
260.46594,47.42664,0.29964,25.24,175.0,,,False,False,False,True,J172151.55+472552.7,j,DESI J172151.83+472535.9,p,"--,NAT",50.28,16.86,1.43,53.6,13.9,38,,,,,,,,,,,
260.53593,33.11147,0.10734,24.81,154.0,,1.04,False,True,True,False,J172210.85+330622.7,,DESI J172208.62+330641.3,p,"FR-II,WAT",183.48,42.24,1.93,133.3,49.0,76,,maxBCG J172216.4+330427,0.1112,s,481.0,165.0,347.0,1.053,72.11,3.18,50.0
260.70022,54.39936,0.99485,25.71,197.0,,,False,False,True,False,J172247.78+542358.1,,DESI J172248.05+542357.7,p,"--,WAT",15.64,12.91,0.25,133.0,14.5,24,,,,,,,,,,,
260.83649,35.96824,0.13373,25.19,288.0,8.46,1.14,True,False,True,False,J172319.61+355803.8,"a,g,j",SDSS J172320.75+355805.6,s,"FR-I,WAT",286.33,96.28,1.43,156.3,393.6,117,-22.82,WHL J172320.8+355806,0.1347,s,580.0,0.0,0.0,0.764,32.53,1.47,35.0
260.96679,47.95978,0.53901,25.23,203.0,,,False,True,True,False,J172352.41+475734.8,f,DESI J172352.03+475735.2,p,"FR-II,WAT",17.0,11.53,0.51,141.3,27.4,31,,Y21 J172352.0+475735,0.539,p,2081.0,0.0,0.0,0.556,20.35,0.93,10.0
261.02262,40.07679,0.52824,26.56,168.0,,0.96,True,False,True,False,J172405.29+400439.6,,DESI J172405.43+400436.5,p,"FR-I,WAT",573.19,803.68,-0.44,106.8,17.8,26,,,,,,,,,,,
261.43882,36.90451,0.80267,26.04,271.0,,0.08,False,True,True,False,J172545.35+365419.5,,SDSS J172545.31+365416.2,s,"FR-II,WAT",53.09,44.57,0.23,158.3,115.1,35,,,,,,,,,,,
261.48833,42.29211,0.18177,24.6,91.0,,,True,False,True,False,J172557.31+421736.7,,DESI J172557.20+421731.6,p,"FR-I,WAT",41.55,22.84,0.79,146.7,19.2,29,,Y21 J172557.2+421732,0.1818,p,773.0,0.0,0.0,0.807,38.4,1.72,25.0
261.55299,45.50708,0.28818,24.95,98.0,,1.55,False,False,False,True,J172613.53+453026.4,f,DESI J172612.72+453025.5,p,"--,NAT",34.33,20.6,0.67,51.3,6.5,22,,AMF J172604.2+452842,0.2945,p,1216.0,137.0,624.0,1.041,89.51,3.92,54.0
261.58149,32.32097,0.352,25.62,189.0,,1.62,False,False,False,True,J172619.76+321926.3,,DESI J172619.56+321915.5,p,"--,NAT",103.09,64.02,0.63,58.6,10.1,37,,WHL J172619.6+321915,0.3712,p,1501.0,0.0,0.0,0.521,10.66,0.5,10.0
261.58735,38.68393,,,,,2.06,False,True,True,False,J172620.96+384102.1,,,,"FR-II,WAT",13.71,5.92,1.1,99.9,9.3,22,,,,,,,,,,,
261.586,51.65901,0.66314,26.11,295.0,,,False,False,True,False,J172621.44+513932.0,,DESI J172620.64+513932.4,p,"--,WAT",71.36,39.48,0.78,148.5,30.6,41,,WH J172620.6+513932,0.6631,p,2474.0,0.0,0.0,0.465,17.02,0.78,9.0
261.58833,48.55194,0.28308,24.67,216.0,,,False,True,True,False,J172621.50+483305.6,,DESI J172621.20+483307.0,p,"FR-II,WAT",20.37,15.22,0.38,155.0,51.6,49,,CLuMPR J172608.4+483247,0.4574,p,1806.0,129.0,775.0,0.603,11.27,0.53,8.0
261.71154,51.05649,,,,,,True,False,True,False,J172650.77+510323.4,j,,,"FR-I,WAT",39.28,19.34,0.93,125.1,24.2,38,,,,,,,,,,,
261.82379,52.50922,0.30091,26.32,226.0,,1.64,False,False,True,False,J172717.28+523038.3,,DESI J172717.71+523033.2,p,"--,WAT",694.82,358.47,0.87,113.9,25.0,49,,CFSFDP J172717.7+523033,0.2961,p,1222.0,0.0,0.0,0.575,14.5,0.67,12.0
261.97438,52.74479,,,,,,False,True,True,False,J172753.85+524441.2,,,,"FR-II,WAT",20.43,11.19,0.79,158.9,60.3,53,,,,,,,,,,,
261.97926,40.50704,,,,,,True,False,True,False,J172755.02+403025.3,f,,,"FR-I,WAT",11.09,7.43,0.53,156.7,5.6,16,,,,,,,,,,,
261.99991,47.3585,0.37456,24.87,165.0,,,False,True,True,False,J172759.81+472127.8,,DESI J172759.98+472130.6,p,"FR-II,WAT",18.3,15.07,0.25,146.7,18.9,31,,Y21 J172800.0+472131,0.3791,p,1529.0,0.0,0.0,0.644,23.76,1.08,10.0
262.06641,36.85097,0.07361,23.58,39.0,,0.51,True,False,True,False,J172816.10+365108.6,j,DESI J172815.94+365103.5,p,"FR-I,WAT",27.5,16.69,0.66,149.4,23.9,27,,WH J172815.5+365117,0.8066,s,2892.0,15.0,116.0,0.524,23.82,1.09,9.0
262.33826,54.25728,0.08386,24.5,71.0,8.45,1.0,False,True,True,False,J172920.49+541518.8,"f,h,j",WISEA J172921.18+541526.1,s,"FR-II,WAT",161.25,49.04,1.56,92.1,10.5,44,-22.54,WHL J172921.2+541526,0.0839,s,366.0,0.0,0.0,0.679,23.78,1.08,16.0
262.48325,41.0767,0.7634,26.06,190.0,,,False,False,False,True,J172955.81+410432.8,,DESI J172955.98+410436.1,p,"--,NAT",36.71,15.21,1.16,89.1,9.8,25,,Y21 J172956.0+410436,0.8019,p,2879.0,0.0,0.0,0.563,31.3,1.41,14.0
262.50149,37.34487,,,,,,False,True,True,False,J173000.36+372041.5,,,,"FR-II,WAT",18.34,7.47,1.18,143.3,21.5,29,,,,,,,,,,,
262.67788,59.39187,0.61432,25.77,132.0,,1.82,False,False,True,False,J173043.06+592330.8,f,DESI J173042.69+592330.7,p,"--,WAT",26.54,7.89,1.59,157.8,6.1,19,,WH J173038.8+592558,0.7358,p,2690.0,151.0,1134.0,0.446,10.51,0.49,6.0
262.99273,40.52469,0.24208,25.05,110.0,,,False,True,True,False,J173158.21+403120.0,,DESI J173158.25+403128.9,p,"FR-II,WAT",46.35,9.35,2.1,156.8,13.9,28,,,,,,,,,,,
263.20925,56.574,0.33305,25.27,232.0,8.87,1.73,False,False,True,False,J173249.92+563426.9,,WISEA J173250.22+563426.3,s,"--,WAT",48.96,25.47,0.86,151.8,73.1,47,-23.55,WH J173240.4+563506,0.708,p,2608.0,90.0,666.0,0.533,18.65,0.86,12.0
263.22939,48.95241,0.49835,25.26,188.0,,,True,False,True,False,J173254.82+485707.2,,DESI J173255.05+485708.7,p,"FR-I,WAT",20.78,12.82,0.63,138.9,15.6,30,,Y21 J173257.1+485643,0.5046,p,1967.0,33.0,209.0,0.566,21.04,0.96,14.0
263.43054,42.48737,0.15052,24.5,122.0,,,False,False,False,True,J173341.76+422912.1,,DESI J173343.33+422914.5,p,"--,NAT",44.72,13.55,1.57,86.7,20.8,45,,Y21 J173344.8+423013,0.1506,p,646.0,60.0,163.0,0.752,21.04,0.96,12.0
263.4649,41.9628,,,,,,False,True,True,False,J173351.58+415746.1,,,,"FR-II,WAT",23.95,17.96,0.38,105.9,14.1,28,,,,,,,,,,,
263.7978,48.42299,,,,,,False,False,True,False,J173511.47+482522.8,,,,"--,WAT",20.95,10.27,0.94,143.7,18.1,33,,,,,,,,,,,
263.85301,48.533,0.55196,25.37,185.0,,,True,False,False,True,J173525.68+483157.3,,DESI J173524.72+483158.8,p,"FR-I,NAT",19.15,9.95,0.86,58.4,9.4,28,,Y21 J173524.7+483159,0.553,p,2127.0,0.0,0.0,0.61,26.11,1.19,10.0
264.25597,45.11841,0.20299,25.2,238.0,,1.35,True,False,True,False,J173701.32+450706.2,,DESI J173701.43+450706.3,p,"FR-I,WAT",127.0,68.16,0.82,162.1,237.6,69,,WHL J173701.4+450706,0.2046,p,865.0,0.0,0.0,0.9,54.45,2.42,30.0
264.45794,48.23263,0.14381,24.81,151.0,,,True,False,True,False,J173750.58+481340.1,,DESI J173749.91+481357.5,p,"FR-I,WAT",100.5,29.45,1.61,159.0,103.0,58,,WH J173749.9+481357,0.1588,p,679.0,0.0,0.0,0.523,13.61,0.63,6.0
264.75049,44.40089,0.3736,24.82,143.0,,1.84,True,False,True,False,J173900.60+442404.8,,DESI J173900.12+442403.2,p,"FR-I,WAT",13.43,6.79,0.89,118.6,15.5,27,,WHL J173900.1+442403,0.3714,p,1502.0,0.0,0.0,0.747,40.49,1.82,15.0
264.75298,52.08517,,,,,,False,True,True,False,J173900.72+520506.6,,,,"FR-II,WAT",81.07,40.89,0.9,159.3,33.5,30,,,,,,,,,,,
265.61061,56.16269,0.32289,25.09,121.0,,1.71,False,True,True,False,J174226.65+560950.9,,DESI J174226.55+560945.7,p,"FR-II,WAT",38.82,26.13,0.52,93.0,9.7,25,,,,,,,,,,,
265.66501,54.79405,0.29587,25.02,173.0,8.67,1.66,False,True,True,False,J174239.29+544733.7,,WISEA J174239.60+544738.5,s,"FR-II,WAT",38.41,23.35,0.65,131.0,22.6,38,-23.1,WHL J174239.5+544738,0.2959,s,1221.0,1.0,5.0,0.905,60.39,2.68,34.0
265.92969,63.71036,0.3313,24.98,103.0,,1.74,False,False,True,False,J174342.35+634237.3,f,DESI J174343.13+634237.3,p,"--,WAT",24.16,10.56,1.09,141.8,11.3,21,,CFSFDP J174339.7+634350,0.5596,p,2148.0,76.0,508.0,0.509,18.47,0.85,8.0
307.08386,-0.21406,,,,,,False,True,True,False,J202820.04-001249.2,,DESI J202820.13-001250.6,,"FR-II,WAT",56.83,25.73,1.04,130.4,20.5,39,,WHL J202828.2-001252,0.1656,p,707.0,122.0,359.0,0.78,35.37,2.01,19.0
307.853,1.12183,,,,,,True,False,True,False,J203124.72+010718.6,f,,,"FR-I,WAT",28.35,14.89,0.84,156.8,19.8,26,,,,,,,,,,,
308.13395,0.60629,0.23204,25.51,168.0,,0.64,True,False,True,False,J203232.64+003621.6,,DESI J203232.15+003622.6,p,"FR-I,WAT",187.34,84.44,1.05,102.9,14.5,44,,,,,,,,,,,
308.18167,8.95499,,,,,,False,True,True,False,J203243.60+085718.0,,,,"FR-II,WAT",15.38,9.4,0.65,152.4,18.4,27,,,,,,,,,,,
309.4226,3.80267,,,,,1.9,True,False,True,False,J203741.42+034809.6,,,,"FR-I,WAT",16.41,8.74,0.83,145.4,18.7,25,,,,,,,,,,,
309.82905,-0.28642,0.45058,25.7,458.0,,1.96,False,False,True,False,J203918.48-001701.2,,WISEA J203918.97-001711.1,s,"--,WAT",54.66,19.4,1.36,161.3,68.5,77,,WHL J203919.0-001711,0.4506,s,1783.0,0.0,0.0,0.672,32.5,1.47,8.0
310.95972,0.33484,1.0601,26.91,308.0,,0.29,False,False,False,True,J204350.40+002010.2,,WISEA J204350.33+002005.4,s,"--,NAT",162.82,98.49,0.66,88.9,13.3,37,,CFSFDP J204348.3+002220,0.6966,p,2575.0,138.0,1015.0,0.402,10.62,0.5,6.0
311.18741,7.903,,,,,,False,True,True,False,J204444.98+075410.8,,,,"FR-II,WAT",28.16,19.82,0.46,163.4,37.6,50,,,,,,,,,,,
311.39875,3.5862,0.56462,25.54,194.0,,2.01,False,True,True,False,J204535.41+033511.9,,DESI J204535.70+033510.3,p,"FR-II,WAT",27.74,15.16,0.79,153.1,24.2,29,,CFSFDP J204535.7+033510,0.6083,p,2304.0,0.0,0.0,0.642,29.33,1.33,16.0
311.46083,5.17065,,,,,2.0,False,True,True,False,J204550.60+051014.3,,,,"FR-II,WAT",15.03,9.78,0.56,124.3,16.8,24,,,,,,,,,,,
312.00189,-6.26816,0.27611,25.0,165.0,,1.54,True,False,True,False,J204800.18-061612.1,,DESI J204800.45-061605.4,p,"FR-I,WAT",40.38,20.52,0.89,107.0,17.9,38,,WHL J204801.5-061545,0.269,p,1118.0,26.0,111.0,0.848,49.48,2.21,37.0
312.2055,4.38215,,,,,1.0,False,True,True,False,J204849.32+042255.7,,,,"FR-II,WAT",13.74,6.56,0.97,97.7,20.8,32,,,,,,,,,,,
312.48955,8.36643,0.3336,25.34,198.0,,1.71,True,False,True,False,J204957.17+082158.7,,DESI J204957.49+082159.2,p,"FR-I,WAT",42.59,9.93,1.91,166.7,79.3,40,,WHL J204957.8+082208,0.3553,p,1443.0,10.0,52.0,0.685,29.15,1.32,11.0
312.55237,5.45101,0.32524,25.17,209.0,,1.72,False,True,False,True,J205012.43+052651.5,,DESI J205012.57+052703.6,p,"FR-II,NAT",41.89,22.47,0.82,87.0,27.6,43,,AMF J205012.6+052704,0.3395,p,1384.0,0.0,0.0,0.964,74.03,3.26,38.0
312.84755,1.81483,,,,,1.75,True,False,True,False,J205123.41+014853.4,,,,"FR-I,WAT",27.35,12.4,1.04,109.5,150.9,32,,,,,,,,,,,
312.90926,-0.05583,0.10768,24.91,102.0,8.82,,False,True,True,False,J205138.52-000324.0,,WISEA J205138.22-000320.9,s,"FR-II,WAT",250.42,101.47,1.19,168.7,658.8,50,-23.28,maxBCG J205138.2-000321,0.1088,s,471.0,0.0,0.0,0.824,32.88,1.48,17.0
312.96662,3.5543,0.56898,25.49,410.0,,1.96,False,True,True,False,J205151.94+033310.1,,DESI J205151.99+033315.5,p,"FR-II,WAT",28.39,20.0,0.46,152.7,65.8,61,,CFSFDP J205152.0+033315,0.5695,p,2180.0,0.0,0.0,0.635,29.58,1.34,13.0
313.05161,0.17474,0.23996,25.23,235.0,8.46,1.53,False,False,True,False,J205213.20+001023.4,,2MASS J20521238+0010290,s,"--,WAT",87.08,33.5,1.25,118.4,35.1,60,-23.3,maxBCG J205212.4+001029,0.24,s,1005.0,1.0,4.0,0.822,37.08,1.67,19.0
313.18934,-7.2977,0.25536,25.04,234.0,8.35,1.5,False,True,True,False,J205245.73-071742.0,,WISEA J205245.44-071751.7,s,"FR-II,WAT",48.06,17.52,1.32,162.0,198.2,57,-22.91,WHL J205245.4-071752,0.2554,s,1065.0,0.0,0.0,0.65,23.2,1.06,12.0
313.34906,4.04514,,,,,,False,True,True,False,J205323.77+040242.5,,,,"FR-II,WAT",38.58,24.9,0.57,149.0,19.2,30,,,,,,,,,,,
313.94184,10.52605,0.51613,25.96,256.0,,1.94,False,False,True,False,J205546.36+103137.2,,DESI J205546.04+103133.8,p,"--,WAT",88.13,47.24,0.82,95.4,14.1,40,,CFSFDP J205546.0+103134,0.5432,p,2095.0,0.0,0.0,0.673,34.22,1.54,7.0
313.98195,4.58607,0.31354,24.87,104.0,,,True,False,True,False,J205555.52+043503.0,,DESI J205555.67+043509.9,p,"FR-I,WAT",23.06,12.89,0.76,111.2,32.3,22,,,,,,,,,,,
314.51683,-0.31181,0.33613,25.49,209.0,,1.62,False,True,True,False,J205803.96-001838.4,,WISEA J205804.03-001842.5,s,"FR-II,WAT",81.75,44.09,0.81,168.2,58.8,42,,WHL J205804.1-001842,0.3361,s,1372.0,0.0,0.0,0.787,44.27,1.98,21.0
314.69012,9.50266,0.12839,24.94,140.0,,1.09,True,False,True,False,J205845.94+093000.0,f,DESI J205845.63+093009.6,p,"FR-I,WAT",180.84,69.92,1.25,107.8,23.8,59,,WH J205845.6+093010,0.1294,p,558.0,0.0,0.0,0.616,18.43,0.85,7.0
315.0142,10.16807,0.88699,26.38,375.0,,1.08,False,True,True,False,J210003.56+101001.1,,DESI J210003.41+101005.1,p,"FR-II,WAT",61.03,29.78,0.94,153.4,30.7,47,,,,,,,,,,,
315.16259,-6.39538,0.13444,24.41,96.0,8.76,1.12,True,False,True,False,J210039.58-062335.2,,WISEA J210039.02-062343.3,s,"FR-I,WAT",49.79,22.6,1.04,105.3,16.8,39,-22.46,maxBCG J210035.1-062223,0.1356,s,583.0,100.0,249.0,0.751,28.87,1.31,15.0
315.33535,5.04817,,,,,,True,False,True,False,J210120.48+050253.4,,,,"FR-I,WAT",17.04,11.02,0.57,153.8,19.5,23,,,,,,,,,,,
315.36045,4.79517,,,,,1.35,False,False,False,True,J210126.51+044742.6,,,,"--,NAT",54.02,22.9,1.13,88.0,11.5,33,,,,,,,,,,,
315.55875,-1.75472,0.14195,24.93,139.0,,1.14,True,False,False,True,J210214.06-014458.2,f,WISEA J210214.10-014517.0,s,"FR-I,NAT",130.56,29.33,1.96,67.4,5.9,54,,AMF J210214.1-014517,0.1456,p,625.0,0.0,0.0,0.797,38.28,1.72,27.0
315.86655,1.88003,0.23566,24.61,81.0,,1.43,True,False,False,True,J210327.69+015251.5,,DESI J210327.97+015248.1,p,"FR-I,NAT",23.91,13.3,0.77,50.7,28.1,21,,AMF J210324.8+015253,0.2407,p,1008.0,48.0,189.0,0.828,44.82,2.0,19.0
316.93604,-2.0605,,,,,,False,True,True,False,J210744.65-020337.8,,,,"FR-II,WAT",48.34,10.33,2.02,125.2,42.3,41,,,,,,,,,,,
316.94087,-0.40968,0.931,25.6,194.0,,2.47,False,False,True,False,J210745.72-002434.8,,DESI J210745.81-002434.8,p,"--,WAT",11.87,8.19,0.49,167.1,32.6,24,,WH J210745.8-002435,0.9572,p,3294.0,0.0,0.0,0.512,21.76,0.99,7.0
317.56092,2.91566,,,,,,False,True,True,False,J211014.62+025456.4,,,,"FR-II,WAT",51.9,25.62,0.93,145.2,19.1,31,,,,,,,,,,,
317.69154,1.8915,,,,,0.62,False,True,True,False,J211045.97+015329.4,,,,"FR-II,WAT",63.58,37.47,0.69,102.9,13.5,34,,,,,,,,,,,
317.78011,5.09115,,,,,2.03,True,False,True,False,J211107.23+050528.1,,,,"FR-I,WAT",19.2,17.51,0.12,135.8,9.7,24,,,,,,,,,,,
317.82101,5.34367,0.1386,24.15,55.0,,,True,False,True,False,J211117.00+052038.9,,WISEA J211117.04+052037.2,s,"FR-I,WAT",26.02,12.93,0.92,160.0,138.3,22,,AMF J211119.9+052132,0.1438,s,617.0,69.0,181.0,0.824,41.95,1.88,25.0
318.016,10.48729,,,,,1.96,False,True,True,False,J211203.84+102914.3,,,,"FR-II,WAT",20.0,14.03,0.47,138.4,11.4,27,,,,,,,,,,,
318.36118,2.52316,0.04859,24.53,68.0,,,False,False,True,False,J211324.72+023131.2,,WISEA J211326.68+023123.3,s,"--,WAT",522.13,83.35,2.41,153.6,45.2,69,,SPIDERS 1_23231,0.0621,p,272.0,0.0,0.0,,,,
318.69815,-7.8446,0.21453,24.96,209.0,,1.45,False,False,True,False,J211447.65-075036.1,,WISEA J211447.55-075040.5,s,"--,WAT",68.84,46.01,0.53,158.4,110.3,58,,CFSFDP J211447.6-075040,0.2145,s,904.0,0.0,0.0,0.606,20.81,0.95,15.0
319.04561,10.60201,0.46506,25.11,206.0,,1.9,False,False,True,False,J211610.96+103610.8,,DESI J211610.95+103607.2,p,"--,WAT",19.3,14.96,0.33,131.5,21.8,34,,WH J211603.1+103807,0.2781,p,1153.0,166.0,726.0,0.523,12.32,0.57,6.0
319.53291,8.30318,,,,,,False,False,True,False,J211807.90+081811.5,,,,"--,WAT",84.1,13.63,2.39,116.8,11.9,28,,,,,,,,,,,
319.8329,-3.96467,,,,,1.32,True,False,True,False,J211919.90-035752.8,,,,"FR-I,WAT",22.62,9.62,1.12,134.6,25.4,33,,,,,,,,,,,
319.84918,-5.07579,0.42671,25.96,277.0,,1.94,False,False,True,False,J211924.10-050427.0,,DESI J211923.80-050432.8,p,"--,WAT",134.1,67.97,0.89,115.5,22.8,48,,AMF J211923.8-050433,0.4279,p,1704.0,0.0,0.0,1.055,100.64,4.39,50.0
320.53119,1.16562,1.01255,26.55,305.0,,0.29,False,False,True,False,J212207.73+011000.6,,SDSS J212207.48+010956.2,s,"--,WAT",75.93,44.36,0.71,130.9,35.6,37,,,,,,,,,,,
321.11697,11.81981,0.47975,24.85,141.0,,1.98,False,True,True,False,J212427.84+114912.8,,DESI J212428.07+114911.3,p,"FR-II,WAT",9.52,6.71,0.46,139.4,10.9,23,,WHL J212428.1+114911,0.47,p,1850.0,0.0,0.0,0.776,49.51,2.21,25.0
321.26424,6.51295,0.3721,25.59,143.0,,1.2,True,False,True,False,J212503.43+063047.4,,DESI J212503.42+063046.6,p,"FR-I,WAT",83.0,48.66,0.7,148.8,,27,,WHL J212457.1+063106,0.6403,s,2404.0,96.0,682.0,0.539,15.92,0.73,8.0
321.44311,0.93102,0.13501,25.53,178.0,,,True,False,False,True,J212545.30+005556.4,"d,h,j",WISEA J212546.34+005551.6,s,"FR-I,NAT",645.72,278.49,1.1,32.7,19.3,72,,WHL J212546.4+005552,0.141,s,606.0,0.0,0.0,1.13,106.67,4.65,64.0
321.44381,0.64736,0.45915,25.2,222.0,8.27,1.7,True,False,False,True,J212546.98+003903.6,,WISEA J212546.51+003850.4,s,"FR-I,NAT",23.5,16.88,0.43,86.8,14.4,37,-22.73,Y21 J212546.5+003851,0.4592,s,1812.0,0.0,0.0,0.605,23.38,1.07,13.0
321.56697,-7.17955,0.10131,24.71,73.0,,1.1,True,False,False,True,J212615.53-071042.5,f,DESI J212616.07-071046.4,p,"FR-I,NAT",192.19,121.99,0.6,64.7,10.5,38,,maxBCG J212616.9-071034,0.0879,s,383.0,18.0,31.0,0.716,21.03,0.96,11.0
321.63522,-0.49016,0.52678,25.48,149.0,8.6,1.9,True,False,False,True,J212632.94-002925.8,,WISEA J212632.45-002924.5,s,"FR-I,NAT",23.56,9.04,1.26,62.8,7.4,23,-23.6,WHL J212632.5-002925,0.5268,s,2041.0,0.0,0.0,0.934,78.21,3.44,42.0
321.6473,11.43829,1.35934,26.32,293.0,,,False,True,True,False,J212635.50+112617.5,,DESI J212635.35+112617.8,p,"FR-II,WAT",19.97,10.32,0.87,152.6,19.5,34,,,,,,,,,,,
321.72211,7.43185,0.86396,26.11,229.0,,2.0,True,False,True,False,J212653.38+072557.1,,DESI J212653.31+072554.7,p,"FR-I,WAT",39.26,22.5,0.73,127.9,21.6,29,,Y21 J212653.3+072555,0.8981,p,3140.0,0.0,0.0,0.733,63.62,2.82,16.0
321.75086,10.43611,0.62306,25.61,477.0,,1.85,False,False,True,False,J212700.31+102618.4,,DESI J212700.21+102610.0,p,"--,WAT",28.09,17.68,0.61,154.3,71.5,68,,WH J212700.2+102610,0.6343,p,2385.0,0.0,0.0,0.519,18.65,0.86,6.0
321.795,-1.45594,0.17618,24.84,120.0,,1.23,False,True,True,False,J212710.47-012713.1,f,WISEA J212710.79-012721.3,s,"FR-II,WAT",77.25,43.32,0.76,93.7,15.4,39,,AMF J212710.5-012656,0.1771,s,754.0,26.0,81.0,0.818,38.54,1.73,23.0
321.84384,0.71601,0.13592,23.92,72.0,,1.07,False,False,True,False,J212722.73+004303.0,f,WISEA J212722.52+004257.6,s,"--,WAT",16.38,9.8,0.67,122.7,30.0,29,,,,,,,,,,,
321.8555,10.30952,0.18164,24.79,218.0,,1.25,False,True,False,True,J212724.99+101848.8,,DESI J212725.32+101834.3,p,"FR-II,NAT",60.94,25.1,1.16,83.8,5.5,69,,WHL J212732.0+101831,0.4592,p,1812.0,98.0,590.0,0.589,24.26,1.1,14.0
321.95335,11.6885,1.20324,25.9,153.0,,,False,True,True,False,J212748.95+114121.4,,DESI J212748.80+114118.6,p,"FR-II,WAT",10.66,5.79,0.8,142.8,70.5,18,,CFSFDP J212744.6+114230,0.8476,p,3005.0,95.0,749.0,0.519,23.75,1.08,10.0
322.01722,4.29401,0.18914,25.33,179.0,,1.28,True,False,False,True,J212804.85+041751.6,,WISEA J212804.13+041738.4,s,"FR-I,NAT",195.09,89.37,1.02,74.4,42.1,55,,redMaPPer J212804.1+041738,0.1891,s,802.0,0.0,0.0,0.726,27.14,1.23,17.0
322.0976,1.59347,0.38601,25.98,222.0,8.98,1.84,True,False,True,False,J212823.33+013546.2,,DESI J212823.42+013536.5,p,"FR-I,WAT",177.03,86.65,0.94,119.7,23.5,41,-24.28,AMF J212823.4+013536,0.3891,s,1566.0,0.0,0.0,1.511,306.93,12.95,176.0
322.12727,1.51886,0.33812,24.98,199.0,,1.69,False,True,True,False,J212830.65+013107.2,,WISEA J212830.54+013107.9,s,"FR-II,WAT",29.51,24.51,0.24,163.4,122.1,40,,NSC J212831+012954,0.1615,p,690.0,76.0,219.0,,,,
322.27047,10.56597,,,,,,False,True,True,False,J212904.91+103357.5,,,,"FR-II,WAT",64.48,31.41,0.94,149.7,30.7,40,,,,,,,,,,,
322.48204,0.13316,0.0443,23.25,36.0,,0.96,False,False,True,False,J212955.74+000757.6,,DESI J212955.69+000759.4,p,"--,WAT",35.73,13.47,1.28,160.5,77.4,40,,GMBCG J322.48073+00.13372,0.276,p,1145.0,5.0,22.0,,,,
322.59836,-0.04929,0.13343,24.34,81.0,8.4,1.1,True,False,False,True,J213023.09-000307.8,,WISEA J213023.60-000257.4,s,"FR-I,NAT",41.48,15.16,1.32,53.4,,33,-22.02,maxBCG J213027.0-000024,0.1375,s,591.0,161.0,406.0,0.963,59.98,2.66,28.0
322.97102,-5.932,0.09115,24.34,91.0,,1.04,False,True,False,True,J213153.53-055604.8,f,DESI J213153.04-055555.2,p,"FR-II,NAT",91.68,26.56,1.63,87.5,17.9,52,,WH J213155.7-055521,0.3168,p,1300.0,52.0,249.0,0.559,18.05,0.83,6.0
323.98727,-1.50714,0.32534,25.34,233.0,,1.68,False,False,True,False,J213556.12-013029.3,,DESI J213556.95-013025.7,p,"--,WAT",53.33,19.04,1.35,136.7,44.3,48,,AMF J213556.9-013026,0.3158,s,1296.0,0.0,0.0,0.737,33.74,1.52,24.0
324.055,3.15091,0.13069,,101.0,,1.06,False,False,False,True,J213613.32+030856.8,,DESI J213613.20+030903.3,p,"--,NAT",140.53,,,78.2,11.1,42,,AMF J213613.2+030903,0.132,s,568.0,0.0,0.0,0.866,46.44,2.07,27.0
324.18138,10.36135,0.28725,25.23,138.0,8.71,1.6,True,False,False,True,J213644.13+102147.2,,WISEA J213643.53+102140.8,s,"FR-I,NAT",62.23,31.48,0.89,71.8,20.7,31,-22.91,WHL J213643.4+102228,0.2952,s,1218.0,48.0,219.0,1.127,111.26,4.84,60.0
324.35937,-1.57088,0.28968,24.9,103.0,,1.61,False,True,False,True,J213726.45-013409.0,f,DESI J213726.25-013415.2,p,"FR-II,NAT",27.68,12.56,1.04,61.9,6.5,23,,WH J213726.3-013415,0.2806,p,1162.0,0.0,0.0,0.485,11.84,0.55,6.0
324.94277,10.14108,0.22563,25.07,161.0,8.73,1.43,False,True,False,True,J213946.24+100840.6,f,WISEA J213946.26+100827.8,s,"FR-II,NAT",73.36,35.7,0.95,49.3,13.6,43,-22.96,CLuMPR J213946.3+100828,0.2256,s,948.0,0.0,0.0,0.634,19.63,0.9,10.0
324.97347,10.8004,0.29483,24.74,141.0,,1.57,False,False,True,False,J213953.84+104805.3,,DESI J213953.63+104801.4,p,"--,WAT",18.32,8.45,1.02,135.0,77.0,31,,maxBCG J213950.3+104750,0.2962,s,1222.0,50.0,229.0,0.872,55.56,2.47,37.0
324.99061,11.0546,0.38776,25.52,267.0,8.52,1.94,False,True,True,False,J213958.21+110320.9,,WISEA J213957.74+110316.5,s,"FR-II,WAT",63.81,36.06,0.75,160.0,372.6,49,-23.57,WHL J213957.7+110316,0.3878,s,1561.0,0.0,0.0,0.833,54.26,2.41,27.0
325.2942,8.35902,0.29313,25.56,127.0,,1.4,False,False,True,False,J214110.75+082133.5,,DESI J214110.61+082132.5,p,"--,WAT",126.88,62.43,0.93,119.2,13.2,28,,Y21 J214117.3+082028,0.7901,p,2846.0,119.0,917.0,0.599,26.9,1.22,11.0
325.47678,-3.8006,,,,,,False,True,True,False,J214154.43-034802.2,,,,"FR-II,WAT",11.18,6.36,0.74,160.2,33.5,29,,,,,,,,,,,
325.51452,10.28942,,,,,,False,False,True,False,J214204.26+101656.9,f,DESI J214203.49+101721.9,,"--,WAT",230.02,55.99,1.85,95.9,36.1,88,,WHL J214156.4+101822,0.0797,s,348.0,121.0,189.0,0.835,31.84,1.44,23.0
325.65034,-5.82762,,,,,,False,False,True,False,J214236.08-054939.4,f,,,"--,WAT",52.15,18.53,1.36,154.4,32.6,50,,,,,,,,,,,
325.85737,1.9801,1.16868,26.6,212.0,,0.61,False,False,False,True,J214325.80+015849.8,,DESI J214325.77+015848.3,p,"--,NAT",54.47,28.14,0.87,20.7,26.3,25,,,,,,,,,,,
325.93322,-0.4365,,,,,0.86,False,False,True,False,J214343.97-002611.4,,,,"--,WAT",15.54,11.51,0.39,95.9,,29,,,,,,,,,,,
326.04903,3.9821,1.31085,27.05,353.0,,0.51,False,False,True,False,J214411.74+035857.5,,SDSS J214411.76+035855.5,s,"--,WAT",101.69,46.32,1.03,113.1,16.4,41,,Y21 J214417.2+035728,0.6586,s,2460.0,120.0,863.0,0.662,33.01,1.49,16.0
326.26888,-6.98546,0.3153,25.38,286.0,,1.67,True,False,True,False,J214504.09-065930.7,f,WISEA J214504.53-065907.6,s,"FR-I,WAT",66.22,26.55,1.2,151.8,31.1,60,,CFSFDP J214504.5-065908,0.3153,s,1294.0,0.0,0.0,0.638,23.45,1.07,10.0
326.28597,4.46959,,,,,,False,True,True,False,J214508.63+042810.5,,,,"FR-II,WAT",24.56,3.16,2.69,133.8,15.6,29,,,,,,,,,,,
326.32823,11.25759,0.54811,26.63,396.0,,-0.2,False,False,True,False,J214519.04+111506.1,,[HB89] 2142+110,s,"--,WAT",403.13,265.49,0.55,120.0,,60,,WH J214512.9+111515,0.3803,p,1534.0,87.0,469.0,0.474,15.0,0.69,6.0
326.53268,-1.8085,,,,,,False,False,True,False,J214607.84-014830.6,,,,"--,WAT",13.88,11.58,0.24,93.3,10.7,29,,,,,,,,,,,
326.7461,1.83207,0.37212,25.43,132.0,9.04,1.89,False,False,True,False,J214659.17+014957.0,,WISEA J214659.06+014955.4,s,"--,WAT",59.76,38.18,0.59,101.5,7.6,25,-22.87,WHL J214658.6+014954,0.3723,s,1505.0,7.0,37.0,0.656,28.92,1.31,10.0
326.78476,-1.23283,,,,,1.83,False,False,True,False,J214708.34-011358.2,,,,"--,WAT",14.81,7.01,0.98,142.0,11.3,20,,,,,,,,,,,
326.79743,12.2544,0.46975,25.23,158.0,,1.96,False,False,True,False,J214711.51+121519.0,f,DESI J214711.38+121515.8,p,"--,WAT",23.08,15.33,0.54,152.4,51.3,26,,,,,,,,,,,
326.80617,-3.94342,0.84309,25.99,196.0,,0.06,True,False,True,False,J214713.78-035637.1,,DESI J214713.48-035636.3,p,"FR-I,WAT",40.04,30.96,0.34,136.6,17.6,25,,,,,,,,,,,
327.00539,-8.42429,0.1346,24.68,165.0,8.03,1.1,False,False,True,False,J214801.50-082519.8,f,WISEA J214801.28-082528.4,s,"--,WAT",90.57,35.14,1.24,149.0,56.7,67,-22.67,GMBCG J214756.3-082310,0.1995,s,844.0,156.0,532.0,0.704,27.79,1.26,14.0
327.37467,11.04273,0.9872,26.42,238.0,,0.44,True,False,True,False,J214930.00+110234.2,,DESI J214929.92+110233.8,p,"FR-I,WAT",68.58,46.45,0.51,128.6,18.3,29,,,,,,,,,,,
327.82567,2.69163,,,,,,False,True,True,False,J215118.16+024129.9,,,,"FR-II,WAT",10.04,8.37,0.24,149.7,18.3,24,,,,,,,,,,,
327.91099,3.85225,0.66029,25.66,115.0,,1.94,False,False,False,True,J215138.52+035114.9,,SDSS J215138.63+035108.0,s,"--,NAT",22.21,9.9,1.06,33.0,5.4,16,,WHL J215138.6+035108,0.6604,s,2465.0,0.0,0.0,0.701,44.06,1.97,15.0
327.9273,-0.82863,0.80414,25.84,162.0,9.3,2.17,True,False,True,False,J215142.65-004944.4,,WISEA J215142.55-004943.0,s,"FR-I,WAT",23.81,12.66,0.83,164.6,21.5,21,-24.07,WH22 J215142.5-004943,0.8042,s,2885.0,0.0,0.0,0.633,34.13,1.54,13.0
328.21092,9.13328,0.10881,24.76,92.0,,1.03,False,False,True,False,J215250.30+090813.8,f,WISEA J215250.62+090759.7,s,"--,WAT",170.23,60.26,1.36,95.6,16.3,45,,AMF J215250.6+090800,0.1086,s,470.0,0.0,0.0,0.734,23.33,1.06,18.0
328.26504,3.33554,0.25705,24.79,252.0,,1.56,False,False,True,False,J215303.42+032003.0,,WISEA J215303.61+032007.9,s,"--,WAT",35.48,34.18,0.05,151.5,41.4,61,,WHL J215306.0+032126,0.2587,s,1078.0,86.0,357.0,0.742,30.11,1.36,12.0
328.35363,0.42426,0.44445,25.46,271.0,8.68,1.91,False,True,True,False,J215324.66+002521.6,,WISEA J215324.87+002527.3,s,"FR-II,WAT",37.61,18.3,0.95,159.1,79.5,46,-22.98,WHL J215324.8+002527,0.445,s,1763.0,0.0,0.0,0.751,40.67,1.82,15.0
328.517,2.12,0.22566,25.03,105.0,,1.44,False,False,True,False,J215404.26+020717.3,,WISEA J215404.12+020711.8,s,"--,WAT",66.93,33.07,0.93,103.6,12.4,28,,AMF J215401.6+020707,0.2265,s,952.0,38.0,143.0,0.827,44.2,1.98,32.0
328.71137,14.50534,0.47638,25.41,215.0,,1.97,False,False,True,False,J215450.70+143020.1,,DESI J215450.73+143019.2,p,"--,WAT",32.47,19.68,0.66,165.2,52.4,35,,WHL J215450.7+143019,0.4812,p,1888.0,0.0,0.0,0.892,69.2,3.05,36.0
328.84398,-3.51866,1.03403,26.05,357.0,,0.37,False,False,True,False,J215522.31-033109.0,,WISEA J215522.53-033107.2,s,"--,WAT",20.87,11.04,0.84,159.5,60.3,43,,WH J215522.7-033136,0.9791,p,3349.0,29.0,238.0,0.392,10.24,0.48,6.0
328.85906,8.78011,0.15014,25.23,149.0,,1.12,False,False,True,False,J215525.51+084643.2,f,WISEA J215526.17+084648.3,s,"--,WAT",249.22,95.91,1.25,135.6,102.8,55,,CFSFDP J215520.4+084442,0.4386,s,1741.0,152.0,892.0,0.442,13.91,0.64,7.0
328.86045,12.474,0.35123,24.96,143.0,8.98,1.85,False,False,True,False,J215526.93+122825.8,,SDSS J215526.50+122826.4,s,"--,WAT",21.53,11.55,0.82,130.8,14.8,28,-23.02,WHL J215526.5+122826,0.3525,s,1432.0,0.0,0.0,0.848,54.65,2.43,28.0
328.92492,12.52464,0.19306,25.8,159.0,,1.33,True,False,True,False,J215542.54+123125.8,f,WISEA J215541.98+123128.6,s,"FR-I,WAT",530.84,205.2,1.25,99.7,19.8,48,,maxBCG J215542.0+123128,0.1931,s,819.0,0.0,0.0,1.187,115.55,5.02,68.0
329.17141,-6.53075,0.89775,25.92,216.0,,0.56,False,False,False,True,J215640.78-063156.1,,DESI J215641.14-063150.7,p,"--,NAT",23.56,13.61,0.72,73.0,12.1,27,,WHL J215637.9-063151,0.6137,p,2321.0,48.0,335.0,0.51,10.97,0.57,3.0
329.20781,-8.30295,1.69979,27.63,408.0,,0.24,False,True,True,False,J215649.97-081813.3,,DESI J215649.88-081810.6,p,"FR-II,WAT",193.87,85.82,1.07,158.1,73.0,47,,,,,,,,,,,
329.25716,-7.83957,0.06203,24.63,98.0,,0.91,False,True,False,True,J215701.99-075028.8,j,WISEA J215701.71-075022.4,s,"FR-II,NAT",426.79,178.81,1.14,41.3,15.2,79,,AMF J215701.7-075023,0.062,s,272.0,0.0,0.0,0.889,45.54,2.04,44.0
329.38104,0.63257,0.39062,26.23,438.0,,1.83,False,False,True,False,J215731.49+003755.2,,WISEA J215731.45+003757.2,s,"--,WAT",244.59,72.97,1.59,114.7,59.4,80,,WaZP J215734.8+003710,0.6688,p,2491.0,69.0,499.0,0.401,11.69,0.54,7.0
329.43024,6.8226,0.62604,26.68,344.0,,0.81,False,False,True,False,J215743.11+064927.5,,WISEA J215743.25+064921.3,s,"--,WAT",257.03,111.15,1.1,135.8,36.1,49,,WH J215751.8+064836,0.9769,p,3344.0,135.0,1107.0,0.491,18.57,0.85,7.0
329.47311,2.41255,0.96352,26.27,294.0,,,False,True,True,False,J215753.25+022448.0,,DESI J215753.55+022445.2,p,"FR-II,WAT",43.94,24.74,0.75,153.5,38.1,36,,WH J215742.5+022419,0.7296,s,2672.0,167.0,1251.0,0.541,20.34,0.93,8.0
329.50083,10.30401,0.17828,24.45,121.0,,1.37,False,True,True,False,J215800.00+101811.3,,DESI J215800.20+101814.5,p,"FR-II,WAT",25.68,6.58,1.79,148.6,109.6,39,,,,,,,,,,,
329.68198,2.95844,0.28745,25.13,174.0,,1.55,False,True,False,True,J215843.22+025734.8,,SDSS J2158+0257 FG,s,"FR-II,NAT",52.13,30.86,0.69,68.9,28.4,39,,WHL J215843.7+025730,0.2865,s,1185.0,0.0,0.0,0.759,38.2,1.72,26.0
329.72152,-5.12847,0.29049,25.48,351.0,,1.51,False,True,True,False,J215853.13-050723.4,f,DESI J215853.16-050742.5,p,"FR-II,WAT",94.98,32.07,1.42,128.1,18.3,78,,WHL J215853.2-050742,0.3174,p,1302.0,0.0,0.0,0.83,48.24,2.15,17.0
329.75482,6.46215,,,,,,False,True,True,False,J215901.16+062743.7,,,,"FR-II,WAT",7.99,0.4,3.93,151.4,23.7,29,,,,,,,,,,,
329.81516,-2.1904,0.30568,25.33,233.0,,1.75,False,False,True,False,J215916.29-021136.0,,WISEA J215915.63-021125.4,s,"--,WAT",60.23,20.82,1.39,119.8,33.9,50,,AMF J215915.6-021126,0.3057,s,1258.0,0.0,0.0,0.7,30.65,1.39,13.0
329.84785,3.98082,0.45021,25.46,148.0,,2.0,False,True,True,False,J215923.53+035855.7,,SDSS J215923.48+035850.9,s,"FR-II,WAT",38.81,20.58,0.83,124.7,13.6,25,,AMF J215916.6+035655,0.3294,s,1347.0,155.0,761.0,0.6,18.25,0.84,10.0
330.07244,-0.02614,0.61184,25.22,215.0,,-0.06,False,False,True,False,J220017.21-000136.0,,WISEA J220017.38-000134.0,s,"--,WAT",16.8,17.97,-0.09,159.0,58.6,31,,,,,,,,,,,
330.12433,0.90384,0.81153,25.82,287.0,,1.13,False,False,True,False,J220030.05+005413.8,,DESI J220029.84+005413.8,p,"--,WAT",21.4,10.91,0.88,141.5,31.6,37,,WH22 J220032.7+005652,1.2164,p,3906.0,164.0,1401.0,0.548,33.39,1.51,11.0
330.19196,-4.40079,1.0781,26.27,226.0,,2.29,False,False,True,False,J220045.71-042358.7,,DESI J220046.07-042402.8,p,"--,WAT",23.39,9.0,1.25,161.0,18.2,27,,Y21 J220039.0-042453,0.5429,p,2094.0,116.0,763.0,0.521,15.8,0.73,6.0
330.27726,-0.42369,0.65055,25.84,350.0,8.57,1.51,False,False,True,False,J220106.41-002521.6,,WISEA J220106.54-002525.2,s,"--,WAT",40.02,22.06,0.78,157.9,73.3,49,-22.86,WaZP J220107.4-002524,0.6505,s,2435.0,13.0,93.0,0.543,19.97,0.91,8.0
330.41464,-4.85867,,,,,,False,True,True,False,J220139.51-045131.2,f,,,"FR-II,WAT",22.86,14.58,0.59,150.4,68.3,61,,,,,,,,,,,
330.45356,1.80388,0.41884,24.83,114.0,,1.79,False,True,True,False,J220148.85+014818.0,,DESI J220148.85+014814.0,p,"FR-II,WAT",12.48,9.3,0.39,131.5,18.9,20,,Y21 J220148.9+014814,0.4147,p,1657.0,0.0,0.0,0.516,13.93,0.65,9.0
330.52033,-1.01716,0.17734,24.78,155.0,8.67,1.3,True,False,True,False,J220205.22-010057.0,f,WISEA J220204.87-010101.7,s,"FR-I,WAT",65.74,37.17,0.75,137.2,38.3,50,-22.5,WHL J220204.9-010101,0.1773,s,755.0,0.0,0.0,0.64,17.41,0.8,20.0
331.25224,-1.01533,,,,,,False,True,True,False,J220500.54-010055.2,,,,"FR-II,WAT",47.39,25.15,0.83,130.8,16.7,32,,,,,,,,,,,
331.31245,-8.81736,0.88695,26.04,263.0,,0.9,False,True,True,False,J220515.23-084901.6,,DESI J220514.99-084902.5,p,"FR-II,WAT",37.16,25.76,0.48,168.3,56.0,33,,,,,,,,,,,
331.34472,-5.54052,0.05432,23.55,21.0,,,False,False,False,True,J220523.29-053220.9,,WISEA J220522.73-053225.8,s,"--,NAT",43.31,5.95,2.6,76.6,9.8,20,,WHL J220518.2-053325,0.1525,p,653.0,90.0,247.0,0.685,24.4,1.11,6.0
331.50995,-3.90894,1.62625,26.08,252.0,,0.33,False,True,False,True,J220602.56-035430.9,,DESI J220602.39-035432.2,p,"FR-II,NAT",7.95,4.31,0.8,23.6,3.6,29,,,,,,,,,,,
331.67935,-0.36725,1.08063,26.2,276.0,,,False,True,True,False,J220643.13-002203.6,,DESI J220643.04-002202.1,p,"FR-II,WAT",26.72,14.25,0.82,160.9,38.2,33,,WH J220639.6-002248,1.3999,p,4289.0,68.0,589.0,0.471,18.89,0.87,6.0
331.8613,6.39359,0.4118,25.85,186.0,8.69,1.88,False,False,True,False,J220726.74+062337.2,,WISEA J220726.71+062336.9,s,"--,WAT",100.98,39.62,1.23,106.7,8.8,33,-22.79,,,,,,,,,,
331.87972,-1.04733,,,,,,False,False,True,False,J220731.13-010250.4,f,,,"--,WAT",12.7,5.51,1.1,134.5,19.2,34,,,,,,,,,,,
332.21674,-0.45566,,,,,,False,True,True,False,J220852.02-002720.4,,,,"FR-II,WAT",13.74,6.67,0.95,138.2,11.6,24,,,,,,,,,,,
332.52039,-1.86189,0.37248,25.28,223.0,9.01,1.92,False,True,True,False,J221005.08-015143.2,,DESI J221004.89-015142.8,p,"FR-II,WAT",37.9,18.32,0.95,168.7,191.3,42,-23.54,AMF J221004.9-015143,0.3657,s,1481.0,0.0,0.0,0.879,60.18,2.67,32.0
332.79875,12.56033,0.25283,24.74,102.0,8.62,1.47,True,False,True,False,J221112.17+123335.2,,WISEA J221111.70+123337.1,s,"FR-I,WAT",26.67,13.02,0.94,123.2,16.2,25,-22.88,AMF J221111.7+123337,0.2528,s,1055.0,0.0,0.0,0.788,39.46,1.77,20.0
333.34302,-8.96846,0.27728,24.94,126.0,,1.48,True,False,True,False,J221322.64-085801.8,,DESI J221322.32-085806.5,p,"FR-I,WAT",39.65,29.99,0.37,107.5,12.9,29,,WHL J221334.0-085808,0.2795,s,1158.0,173.0,759.0,0.759,32.99,1.49,14.0
333.65176,-3.83383,0.37368,25.33,282.0,,1.87,True,False,True,False,J221436.75-034957.4,,DESI J221436.42-035001.8,p,"FR-I,WAT",40.97,18.41,1.05,142.7,56.3,53,,AMF J221434.7-035009,0.3556,p,1444.0,27.0,139.0,0.738,38.87,1.75,17.0
333.7574,-5.42159,0.08893,24.67,122.0,,1.02,False,True,True,False,J221501.89-052506.8,,WISEA J221501.77-052517.7,s,"FR-II,WAT",219.29,99.32,1.04,146.0,44.0,71,,WH J221501.8-052518,0.0958,p,416.0,0.0,0.0,0.572,16.74,0.77,8.0
333.88471,4.37041,1.10452,25.95,193.0,,,False,False,True,False,J221532.23+042216.1,,DESI J221532.33+042213.5,p,"--,WAT",18.58,12.93,0.48,149.9,34.0,23,,,,,,,,,,,
333.95615,-7.96113,0.21495,24.42,86.0,,1.4,False,False,True,False,J221549.58-075741.3,f,WISEA J221549.47-075740.0,s,"--,WAT",20.29,14.13,0.47,156.9,37.7,24,,GMBCG J221549.5-075740,0.215,s,906.0,0.0,0.0,0.791,30.2,1.37,16.0
334.06012,5.55494,0.40414,25.06,95.0,,1.9,False,False,False,True,J221614.45+053322.2,,DESI J221614.43+053317.8,p,"--,NAT",20.06,10.89,0.8,86.2,14.2,17,,WHL J221615.6+053245,0.3968,s,1593.0,37.0,205.0,0.577,22.09,1.01,10.0
334.17855,8.195,,,,,,False,False,True,False,J221642.85+081142.0,,,,"--,WAT",30.69,17.62,0.73,131.4,109.0,26,,,,,,,,,,,
334.25007,-4.58892,1.33853,26.41,267.0,,0.62,False,True,True,False,J221700.10-043515.6,,DESI J221700.02-043520.1,p,"FR-II,WAT",27.97,15.63,0.76,132.8,25.7,31,,Y21 J221649.6-043440,0.6097,p,2308.0,161.0,1119.0,0.521,17.99,0.83,13.0
334.42962,-4.9216,,,,,,False,True,True,False,J221743.11-045517.7,,,,"FR-II,WAT",81.49,47.21,0.72,151.1,21.0,29,,,,,,,,,,,
334.52981,2.50941,0.90236,26.27,216.0,,1.11,False,True,True,False,J221807.48+023033.4,f,DESI J221807.15+023033.9,p,"FR-II,WAT",39.94,16.71,1.14,101.9,7.7,27,,,,,,,,,,,
334.62719,7.00815,0.1473,24.69,133.0,,1.26,False,False,False,True,J221830.88+070034.0,,DESI J221830.53+070029.3,p,"--,NAT",77.38,34.56,1.06,45.3,5.6,50,,AMF J221830.5+070029,0.1432,s,615.0,0.0,0.0,0.827,41.26,1.85,19.0
334.65585,-8.44077,,,,,,False,True,True,False,J221837.40-082626.8,,,,"FR-II,WAT",59.92,19.38,1.48,162.5,33.3,30,,,,,,,,,,,
334.67829,-9.36075,0.18635,25.27,284.0,8.71,1.28,False,True,True,False,J221842.26-092123.2,,WISEA J221842.78-092138.6,s,"FR-II,WAT",151.97,35.37,1.91,128.1,33.2,88,-22.78,RM J221842.8-092138.8,0.1782,p,758.0,0.0,0.0,,,,
334.71682,-3.59358,1.45885,28.16,347.0,,0.33,False,False,True,False,J221852.25-033528.1,,DESI J221852.04-033536.9,p,"--,WAT",2283.25,2087.47,0.12,115.0,21.3,40,,,,,,,,,,,
334.88152,8.49503,2.63797,27.53,326.0,,0.11,False,False,True,False,J221931.58+082948.6,,DESI J221931.57+082942.1,p,"--,WAT",90.18,55.22,0.64,146.5,40.6,40,,WH J221942.4+082931,0.5183,s,2013.0,162.0,1041.0,0.641,32.38,1.46,12.0
335.03899,9.43461,0.28437,25.26,119.0,,1.56,False,True,True,False,J222009.29+092605.9,,DESI J222009.36+092604.6,p,"FR-II,WAT",70.69,38.41,0.8,158.7,,27,,AMF J222008.5+092355,0.262,s,1091.0,130.0,545.0,1.282,154.88,6.67,80.0
335.04907,9.00823,0.6258,26.49,267.0,,-0.14,False,True,True,False,J222011.67+090031.1,,DESI J222011.78+090029.6,p,"FR-II,WAT",176.24,83.81,0.98,151.3,41.3,38,,CFSFDP J222017.2+090123,0.5079,s,1978.0,96.0,610.0,0.5,15.75,0.73,10.0
335.11689,-6.13411,,,,,1.9,False,False,True,False,J222028.05-060802.8,,,,"--,WAT",26.52,15.5,0.7,164.4,33.5,28,,,,,,,,,,,
335.21497,0.97104,0.31818,25.54,163.0,,1.71,True,False,False,True,J222052.26+005813.1,a,WISEA J222051.59+005815.7,s,"FR-I,NAT",99.37,47.4,0.97,49.8,8.6,34,,maxBCG J222049.7+005934,0.2757,s,1144.0,83.0,361.0,0.644,21.95,1.0,20.0
335.32006,-7.79514,0.47512,25.82,294.0,,1.76,False,False,True,False,J222117.14-074740.4,f,DESI J222116.81-074742.5,p,"--,WAT",84.04,52.24,0.62,116.2,23.5,48,,,,,,,,,,,
335.41257,-6.53089,0.3819,25.24,221.0,,1.86,False,True,True,False,J222139.39-063145.4,,DESI J222139.02-063151.2,p,"FR-II,WAT",34.62,19.84,0.73,121.5,26.2,41,,AMF J222139.0-063151,0.4122,p,1648.0,0.0,0.0,1.004,90.33,3.96,47.0
335.60485,-4.72178,0.15398,24.39,96.0,,1.2,False,False,False,True,J222225.43-044310.8,,DESI J222225.16-044318.4,p,"--,NAT",35.07,15.99,1.03,22.4,175.3,35,,WHL J222227.4-044509,0.1488,p,638.0,116.0,312.0,0.687,19.91,0.91,14.0
335.76576,4.91337,0.45655,26.4,498.0,,1.8,True,False,True,False,J222303.96+045450.9,,WISEA J222303.78+045448.1,s,"FR-I,WAT",246.28,73.53,1.59,152.3,113.9,83,,WHL J222303.8+045448,0.4566,s,1803.0,0.0,0.0,0.678,33.41,1.51,13.0
335.87798,2.77173,1.2175,26.53,239.0,,0.4,False,False,True,False,J222330.67+024621.5,,DESI J222330.71+024618.2,p,"--,WAT",43.7,23.37,0.82,101.3,18.2,28,,WH21 J222333.5+024642,0.4012,s,1609.0,48.0,267.0,0.531,18.47,0.85,7.0
335.8792,8.77026,1.28399,27.04,567.0,,0.34,False,True,True,False,J222331.44+084606.9,,DESI J222331.01+084612.9,p,"FR-II,WAT",93.51,38.95,1.15,152.8,80.6,66,,,,,,,,,,,
335.94813,-2.02848,0.08283,25.35,90.0,,1.47,False,True,True,False,J222347.14-020133.5,,DESI J222347.55-020142.5,p,"FR-II,WAT",1153.16,297.67,1.78,112.7,,56,,WH J222349.6-020001,0.6373,s,2394.0,106.0,752.0,0.485,13.13,0.61,6.0
335.95776,14.97494,0.40117,25.41,311.0,8.69,1.85,False,True,True,False,J222349.94+145827.6,,SDSS J222349.86+145829.7,s,"FR-II,WAT",45.8,26.32,0.73,143.8,60.1,56,-23.56,WHL J222349.9+145830,0.4012,s,1609.0,0.0,0.0,0.741,37.02,1.66,13.0
336.09186,1.44087,0.2932,25.12,122.0,,1.61,True,False,False,True,J222421.75+012637.1,f,WISEA J222422.04+012627.1,s,"FR-I,NAT",45.92,22.73,0.92,51.0,8.2,27,,AMF J222422.0+012627,0.2914,s,1204.0,0.0,0.0,0.783,42.49,1.9,17.0
336.16924,10.96776,,,,,1.57,False,True,True,False,J222440.62+105803.9,,,,"FR-II,WAT",23.74,11.1,1.0,115.0,18.7,33,,,,,,,,,,,
336.30177,14.16116,,,,,,False,False,True,False,J222512.42+140940.2,,,,"--,WAT",86.31,36.01,1.15,157.7,40.1,36,,,,,,,,,,,
336.63027,-0.53868,0.67792,25.74,363.0,,1.88,False,False,True,False,J222631.26-003215.0,,DESI J222631.26-003219.3,p,"--,WAT",28.96,16.25,0.76,151.9,43.9,50,,,,,,,,,,,
336.64915,-9.2894,0.56675,25.02,114.0,,2.02,False,False,True,False,J222635.72-091718.2,,DESI J222635.80-091721.8,p,"--,WAT",9.52,6.44,0.51,110.6,12.7,17,,CFSFDP J222635.8-091722,0.5614,p,2154.0,0.0,0.0,0.535,16.82,0.77,9.0
336.68948,1.42156,0.20935,25.09,177.0,8.66,1.37,False,False,True,False,J222645.32+012507.1,,WISEA J222645.47+012517.6,s,"--,WAT",85.67,33.46,1.23,124.8,36.4,50,-22.56,AMF J222645.9+012506,0.208,s,878.0,13.0,46.0,0.807,43.0,1.93,27.0
337.03147,4.11263,0.53583,25.08,176.0,8.25,1.9,False,True,True,False,J222807.86+040649.2,,WISEA J222807.55+040645.4,s,"FR-II,WAT",11.33,6.62,0.71,137.9,62.3,27,-22.46,,,,,,,,,,
337.26803,8.38931,,,,,,False,True,True,False,J222904.33+082321.5,,,,"FR-II,WAT",262.9,113.69,1.1,169.9,88.7,84,,,,,,,,,,,
337.43199,-1.66248,0.44342,26.08,312.0,,1.67,False,False,True,False,J222943.88-013940.1,,DESI J222943.68-013944.9,p,"--,WAT",136.93,49.36,1.34,159.7,26.7,53,,CFSFDP J222945.1-013915,0.4377,s,1738.0,37.0,217.0,0.562,14.45,0.67,8.0
337.46366,-5.25213,0.18816,24.91,192.0,,1.27,False,False,True,False,J222951.22-051507.5,,DESI J222951.28-051507.7,p,"--,WAT",68.07,20.68,1.56,159.1,60.0,59,,AMF J222951.3-051508,0.1806,p,768.0,0.0,0.0,0.714,21.7,0.99,21.0
337.5863,9.4045,0.23586,24.9,108.0,,0.8,False,False,True,False,J223020.55+092415.8,,DESI J223020.71+092416.2,p,"--,WAT",52.13,42.81,0.26,149.3,21.7,28,,,,,,,,,,,
337.77819,3.79927,0.90992,25.91,330.0,,0.78,False,True,True,False,J223106.79+034802.4,,DESI J223106.77+034757.4,p,"FR-II,WAT",27.06,19.98,0.4,146.5,58.4,41,,CAMIRA J223103.9+034732,0.4822,s,1891.0,50.0,309.0,0.624,25.34,1.15,13.0
337.80499,-9.44203,0.25206,25.04,244.0,,1.51,False,False,True,False,J223113.51-092625.8,,WISEA J223113.19-092631.2,s,"--,WAT",53.29,26.6,0.91,138.8,53.7,60,,WHL J223113.2-092632,0.2521,s,1052.0,0.0,0.0,0.811,41.38,1.85,13.0
338.01029,10.55897,,,,,1.49,False,False,True,False,J223202.47+103332.3,,,,"--,WAT",58.32,42.7,0.41,118.9,19.2,40,,,,,,,,,,,
338.281,3.74554,1.17739,26.77,204.0,,0.34,False,False,True,False,J223307.50+034447.8,,SDSS J223307.43+034443.9,s,"--,WAT",82.08,44.36,0.81,102.0,11.4,24,,WH J223306.1+034348,0.0849,s,370.0,59.0,98.0,0.453,10.17,0.48,6.0
338.29977,10.48573,1.10053,26.58,252.0,,,False,True,True,False,J223311.89+102907.2,,DESI J223311.95+102908.6,p,"FR-II,WAT",60.51,31.85,0.84,140.4,19.7,30,,WH J223313.7+103107,0.6893,p,2553.0,121.0,886.0,0.427,11.48,0.53,6.0
338.59247,-10.29617,0.6598,26.17,410.0,,,False,False,True,False,J223422.25-101746.2,,DESI J223422.19-101746.2,p,"--,WAT",73.36,33.7,1.02,162.8,49.1,57,,,,,,,,,,,
338.60336,5.87836,0.16802,25.01,122.0,,1.25,False,True,False,True,J223424.21+055250.4,f,WISEA J223424.80+055242.0,s,"FR-II,NAT",122.82,60.04,0.94,68.7,13.2,41,,AMF J223423.6+055018,0.1666,s,711.0,145.0,429.0,1.229,150.07,6.47,106.0
338.76298,-9.15747,,,,,,True,False,True,False,J223503.12-090926.9,,,,"FR-I,WAT",24.41,15.57,0.59,152.8,15.7,22,,,,,,,,,,,
338.80773,-0.24358,0.14278,24.01,88.0,,0.73,False,True,True,False,J223513.85-001435.4,,2MASX J22351379-0014368,s,"FR-II,WAT",17.55,9.14,0.86,158.0,40.5,34,,,,,,,,,,,
338.98389,-0.251,0.24934,24.46,92.0,,1.44,False,True,False,True,J223556.34-001507.8,,WISEA J223556.13-001503.5,s,"FR-II,NAT",16.62,12.78,0.34,84.0,8.0,23,,WHL J223556.1-001411,0.2493,s,1041.0,53.0,214.0,0.741,31.67,1.43,17.0
339.07067,-10.01279,0.32964,25.01,211.0,8.39,1.73,False,True,True,False,J223616.33-100056.5,,WISEA J223616.96-100046.0,s,"FR-II,WAT",22.14,6.31,1.65,95.8,18.7,43,-23.06,,,,,,,,,,
339.09568,-5.5611,,,,,,False,True,True,False,J223622.96-053340.0,,,,"FR-II,WAT",69.23,27.35,1.22,154.1,28.7,31,,,,,,,,,,,
339.76119,-9.54564,,,,,,False,True,False,True,J223902.69-093244.3,"f,g,j",,,"FR-II,NAT",186.69,95.61,0.88,81.0,12.5,49,,,,,,,,,,,
339.89874,-3.373,0.23085,24.75,175.0,,1.43,False,False,True,False,J223936.39-032235.9,f,WISEA J223935.69-032222.7,s,"--,WAT",34.83,19.82,0.74,153.0,28.3,46,,CFSFDP J223935.9-032132,0.8079,p,2896.0,51.0,396.0,0.463,11.44,0.53,6.0
339.92433,-2.67029,0.65466,26.3,372.0,10.66,1.27,False,False,True,False,J223942.17-024013.8,,SDSS J223941.83-024013.0,s,"--,WAT",100.02,45.96,1.02,132.9,34.2,52,-22.85,,,,,,,,,,
340.12831,2.39345,0.44332,25.15,147.0,8.55,1.93,False,True,True,False,J224030.72+022334.2,,WISEA J224030.79+022336.4,s,"FR-II,WAT",24.07,19.57,0.27,132.1,13.9,25,-22.72,WHL J224030.8+022336,0.4433,s,1757.0,0.0,0.0,0.573,17.1,0.79,11.0
340.48629,9.95267,,,,,,False,False,True,False,J224156.71+095709.6,,,,"--,WAT",15.31,,,140.9,23.1,34,,,,,,,,,,,
341.07406,5.91613,,,,,0.97,False,False,True,False,J224417.77+055458.1,,,,"--,WAT",149.87,103.44,0.49,169.2,64.4,52,,,,,,,,,,,
341.73325,-1.20133,,,,,,False,True,True,False,J224655.98-011204.8,c,,,"FR-II,WAT",111.0,83.9,0.37,115.8,12.7,38,,,,,,,,,,,
341.89733,-4.46312,,,,,,False,True,True,False,J224735.36-042747.2,,,,"FR-II,WAT",24.7,14.59,0.69,154.0,38.5,46,,,,,,,,,,,
341.96194,0.34373,0.679,26.03,378.0,,2.05,False,False,True,False,J224750.82+002037.2,,DESI J224750.87+002037.4,p,"--,WAT",23.55,3.6,2.46,161.3,76.2,52,,WHL J224750.5+002120,0.6238,s,2352.0,43.0,302.0,0.698,42.95,1.92,17.0
342.05244,0.88133,0.41577,24.99,284.0,8.4,1.9,False,True,True,False,J224812.16+005249.1,f,WISEA J224812.58+005252.8,s,"FR-II,WAT",13.73,5.37,1.23,144.0,19.6,50,-22.3,GMBCG J224812.6+005253,0.4171,s,1665.0,0.0,0.0,0.504,14.78,0.68,9.0
342.25652,-9.66265,0.74101,25.76,399.0,,0.43,False,True,True,False,J224901.81-093942.5,,DESI J224901.56-093945.5,p,"FR-II,WAT",22.22,10.76,0.95,158.6,56.4,53,,WH J224856.2-093916,0.7286,p,2669.0,84.0,629.0,0.424,10.21,0.48,6.0
342.3833,6.88763,0.31962,25.41,81.0,9.04,1.61,False,False,False,True,J224932.30+065318.0,,WISEA J224931.99+065315.4,s,"--,NAT",61.25,18.21,1.59,89.8,6.8,17,-23.01,Y21 J224926.7+065209,0.6472,p,2425.0,103.0,735.0,0.616,31.77,1.44,12.0
342.39106,10.93259,0.20374,25.03,138.0,,1.42,False,False,True,False,J224933.67+105558.2,,WISEA J224933.85+105557.3,s,"--,WAT",86.27,44.38,0.87,140.1,28.7,40,,WHY18 J224933.9+105557,0.2042,s,863.0,0.0,0.0,0.702,25.36,1.15,12.0
342.6799,-1.71902,0.244,24.87,278.0,,1.49,False,True,True,False,J225043.17-014301.7,,WISEA J225043.17-014308.4,s,"FR-II,WAT",41.31,25.7,0.62,142.2,80.8,70,,WHL J225043.1-014309,0.2474,s,1034.0,1.0,4.0,0.833,43.35,1.94,32.0
342.69488,7.03475,0.20559,26.31,146.0,,1.1,False,True,True,False,J225046.90+070205.6,,DESI J225046.77+070205.1,p,"FR-II,WAT",1616.33,875.35,0.8,164.5,40.5,42,,,,,,,,,,,
342.696,-1.68808,0.10958,24.59,118.0,,1.1,True,False,True,False,J225047.01-014120.9,f,WISEA J225047.04-014117.0,s,"FR-I,WAT",112.13,39.56,1.37,152.4,39.3,57,,AMF J225048.3-014025,0.3826,s,1542.0,56.0,303.0,0.809,47.22,2.11,25.0
342.83603,-6.13104,0.64836,25.31,128.0,,1.84,False,False,True,False,J225120.84-060751.9,,DESI J225120.65-060751.7,p,"--,WAT",12.85,7.92,0.63,104.2,10.0,18,,,,,,,,,,,
342.84398,0.58677,0.15152,24.64,109.0,,1.22,False,False,True,False,J225122.73+003511.4,,WISEA J225122.55+003512.3,s,"--,WAT",67.33,38.99,0.72,151.4,22.0,40,,WH22 J225120.4+003745,0.5284,s,2046.0,156.0,1012.0,0.523,18.4,0.85,7.0
342.9997,12.13831,,,,,1.93,False,True,True,False,J225159.93+120817.9,,,,"FR-II,WAT",13.18,7.69,0.71,125.2,15.0,25,,,,,,,,,,,
343.49106,7.86584,0.39602,25.28,138.0,,1.88,False,False,True,False,J225358.07+075151.6,,WISEA J225357.85+075157.0,s,"--,WAT",31.67,14.33,1.04,138.7,16.0,25,,Y21 J225357.8+075157,0.396,s,1590.0,0.0,0.0,0.565,21.72,0.99,8.0
343.49266,10.49678,,,,,,False,True,True,False,J225358.24+102948.4,,,,"FR-II,WAT",15.72,9.98,0.6,141.0,34.2,50,,,,,,,,,,,
343.49943,-4.55428,1.22193,26.31,333.0,,0.61,False,True,True,False,J225400.29-043320.0,,DESI J225359.86-043315.4,p,"FR-II,WAT",25.65,13.59,0.83,142.9,25.5,39,,CFSFDP J225349.4-043159,0.8134,p,2911.0,174.0,1354.0,0.632,31.25,1.41,12.0
343.5941,14.48645,0.81138,26.17,412.0,,1.5,False,False,True,False,J225422.80+142917.3,,DESI J225422.58+142911.2,p,"--,WAT",46.7,23.32,0.91,131.6,50.8,53,,,,,,,,,,,
343.82689,-5.96652,0.66755,25.54,202.0,,1.78,False,False,True,False,J225518.42-055801.8,,DESI J225518.45-055759.5,p,"--,WAT",16.68,7.72,1.01,124.4,12.7,28,,Y21 J225518.5-055759,0.6601,p,2464.0,0.0,0.0,0.629,31.6,1.43,8.0
343.85698,-2.73296,1.36389,26.87,484.0,,,False,False,True,False,J225525.80-024354.0,,DESI J225525.68-024358.6,p,"--,WAT",42.71,14.11,1.45,157.2,85.1,56,,,,,,,,,,,
344.0689,-9.52995,,,,,0.73,False,True,True,False,J225616.54-093147.8,,,,"FR-II,WAT",33.92,15.62,1.02,162.0,24.8,33,,,,,,,,,,,
344.26536,14.44075,0.14365,25.01,109.0,9.22,1.75,False,False,False,True,J225704.34+142630.0,,DESI J225703.69+142626.7,p,"--,NAT",171.62,81.87,0.97,82.5,14.0,42,-23.73,,,,,,,,,,
344.3381,-1.1381,0.18102,24.96,262.0,,1.25,True,False,True,False,J225721.16-010837.8,,WISEA J225721.14-010817.1,s,"FR-I,WAT",85.77,29.07,1.42,158.0,16.7,83,,maxBCG J225721.7-010810,0.1817,s,773.0,11.0,35.0,0.8,38.03,1.71,17.0
344.57388,10.41138,0.44132,25.47,282.0,,2.06,False,True,True,False,J225817.56+102440.2,,WISEA J225817.73+102440.9,s,"FR-II,WAT",36.16,14.4,1.21,157.8,36.9,48,,AMF J225817.8+102441,0.4413,s,1750.0,0.0,0.0,0.708,35.35,1.59,23.0
344.63333,5.50552,0.58555,25.34,184.0,,1.9,True,False,True,False,J225831.93+053020.4,,DESI J225832.00+053019.9,p,"FR-I,WAT",19.34,14.51,0.38,163.9,30.0,27,,Y21 J225832.0+053020,0.5698,s,2181.0,0.0,0.0,0.602,20.45,0.94,9.0
344.67298,8.2835,0.34334,25.71,227.0,,1.75,False,False,True,False,J225841.28+081703.6,,DESI J225841.52+081700.6,p,"--,WAT",129.46,69.99,0.81,154.7,55.5,45,,AMF J225841.5+081701,0.3348,s,1367.0,0.0,0.0,0.664,20.35,0.93,16.0
344.6728,-6.39916,,,,,,False,False,True,False,J225841.47-062357.0,,,,"--,WAT",112.89,64.62,0.73,94.8,11.0,33,,,,,,,,,,,
345.02979,10.62384,0.15887,24.89,304.0,,1.23,True,False,True,False,J230006.49+103729.3,,WISEA J230007.15+103725.8,s,"FR-I,WAT",95.43,29.01,1.56,151.9,92.6,107,,AMF J230007.2+103726,0.1589,s,680.0,0.0,0.0,0.843,44.92,2.01,33.0
345.0915,6.90899,0.16878,25.35,200.0,,1.23,False,True,True,False,J230021.58+065426.1,,DESI J230021.96+065432.4,p,"FR-II,WAT",259.0,106.61,1.16,111.1,,67,,WHL J230022.0+065432,0.167,p,713.0,0.0,0.0,0.738,32.23,1.46,10.0
345.19509,14.4342,0.15429,25.21,233.0,,1.18,True,False,False,True,J230047.95+142611.7,f,WISEA J230046.82+142603.1,s,"FR-I,NAT",227.26,95.09,1.14,80.2,30.6,84,,maxBCG J230040.6+142822,0.1557,s,666.0,166.0,464.0,0.794,34.73,1.56,24.0
345.36922,2.39237,0.13732,,138.0,,1.0,False,False,False,True,J230129.04+022336.0,,DESI J230128.61+022332.5,p,"--,NAT",139.03,,,47.7,9.6,55,,,,,,,,,,,
345.39612,0.62031,0.43132,25.44,296.0,,1.94,True,False,True,False,J230134.97+003719.2,f,WISEA J230135.06+003713.1,s,"FR-I,WAT",46.0,31.95,0.48,123.1,29.1,51,,WHL J230135.1+003713,0.4313,s,1715.0,0.0,0.0,0.775,47.48,2.12,24.0
345.45567,-3.73916,,,,,2.03,False,True,True,False,J230149.36-034421.0,,,,"FR-II,WAT",17.42,9.41,0.81,154.9,45.8,33,,,,,,,,,,,
345.58491,8.04712,0.43256,25.45,139.0,,1.85,False,True,False,True,J230220.78+080249.0,,WISEA J230220.37+080249.6,s,"FR-II,NAT",44.17,27.04,0.64,77.6,7.6,24,,WHL J230220.2+080512,0.3871,p,1558.0,143.0,779.0,0.707,18.78,0.86,14.0
345.88031,6.96362,0.41338,25.4,124.0,8.92,1.88,True,False,False,True,J230331.73+065746.0,,WISEA J230331.27+065749.0,s,"FR-I,NAT",43.29,25.89,0.67,69.5,12.4,22,-23.17,WHL J230331.3+065748,0.4134,s,1652.0,1.0,6.0,0.748,43.14,1.93,17.0
345.99362,4.19757,0.52726,25.15,123.0,8.69,1.9,False,False,True,False,J230358.36+041153.4,,WISEA J230358.46+041151.2,s,"--,WAT",17.44,15.73,0.14,111.2,7.9,19,-23.14,,,,,,,,,,
346.07325,9.31116,0.76229,25.48,190.0,10.66,1.98,False,True,True,False,J230417.72+091843.2,,WISEA J230417.57+091840.1,s,"FR-II,WAT",13.56,8.85,0.56,129.8,20.4,25,-23.18,,,,,,,,,,
346.12132,-9.86844,0.30476,25.49,172.0,,1.67,False,True,False,True,J230428.96-095158.8,f,WISEA J230429.11-095206.3,s,"FR-II,NAT",100.74,53.51,0.83,85.6,11.4,37,,WHL J230429.1-095207,0.3048,s,1255.0,1.0,5.0,0.76,29.87,1.35,18.0
346.12959,-10.46031,1.37279,26.95,674.0,,1.15,False,True,True,False,J230430.66-102741.4,,DESI J230431.10-102737.1,p,"FR-II,WAT",54.39,19.64,1.34,153.7,30.3,78,,CFSFDP J230431.0-102743,0.8196,p,2928.0,6.0,47.0,0.543,21.9,1.0,6.0
346.23603,12.32289,0.00778,22.27,7.0,,,True,False,True,False,J230456.78+121918.5,,SDSS J230456.64+121922.4,s,"FR-I,WAT",125.96,17.94,2.56,163.8,58.9,48,,,,,,,,,,,
346.36631,14.36289,0.43203,25.3,133.0,8.9,2.02,True,False,True,False,J230527.85+142152.4,,DESI J230527.92+142146.4,p,"FR-I,WAT",21.66,5.93,1.7,168.3,20.2,23,-23.03,Y21 J230529.2+142147,0.4369,s,1735.0,18.0,105.0,0.651,27.26,1.24,13.0
346.42095,-3.3912,0.72325,26.0,358.0,,0.09,False,False,True,False,J230541.52-032320.8,,DESI J230541.03-032328.3,p,"--,WAT",42.2,21.21,0.9,141.0,36.5,48,,,,,,,,,,,
346.43886,9.55686,,,,,,False,True,True,False,J230545.33+093324.7,,,,"FR-II,WAT",27.81,13.0,1.0,144.7,89.4,30,,,,,,,,,,,
346.47506,-7.18991,0.35008,25.09,322.0,,1.77,False,True,True,False,J230553.22-071116.3,,DESI J230554.01-071123.7,p,"FR-II,WAT",29.5,16.33,0.78,108.4,207.7,63,,AMF J230554.0-071124,0.3379,p,1378.0,0.0,0.0,0.765,36.67,1.65,33.0
346.48127,-3.89791,0.4358,25.48,140.0,,1.95,True,False,True,False,J230555.76-035356.7,,WISEA J230555.50-035352.4,s,"FR-I,WAT",38.06,15.6,1.17,94.4,9.1,24,,WHL J230555.5-035353,0.409,p,1637.0,0.0,0.0,0.717,40.1,1.8,16.0
346.63014,-3.96299,0.67779,26.5,400.0,,1.86,False,False,True,False,J230630.82-035747.3,f,DESI J230631.23-035746.8,p,"--,WAT",105.27,29.86,1.65,128.9,27.5,55,,WH J230631.2-035747,0.6632,p,2474.0,0.0,0.0,0.603,24.04,1.1,13.0
347.04973,1.13978,0.72318,25.29,216.0,9.44,2.02,False,False,True,False,J230811.82+010825.2,,WISEA J230811.93+010823.2,s,"--,WAT",12.15,10.65,0.17,154.1,29.6,29,-22.72,WH J230811.9+010823,0.7232,s,2653.0,0.0,0.0,0.601,29.27,1.33,10.0
347.21781,11.73934,0.25671,24.89,132.0,,1.57,False,False,False,True,J230852.73+114411.9,,WISEA J230852.27+114421.6,s,"--,NAT",36.51,17.55,0.96,82.1,12.9,32,,WHL J230852.3+114422,0.2616,s,1089.0,0.0,0.0,0.808,38.37,1.72,28.0
347.50261,-2.43083,,,,,,False,True,True,False,J231000.63-022551.0,,,,"FR-II,WAT",32.66,13.9,1.12,161.8,38.0,31,,,,,,,,,,,
347.56659,14.68952,0.36393,25.62,183.0,8.9,1.89,True,False,False,True,J231016.35+144134.2,f,SDSS J231015.98+144122.2,s,"FR-I,NAT",81.07,33.54,1.16,42.2,9.9,35,-23.15,WHL J231016.0+144122,0.3668,s,1485.0,0.0,0.0,0.923,67.07,2.96,32.0
347.5936,-3.44963,0.57371,25.49,270.0,8.76,1.94,False,True,True,False,J231022.91-032658.8,f,WISEA J231022.46-032658.6,s,"FR-II,WAT",24.4,13.69,0.76,133.9,21.3,40,-23.72,Y21 J231022.5-032659,0.5737,s,2194.0,0.0,0.0,0.602,25.98,1.18,12.0
347.60006,-8.13797,0.34698,25.11,228.0,,1.75,False,True,False,True,J231023.58-080807.8,,DESI J231024.01-080816.7,p,"FR-II,NAT",22.6,5.13,1.95,64.4,25.4,45,,AMF J231024.0-080817,0.3619,p,1467.0,0.0,0.0,0.703,36.23,1.63,19.0
347.64574,-5.4583,0.17817,24.27,96.0,,1.19,False,True,False,True,J231035.06-052722.2,,DESI J231034.98-052729.9,p,"FR-II,NAT",22.17,18.19,0.26,87.9,12.8,31,,,,,,,,,,,
347.6761,7.56774,0.04409,,84.0,,,False,False,False,True,J231041.86+073436.0,,NGC 7503,s,"--,NAT",1638.66,,,82.1,43.6,94,,WH J231048.7+073241,0.9289,p,3221.0,127.0,1028.0,0.551,30.2,1.37,7.0
347.86775,-7.32246,1.25746,26.38,428.0,,0.51,False,False,True,False,J231128.07-071915.4,,DESI J231128.26-071920.9,p,"--,WAT",36.56,24.8,0.51,131.4,30.1,50,,WH J231129.2-072020,0.9839,p,3361.0,61.0,501.0,0.582,33.39,1.51,15.0
347.90387,-2.15199,1.0141,27.0,578.0,,1.14,False,True,False,True,J231136.22-020908.9,,DESI J231136.93-020907.2,p,"FR-II,NAT",183.01,89.95,0.93,77.4,11.4,70,,Y21 J231133.4-020801,0.716,p,2632.0,85.0,632.0,0.465,14.15,0.65,13.0
347.90764,11.30206,0.26719,24.82,106.0,,1.54,False,False,False,True,J231138.28+111804.3,,DESI J231137.83+111807.4,p,"--,NAT",27.91,12.85,1.02,84.3,9.3,25,,AMF J231138.1+111913,0.2553,s,1065.0,65.0,267.0,0.763,35.73,1.61,20.0
347.9525,-7.75754,,,,,0.99,False,False,True,False,J231148.60-074527.2,,,,"--,WAT",46.39,12.33,1.74,169.4,150.5,60,,,,,,,,,,,
348.11471,12.03561,0.33226,25.31,266.0,8.32,1.74,False,True,True,False,J231227.79+120214.0,,SDSS J231227.53+120208.1,s,"FR-II,WAT",59.17,38.79,0.55,128.2,30.8,54,-23.33,,,,,,,,,,
348.2458,-9.91731,,,,,,True,False,True,False,J231258.99-095502.3,,,,"FR-I,WAT",23.47,13.04,0.77,102.8,8.1,24,,,,,,,,,,,
348.2909,10.654,0.33515,24.81,188.0,,1.62,False,True,True,False,J231309.85+103914.4,,DESI J231309.82+103914.4,p,"FR-II,WAT",21.44,20.96,0.03,168.9,74.7,38,,WH J231309.8+103914,0.341,p,1390.0,0.0,0.0,0.443,13.94,0.65,6.0
348.30533,-5.84267,0.63992,25.24,220.0,,1.76,False,True,True,False,J231313.23-055035.4,,DESI J231313.28-055033.6,p,"FR-II,WAT",9.99,5.07,0.89,160.1,88.9,31,,,,,,,,,,,
348.37687,-9.83421,0.42487,25.36,213.0,,1.82,False,True,True,False,J231331.03-095001.8,,DESI J231330.45-095003.2,p,"FR-II,WAT",39.14,26.24,0.52,123.6,25.0,37,,GMBCG J231328.7-095230,0.4266,p,1699.0,149.0,860.0,0.607,14.67,0.68,15.0
348.48197,10.3194,0.43241,26.02,384.0,,0.12,False,False,True,False,J231355.25+101914.3,,DESI J231355.67+101909.9,p,"--,WAT",156.47,85.37,0.79,130.8,36.0,66,,CFSFDP J231352.5+101817,0.5418,s,2090.0,70.0,460.0,0.648,23.35,1.06,11.0
348.6822,-6.85624,,,,,,True,False,True,False,J231443.73-065122.5,,,,"FR-I,WAT",38.43,21.53,0.76,114.7,21.0,32,,,,,,,,,,,
348.71313,0.46854,0.36817,25.26,190.0,,1.91,False,False,True,False,J231450.82+002808.4,,WISEA J231451.15+002806.7,s,"--,WAT",35.03,14.95,1.12,127.6,17.5,36,,WHL J231451.1+002807,0.3682,s,1490.0,1.0,5.0,0.667,29.75,1.35,17.0
348.73387,-4.80195,0.71932,25.97,275.0,,1.88,False,True,True,False,J231456.22-044807.4,,DESI J231456.13-044807.0,p,"FR-II,WAT",40.76,21.43,0.84,164.5,31.3,37,,,,,,,,,,,
348.74374,11.3716,,,,,,False,False,True,False,J231458.50+112217.8,,,,"--,WAT",33.59,16.19,0.96,104.8,15.7,31,,,,,,,,,,,
348.86765,-3.00214,,,,,,False,True,True,False,J231528.24-030007.7,f,,,"FR-II,WAT",75.15,39.37,0.85,139.0,43.5,43,,,,,,,,,,,
348.92538,-0.43538,0.09096,23.97,123.0,8.71,1.01,False,False,True,False,J231541.81-002604.2,,WISEA J231542.09-002607.3,s,"--,WAT",41.5,17.42,1.14,149.2,61.4,70,-22.37,WH J231540.5-002751,0.5121,s,1992.0,107.0,683.0,0.46,16.24,0.75,6.0
349.0749,-6.15407,0.2952,24.89,82.0,,1.59,False,True,False,True,J231618.41-060913.2,,DESI J231617.97-060914.7,p,"FR-II,NAT",28.44,16.78,0.69,56.4,6.1,18,,AMF J231612.1-060638,0.3181,p,1305.0,180.0,864.0,1.084,106.75,4.65,45.0
349.38422,0.17766,,,,,,False,True,True,False,J231732.21+001039.6,,,,"FR-II,WAT",56.06,29.77,0.83,116.5,12.4,34,,,,,,,,,,,
349.43099,3.43177,0.31741,25.37,110.0,,,True,False,True,False,J231743.33+032553.8,,DESI J231743.44+032554.4,p,"FR-I,WAT",68.06,33.48,0.93,92.5,6.7,23,,Y21 J231743.4+032554,0.3256,p,1333.0,0.0,0.0,0.666,31.42,1.42,23.0
349.47736,-5.71462,0.31388,25.1,171.0,,1.61,False,False,True,False,J231754.66-054257.8,,DESI J231754.57-054252.6,p,"--,WAT",31.75,9.91,1.53,167.1,71.7,36,,,,,,,,,,,
349.51954,1.97034,0.12076,24.7,124.0,8.3,1.06,False,False,True,False,J231804.51+015810.1,,WISEA J231804.68+015813.2,s,"--,WAT",119.31,46.72,1.23,146.6,45.3,55,-22.47,AMF J231804.7+015813,0.1208,s,522.0,0.0,0.0,0.712,26.92,1.22,22.0
349.83578,10.10407,0.36962,24.76,105.0,,1.87,False,False,True,False,J231920.37+100620.4,,SDSS J231920.58+100614.6,s,"--,WAT",13.1,8.3,0.6,99.5,9.9,20,,AMF J231920.6+100615,0.3696,s,1495.0,0.0,0.0,0.728,35.07,1.58,12.0
349.84088,-7.62945,0.35173,25.47,256.0,,1.74,False,False,True,False,J231921.40-073752.2,,DESI J231921.81-073746.0,p,"--,WAT",67.26,32.23,0.97,103.3,34.2,50,,AMF J231921.8-073746,0.3839,p,1547.0,0.0,0.0,0.921,72.2,3.18,37.0
349.85741,7.99129,0.19822,25.02,135.0,,1.37,False,True,True,False,J231926.24+075940.2,,DESI J231925.78+075928.6,p,"FR-II,WAT",79.83,25.55,1.49,104.4,29.5,40,,AMF J231925.8+075929,0.1937,s,821.0,0.0,0.0,0.992,69.05,3.05,35.0
350.27685,4.72091,0.26328,25.37,189.0,,1.57,False,True,True,False,J232106.68+044324.9,,WISEA J232106.44+044315.2,s,"FR-II,WAT",83.97,21.22,1.8,149.0,38.6,45,,WHY18 J232106.5+044315,0.2633,s,1096.0,0.0,0.0,0.681,29.65,1.34,7.0
350.31718,-10.29131,0.45664,25.74,378.0,,1.87,False,False,False,True,J232115.90-101727.7,,DESI J232116.12-101728.7,p,"--,NAT",53.01,15.84,1.58,38.5,41.5,63,,AMF J232113.1-101833,0.445,s,1763.0,78.0,461.0,0.704,31.45,1.42,18.0
350.67504,-11.06278,0.23842,24.49,175.0,,,False,True,True,False,J232241.79-110358.8,,DESI J232242.01-110346.0,p,"FR-II,WAT",17.87,10.51,0.7,142.1,42.4,45,,Y21 J232240.0-110332,0.6185,p,2336.0,33.0,231.0,0.476,16.73,0.77,6.0
350.70057,1.0844,0.3895,25.06,125.0,,0.45,False,True,True,False,J232248.18+010500.0,,SDSS J232248.13+010503.9,s,"FR-II,WAT",23.4,15.67,0.53,112.7,48.9,23,,,,,,,,,,,
350.75067,-4.67026,0.52678,25.24,174.0,,1.94,False,False,True,False,J232259.86-044014.4,,DESI J232300.16-044013.0,p,"--,WAT",20.27,16.09,0.3,140.6,14.9,27,,Y21 J232300.2-044013,0.524,p,2032.0,0.0,0.0,0.661,34.65,1.56,11.0
350.96033,3.80895,1.5259,27.02,217.0,,0.31,False,False,True,False,J232350.46+034832.8,,DESI J232350.48+034832.2,p,"--,WAT",86.54,50.2,0.71,153.8,62.8,25,,,,,,,,,,,
350.96277,2.28379,,,,,,False,True,True,False,J232351.06+021701.7,,,,"FR-II,WAT",9.23,7.8,0.22,133.4,12.0,22,,,,,,,,,,,
351.47617,2.90449,0.49488,25.66,338.0,,1.89,False,False,True,False,J232554.15+025420.4,,DESI J232554.28+025416.2,p,"--,WAT",45.32,20.55,1.04,162.7,95.0,54,,AMF J232554.3+025416,0.4956,s,1937.0,0.0,0.0,0.789,50.53,2.25,23.0
351.72407,-2.03716,0.18873,26.5,427.0,,1.23,False,True,True,False,J232653.99-020222.1,,DESI J232653.78-020213.8,s,"FR-II,WAT",2352.4,442.07,2.19,169.4,52.6,131,,WH J232701.2-020122,0.4617,s,1821.0,123.0,743.0,0.512,14.58,0.67,6.0
351.7654,-7.52802,,,,,1.01,False,True,True,False,J232703.70-073140.9,,,,"FR-II,WAT",44.98,25.89,0.72,161.9,43.8,37,,,,,,,,,,,
351.89981,1.00991,0.2553,24.79,139.0,,1.42,True,False,False,True,J232735.81+010033.6,,DESI J232735.95+010035.7,p,"FR-I,NAT",32.27,22.21,0.49,87.4,12.7,34,,WH J232726.4+005934,0.8479,p,3006.0,156.0,1230.0,0.413,15.94,0.74,6.0
352.05072,-4.93516,,,,,0.56,False,False,True,False,J232812.17-045606.6,,,,"--,WAT",802.9,271.61,1.42,130.2,32.5,47,,,,,,,,,,,
352.2255,0.64691,0.43405,25.17,192.0,8.53,1.81,False,False,True,False,J232854.42+003854.6,f,WISEA J232854.11+003848.8,s,"--,WAT",22.39,12.87,0.73,92.8,12.1,33,-22.7,WH J232851.7+003652,0.685,s,2540.0,123.0,899.0,0.448,13.79,0.64,6.0
352.62673,2.65264,,,,,,False,True,True,False,J233030.42+023909.5,,,,"FR-II,WAT",126.43,71.38,0.75,129.7,22.1,33,,,,,,,,,,,
352.6418,9.37736,0.50202,25.71,202.0,,1.82,False,False,True,False,J233033.81+092236.9,,DESI J233034.03+092238.5,p,"--,WAT",53.33,28.88,0.8,147.7,57.6,32,,,,,,,,,,,
352.96935,-6.56111,0.25276,24.95,167.0,,1.49,False,False,True,False,J233152.35-063337.2,,DESI J233152.64-063340.0,p,"--,WAT",44.2,23.77,0.81,142.7,36.9,41,,WHL J233152.6-063340,0.2572,p,1072.0,0.0,0.0,0.615,13.45,0.62,9.0
353.02875,-7.74532,0.54894,25.39,224.0,,1.88,False,False,False,True,J233207.42-074446.1,f,DESI J233206.90-074443.1,p,"--,NAT",18.29,7.84,1.11,85.5,9.6,34,,Y21 J233206.9-074443,0.5644,p,2164.0,0.0,0.0,0.667,35.03,1.58,6.0
353.14317,3.99235,0.47546,25.57,171.0,,1.77,False,True,True,False,J233234.60+035933.4,,DESI J233234.36+035932.5,p,"FR-II,WAT",47.25,28.73,0.65,124.0,16.4,28,,WHL J233244.5+035918,0.3628,p,1470.0,152.0,795.0,0.59,15.47,0.82,7.0
353.15015,10.27436,0.24985,25.31,182.0,,1.52,True,False,False,True,J233236.22+101637.4,f,WISEA J233236.03+101627.6,s,"FR-I,NAT",104.07,53.47,0.87,81.8,16.7,45,,AMF J233236.0+101627,0.2511,s,1048.0,0.0,0.0,0.925,63.27,2.8,33.0
353.34201,5.61225,0.17707,25.17,142.0,,1.27,False,False,True,False,J233322.72+053645.4,,WISEA J233322.08+053644.0,s,"--,WAT",161.82,83.69,0.87,118.6,51.2,46,,AMF J233322.1+053644,0.1771,s,754.0,0.0,0.0,0.923,53.42,2.38,47.0
353.36403,-7.72835,0.56283,26.08,408.0,,1.83,False,False,True,False,J233326.66-074341.1,,DESI J233327.37-074342.1,p,"--,WAT",54.96,11.63,2.04,146.8,40.9,61,,Y21 J233334.6-074500,0.5707,p,2184.0,132.0,890.0,0.592,26.83,1.22,10.0
353.38047,9.42586,,,,8.78,,False,False,True,False,J233332.10+092551.3,,DESI J233331.31+092533.1,,"--,WAT",246.58,94.88,1.25,101.4,38.9,75,-22.91,AMF J233326.1+092526,0.1645,s,702.0,78.0,228.0,1.143,111.51,4.85,67.0
353.39497,10.47204,0.94587,25.57,219.0,,0.29,False,False,True,False,J233334.96+102820.7,,DESI J233334.79+102819.3,p,"--,WAT",13.22,11.5,0.18,99.8,8.6,27,,,,,,,,,,,
353.55887,-1.9542,1.19272,26.44,178.0,,0.8,True,False,False,True,J233414.20-015710.8,,DESI J233414.13-015715.1,p,"FR-I,NAT",38.31,20.98,0.79,72.5,4.7,21,,,,,,,,,,,
353.56783,-4.36516,,,,,,False,True,True,False,J233416.28-042154.6,,,,"FR-II,WAT",59.68,29.72,0.91,131.9,18.1,37,,,,,,,,,,,
353.61565,-10.76264,0.37651,25.05,128.0,8.63,1.8,True,False,True,False,J233427.86-104541.4,,WISEA J233427.75-104545.4,s,"FR-I,WAT",22.49,12.05,0.82,91.3,7.6,24,-23.33,WH J233430.1-104417,0.7486,p,2727.0,95.0,718.0,0.527,16.45,0.76,7.0
353.73355,-7.98799,,,,,,False,False,True,False,J233456.05-075916.7,f,,,"--,WAT",18.94,7.24,1.26,140.1,34.2,47,,,,,,,,,,,
353.81076,-1.35051,0.50342,25.56,221.0,8.89,1.98,False,False,True,False,J233514.58-012055.2,,WISEA J233514.58-012101.8,s,"--,WAT",40.11,24.13,0.67,161.2,38.3,35,-24.16,AMF J233514.6-012102,0.5034,s,1963.0,0.0,0.0,1.008,106.36,4.63,51.0
353.84627,2.37248,1.01915,26.77,273.0,,0.66,False,True,True,False,J233523.33+022220.3,,DESI J233523.11+022220.9,p,"FR-II,WAT",105.4,51.69,0.93,134.4,16.1,33,,CAMIRA J233517.5+022342,0.4706,s,1852.0,117.0,714.0,0.592,20.85,0.95,9.0
354.10017,0.04612,1.09431,27.24,352.0,,0.28,False,False,True,False,J233623.45+000233.6,,DESI J233624.05+000246.0,s,"--,WAT",244.4,111.34,1.03,162.0,34.2,42,,,,,,,,,,,
354.13404,4.52086,0.25295,25.08,126.0,,1.55,False,False,True,False,J233632.22+043117.9,,WISEA J233632.17+043115.1,s,"--,WAT",56.45,25.83,1.03,158.6,116.4,31,,WHL J233632.2+043115,0.2601,s,1084.0,0.0,0.0,0.766,38.6,1.73,11.0
354.19059,-7.42638,0.5923,25.56,219.0,,1.47,False,False,True,False,J233645.71-072526.9,,DESI J233645.74-072535.0,p,"--,WAT",27.19,16.05,0.69,151.8,17.3,32,,,,,,,,,,,
354.28411,-7.61868,0.4399,25.41,217.0,,1.96,False,False,True,False,J233707.97-073709.0,,DESI J233708.19-073707.3,p,"--,WAT",29.03,9.54,1.46,147.3,23.9,37,,WHL J233708.2-073707,0.4611,p,1819.0,0.0,0.0,0.687,36.56,1.64,25.0
354.33478,5.98617,,,,,,False,True,True,False,J233720.35+055910.2,,,,"FR-II,WAT",29.73,13.53,1.03,164.8,42.3,33,,,,,,,,,,,
354.38321,0.72817,0.25691,24.79,309.0,,1.52,False,True,True,False,J233731.49+004335.4,"g,j",2MASX J23373197+0043415,s,"FR-II,WAT",28.33,13.22,1.0,152.2,55.2,75,,WHL J233732.0+004341,0.257,s,1071.0,0.0,0.0,0.687,31.2,1.41,15.0
354.39368,-9.00428,0.44655,26.01,272.0,,1.88,False,False,True,False,J233734.06-090016.8,f,DESI J233734.48-090015.4,p,"--,WAT",96.75,24.67,1.79,145.0,33.8,46,,WHL J233734.5-090015,0.4358,p,1731.0,0.0,0.0,0.815,49.24,2.2,30.0
354.4407,-0.70308,0.28721,25.29,366.0,8.85,1.64,False,False,True,False,J233746.02-004151.0,g,WISEA J233745.76-004211.0,s,"--,WAT",61.83,20.4,1.45,125.1,49.7,82,-23.47,maxBCG J233737.6-004040,0.2876,s,1189.0,153.0,685.0,0.908,60.38,2.68,44.0
354.58453,-8.86075,0.36271,25.58,250.0,8.55,1.81,False,False,True,False,J233819.85-085136.4,a,WISEA J233820.28-085138.6,s,"--,WAT",68.14,21.81,1.49,133.4,31.2,48,-23.05,WHL J233820.3-085139,0.3627,s,1470.0,0.0,0.0,0.85,55.77,2.48,26.0
354.75146,0.7161,0.18343,24.45,166.0,9.02,1.29,False,False,True,False,J233900.77+004306.6,,WISEA J233900.35+004257.9,s,"--,WAT",27.54,12.53,1.03,126.1,31.1,52,-23.05,maxBCG J233900.3+004258,0.1833,s,779.0,0.0,0.0,0.655,22.8,1.04,13.0
354.98546,11.9783,,,,,0.09,False,False,True,False,J233956.51+115841.9,,,,"--,WAT",71.49,33.49,0.99,149.8,30.5,37,,,,,,,,,,,
355.4583,-7.74449,0.3737,25.39,159.0,,1.81,False,True,True,False,J234150.17-074433.1,,DESI J234149.99-074440.2,p,"FR-II,WAT",47.66,22.17,1.0,125.6,13.8,30,,AMF J234148.6-074349,0.3841,p,1548.0,55.0,298.0,1.004,88.76,3.89,48.0
355.47147,-0.38377,0.27878,24.68,135.0,8.66,1.58,False,True,True,False,J234153.22-002255.8,,2MASS J23415314-0023014,s,"FR-II,WAT",19.39,10.93,0.75,141.7,31.9,31,-23.02,CFSFDP J234153.2-002302,0.2789,s,1156.0,0.0,0.0,0.636,14.68,0.68,8.0
355.49108,2.15619,0.88301,26.17,407.0,,0.84,False,True,True,False,J234157.42+020928.7,,DESI J234157.86+020922.3,p,"FR-II,WAT",57.62,47.32,0.26,139.3,53.2,51,,,,,,,,,,,
355.71461,-10.78787,0.54406,25.53,138.0,8.14,1.97,False,False,True,False,J234251.58-104709.5,,WISEA J234251.50-104716.3,s,"--,WAT",15.45,2.66,2.31,101.8,9.8,21,-23.51,CAMIRA J234251.5-104716,0.5441,s,2098.0,0.0,0.0,0.754,45.97,2.05,18.0
355.85574,-10.41911,0.33669,26.21,289.0,,1.15,False,False,True,False,J234324.56-102512.6,,DESI J234325.38-102508.8,p,"--,WAT",191.74,12.48,3.58,145.7,40.0,58,,maxBCG J234327.7-102530,0.1905,s,808.0,41.0,135.0,0.933,58.59,2.6,45.0
355.95773,-2.90906,0.29105,25.18,234.0,8.48,1.49,False,False,True,False,J234350.19-025434.8,,WISEA J234349.85-025432.6,s,"--,WAT",46.63,14.85,1.5,154.8,74.4,52,-22.68,Y21 J234349.8-025433,0.291,s,1202.0,0.0,0.0,0.612,19.53,0.9,12.0
356.05877,5.23064,,,,,,False,False,True,False,J234414.10+051350.3,,,,"--,WAT",18.05,11.75,0.56,144.0,22.5,27,,,,,,,,,,,
356.69476,7.65121,0.82383,26.45,273.0,,1.98,False,False,True,False,J234647.19+073906.0,,DESI J234646.74+073904.4,p,"--,WAT",75.14,31.3,1.15,107.1,14.5,35,,,,,,,,,,,
356.72493,-1.90104,0.35399,25.6,226.0,,1.73,True,False,False,True,J234653.59-015410.8,f,DESI J234653.98-015403.7,p,"FR-I,NAT",82.61,33.39,1.19,84.6,15.6,44,,WHL J234654.0-015404,0.3534,s,1436.0,0.0,0.0,0.812,42.48,1.9,23.0
356.96957,-11.0134,0.42551,25.15,155.0,,1.78,False,False,True,False,J234752.70-110050.9,,DESI J234752.70-110048.2,p,"--,WAT",18.3,6.79,1.3,163.4,28.5,27,,Y21 J234752.7-110048,0.4283,p,1705.0,0.0,0.0,0.595,22.75,1.04,10.0
357.00837,11.95652,0.43476,26.46,256.0,8.5,1.92,False,False,True,False,J234802.54+115725.6,f,2MASS J23480198+1157251,s,"--,WAT",385.3,176.79,1.02,130.7,17.7,44,-23.11,WHL J234802.0+115723,0.4368,s,1735.0,0.0,0.0,0.801,49.82,2.22,19.0
357.07471,-7.81706,,,,,1.61,False,False,True,False,J234817.93-074901.4,,,,"--,WAT",85.99,,,103.0,12.4,30,,,,,,,,,,,
357.42782,12.88318,0.78975,26.25,400.0,,0.41,False,True,True,False,J234943.05+125300.0,,WISEA J234942.67+125259.4,s,"FR-II,WAT",51.9,21.18,1.18,116.3,20.4,52,,,,,,,,,,,
357.46329,0.00696,0.41889,25.04,142.0,8.99,1.89,True,False,False,True,J234950.81+000020.4,,WISEA J234951.18+000025.0,s,"FR-I,NAT",18.69,11.56,0.63,68.2,8.0,25,-23.47,WHL J234951.2+000025,0.4189,s,1672.0,0.0,0.0,0.657,32.35,1.46,7.0
357.61847,-1.28394,0.1934,24.75,139.0,8.58,1.31,False,False,True,False,J235028.87-011656.4,f,WISEA J235028.43-011702.1,s,"--,WAT",51.63,28.68,0.77,160.5,53.3,42,-22.83,,,,,,,,,,
358.09797,12.74557,0.19428,24.88,140.0,,1.27,False,False,True,False,J235223.60+124445.0,,DESI J235223.51+124444.0,p,"--,WAT",67.2,34.2,0.89,146.6,31.4,42,,AMF J235223.5+124444,0.1975,s,836.0,0.0,0.0,0.847,44.1,1.97,23.0
358.15168,-6.66783,,,,,,False,True,True,False,J235236.40-064004.2,,,,"FR-II,WAT",101.27,43.45,1.11,165.1,30.3,26,,,,,,,,,,,
358.41053,-2.18422,0.77903,26.03,368.0,,0.27,False,True,True,False,J235338.50-021107.1,,WISEA J235338.52-021103.1,s,"FR-II,WAT",38.05,19.26,0.89,127.1,19.4,48,,,,,,,,,,,
358.48169,0.21566,0.16632,24.67,233.0,8.56,1.2,False,False,True,False,J235355.38+001258.2,,WISEA J235355.60+001256.3,s,"--,WAT",58.19,29.69,0.88,151.3,55.4,79,-22.95,WH J235401.3+001213,0.9368,p,3241.0,95.0,771.0,0.53,27.93,1.27,9.0
358.52525,-0.54995,0.64407,25.92,299.0,,1.84,False,False,True,False,J235406.17-003256.4,,DESI J235406.06-003259.8,p,"--,WAT",38.96,14.79,1.27,164.9,47.2,42,,CAMIRA J235406.1-003300,0.5994,s,2276.0,0.0,0.0,0.653,28.49,1.29,15.0
358.72568,-7.1617,0.49033,25.63,230.0,,1.99,False,True,True,False,J235454.20-070943.1,,DESI J235454.16-070942.1,p,"FR-II,WAT",18.05,1.54,3.23,159.3,46.3,37,,AMF J235454.2-070942,0.5046,s,1967.0,0.0,0.0,1.071,117.01,5.08,58.0
358.93104,6.53457,0.64163,26.31,255.0,,1.8,False,True,True,False,J235543.41+063209.0,,WISEA J235543.44+063204.4,s,"FR-II,WAT",114.55,56.71,0.92,157.8,16.5,36,,WH J235543.5+063204,0.6415,s,2407.0,0.0,0.0,0.492,16.77,0.77,8.0
358.95537,5.47716,,,,,,False,True,True,False,J235549.29+052837.8,,,,"FR-II,WAT",103.79,55.24,0.83,140.9,18.3,33,,,,,,,,,,,
359.04756,11.44757,0.30482,25.0,153.0,8.54,1.66,True,False,True,False,J235611.14+112644.8,,WISEA J235611.41+112651.2,s,"FR-I,WAT",30.89,14.1,1.03,153.8,14.3,33,-22.64,CFSFDP J235610.5+112633,0.3048,s,1255.0,22.0,103.0,0.553,16.55,0.76,10.0
359.15104,1.32739,0.43901,25.1,199.0,,1.87,False,True,True,False,J235636.19+011934.1,f,WISEA J235636.24+011938.6,s,"FR-II,WAT",17.54,9.02,0.87,159.6,47.3,34,,redMaPPer J235636.2+011939,0.4391,s,1743.0,1.0,6.0,0.572,21.31,0.97,18.0
