RA,Dec,z,FR0,FRI,FRII,WAT,NAT,HT,Confused,Double_Double,Diffuse,"L_rad,t",Size_rad,Mstar,R_50,g-r,D_4000,C,mu_50,M_{BH},eta,Q,n,PCA1,PCA2,L_[OIII],HERG-LERG,Plate,Julian,Fibre,SNVSS,SFIRST,RCl,Offset,FIRST_ID,NVSS_ID
9.9446584,-0.02334,0.1392,False,False,True,False,False,False,False,False,False,24.92,107.66,,,,,,,,,,,,,,,267,51608,34,166.0,2.2,4,0.27,J003946.7-000124,J003946-000124
9.8472382,-0.88775,0.2715,False,False,True,False,False,False,False,False,False,25.08,30.0,,,,,,,,,,,,,,,267,51608,205,55.8,15.1,2,0.68,J003923.3-005315,J003923-005315
9.8285522,-0.84008,0.081,False,False,False,False,False,False,False,False,False,24.42,43.06,,,,,,,,,,,,,,,267,51608,260,167.0,11.5,2,0.39,J003918.8-005024,J003918-005024
10.031358,-0.87805,0.1364,False,True,False,False,False,False,False,False,False,24.86,124.24,,,,,,,,,,,,,,,269,51910,257,151.0,,4,,,J004007-005240
10.309576,-0.83961,0.341,False,False,True,False,False,False,False,False,False,25.47,27.38,,,,,,,,,,,,,,,271,51883,93,83.3,,2,,,J004114-005022
10.601602,0.10189,0.0968,False,True,False,False,False,False,False,False,False,25.06,145.39,11.69,9.534050732632984,1.03,1.88,3.03,8.93326,8.9,-1.006,-0.46,0.0,0.442,1.412,6.39,0.0,273,51957,633,499.0,109.9,4,0.67,J004224.3+000606,J004224+000606
10.652595,-0.78773,0.0952,False,False,True,False,False,False,True,False,False,23.98,115.91,11.47,7.657212222966505,1.01,1.92,3.19,8.90368,8.91,-0.038,-1.699,0.477,0.653,-0.265,6.33,0.0,274,51913,218,43.0,,4,,,J004236-004715
10.820581,0.99589,0.1065,False,False,True,False,False,False,True,False,False,24.44,71.47,,,,,,,,,,,,,,,275,51910,617,98.0,3.1,4,0.32,J004316.9+005945,J004316+005945
10.822538,-0.66806,0.0387,False,True,False,False,False,False,False,False,False,23.94,87.16,,,,,,,,,,,,,,,276,51909,314,250.0,102.8,2,0.52,J004317.4-004005,J004317-004005
10.833015,0.32231,0.039,False,True,False,False,False,False,False,False,False,23.34,83.86,,,,,,,,,,,,,,,276,51909,440,63.0,6.0,2,0.24,J004319.9+001920,J004319+001920
11.355532,-0.22246,0.101,False,True,False,True,False,False,False,False,False,25.24,85.64,,,,,,,,,,,,,,,279,51608,34,696.0,,4,,,J004525-001320
11.920459,-0.5261,0.1322,False,True,False,True,False,False,False,False,False,24.83,41.03,,,,,,,,,,,,,,,284,51662,114,152.0,,4,,,J004740-003133
11.994895,-0.53164,0.1782,False,False,True,False,False,False,True,False,False,24.64,123.28,,,,,,,,,,,,,,,285,51663,190,52.0,2.8,4,1.16,J004758.7-003153,J004758-003153
12.030362,-0.50945,0.3282,False,False,True,False,False,False,False,False,False,25.21,14.41,,,,,,,,,,,,,,,286,51999,267,49.7,,2,,,J004807-003034
12.184247,-0.33479,0.3192,False,False,True,False,False,False,False,False,False,25.48,12.41,,,,,,,,,,,,,,,287,52023,266,99.6,,2,,,J004844-002005
12.242898,0.79107,0.251,False,False,True,False,False,False,False,False,False,25.09,109.39,,,,,,,,,,,,,,,287,52023,573,68.0,4.4,4,1.98,J004858.2+004727,J004858+004727
12.323746,0.68112,0.4062,False,False,True,False,False,False,False,False,False,25.56,15.78,,,,,,,,,,,,,,,288,52000,490,68.8,,2,,,J004917+004052
12.342447,0.07151,0.1585,False,True,False,False,False,False,False,False,False,24.74,135.33,,,,,,,,,,,,,,,288,52000,502,84.0,33.5,4,2.58,J004922.1+000417,J004922+000417
12.546113,-0.92355,0.205,False,False,True,False,False,False,False,False,False,24.87,133.36,,,,,,,,,,,,,,,290,51941,291,64.0,4.2,4,0.57,J005011.0-005524,J005011-005524
12.746169,-1.01928,0.1468,False,False,True,False,False,False,False,False,False,24.39,12.19,,,,,,,,,,,,,,,291,51660,42,44.3,,2,,,J005059-010109
12.776247,0.12886,0.072,False,True,False,False,False,False,True,False,False,23.96,170.26,,,,,,,,,,,,,,,291,51660,594,73.5,3.2,4,0.85,J005106.2+000743,J005106+000743
12.840952,0.22934,0.04677,True,False,False,False,False,False,False,False,False,,,10.76,2.9633633331149167,1.0,1.73,3.35,9.01825,8.09,-1.345,0.415,0.0,0.629,2.261,6.62,0.0,292,51609,519,54.5,61.9,1,0.19,J005121.8+001345,J005121+001345
13.034331,-0.83675,0.08485,True,False,False,False,False,False,False,False,False,,,11.54,8.11988798729427,1.06,2.1,3.27,8.92272,8.47,0.236,0.053,0.699,1.956,0.506,6.19,0.0,293,51994,13,73.7,9.0,1,2.69,J005208.2-005012,J005208-005012
13.020899,0.22094,0.3788,False,False,False,True,False,False,True,False,False,25.38,7.12,,,,,,,,,,,,,,,293,51994,548,52.7,,2,,,J005205+001315
13.199146,0.23093,0.2121,False,False,True,False,False,False,False,False,False,25.08,26.48,,,,,,,,,,,,,,,294,51986,627,96.8,,2,,,J005247+001351
13.321274,-0.91701,0.0819,False,True,False,True,False,False,False,False,False,24.87,163.86,,,,,,,,,,,,,,,296,51665,208,463.0,13.6,4,1.53,J005317.1-005501,J005317-005501
13.601527,0.79072,0.2695,False,True,False,True,False,False,False,False,False,25.09,30.8,,,,,,,,,,,,,,,298,51955,579,59.0,31.2,2,1.44,J005424.3+004726,J005424+004726
13.72955,0.97917,0.229,False,False,True,False,False,False,True,False,False,24.92,22.45,,,,,,,,,,,,,,,299,51671,569,57.2,21.1,2,1.06,J005455.0+005845,J005455+005845
13.946082,-1.19628,0.396,False,False,True,False,False,False,False,False,False,25.58,23.09,,,,,,,,,,,,,,,301,51641,218,75.8,18.7,2,0.4,J005547.0-011146,J005547-011146
14.249053,0.20639,0.127,False,True,False,True,False,False,False,False,False,24.63,78.31,,,,,,,,,,,,,,,303,51615,465,104.2,10.9,4,2.5,J005659.7+001223,J005659+001223
14.257974,1.0965,0.1646,False,False,True,False,False,False,True,False,False,24.86,112.04,,,,,,,,,,,,,,,303,51615,521,101.0,13.4,4,0.39,J005701.9+010547,J005701+010547
14.40093,0.4994,0.125,False,False,False,False,False,False,True,False,False,24.57,38.9,,,,,,,,,,,,,,,305,51613,380,94.7,25.9,2,2.7,J005736.2+002957,J005736+002957
14.640585,-1.00029,0.2173,False,True,False,False,False,False,True,False,False,25.04,25.27,,,,,,,,,,,,,,,307,51663,136,85.0,,2,,,J005833-010001
14.655278,0.63861,0.1502,False,True,False,False,False,False,True,False,False,24.43,36.24,,,,,,,,,,,,,,,307,51663,485,45.8,14.2,2,1.15,J005837.2+003818,J005837+003818
14.646775,0.6824,0.1503,False,True,False,False,False,False,False,False,False,24.99,54.27,,,,,,,,,,,,,,,307,51663,499,166.0,20.0,2,0.75,J005835.2+004056,J005835+004056
14.838663,-1.11319,0.1195,False,False,True,False,False,False,False,False,False,24.55,8.77,,,,,,,,,,,,,,,308,51662,8,99.2,,2,,,J005921-010647
14.790012,-0.40305,0.175,False,True,False,False,False,False,True,False,False,24.52,71.44,,,,,,,,,,,,,,,308,51662,178,41.0,3.4,4,0.39,J005909.6-002410,J005909-002410
15.27341,-0.83003,0.376,False,False,True,False,False,False,False,False,False,25.65,9.24,,,,,,,,,,,,,,,312,51689,220,101.3,,2,,,J010105-004948
15.239794,1.19188,0.1253,False,True,False,False,False,False,False,False,False,24.33,38.2,,,,,,,,,,,,,,,312,51689,364,54.0,1.5,2,0.88,J010057.5+011130,J010057+011130
15.277839,0.25051,0.0526,False,False,True,False,False,False,False,False,False,25.25,254.32,,,,,,,,,,,,,,,312,51689,471,2722.0,755.7,4,0.37,J010106.6+001501,J010106+001501
15.445014,0.89136,0.116,False,True,False,False,False,False,False,False,False,24.85,38.57,,,,,,,,,,,,,,,313,51673,616,210.0,86.0,2,1.39,J010146.8+005328,J010146+005328
15.596852,-0.5313,0.3739,False,False,True,False,False,False,False,False,False,25.41,13.24,,,,,,,,,,,,,,,314,51641,23,59.2,,2,,,J010223-003152
11.847497,-3.18697,0.1285,False,False,True,False,False,False,False,False,False,24.34,9.23,,,,,,,,,,,,,,,329,52056,2,52.6,,2,,,J004723-031113
11.953437,-3.35214,0.08202,True,False,False,False,False,False,False,False,False,,,10.87,4.8798226635232265,0.94,1.56,3.13,8.69501,7.38,-1.111,-2.553,0.301,-0.899,0.277,6.35,0.0,331,52368,283,50.7,50.9,1,0.44,J004748.8-032107,J004748-032107
11.998453,-1.3523,0.3738,False,False,True,False,False,False,False,False,False,25.6,108.31,,,,,,,,,,,,,,,331,52368,406,91.0,,4,,,J004759-012108
12.04511,-1.39607,0.248,False,False,True,False,False,False,False,False,False,25.01,9.1,,,,,,,,,,,,,,,331,52368,528,59.1,,2,,,J004810-012345
12.034274,-1.42949,0.2654,False,False,True,False,False,False,False,False,False,24.94,35.59,,,,,,,,,,,,,,,331,52368,535,43.3,19.5,2,0.4,J004808.2-012546,J004808-012546
12.151889,-2.96252,0.4808,False,False,True,False,False,False,False,False,False,26.38,35.25,,,,,,,,,,,,,,,332,52367,230,306.2,54.2,2,1.77,J004836.4-025745,J004836-025745
12.875193,-1.33808,0.3576,False,False,True,False,False,False,False,False,False,26.0,31.88,,,,,,,,,,,,,,,337,51997,532,255.2,,2,,,J005130-012017
12.977295,-1.57486,0.08616,True,False,False,False,False,False,False,False,False,,,11.39,5.988746058480858,1.02,1.87,3.12,9.03715,8.32,1.136,-0.462,0.477,2.529,-0.677,6.04,0.0,338,51694,529,46.5,35.0,1,2.34,J005154.5-013429,J005154-013429
13.018761,-3.44796,0.0834,False,False,True,False,False,False,False,False,False,24.28,10.12,,,,,,,,,,,,,,,339,51692,291,112.6,,2,,,J005204-032652
13.242905,-1.72762,0.2197,False,False,True,False,False,False,False,False,False,25.15,50.01,,,,,,,,,,,,,,,340,51691,516,104.5,9.5,2,0.53,J005258.2-014339,J005258-014339
16.064299,0.11354,0.1592,False,False,True,False,False,False,True,False,False,24.86,172.58,,,,,,,,,,,,,,,344,51693,473,110.0,3.6,4,1.4,J010415.4+000648,J010415+000648
16.979768,62.94017,0.1063,False,False,True,False,False,False,False,False,False,24.86,138.8,,,,,,,,,,,,,,,349,51699,169,258.0,,4,,,J010755+625624
16.944289,63.28403,0.385,False,False,True,False,False,False,False,False,False,25.33,18.59,,,,,,,,,,,,,,,349,51699,198,45.6,,2,,,J010746+631702
17.206437,64.03252,0.0798,False,True,False,False,False,True,False,False,False,24.36,50.73,11.13,3.2392821112005183,1.02,2.02,3.03,9.31092,8.41,2.373,0.142,-99.0,4.092,-1.525,5.85,0.0,350,51691,203,150.0,14.3,4,1.2,J010849.5+640157,J010849+640157
17.168504,61.51878,0.18,False,True,False,False,False,False,True,False,False,24.55,82.2,,,,,,,,,,,,,,,351,51695,589,41.2,,4,,,J010840+613107
17.224752,64.04686,0.0784,False,False,True,False,False,False,False,False,False,24.57,21.49,,,,,,,,,,,,,,,352,51789,406,250.2,,2,,,J010853+640248
17.19388,58.05838,0.1466,False,True,False,False,False,False,False,False,False,24.37,54.47,,,,,,,,,,,,,,,355,51788,372,42.0,7.6,2,0.35,J010846.5+580330,J010846+580330
17.463804,53.781,0.2071,False,False,True,False,False,False,False,False,False,26.04,140.75,,,,,,,,,,,,,,,359,51821,502,942.0,,4,,,J010951+534651
17.489219,54.25722,0.0839,False,True,False,True,False,False,False,False,False,24.41,36.35,11.28,5.057070380494809,0.97,1.98,3.3,9.07402,8.45,0.692,-1.391,-99.0,1.546,-0.794,6.1,0.0,359,51821,563,150.0,16.4,4,0.51,J010957.4+541525,J010957+541525
17.52524,54.49172,0.238,False,False,False,False,False,False,True,False,False,24.87,61.43,,,,,,,,,,,,,,,360,51816,273,46.0,3.9,4,1.46,J011006.0+542930,J011006+542930
17.341197,59.22827,0.2211,False,False,True,False,False,False,True,False,False,25.05,43.89,,,,,,,,,,,,,,,366,52017,349,82.0,32.5,2,0.47,J010921.8+591341,J010921+591341
22.034684,-1.01705,0.1773,False,True,False,False,False,False,True,False,False,24.66,42.11,,,,,,,,,,,,,,,372,52173,45,55.0,,2,,,J012808-010101
21.958736,0.63252,0.3907,False,False,True,False,False,False,False,False,False,26.07,65.8,,,,,,,,,,,,,,,372,52173,422,243.0,,2,,,J012750+003757
22.415328,-0.38403,0.142,False,False,False,False,False,False,True,False,False,24.55,73.83,,,,,,,,,,,,,,,375,52140,153,68.0,2.7,4,2.94,J012939.6-002302,J012939-002302
22.40588,-0.52224,0.4066,False,False,True,False,False,False,False,False,False,25.43,36.69,,,,,,,,,,,,,,,375,52140,154,51.2,8.3,2,2.83,J012937.4-003120,J012937-003120
22.61851,-0.04243,0.1615,False,False,True,False,False,False,True,False,False,24.51,44.52,,,,,,,,,,,,,,,377,52145,496,47.8,9.3,2,1.21,J013028.4-000232,J013028-000232
22.856264,0.58671,0.1515,False,False,False,False,False,False,True,False,False,24.57,25.32,,,,,,,,,,,,,,,379,51789,388,63.0,6.8,2,0.64,J013125.5+003512,J013125+003512
23.057261,-0.3605,0.3441,False,True,False,False,False,False,True,False,False,25.22,33.79,,,,,,,,,,,,,,,380,51792,107,46.0,9.0,2,2.7,J013213.7-002137,J013213-002137
23.261694,-0.43525,0.091,False,False,True,False,False,False,True,False,False,23.96,50.37,11.11,5.253498126343399,0.99,1.95,3.4,8.87092,8.71,-1.275,-1.05,-99.0,-0.169,1.326,6.21,0.0,382,51816,189,45.0,,2,0.91,,J013302-002606
23.62938,-0.70307,0.2872,False,True,False,False,False,False,True,False,False,25.16,88.48,,,,,,,,,,,,,,,384,51821,72,60.0,7.5,4,2.58,J013431.0-004211,J013431-004211
23.555194,-0.45015,0.0585,False,False,True,False,False,False,True,False,False,24.02,188.53,,,,,,,,,,,,,,,384,51821,198,131.4,22.5,4,0.59,J013413.2-002700,J013413-002700
23.68327,0.08163,0.1848,False,False,True,False,False,False,True,False,False,25.73,80.63,,,,,,,,,,,,,,,385,51783,496,589.0,4.5,4,0.22,J013443.9+000453,J013443+000453
23.865116,0.55267,0.2704,False,True,False,True,False,False,False,False,False,24.95,55.8,,,,,,,,,,,,,,,386,51788,483,42.0,1.9,2,1.64,J013527.6+003309,J013527+003309
0.0450893,-0.22222,0.2989,False,False,True,False,False,False,True,False,False,25.04,35.63,,,,,,,,,,,,,,,388,51793,320,41.1,3.1,2,1.62,J000010.8-001319,J000010-001319
0.3521173,-0.92541,0.1082,False,False,True,False,False,False,False,False,False,24.51,41.4,,,,,,,,,,,,,,,390,51816,211,111.9,,2,,,J000124-005531
0.6978253,0.47639,0.152,False,False,True,False,False,False,True,False,False,24.72,33.83,,,,,,,,,,,,,,,393,51794,390,88.0,,4,,,J000247+002835
0.7346307,1.03133,0.1117,False,False,True,False,False,False,False,False,False,25.06,180.11,,,,,,,,,,,,,,,393,51794,445,366.0,11.0,4,0.33,J000256.3+010152,J000256+010152
0.8276286,0.99828,0.3047,False,False,True,False,False,False,False,False,False,25.58,34.35,,,,,,,,,,,,,,,394,51812,363,137.7,,2,,,J000318+005953
0.9505713,-0.87518,0.0442,False,True,False,False,False,False,True,False,False,23.46,43.89,,,,,,,,,,,,,,,395,51783,138,64.0,32.3,2,0.19,J000348.1-005230,J000348-005230
1.1154967,0.52299,0.1538,False,True,False,False,False,False,False,False,False,24.43,26.95,,,,,,,,,,,,,,,396,51816,628,43.6,12.4,2,1.47,J000427.7+003122,J000427+003122
1.240442,0.49241,0.3546,False,False,True,False,False,False,False,False,False,25.56,43.51,,,,,,,,,,,,,,,397,51794,549,94.0,4.9,4,0.1,J000457.7+002932,J000457+002932
1.2543854,0.21349,0.04509,True,False,False,False,False,False,False,False,False,,,11.09,3.873172931843383,1.06,1.93,3.15,9.11569,8.46,2.055,-0.966,-99.0,3.127,-1.871,6.02,0.0,398,51789,431,42.6,45.0,1,0.06,J000501.0+001248,J000501+001248
1.3656673,-0.49038,0.4364,False,False,True,False,False,False,False,False,False,25.98,52.49,,,,,,,,,,,,,,,399,51817,270,153.2,,4,,,J000527-002925
1.5464353,1.26271,0.1256,False,False,True,False,False,False,False,False,False,24.93,82.13,,,,,,,,,,,,,,,400,51820,412,212.0,1.6,4,0.31,J000611.1+011545,J000611+011545
1.5258114,0.55597,0.0792,False,True,False,False,False,False,True,False,False,24.87,78.62,11.59,10.163440830418043,1.04,2.04,3.12,8.77774,8.53,1.506,0.691,-99.0,3.571,-0.355,6.2,0.0,400,51820,424,488.0,126.4,4,1.33,J000606.1+003321,J000606+003321
2.0022067,0.02419,0.3793,False,True,False,False,False,False,False,False,False,25.46,27.96,,,,,,,,,,,,,,,403,51871,74,64.0,,2,,,J000800+000127
1.946828,-1.11374,0.2375,False,False,True,False,False,False,False,False,False,24.95,15.46,,,,,,,,,,,,,,,403,51871,248,55.6,,2,,,J000747-010649
2.0478026,-0.81464,0.254,False,False,True,False,False,False,False,False,False,25.84,10.98,,,,,,,,,,,,,,,404,51812,256,375.7,,2,,,J000811-004852
2.243678,0.70981,0.29,False,False,True,False,False,False,False,False,False,25.47,30.76,,,,,,,,,,,,,,,405,51816,442,118.8,50.6,2,1.11,J000858.4+004235,J000858+004235
2.4040487,0.56306,0.14,False,True,False,False,False,False,False,False,False,24.37,93.07,,,,,,,,,,,,,,,406,51817,510,47.0,,4,,,J000936+003347
2.5077939,1.14716,0.2673,False,True,False,True,False,False,False,False,False,25.37,31.83,,,,,,,,,,,,,,,407,51820,408,115.0,2.0,2,2.96,J001001.8+010849,J001001+010849
7.7990046,37.44205,0.3393,False,False,True,False,False,False,True,False,False,25.34,10.15,,,,,,,,,,,,,,,433,51873,5,61.6,,2,,,J003111+372631
7.9102971,39.17994,0.09602,True,False,False,False,False,False,False,False,False,,,11.23,5.780876878253935,0.67,1.3,3.36,8.90783,8.05,-0.48,0.183,0.301,1.335,1.28,6.13,0.0,435,51882,11,56.3,48.8,1,0.24,J003138.4+391047,J003138+391047
8.0188614,43.84182,0.2553,False,False,True,False,False,False,False,False,False,25.14,18.84,,,,,,,,,,,,,,,436,51883,10,73.5,,2,,,J003204+435030
8.1904546,43.62842,0.1431,False,True,False,False,False,False,True,False,False,25.0,13.72,,,,,,,,,,,,,,,439,51877,44,190.3,,2,,,J003245+433742
8.2929062,44.98079,0.1421,False,False,True,False,False,False,False,False,False,24.85,24.73,,,,,,,,,,,,,,,439,51877,637,135.6,,2,,,J003310+445850
8.3172526,49.62666,0.3471,False,False,True,False,False,False,False,False,False,25.25,8.04,,,,,,,,,,,,,,,440,51885,583,47.9,,2,,,J003316+493735
8.3002065,49.93665,0.2802,False,True,False,True,False,False,False,False,False,25.38,34.09,,,,,,,,,,,,,,,442,51882,241,103.9,,2,,,J003312+495611
8.3165939,49.7767,0.09518,True,False,False,False,False,False,False,False,False,,,11.3,7.182864105229456,1.01,1.98,2.92,8.78923,8.21,-0.113,1.598,0.477,2.53,1.76,6.12,0.0,442,51882,258,80.1,12.5,1,0.76,J003315.9+494636,J003315+494636
8.426472,48.29534,0.183,False,True,False,False,False,False,False,False,False,24.7,40.19,,,,,,,,,,,,,,,443,51873,174,56.0,5.1,2,1.99,J003342.3+481743,J003342+481743
8.4325053,52.50459,0.4667,False,False,True,False,False,False,False,False,False,25.66,50.25,,,,,,,,,,,,,,,444,51883,303,62.4,3.4,2,1.44,J003343.8+523016,J003343+523016
8.6510712,54.11885,0.1702,False,False,True,False,False,False,True,False,False,24.73,28.03,,,,,,,,,,,,,,,446,51899,273,70.8,,2,,,J003436+540707
8.7330922,51.09031,0.1263,False,True,False,False,False,False,True,False,False,24.93,137.47,,,,,,,,,,,,,,,447,51877,292,209.6,77.6,4,0.63,J003455.9+510525,J003455+510525
8.8036591,57.00119,0.1937,False,False,True,False,False,False,False,False,False,25.51,143.37,,,,,,,,,,,,,,,448,51900,335,322.0,0.8,4,0.37,J003512.8+570004,J003512+570004
8.8848022,54.618,0.1133,False,True,False,False,False,False,False,False,False,25.07,72.25,,,,,,,,,,,,,,,449,51900,323,370.0,129.0,4,2.53,J003532.3+543704,J003532+543704
8.8227214,54.22513,0.1135,False,False,True,False,False,False,False,False,False,24.24,23.85,,,,,,,,,,,,,,,449,51900,342,53.7,,2,,,J003517+541330
9.2855509,55.15227,0.182,False,True,False,False,False,False,False,False,False,25.31,92.37,,,,,,,,,,,,,,,450,51908,38,228.0,,4,,,J003708+550908
9.0530955,54.06435,0.0831,False,True,False,False,False,False,True,False,False,24.09,13.86,,,,,,,,,,,,,,,450,51908,254,73.0,,2,,,J003612+540351
9.0306437,55.9243,0.1409,False,False,True,False,False,False,False,False,False,25.51,176.48,,,,,,,,,,,,,,,450,51908,330,638.0,,4,,,J003607+555527
9.3165253,55.32231,0.226,False,False,True,False,False,False,False,False,False,24.94,10.58,,,,,,,,,,,,,,,450,51908,638,61.4,,2,,,J003715+551920
2.3924355,-8.96087,0.4145,False,True,False,True,False,False,False,False,False,25.63,27.54,,,,,,,,,,,,,,,454,51908,271,77.0,,2,,,J000934-085739
2.4802361,-7.28307,0.3588,False,False,True,False,False,False,False,False,False,25.2,26.02,,,,,,,,,,,,,,,454,51908,524,40.0,,2,,,J000955-071659
2.7662621,-6.81686,0.1386,False,False,True,False,False,False,True,False,False,24.7,79.22,,,,,,,,,,,,,,,456,51910,449,102.0,5.3,4,1.56,J001103.9-064900,J001103-064900
2.8743126,-7.93479,0.07813,True,False,False,False,False,False,False,False,False,,,11.29,4.654678720455036,1.0,1.95,3.0,9.15604,8.42,-0.795,-2.22,-99.0,-0.393,0.165,5.9,0.0,457,51901,193,99.7,87.7,1,0.91,J001129.8-075605,J001129-075605
9.1698751,1.65105,0.2842,False,True,False,False,False,False,False,False,False,25.38,73.83,,,,,,,,,,,,,,,471,51924,119,102.0,2.3,4,0.42,J003640.7+013903,J003640+013903
9.2210215,0.74567,0.2253,False,False,True,False,False,False,False,False,False,24.76,37.53,,,,,,,,,,,,,,,472,51955,469,41.0,,2,,,J003653+004444
9.2429677,2.4546,0.3148,False,False,True,False,False,False,False,False,False,25.6,40.46,,,,,,,,,,,,,,,473,51929,325,133.3,1.3,2,0.77,J003658.3+022716,J003658+022716
9.4875061,0.40722,0.4568,False,False,True,False,False,False,True,False,False,25.52,9.75,,,,,,,,,,,,,,,474,52000,616,48.0,,2,,,J003757+002425
9.5892944,-0.06681,0.0908,True,False,False,False,False,False,False,False,False,,,10.74,3.147131572823984,0.96,1.76,3.23,8.94599,7.69,-0.677,-1.856,0.0,-0.063,0.266,6.49,0.0,476,52314,172,57.8,57.6,1,0.31,J003821.4-000400,J003821-000400
9.5753296,-0.38544,0.342,False,False,True,False,False,False,True,False,False,25.47,9.41,,,,,,,,,,,,,,,476,52314,194,82.5,,2,,,J003818-002307
9.8501607,1.38701,0.08915,True,False,False,False,False,False,False,False,False,,,11.24,5.276211654131022,0.87,1.82,2.91,8.99718,8.14,-0.353,-1.492,0.477,0.468,0.166,6.44,0.0,480,51989,79,48.1,50.5,1,0.15,J003924.0+012313,J003924+012313
9.7453298,2.79836,0.2204,False,True,False,True,False,False,False,False,False,25.65,151.41,,,,,,,,,,,,,,,480,51989,367,334.0,,4,,,J003858+024754
9.1641886,58.78445,0.2697,False,False,True,False,False,False,False,False,False,25.76,6.27,,,,,,,,,,,,,,,484,51907,497,272.1,119.7,2,2.98,J003639.4+584704,J003639+584704
10.292365,63.49828,0.1838,False,False,True,False,False,False,False,False,False,25.17,27.4,,,,,,,,,,,,,,,488,51914,191,162.7,,2,,,J004110+632953
10.011997,1.76887,0.3458,False,True,False,False,False,False,True,False,False,25.47,18.19,,,,,,,,,,,,,,,500,51994,111,80.0,,2,,,J004002+014607
9.9891022,1.29855,0.09942,True,False,False,False,False,False,False,False,False,,,11.48,8.274840741491746,0.94,1.88,3.38,8.8463,8.85,0.296,2.968,0.477,3.74,2.171,6.33,0.0,500,51994,146,411.4,97.3,1,0.83,J003957.3+011754,J003957+011754
9.9276316,1.59678,0.0986,False,True,False,True,False,False,False,False,False,24.54,87.34,11.31,4.828166244167915,0.86,1.78,3.52,9.14426,8.36,1.454,0.82,0.845,3.597,-0.229,6.2,0.0,500,51994,232,144.3,33.1,4,1.52,J003942.6+013548,J003942+013548
10.483065,3.12434,0.07256,True,False,False,False,False,False,False,False,False,,,11.42,5.095842288448385,1.02,1.99,3.34,9.20739,8.99,0.966,-0.444,0.778,2.374,-0.501,6.12,0.0,504,52316,540,128.0,13.8,1,0.62,J004155.9+030727,J004155+030727
10.547349,2.64139,0.126,False,True,False,False,False,False,True,False,False,24.34,113.26,,,,,,,,,,,,,,,504,52316,627,54.0,2.6,4,0.92,J004211.3+023829,J004211+023829
10.643509,1.29708,0.1285,False,True,False,False,False,False,False,False,False,25.12,95.92,,,,,,,,,,,,,,,506,52022,292,317.6,,4,,,J004234+011749
10.70871,2.6196,0.187,False,False,True,False,False,False,False,False,False,25.01,80.49,,,,,,,,,,,,,,,506,52022,485,110.0,,4,,,J004250+023710
10.941838,2.54582,0.1529,False,False,False,False,False,False,True,False,False,24.49,13.06,,,,,,,,,,,,,,,508,52366,341,51.4,3.3,2,0.95,J004346.0+023244,J004346+023244
10.959938,2.57139,0.3481,False,False,True,False,False,False,False,False,False,25.37,18.82,,,,,,,,,,,,,,,508,52366,352,63.4,,2,,,J004350+023417
11.134077,2.7671,0.1577,False,True,False,False,False,False,True,False,False,24.79,92.79,,,,,,,,,,,,,,,509,52374,422,94.0,,4,,,J004432+024601
11.246564,1.85423,0.3591,False,False,True,False,False,False,False,False,False,25.56,19.19,,,,,,,,,,,,,,,510,52381,131,90.9,,2,,,J004459+015115
11.250224,2.98561,0.2592,False,True,False,False,False,False,True,False,False,25.04,24.79,,,,,,,,,,,,,,,510,52381,481,57.0,,2,,,J004500+025908
11.419451,2.64684,0.2188,False,False,True,False,False,False,True,False,False,25.14,9.45,,,,,,,,,,,,,,,512,51992,396,105.4,,2,,,J004540+023848
11.493139,2.29244,0.1264,False,False,True,False,False,False,False,False,False,24.49,19.1,,,,,,,,,,,,,,,512,51992,594,76.6,,2,,,J004558+021732
11.797656,2.27337,0.2793,False,False,True,False,False,False,False,False,False,25.36,13.23,,,,,,,,,,,,,,,514,51994,75,99.9,,2,,,J004711+021624
11.716316,1.90618,0.1324,False,False,True,False,False,False,True,False,False,25.24,37.79,,,,,,,,,,,,,,,514,51994,221,386.3,82.3,2,0.56,J004651.9+015422,J004651+015422
11.906824,2.11471,0.1324,False,False,True,False,False,False,True,False,False,24.45,32.96,,,,,,,,,,,,,,,515,52051,167,63.0,,2,,,J004737+020652
12.068442,2.41156,0.0845,False,False,True,False,False,False,False,False,False,24.59,35.41,11.67,10.850940941897678,1.06,2.01,3.01,8.80089,8.48,0.564,-0.602,0.0,1.888,-0.201,5.95,0.0,517,52024,391,225.6,145.3,2,1.85,J004816.4+022441,J004816+022441
12.277813,3.70872,0.08,False,True,False,True,False,False,False,False,False,24.5,109.6,11.21,3.579301537369973,1.06,1.99,3.22,9.30422,8.47,0.912,-2.232,0.301,1.263,-1.506,6.05,0.0,518,52282,366,207.0,,4,,,J004906+034231
12.374647,2.50264,0.229,False,False,True,False,False,False,False,False,False,25.61,17.06,,,,,,,,,,,,,,,519,52283,475,278.2,,2,,,J004929+023009
12.454907,2.60166,0.2187,False,True,False,False,False,True,False,False,False,25.22,15.39,,,,,,,,,,,,,,,520,52288,351,126.0,10.2,2,0.56,J004949.1+023605,J004949+023605
12.829868,1.72511,0.1583,False,False,True,False,False,False,False,False,False,25.03,94.31,,,,,,,,,,,,,,,522,52024,52,165.0,,4,,,J005119+014330
12.973169,1.8397,0.3576,False,False,True,False,False,False,False,False,False,25.28,19.62,,,,,,,,,,,,,,,523,52026,104,48.0,,2,,,J005153+015022
12.939474,1.42643,0.3345,False,True,False,False,False,False,False,False,False,25.66,170.89,,,,,,,,,,,,,,,523,52026,124,134.0,4.2,2,0.95,J005145.4+012535,J005145+012535
12.872948,3.265,0.0988,False,False,True,False,False,False,True,False,False,25.34,51.06,11.45,5.1293868225445065,1.07,1.98,3.04,9.23169,8.49,-1.239,-1.774,0.0,-0.562,0.862,6.17,0.0,523,52026,323,919.0,,2,,,J005129+031554
12.896392,3.44177,0.06565,True,False,False,False,False,False,False,False,False,,,11.2,3.627742678651101,0.82,1.41,3.64,9.28255,8.35,-0.592,-1.592,0.0,0.176,0.339,6.29,0.0,523,52026,371,106.7,78.5,1,0.29,J005135.1+032630,J005135+032630
13.315014,1.82791,0.179,False,False,True,False,False,False,False,False,False,24.74,293.53,,,,,,,,,,,,,,,526,52312,186,64.0,,4,,,J005315+014940
13.388559,3.13532,0.2689,False,True,False,False,False,False,True,False,False,26.41,136.81,,,,,,,,,,,,,,,526,52312,616,1221.0,,4,,,J005333+030807
13.445732,3.19863,0.1761,False,True,False,False,False,False,False,False,False,25.07,30.32,,,,,,,,,,,,,,,527,52342,378,142.0,27.7,2,2.4,J005346.9+031155,J005346+031155
13.622152,1.68174,0.07719,True,False,False,False,False,False,False,False,False,,,11.4,6.050314306702366,1.0,1.98,3.12,9.03826,8.42,0.102,0.039,0.602,1.817,0.628,5.81,0.0,528,52022,93,63.6,26.3,1,0.7,J005429.3+014054,J005429+014054
14.242399,1.73157,0.0531,False,True,False,False,False,False,False,False,False,24.06,116.37,11.26,3.7400343040268575,1.11,2.01,3.06,9.31607,8.46,0.435,1.725,0.602,3.14,1.3,5.89,0.0,533,51994,192,174.9,34.3,4,0.33,J005658.1+014353,J005658+014353
14.437874,0.83757,0.125,False,True,False,True,False,False,False,False,False,24.54,92.37,,,,,,,,,,,,,,,534,51997,3,88.7,,4,,,J005745+005015
14.569174,1.61694,0.1379,False,True,False,False,False,False,False,False,False,25.42,119.77,,,,,,,,,,,,,,,535,51999,79,543.0,,4,,,J005816+013700
14.956294,2.54901,0.1518,False,False,False,False,False,False,False,False,False,24.65,24.08,,,,,,,,,,,,,,,539,52017,339,75.0,17.4,2,1.35,J005949.5+023256,J005949+023256
15.140734,1.7794,0.5066,False,False,True,False,False,False,False,False,False,25.54,15.35,,,,,,,,,,,,,,,540,51996,436,40.0,,2,,,J010033+014645
7.7599253,33.96297,0.0625,False,True,False,False,False,False,True,False,False,23.85,32.56,11.14,5.093528895538843,1.04,2.03,3.21,8.92778,8.51,1.526,-1.272,0.778,2.429,-1.536,5.78,0.0,542,51993,41,76.0,,2,,,J003102+335746
7.9404887,37.05825,0.0774,False,False,True,False,False,False,True,False,False,24.44,115.39,11.39,5.673131141680907,1.04,1.99,3.41,9.08417,8.37,0.945,1.091,0.845,3.261,0.429,5.92,0.0,543,52017,11,193.0,5.4,4,0.56,J003145.7+370329,J003145+370329
7.9744746,37.78657,0.0408,False,True,False,False,False,False,False,False,False,25.04,104.36,,,,,,,,,,,,,,,544,52201,127,2843.6,225.5,4,0.63,J003153.8+374711,J003153+374711
7.9657552,39.99336,0.06578,True,False,False,False,False,False,False,False,False,,,10.83,4.151751128218541,0.85,1.51,2.86,8.79536,7.36,-0.427,-2.229,0.477,-0.04,-0.198,7.57,1.0,544,52201,370,99.7,99.2,1,0.31,J003151.7+395936,J003151+395936
8.2167033,43.7969,0.1281,False,True,False,False,False,False,False,False,False,25.1,34.09,,,,,,,,,,,,,,,547,51959,251,304.0,86.2,4,0.38,J003252.0+434748,J003252+434748
8.5630229,45.25542,0.18,False,True,False,False,False,False,False,False,False,25.0,85.36,,,,,,,,,,,,,,,548,51986,18,115.0,28.2,2,1.04,J003415.1+451519,J003415+451519
8.4550868,46.58636,0.1249,False,False,True,False,False,False,True,False,False,24.55,108.07,,,,,,,,,,,,,,,548,51986,512,91.0,11.2,4,1.15,J003349.2+463510,J003349+463510
9.0161102,51.16591,0.125,False,False,True,False,False,False,False,False,False,24.56,38.65,,,,,,,,,,,,,,,552,51992,214,92.0,,2,,,J003603+510957
9.0146047,50.93962,0.2017,False,True,False,False,False,False,False,False,False,25.36,58.68,,,,,,,,,,,,,,,552,51992,271,206.0,,4,,,J003603+505622
9.0435689,52.06355,0.0992,False,True,False,False,False,False,False,False,False,24.98,82.5,11.56,10.912734811867066,1.04,1.98,3.14,8.68595,8.7,0.636,-0.675,0.778,1.916,-0.315,5.99,0.0,552,51992,471,390.0,53.8,2,1.05,J003610.4+520348,J003610+520348
9.2210459,52.14857,0.19,False,True,False,False,False,False,False,False,False,25.32,71.77,,,,,,,,,,,,,,,552,51992,635,213.0,,2,,,J003653+520854
9.0556824,52.56004,0.3149,False,False,True,False,False,False,False,False,False,25.98,23.26,,,,,,,,,,,,,,,553,51999,339,318.7,,2,,,J003613+523336
9.1707987,53.66405,0.1857,False,True,False,False,False,False,True,False,False,24.89,14.12,,,,,,,,,,,,,,,553,51999,426,83.0,,2,,,J003640+533950
9.2069672,53.69423,0.1006,False,True,False,False,False,False,True,False,False,24.71,104.19,,,,,,,,,,,,,,,554,52000,297,204.1,2.8,4,0.53,J003649.6+534139,J003649+534139
9.3819967,54.30783,0.3371,False,False,True,False,False,False,False,False,False,25.15,48.94,,,,,,,,,,,,,,,554,52000,531,41.0,,2,,,J003731+541828
9.4511892,54.39627,0.1243,False,False,True,False,False,False,True,False,False,24.7,39.93,,,,,,,,,,,,,,,555,52266,227,129.0,,2,1.34,,J003748+542346
9.6393056,55.72609,0.2212,False,False,True,False,False,False,False,False,False,24.99,46.9,,,,,,,,,,,,,,,555,52266,605,72.6,,2,,,J003833+554333
9.8051056,56.31644,0.1389,False,True,False,False,False,False,False,False,False,24.74,42.26,,,,,,,,,,,,,,,557,52253,184,110.0,19.2,2,1.58,J003913.2+561859,J003913+561859
9.9083394,58.21227,0.4502,False,False,True,False,False,False,False,False,False,25.64,17.25,,,,,,,,,,,,,,,558,52317,414,65.9,,2,,,J003938+581244
10.311808,58.97677,0.1981,False,False,True,False,False,False,False,False,False,25.37,19.87,,,,,,,,,,,,,,,559,52316,235,218.6,,2,,,J004114+585836
10.650084,59.0966,0.4708,False,False,True,False,False,False,False,False,False,25.69,12.3,,,,,,,,,,,,,,,560,52296,108,66.5,,2,,,J004236+590547
10.520788,60.59657,0.2536,False,False,True,False,False,False,True,False,False,25.36,21.1,,,,,,,,,,,,,,,560,52296,370,125.6,,2,,,J004204+603547
8.775237,2.7843,0.2061,False,False,True,False,False,False,False,False,False,24.84,52.16,,,,,,,,,,,,,,,564,52224,115,60.1,,2,,,J003506+024703
8.7729095,3.26102,0.2055,False,False,True,False,False,False,False,False,False,24.91,30.17,,,,,,,,,,,,,,,564,52224,504,70.1,,2,,,J003505+031539
8.9619853,3.37574,0.2014,False,False,True,False,False,False,False,False,False,25.37,11.42,,,,,,,,,,,,,,,565,52225,509,212.4,,2,,,J003550+032232
9.227005,3.28903,0.1416,False,True,False,False,False,False,False,False,False,24.75,88.88,,,,,,,,,,,,,,,567,52252,233,110.0,,4,,,J003654+031720
9.2479309,4.26536,0.1423,False,False,True,False,False,False,True,False,False,24.45,8.12,,,,,,,,,,,,,,,567,52252,407,53.7,,2,,,J003659+041555
9.5163177,3.80771,0.089,False,True,False,False,False,False,False,False,False,24.33,212.98,11.56,8.806337603829322,1.02,2.01,3.16,8.87223,8.69,0.79,0.165,0.602,2.563,0.032,6.13,0.0,568,52254,624,111.0,8.0,4,0.65,J003803.9+034827,J003803+034827
9.9243785,3.75467,0.091,False,True,False,False,False,False,False,False,False,23.98,59.98,11.77,6.6946325268736135,0.96,1.81,3.1,9.32037,8.04,0.111,2.018,0.477,2.997,1.789,5.73,0.0,571,52286,76,47.0,,2,1.33,,J003941+034516
9.9664795,3.45717,0.1653,False,True,False,False,False,False,False,False,False,25.68,104.36,,,,,,,,,,,,,,,572,52289,229,669.0,,4,,,J003951+032725
10.024654,4.57699,0.2215,False,False,True,False,False,False,True,False,False,25.12,74.89,,,,,,,,,,,,,,,572,52289,550,96.0,,4,,,J004005+043437
10.232327,4.14943,0.3399,False,True,False,False,False,False,True,False,False,25.17,19.58,,,,,,,,,,,,,,,574,52355,274,41.9,,2,,,J004055+040857
10.159644,4.29669,0.2405,False,False,True,False,False,False,False,False,False,25.0,67.02,,,,,,,,,,,,,,,574,52355,352,62.0,1.0,4,0.23,J004038.3+041748,J004038+041748
10.417112,4.03401,0.2112,False,True,False,False,False,False,False,False,False,25.08,27.64,,,,,,,,,,,,,,,575,52319,146,97.0,,2,,,J004140+040202
10.578684,5.55549,0.1408,False,False,True,False,False,False,False,False,False,24.93,26.54,,,,,,,,,,,,,,,577,52367,374,167.1,,2,,,J004218+053319
10.657839,5.60379,0.0908,False,False,True,False,False,False,False,True,False,25.06,99.41,,,,,,,,,,,,,,,577,52367,575,572.0,,4,,,J004237+053613
10.763472,4.34239,0.1539,False,False,True,False,False,False,True,False,False,25.06,43.08,,,,,,,,,,,,,,,578,52339,70,184.4,,2,,,J004303+042032
10.895857,3.53844,0.2354,False,False,True,False,False,False,False,False,False,25.47,46.65,,,,,,,,,,,,,,,579,52338,56,188.0,21.5,4,1.96,J004335.0+033218,J004335+033218
11.040239,4.18078,0.342,False,False,True,False,False,False,False,False,False,25.26,32.43,,,,,,,,,,,,,,,580,52368,105,50.3,,2,,,J004409+041050
10.987401,5.29203,0.0353,False,False,True,False,False,False,True,False,False,23.16,25.28,,,,,,,,,,,,,,,580,52368,461,50.5,36.1,2,0.24,J004356.9+051731,J004356+051731
11.063786,4.86782,0.1846,False,False,True,False,False,False,False,False,False,24.61,9.7,,,,,,,,,,,,,,,580,52368,594,44.2,,2,,,J004415+045204
11.053018,4.31055,0.3257,False,False,True,False,False,False,False,False,False,25.52,10.1,,,,,,,,,,,,,,,581,52356,320,103.4,,2,,,J004412+041837
11.174417,5.42812,0.4419,False,False,True,False,False,False,False,False,False,25.45,53.78,,,,,,,,,,,,,,,581,52356,584,44.0,,2,,,J004441+052541
14.414335,4.11883,0.5943,False,False,False,False,False,False,True,False,False,25.91,10.75,,,,,,,,,,,,,,,585,52027,351,64.2,,2,,,J005739+040707
14.551208,3.51046,0.1479,False,True,False,False,False,False,True,False,False,24.69,39.51,,,,,,,,,,,,,,,586,52023,312,86.0,,2,,,J005812+033037
14.678228,5.10678,0.3525,False,True,False,False,False,False,True,False,False,25.31,46.79,,,,,,,,,,,,,,,586,52023,602,53.8,3.2,2,1.35,J005842.7+050624,J005842+050624
14.778381,3.93529,0.2691,False,True,False,False,False,False,False,False,False,25.01,27.34,,,,,,,,,,,,,,,587,52026,551,49.1,1.3,2,1.06,J005906.8+035607,J005906+035607
14.806363,4.19785,0.2146,False,False,True,False,False,False,False,False,False,24.87,67.06,,,,,,,,,,,,,,,588,52029,358,58.0,,4,,,J005913+041152
15.080699,4.6819,0.09174,True,False,False,False,False,False,False,False,False,,,11.2,4.26921136089752,0.98,1.89,2.99,9.14112,8.35,-0.377,-0.756,0.301,0.88,0.624,6.27,0.0,589,52055,565,53.6,13.9,1,0.39,J010019.3+044054,J010019+044054
15.166501,3.00307,0.092,False,True,False,False,False,False,False,False,False,24.93,238.01,11.52,7.397349816510856,1.04,1.98,3.22,8.98367,8.65,1.293,1.628,0.903,3.918,0.407,6.32,0.0,590,52057,217,412.0,,4,,,J010039+030011
15.154739,4.51674,0.2272,False,False,True,False,False,False,False,False,False,24.98,37.08,,,,,,,,,,,,,,,590,52057,375,65.8,5.2,2,0.83,J010037.1+043100,J010037+043100
15.277636,2.78685,0.1098,False,True,False,False,False,False,False,False,False,24.59,147.48,,,,,,,,,,,,,,,591,52022,194,131.0,23.5,4,2.93,J010106.6+024712,J010106+024712
15.466805,2.84607,0.3396,False,False,True,False,False,False,False,False,False,25.26,17.4,,,,,,,,,,,,,,,592,52025,73,51.4,,2,,,J010152+025045
15.53512,3.69953,0.1689,False,True,False,False,False,False,True,False,False,25.16,24.83,,,,,,,,,,,,,,,593,52026,436,193.0,20.7,2,0.64,J010208.4+034158,J010208+034158
15.925679,3.44943,0.2042,False,True,False,False,False,False,False,False,False,24.75,35.66,,,,,,,,,,,,,,,595,52023,409,49.0,,2,,,J010342+032657
16.055274,3.27905,0.2222,False,False,True,False,False,False,True,False,False,25.24,9.52,,,,,,,,,,,,,,,595,52023,612,127.0,,2,,,J010413+031644
11.325881,63.28793,0.1533,False,True,False,False,False,False,False,False,False,24.82,119.02,,,,,,,,,,,,,,,596,52370,17,107.0,15.5,4,1.8,J004518.2+631716,J004518+631716
11.152529,63.47019,0.4263,False,True,False,False,False,False,True,False,False,25.73,63.85,,,,,,,,,,,,,,,596,52370,221,90.0,53.5,4,0.66,J004436.6+632812,J004436+632812
12.439577,64.10612,0.1102,False,True,False,False,False,False,False,False,False,24.39,47.24,,,,,,,,,,,,,,,600,52317,258,81.0,49.5,4,1.74,J004945.4+640622,J004945+640622
13.510926,62.91869,0.2211,False,False,True,False,False,False,False,False,False,24.83,39.43,,,,,,,,,,,,,,,603,52056,96,49.4,,2,,,J005402+625507
13.477007,63.48817,0.219,False,False,True,False,False,False,False,False,False,25.26,105.95,,,,,,,,,,,,,,,603,52056,152,138.0,3.0,4,2.71,J005354.4+632917,J005354+632917
13.872975,61.8937,0.1786,False,True,False,False,False,False,False,False,False,25.14,29.61,,,,,,,,,,,,,,,605,52353,308,164.0,,2,,,J005529+615337
14.175167,63.31692,0.1587,False,False,True,False,False,False,False,False,False,25.18,178.38,,,,,,,,,,,,,,,605,52353,639,228.0,,4,,,J005642+631900
14.202427,61.28589,0.3049,False,False,True,False,False,False,True,False,False,25.4,10.34,,,,,,,,,,,,,,,606,52365,280,90.5,,2,,,J005648+611709
14.529876,60.85263,0.113,False,True,False,False,False,False,False,False,False,24.72,63.04,,,,,,,,,,,,,,,607,52368,139,163.0,8.8,2,1.02,J005807.1+605109,J005807+605109
14.873221,61.28541,0.2788,False,False,False,False,False,False,False,False,False,25.49,91.42,,,,,,,,,,,,,,,609,52339,84,136.5,,4,,,J005929+611707
15.089625,60.6704,0.1586,False,False,True,False,False,False,True,False,False,24.56,43.7,,,,,,,,,,,,,,,611,52055,163,54.6,,2,,,J010021+604013
15.547415,57.57364,0.1519,False,True,False,False,False,False,False,False,False,24.79,66.98,,,,,,,,,,,,,,,615,52347,164,102.0,,4,,,J010211+573425
15.791854,52.88248,0.3366,False,False,True,False,False,False,False,False,False,25.26,81.26,,,,,,,,,,,,,,,618,52049,378,53.0,,4,,,J010310+525256
15.955944,54.67111,0.0469,False,True,False,False,False,False,False,False,False,23.66,161.27,,,,,,,,,,,,,,,619,52056,158,90.0,25.0,2,0.06,J010349.4+544015,J010349+544015
15.96396,53.72615,0.3121,False,True,False,False,False,False,True,False,False,25.78,41.13,,,,,,,,,,,,,,,619,52056,240,209.0,12.4,2,0.35,J010351.3+534334,J010351+534334
15.938829,51.31355,0.4502,False,False,True,False,False,False,False,False,False,25.6,37.24,,,,,,,,,,,,,,,620,52375,407,59.8,,2,,,J010345+511848
16.177162,53.40586,0.06389,True,False,False,False,False,False,False,False,False,,,11.29,4.447067468555951,1.04,2.02,3.43,9.19567,8.76,0.084,-0.792,0.477,1.308,0.153,6.09,0.0,621,52055,572,61.2,9.1,1,0.54,J010442.5+532421,J010442+532421
16.238788,50.46559,0.06026,True,False,False,False,False,False,False,False,False,,,11.39,6.331479478246887,1.12,1.89,3.33,8.98881,8.34,0.183,-1.176,0.301,1.178,-0.17,6.86,0.0,623,52051,61,173.4,81.4,1,0.13,J010457.3+502756,J010457+502756
16.261449,47.18661,0.1986,False,True,False,False,False,False,False,False,False,25.83,68.16,,,,,,,,,,,,,,,624,52377,376,625.0,98.1,4,0.24,J010502.7+471111,J010502+471111
16.33535,47.68471,0.1951,False,False,True,False,False,False,False,False,False,25.09,33.58,,,,,,,,,,,,,,,624,52377,501,118.0,,2,,,J010520+474104
16.445614,47.11748,0.2747,False,False,False,False,False,False,True,False,False,25.07,26.86,,,,,,,,,,,,,,,624,52377,567,53.7,,2,,,J010546+470702
16.406805,48.52846,0.0571,True,False,False,False,False,False,False,False,False,,,11.38,5.633362198899621,1.09,1.98,2.95,9.08028,8.39,-0.727,-1.593,0.0,0.043,0.47,6.45,0.0,625,52145,232,89.5,69.0,1,0.23,J010537.6+483142,J010537+483142
16.58753,43.16777,0.2258,False,True,False,True,False,False,False,False,False,24.81,58.6,,,,,,,,,,,,,,,628,52083,331,45.0,15.4,4,1.44,J010621.0+431003,J010621+431003
16.585725,42.80005,0.2287,False,False,True,False,False,False,False,False,False,24.77,49.56,,,,,,,,,,,,,,,628,52083,387,40.3,4.4,2,0.53,J010620.5+424800,J010620+424800
16.73888,45.779,0.2246,False,False,True,False,False,False,True,False,False,25.39,24.16,,,,,,,,,,,,,,,629,52051,526,174.9,115.1,2,0.49,J010657.3+454644,J010657+454644
16.847979,41.07922,0.3175,False,False,True,False,False,False,False,False,False,25.09,10.4,,,,,,,,,,,,,,,631,52079,247,40.4,,2,,,J010723+410445
21.246547,-7.84454,0.2145,False,False,True,False,False,False,False,False,False,24.91,41.33,,,,,,,,,,,,,,,639,52146,290,64.8,3.8,2,0.4,J012459.1-075040,J012459-075040
21.559255,-7.21367,0.08654,True,False,False,False,False,False,False,False,False,,,10.96,5.348022624424189,0.76,1.3,3.07,8.70543,7.85,-0.918,-2.778,-99.0,-0.844,-0.044,7.66,1.0,641,52199,476,189.8,193.2,1,0.15,J012614.2-071249,J012614-071249
21.839266,-8.77724,0.3937,False,False,True,False,False,False,False,False,False,25.39,13.77,,,,,,,,,,,,,,,644,52149,209,49.7,,2,,,J012721-084638
21.884745,-7.18526,0.059,False,True,False,False,False,False,False,False,False,24.18,391.13,,,,,,,,,,,,,,,644,52149,549,183.0,,2,,,J012732-071106
23.414722,-10.20316,0.1596,False,False,True,False,False,False,False,False,False,24.67,92.57,,,,,,,,,,,,,,,646,52523,262,70.0,,4,,,J013339-101211
23.75273,-10.16306,0.2921,False,False,True,False,False,False,False,False,False,25.44,78.17,,,,,,,,,,,,,,,648,52559,166,110.0,1.6,4,0.53,J013500.6-100947,J013500-100947
0.026362,-8.86521,0.1765,False,False,True,False,False,False,False,False,False,24.62,10.28,,,,,,,,,,,,,,,650,52143,528,50.0,,2,,,J000006-085154
0.7168413,-9.22956,0.07628,True,False,False,False,False,False,False,False,False,,,11.19,4.510499509935662,1.05,1.96,3.32,9.08337,8.48,0.873,-0.295,-99.0,2.371,-0.321,6.18,0.0,655,52162,581,148.4,20.9,1,0.11,J000252.0-091346,J000252-091346
0.7241147,-10.90606,0.1275,False,False,True,False,False,False,True,False,False,24.53,51.0,,,,,,,,,,,,,,,656,52148,251,82.3,,2,,,J000253-105421
0.7202367,-10.66558,0.1275,False,True,False,False,False,False,True,False,False,24.74,95.51,,,,,,,,,,,,,,,656,52148,297,133.0,12.6,4,0.67,J000252.8-103956,J000252-103956
0.6967293,-9.28422,0.0529,False,True,False,False,False,False,False,False,False,23.54,80.6,10.96,2.4703629549620763,1.06,2.01,3.01,9.3763,8.56,1.727,-1.262,-99.0,2.632,-1.726,5.86,0.0,656,52148,398,53.0,4.0,2,0.7,J000247.2-091703,J000247-091703
0.8494626,-9.48964,0.2,False,False,True,False,False,False,False,False,False,24.99,19.21,,,,,,,,,,,,,,,656,52148,636,90.6,,2,,,J000323-092922
0.9448526,-10.86752,0.1959,False,False,True,False,False,False,True,False,False,25.04,134.02,,,,,,,,,,,,,,,657,52177,13,106.0,6.7,4,0.41,J000346.7-105203,J000346-105203
0.9389107,-9.60826,0.1031,False,True,False,False,False,True,False,False,False,24.74,34.67,,,,,,,,,,,,,,,658,52146,397,207.0,99.3,4,0.04,J000345.3-093629,J000345-093629
1.0900833,-9.81282,0.1644,False,False,True,False,False,False,False,False,False,25.02,11.2,,,,,,,,,,,,,,,659,52199,395,146.8,,2,,,J000421-094846
1.3085147,-10.73233,0.126,False,False,True,False,False,False,False,False,False,24.35,39.27,,,,,,,,,,,,,,,660,52177,133,56.3,,2,,,J000514-104356
1.5571873,-10.43852,0.1132,False,False,True,False,False,False,False,False,False,25.03,19.54,,,,,,,,,,,,,,,662,52147,126,336.9,,2,,,J000613-102618
1.5575686,-8.40458,0.1488,False,True,False,False,False,False,True,False,False,25.1,205.09,,,,,,,,,,,,,,,662,52147,441,218.8,,4,,,J000613-082416
1.905592,-8.27868,0.429,False,False,True,False,False,False,False,False,False,26.08,29.96,,,,,,,,,,,,,,,665,52168,444,202.9,,2,,,J000737-081643
22.433909,-1.2351,0.4046,False,False,True,False,False,False,True,False,False,25.57,43.88,,,,,,,,,,,,,,,673,52162,286,70.7,5.7,2,1.07,J012944.1-011406,J012944-011406
22.901204,-0.17624,0.3454,False,False,True,False,False,False,True,False,False,25.88,53.46,,,,,,,,,,,,,,,676,52178,159,208.0,,4,,,J013136-001034
22.955861,-1.1382,0.181,False,True,False,False,False,False,False,False,False,24.84,64.07,,,,,,,,,,,,,,,677,52606,289,79.0,7.7,2,0.31,J013149.4-010817,J013149-010817
23.45297,-0.6994,0.099,False,False,True,False,False,False,True,False,False,24.73,132.55,,,,,,,,,,,,,,,680,52200,30,223.0,79.9,4,0.27,J013348.7-004157,J013348-004157
23.949876,-0.80012,0.1871,False,True,False,False,False,False,False,False,False,24.82,108.33,,,,,,,,,,,,,,,684,52523,15,70.0,,4,,,J013547-004800
0.213216,0.78772,0.1484,False,False,True,False,False,False,False,False,False,24.52,26.82,,,,,,,,,,,,,,,686,52519,617,58.6,5.5,2,1.54,J000051.1+004715,J000051+004715
0.3368787,0.08066,0.2127,False,False,True,False,False,False,True,False,False,25.31,166.56,,,,,,,,,,,,,,,687,52518,67,165.0,,4,,,J000120+000450
0.2563447,0.15609,0.4401,False,False,True,False,False,False,False,False,False,25.67,24.05,,,,,,,,,,,,,,,687,52518,473,73.7,15.2,2,1.88,J000101.5+000921,J000101+000921
0.617808,-1.15233,0.0735,False,False,False,False,False,False,False,False,False,25.69,30.23,,,,,,,,,,,,,,,690,52261,207,3783.0,,2,,,J000228-010908
1.082376,0.0731,0.2797,False,True,False,False,False,False,False,False,False,25.25,58.67,,,,,,,,,,,,,,,694,52209,276,77.5,6.0,2,0.86,J000419.7+000423,J000419+000423
2.0381346,-1.12785,0.0426,False,False,True,False,False,False,False,False,False,23.23,45.04,,,,,,,,,,,,,,,701,52179,129,40.3,6.3,2,0.68,J000809.1-010740,J000809-010740
22.314945,-9.29526,0.1899,False,False,True,False,False,False,False,False,False,24.66,12.05,,,,,,,,,,,,,,,719,52203,65,46.9,,2,,,J012915-091742
22.311888,-9.36079,0.1864,False,False,True,False,False,False,False,False,False,24.9,61.39,,,,,,,,,,,,,,,719,52203,69,84.2,6.0,4,0.52,J012914.8-092138,J012914-092138
22.282723,-9.11689,0.2722,False,False,True,False,False,False,False,False,False,24.99,10.39,,,,,,,,,,,,,,,719,52203,116,45.4,,2,,,J012907-090700
22.361165,-8.42389,0.0707,False,True,False,False,False,False,False,False,False,24.24,208.39,11.18,4.273002620889213,1.11,2.02,3.19,9.12035,8.33,-1.044,-0.457,-99.0,0.407,1.451,6.33,0.0,719,52203,638,147.0,22.4,4,1.77,J012926.6-082526,J012926-082526
22.393439,-8.10839,0.2358,False,False,True,False,False,False,False,False,False,25.3,23.51,,,,,,,,,,,,,,,720,52206,492,126.8,,2,,,J012934-080630
22.41547,-7.87776,0.3536,False,False,True,False,False,False,True,False,False,25.22,45.45,,,,,,,,,,,,,,,720,52206,540,42.9,,2,,,J012939-075239
22.520337,-9.44214,0.2521,False,True,False,False,False,False,True,False,False,24.99,45.22,,,,,,,,,,,,,,,721,52228,171,53.8,16.2,2,1.68,J013004.8-092631,J013004-092631
22.528664,-8.40881,0.0829,False,True,False,False,False,False,False,False,False,25.1,323.19,,,,,,,,,,,,,,,721,52228,503,766.0,8.2,4,0.91,J013006.8-082431,J013006-082431
23.10894,-9.50571,0.1593,False,True,False,False,False,False,False,False,False,24.97,212.36,,,,,,,,,,,,,,,725,52258,79,141.0,,4,,,J013226-093020
23.060822,-10.2721,0.0795,False,False,False,False,False,False,True,False,False,24.28,96.21,,,,,,,,,,,,,,,725,52258,137,124.9,11.0,4,0.95,J013214.5-101619,J013214-101619
23.044725,-9.42293,0.2302,False,True,False,False,False,False,True,False,False,24.83,200.86,,,,,,,,,,,,,,,725,52258,465,46.0,14.3,4,0.97,J013210.7-092522,J013210-092522
7.621994,29.49227,0.1105,False,True,False,False,False,False,False,False,False,24.12,34.32,,,,,,,,,,,,,,,754,52232,96,43.0,19.2,4,0.72,J003029.2+292932,J003029+292932
7.872732,33.56359,0.1403,False,False,True,False,False,False,False,False,False,24.52,86.52,,,,,,,,,,,,,,,756,52577,110,66.0,,4,,,J003129+333348
8.2815938,39.18779,0.4654,False,False,False,False,False,False,False,False,False,25.74,46.68,,,,,,,,,,,,,,,759,52254,12,77.0,0.7,2,2.84,J003307.5+391116,J003307+391116
8.2534286,38.6793,0.1253,False,False,True,False,False,False,False,False,False,25.29,34.24,,,,,,,,,,,,,,,759,52254,22,487.8,,2,,,J003300+384045
8.1945826,40.24926,0.1218,False,True,False,False,False,False,False,False,False,24.34,31.63,,,,,,,,,,,,,,,759,52254,395,59.0,4.3,2,0.85,J003246.6+401457,J003246+401457
8.5193222,41.79392,0.132,False,False,True,False,False,False,False,False,False,24.84,161.42,,,,,,,,,,,,,,,761,52266,5,155.0,5.9,4,0.34,J003404.6+414738,J003404+414738
8.4111526,41.05155,0.05798,True,False,False,False,False,False,False,False,False,,,11.17,3.873336919799847,1.05,2.06,3.07,9.19565,8.2,0.141,-1.183,0.0,1.133,-0.134,5.77,0.0,761,52266,187,81.3,82.0,1,1.02,J003338.6+410305,J003338+410305
8.6105103,44.01934,0.05542,True,False,False,False,False,False,False,False,False,,,11.08,3.734471660000549,1.12,1.87,3.28,9.13736,8.29,-0.999,0.643,-99.0,1.102,2.058,7.24,1.0,762,52232,147,130.3,139.3,1,0.21,J003426.5+440109,J003426+440109
8.5200434,43.69958,0.1114,False,True,False,False,False,False,False,False,False,24.57,37.37,,,,,,,,,,,,,,,762,52232,278,121.0,,2,,,J003404+434158
8.6313202,44.84055,0.207,False,False,True,False,False,False,False,False,False,26.22,124.72,,,,,,,,,,,,,,,762,52232,577,1415.0,,4,,,J003431+445025
8.848172,47.89767,0.1845,False,True,False,False,False,False,False,False,False,24.74,32.05,,,,,,,,,,,,,,,764,52238,345,60.0,,2,,,J003523+475351
9.1057119,47.86894,0.24,False,False,True,False,False,False,True,False,False,25.39,43.83,,,,,,,,,,,,,,,765,52254,127,151.7,,2,,,J003625+475208
9.1434631,48.65507,0.1168,False,True,False,False,False,False,True,False,False,24.8,99.58,,,,,,,,,,,,,,,765,52254,169,184.0,13.4,4,0.79,J003634.4+483918,J003634+483918
9.7875865,52.84959,0.334,False,True,False,True,False,False,False,False,False,25.15,32.82,,,,,,,,,,,,,,,768,52281,31,42.0,,2,,,J003909+525058
9.6115468,53.10767,0.0463,False,True,False,False,False,False,True,False,False,23.46,28.49,,,,,,,,,,,,,,,768,52281,463,58.0,,2,,,J003826+530627
9.9781871,60.22775,0.2162,False,False,True,False,False,False,False,False,False,25.44,16.0,,,,,,,,,,,,,,,770,52282,198,211.7,,2,,,J003954+601339
10.575889,61.47047,0.1165,False,False,True,False,False,False,False,False,False,24.51,115.07,,,,,,,,,,,,,,,772,52375,5,94.0,1.7,4,0.63,J004218.2+612813,J004218+612813
10.507692,61.01104,0.3746,False,False,True,False,False,False,False,False,False,25.65,12.83,,,,,,,,,,,,,,,772,52375,89,102.4,,2,,,J004201+610039
10.489975,61.45015,0.3975,False,False,True,False,False,False,False,False,False,25.36,22.78,,,,,,,,,,,,,,,772,52375,134,46.0,,2,,,J004157+612700
10.815726,62.63005,0.2944,False,False,True,False,False,False,True,False,False,25.47,35.93,,,,,,,,,,,,,,,773,52376,77,116.2,,2,,,J004315+623748
10.694095,63.10412,0.3758,False,False,True,False,False,False,False,False,False,25.37,9.31,,,,,,,,,,,,,,,773,52376,484,53.2,,2,,,J004246+630614
11.317746,60.47799,0.1321,False,True,False,False,False,False,False,False,False,24.42,36.27,,,,,,,,,,,,,,,775,52295,210,59.4,11.5,2,0.65,J004516.2+602840,J004516+602840
11.532152,61.7886,0.2439,False,False,True,False,False,False,False,False,False,25.26,6.91,,,,,,,,,,,,,,,775,52295,639,109.1,69.1,2,2.56,J004607.7+614718,J004607+614718
12.143642,61.35178,0.2747,False,False,True,False,False,False,True,False,False,25.61,113.52,,,,,,,,,,,,,,,778,52337,41,186.0,80.1,4,0.33,J004834.4+612106,J004834+612106
12.343451,63.69567,0.1875,False,False,True,False,False,False,False,False,False,25.42,289.51,,,,,,,,,,,,,,,780,52370,373,275.0,2.6,4,0.44,J004922.4+634144,J004922+634144
12.464234,63.38481,0.1455,False,True,False,False,False,False,False,False,False,25.05,46.87,,,,,,,,,,,,,,,780,52370,538,205.0,,2,,,J004951+632305
12.660492,62.75537,0.0758,False,False,False,False,False,False,True,False,False,23.76,196.5,,,,,,,,,,,,,,,780,52370,631,42.0,,4,,,J005038+624519
13.04418,62.49424,0.0757,False,True,False,False,False,False,False,False,False,24.62,64.07,11.67,9.810003248541287,1.01,2.07,3.11,8.88848,8.45,-0.396,0.92,0.477,1.853,1.635,5.98,0.0,783,52325,473,302.0,,2,,,J005210+622939
13.240188,62.32938,0.1308,False,True,False,True,False,False,False,False,False,25.25,113.63,,,,,,,,,,,,,,,783,52325,591,405.0,64.5,4,0.38,J005257.6+621945,J005257+621945
13.329253,60.51197,0.0702,False,False,True,False,False,False,False,False,False,24.39,17.97,,,,,,,,,,,,,,,784,52327,97,208.4,,2,,,J005319+603043
13.674557,60.84054,0.073,False,True,False,False,False,False,True,False,False,23.73,279.05,11.37,6.927681090791415,1.04,2.05,3.16,8.89064,8.57,-0.314,-0.862,0.0,0.879,0.5,5.99,0.0,785,52339,80,42.0,3.1,4,0.46,J005441.8+605025,J005441+605025
13.538453,60.2175,0.321,False,False,True,False,False,False,False,False,False,25.11,27.79,,,,,,,,,,,,,,,785,52339,203,41.3,,2,,,J005409+601303
13.371743,60.73931,0.1358,False,True,False,False,False,False,False,False,False,24.58,71.85,,,,,,,,,,,,,,,785,52339,320,80.0,,4,,,J005329+604421
14.73032,57.89025,0.2988,False,True,False,False,False,False,True,False,False,25.03,23.33,,,,,,,,,,,,,,,790,52433,599,41.0,,2,,,J005855+575324
15.254328,54.20889,0.158,False,False,True,False,False,False,True,False,False,24.77,51.56,,,,,,,,,,,,,,,793,52370,12,91.0,,2,,,J010101+541232
15.688552,51.67878,0.1481,False,False,True,False,False,False,False,False,False,24.36,31.15,,,,,,,,,,,,,,,795,52378,4,40.3,8.7,2,1.84,J010245.2+514043,J010245+514043
15.524005,52.59822,0.2053,False,False,True,False,False,False,False,False,False,24.95,73.08,,,,,,,,,,,,,,,795,52378,447,77.0,,4,,,J010205+523553
15.599073,51.42145,0.1621,False,False,True,False,False,False,False,False,False,24.71,10.36,,,,,,,,,,,,,,,796,52401,352,74.1,,2,,,J010223+512517
15.694817,50.79433,0.4239,False,False,True,False,False,False,False,False,False,25.64,37.18,,,,,,,,,,,,,,,796,52401,458,74.9,,2,,,J010246+504739
15.75478,50.79831,0.4309,False,False,True,False,False,False,False,True,False,25.86,64.6,,,,,,,,,,,,,,,796,52401,492,119.0,,4,,,J010301+504753
16.308098,44.57584,0.1966,False,True,False,False,False,False,False,False,True,25.1,48.9,,,,,,,,,,,,,,,814,52370,117,120.0,6.9,2,0.14,J010513.9+443433,J010513+443433
16.554239,40.18331,0.1831,False,True,False,False,False,False,False,False,False,24.63,72.71,,,,,,,,,,,,,,,817,52381,458,47.0,,2,,,J010613+401059
16.689702,38.03598,0.1626,False,True,False,False,False,False,False,False,False,25.28,132.49,,,,,,,,,,,,,,,818,52395,257,272.0,0.8,4,0.21,J010645.5+380209,J010645+380209
16.774561,38.52111,0.1075,False,False,True,False,False,False,True,False,False,25.08,57.22,,,,,,,,,,,,,,,818,52395,570,419.0,,4,,,J010705+383115
8.1190674,33.45503,0.3803,False,False,True,False,False,False,False,False,False,25.39,14.97,,,,,,,,,,,,,,,825,52289,199,53.5,,2,,,J003228+332718
8.451502,37.81147,0.2064,False,False,True,False,False,False,True,False,False,25.63,49.45,,,,,,,,,,,,,,,827,52312,463,363.9,,2,,,J003348+374841
8.6926056,40.34532,0.1683,False,True,False,False,False,False,True,False,False,24.49,20.46,,,,,,,,,,,,,,,828,52317,562,41.3,20.8,2,2.78,J003446.2+402043,J003446+402043
8.7116109,39.18148,0.1166,False,False,True,False,False,False,False,False,False,24.25,20.46,,,,,,,,,,,,,,,828,52317,584,52.0,,2,,,J003450+391053
9.0951701,42.35368,0.1565,False,True,False,False,False,False,False,False,False,24.47,16.04,,,,,,,,,,,,,,,831,52294,8,46.0,,2,,,J003622+422113
9.4921997,46.44556,0.1679,False,False,True,False,False,False,True,False,False,24.63,206.99,,,,,,,,,,,,,,,834,52316,288,57.8,7.0,4,1.25,J003758.1+462644,J003758+462644
11.410389,4.93858,0.2828,False,False,True,False,False,False,False,False,False,26.33,12.18,,,,,,,,,,,,,,,836,52376,515,905.4,,2,,,J004538+045618
11.702479,4.62599,0.1593,False,True,False,False,False,False,False,False,False,25.15,114.1,,,,,,,,,,,,,,,838,52378,109,214.2,2.0,4,0.5,J004648.5+043733,J004648+043733
11.686616,5.73474,0.0974,False,True,False,False,False,False,False,False,False,25.05,63.84,11.63,8.811856253617679,1.06,1.93,2.73,8.94169,8.67,1.735,0.455,1.146,3.655,-0.718,6.23,0.0,838,52378,459,484.0,,4,,,J004644+054405
11.69827,5.43495,0.3642,False,False,True,False,False,False,True,False,False,25.26,12.73,,,,,,,,,,,,,,,838,52378,508,43.9,,2,,,J004647+052605
11.741144,3.97104,0.1274,False,False,True,False,False,False,False,False,False,24.49,33.01,,,,,,,,,,,,,,,839,52373,205,75.6,15.8,2,0.58,J004657.8+035815,J004657+035815
11.739737,3.97991,0.1276,False,True,False,False,False,False,True,False,False,24.27,24.4,,,,,,,,,,,,,,,839,52373,260,45.0,,2,,,J004657+035847
12.244316,5.46776,0.0778,True,False,False,False,False,False,False,False,False,,,11.57,9.376482032647491,1.0,1.95,2.91,8.82774,8.37,0.294,-0.958,0.0,1.415,-0.149,5.85,0.0,843,52378,501,60.3,20.7,1,2.11,J004858.6+052803,J004858+052803
12.328599,4.55948,0.2946,False,True,False,True,False,False,False,False,False,25.36,34.49,,,,,,,,,,,,,,,844,52378,66,89.0,,2,,,J004918+043334
12.294105,3.66334,0.0778,False,True,False,True,False,False,False,False,False,25.17,34.93,11.2,2.8569728201271056,1.08,2.16,3.02,9.49001,8.74,2.046,-0.384,1.204,3.462,-1.517,6.15,0.0,844,52378,220,1014.0,,2,,,J004910+033948
12.621616,5.6998,0.48,False,False,True,False,False,False,False,False,False,26.07,68.42,,,,,,,,,,,,,,,845,52381,622,152.0,6.2,4,0.23,J005029.1+054159,J005029+054159
13.04177,5.66144,0.1311,False,False,True,False,False,False,False,False,False,24.71,19.31,,,,,,,,,,,,,,,849,52439,505,117.4,16.7,2,1.8,J005210.0+053941,J005210+053941
13.25556,5.50239,0.1743,False,True,False,False,False,False,True,False,False,24.74,89.4,,,,,,,,,,,,,,,851,52376,337,68.0,3.2,4,0.8,J005301.3+053008,J005301+053008
13.344875,5.29003,0.3397,False,True,False,False,False,False,True,False,False,25.63,70.63,,,,,,,,,,,,,,,851,52376,542,120.0,,4,,,J005322+051724
13.422014,5.35644,0.1749,False,False,True,False,False,False,True,False,False,24.66,74.86,,,,,,,,,,,,,,,852,52375,425,56.0,,4,,,J005341+052123
13.66129,4.54277,0.2701,False,False,True,False,False,False,True,False,False,25.1,10.98,,,,,,,,,,,,,,,853,52374,78,60.4,,2,,,J005438+043233
13.561355,4.25151,0.1704,False,True,False,False,False,False,False,False,False,25.38,69.15,,,,,,,,,,,,,,,853,52374,238,310.3,,4,,,J005414+041505
13.819342,4.08009,0.0795,True,False,False,False,False,False,False,False,False,,,11.09,4.879239476908576,1.02,1.86,3.31,8.91512,8.2,-0.623,-1.52,0.0,0.188,0.412,6.47,0.0,854,52373,25,64.4,63.3,1,0.18,J005516.6+040448,J005516+040448
13.765097,4.00274,0.1898,False,False,True,False,False,False,False,False,False,24.98,31.94,,,,,,,,,,,,,,,854,52373,63,98.6,,2,,,J005503+040009
13.759102,5.76957,0.125,False,False,True,False,False,False,True,False,False,24.51,43.47,,,,,,,,,,,,,,,854,52373,529,81.0,,2,,,J005502+054610
7.9373556,27.40993,0.1403,False,False,False,False,False,False,True,False,False,24.47,163.75,,,,,,,,,,,,,,,859,52317,124,58.1,20.2,4,0.25,J003144.9+272435,J003144+272435
8.368044,32.50171,0.1739,False,True,False,False,False,False,True,False,False,24.56,16.61,,,,,,,,,,,,,,,862,52325,51,45.0,,2,,,J003328+323006
10.348245,48.52337,0.0531,False,False,True,False,False,False,False,False,False,25.09,301.53,11.1,4.646270921701066,1.07,1.93,3.17,8.96761,8.14,0.352,0.318,0.0,2.226,0.549,6.07,0.0,874,52338,308,1859.0,75.0,4,0.39,J004123.5+483124,J004123+483124
10.613633,48.83027,0.3789,False,True,False,False,False,False,False,False,False,25.47,21.88,,,,,,,,,,,,,,,875,52354,138,66.0,,2,,,J004227+484948
10.672912,50.94032,0.1539,False,True,False,False,False,False,False,False,False,25.15,44.61,,,,,,,,,,,,,,,875,52354,521,227.0,36.6,4,2.23,J004241.4+505625,J004241+505625
10.729336,51.01051,0.2733,False,False,True,False,False,False,False,False,False,25.18,11.02,,,,,,,,,,,,,,,876,52669,337,69.9,,2,,,J004255+510037
11.803384,52.85209,0.0503,False,False,False,False,False,False,True,False,False,23.6,187.13,,,,,,,,,,,,,,,881,52368,437,68.1,9.1,4,0.32,J004712.8+525107,J004712+525107
11.907514,52.78914,0.3803,False,False,True,False,False,False,False,False,False,25.35,12.68,,,,,,,,,,,,,,,881,52368,501,48.9,,2,,,J004737+524720
12.293828,53.57453,0.1957,False,True,False,False,False,False,True,False,False,25.03,37.6,,,,,,,,,,,,,,,883,52430,616,104.0,,2,,,J004910+533428
12.479822,51.26526,0.0865,True,False,False,False,False,False,False,False,False,,,11.37,9.05546386130999,1.05,2.01,3.36,8.658,8.37,1.693,-0.139,1.0,3.263,-1.029,6.21,0.0,884,52374,82,46.1,42.9,1,1.37,J004955.1+511554,J004955+511554
12.646519,52.05059,0.2208,False,False,True,False,False,False,False,False,False,24.88,22.52,,,,,,,,,,,,,,,885,52379,168,56.0,38.8,2,1.11,J005035.1+520302,J005035+520302
12.910491,53.08999,0.0538,False,True,False,False,False,False,False,False,False,24.3,97.73,,,,,,,,,,,,,,,886,52381,523,295.0,10.1,4,2.08,J005138.5+530523,J005138+530523
8.0203552,34.67524,0.0827,False,True,False,False,False,False,False,False,False,23.87,44.84,11.25,5.444626510122828,1.06,2.03,3.13,8.97988,8.34,1.101,-0.285,0.903,2.599,-0.538,5.82,0.0,891,52584,471,45.0,3.7,2,1.29,J003204.8+344030,J003204+344030
8.1608007,34.92701,0.0825,False,True,False,False,False,False,False,False,False,24.63,124.74,11.2,5.308585492076489,0.8,1.38,3.28,8.95186,8.63,1.026,-0.555,0.845,2.366,-0.624,6.29,0.0,892,52378,127,259.7,154.9,4,0.16,J003238.5+345537,J003238+345537
8.1845322,35.98564,0.0815,False,False,False,False,False,False,True,False,False,23.97,9.96,,,,,,,,,,,,,,,892,52378,491,58.6,,2,,,J003244+355908
8.1947591,36.11577,0.08626,True,False,False,False,False,False,False,False,False,,,11.41,6.36664909637428,1.03,2.01,3.09,9.004,8.63,0.638,0.279,0.477,2.482,0.248,6.13,0.0,892,52378,511,43.1,13.4,1,0.37,J003246.7+360656,J003246+360656
8.2671906,38.07094,0.1727,False,False,True,False,False,False,False,False,False,25.51,23.74,,,,,,,,,,,,,,,893,52589,394,407.5,157.3,2,0.33,J003304.1+380415,J003304+380415
8.5188029,39.23904,0.2066,False,True,False,False,False,False,False,False,False,24.88,114.76,,,,,,,,,,,,,,,894,52615,29,65.0,2.2,4,1.08,J003404.5+391420,J003404+391420
8.4483515,39.81215,0.2356,False,False,True,False,False,False,False,False,False,24.99,24.39,,,,,,,,,,,,,,,894,52615,463,62.5,13.9,2,0.54,J003347.6+394843,J003347+394843
8.8655589,42.73333,0.1508,False,True,False,False,False,False,False,False,False,24.46,161.3,,,,,,,,,,,,,,,896,52592,29,49.4,,4,,,J003527+424359
8.7580658,42.33136,0.133,False,False,True,False,False,False,False,False,False,24.96,132.23,,,,,,,,,,,,,,,896,52592,94,201.0,14.5,4,0.24,J003501.9+421952,J003501+421952
9.1043162,46.60529,0.0847,True,False,False,False,False,False,False,False,False,,,11.22,5.0549377323813145,1.05,1.82,3.29,9.01439,8.46,-1.269,-0.953,0.301,-0.105,1.377,6.92,0.0,898,52606,576,290.6,313.6,1,0.18,J003625.0+463619,J003625+463619
9.7465047,51.10373,0.215,False,True,False,False,False,False,True,False,False,25.25,161.63,,,,,,,,,,,,,,,902,52409,280,139.0,1.0,4,1.16,J003859.1+510613,J003859+510613
9.7404846,52.02689,0.2496,False,False,True,False,False,False,False,False,False,25.23,80.52,,,,,,,,,,,,,,,902,52409,325,97.0,3.4,4,2.45,J003857.7+520136,J003857+520136
10.174471,53.05367,0.3411,False,False,False,False,False,False,True,False,False,25.25,9.08,,,,,,,,,,,,,,,904,52381,307,50.5,30.7,2,2.65,J004041.8+530313,J004041+530313
10.440212,54.48508,0.1567,False,False,True,False,False,False,True,False,False,25.14,31.97,,,,,,,,,,,,,,,905,52643,356,213.0,,2,,,J004145+542906
10.775614,54.59993,0.1447,False,False,True,False,False,False,False,False,False,25.18,264.34,,,,,,,,,,,,,,,906,52368,169,279.0,7.9,4,0.19,J004306.1+543559,J004306+543559
10.599076,54.43683,0.3511,False,False,True,False,False,False,False,False,False,25.56,203.73,,,,,,,,,,,,,,,906,52368,282,96.0,10.2,4,0.07,J004223.7+542612,J004223+542612
10.863166,55.38566,0.0739,False,True,False,False,False,False,False,False,False,24.83,250.34,11.52,6.883822652695461,1.07,2.08,3.54,9.04616,8.95,1.685,-0.507,0.845,3.037,-1.238,6.23,0.0,907,52373,231,522.0,9.2,4,1.13,J004327.1+552308,J004327+552308
10.891296,56.3919,0.3604,False,False,True,False,False,False,False,False,False,25.27,35.49,,,,,,,,,,,,,,,907,52373,461,46.5,2.4,2,0.2,J004333.9+562330,J004333+562330
11.207458,55.43693,0.139,False,False,True,False,False,False,True,False,False,24.35,59.85,,,,,,,,,,,,,,,908,52373,56,45.0,,2,,,J004449+552612
13.460618,-2.05275,0.1827,False,False,True,False,False,False,False,False,False,26.03,14.33,,,,,,,,,,,,,,,910,52377,437,1198.7,,2,,,J005350-020309
13.531075,-2.8721,0.0865,False,False,True,False,False,False,False,False,False,24.12,29.44,11.55,8.79901466842681,1.01,1.93,2.89,8.86295,8.35,-0.778,0.124,0.0,1.01,1.536,6.16,0.0,911,52426,192,72.7,,2,,,J005407-025219
13.502868,-2.10501,0.0866,False,False,True,False,False,False,True,False,False,24.38,25.93,11.28,6.597949442046054,1.01,1.96,3.12,8.843,8.4,0.967,1.677,0.778,3.629,0.754,5.74,0.0,911,52426,391,132.0,,2,,,J005400-020618
13.739855,-2.37757,0.2422,False,False,True,False,False,False,False,False,False,25.2,57.76,,,,,,,,,,,,,,,912,52427,38,96.0,1.7,4,1.7,J005457.5-022239,J005457-022239
13.65482,-1.84687,0.08929,True,False,False,False,False,False,False,False,False,,,11.23,6.917070699009575,0.98,1.91,3.15,8.75198,8.25,1.134,-1.487,0.845,1.92,-1.281,5.93,0.0,912,52427,486,58.2,57.5,1,0.71,J005437.1-015048,J005437-015048
13.821869,-1.82265,0.2099,False,True,False,False,False,False,False,False,False,24.74,55.89,,,,,,,,,,,,,,,914,52721,344,45.0,9.8,2,2.04,J005517.2-014921,J005517-014921
14.253886,-1.61772,0.1496,False,True,False,False,False,False,False,False,False,25.04,108.03,,,,,,,,,,,,,,,916,52378,582,191.0,,4,,,J005700-013703
14.580289,-2.24986,0.2906,False,False,True,False,False,False,False,False,False,25.4,51.4,,,,,,,,,,,,,,,919,52409,234,100.0,4.1,2,0.63,J005819.2-021459,J005819-021459
14.824622,-1.27153,0.2023,False,True,False,False,False,False,True,False,False,24.98,170.61,,,,,,,,,,,,,,,920,52411,614,85.0,40.2,4,1.62,J005917.9-011617,J005917-011617
14.93298,-1.9626,0.08345,True,False,False,False,False,False,False,False,False,,,10.94,3.9211908545645455,0.91,1.74,3.11,8.95498,7.83,-0.603,-1.487,0.477,0.227,0.412,6.86,0.0,921,52380,160,48.4,43.8,1,0.1,J005943.9-015745,J005943-015745
15.141186,-2.24043,0.1178,False,False,True,False,False,False,False,False,False,24.15,12.5,,,,,,,,,,,,,,,922,52426,107,40.2,,2,,,J010033-021425
15.155734,-1.91035,0.1121,False,False,True,False,False,False,False,False,False,24.98,13.06,,,,,,,,,,,,,,,923,52404,268,301.4,,2,,,J010037-015437
15.213102,-1.73983,0.1461,False,False,True,False,False,False,False,False,False,24.82,107.13,,,,,,,,,,,,,,,923,52404,473,120.0,,4,,,J010051-014423
7.7233521,23.60723,0.4169,False,False,True,False,False,False,True,False,False,25.47,13.22,,,,,,,,,,,,,,,927,52577,461,52.9,,2,,,J003053+233626
7.9185206,26.35443,0.1228,False,True,False,False,False,False,False,False,False,24.24,188.84,,,,,,,,,,,,,,,928,52578,450,46.0,3.2,4,0.42,J003140.4+262115,J003140+262115
7.9797206,27.08766,0.09874,True,False,False,False,False,False,False,False,False,,,10.74,2.4253812090570688,0.72,1.27,3.07,9.17226,8.16,0.759,-2.092,1.114,1.197,-1.273,6.38,0.0,929,52581,196,53.8,63.5,1,0.19,J003155.1+270515,J003155+270515
8.18653,28.79736,0.2697,False,True,False,False,False,False,True,False,False,25.0,117.53,,,,,,,,,,,,,,,930,52618,158,47.6,10.6,4,0.38,J003244.7+284750,J003244+284750
8.3709381,31.67674,0.242,False,True,False,False,False,False,False,False,False,25.1,31.98,,,,,,,,,,,,,,,931,52619,536,76.0,,2,,,J003329+314036
8.5243047,32.32413,0.0512,False,False,True,False,False,False,False,False,False,25.09,303.55,11.12,4.286082846016689,1.09,1.86,3.04,9.0577,8.23,-0.876,-2.02,0.0,-0.354,0.363,6.46,0.0,932,52620,71,1991.0,,4,,,J003405+321926
8.4764445,32.47367,0.2797,False,True,False,False,False,False,False,False,False,25.03,52.19,,,,,,,,,,,,,,,932,52620,488,46.7,2.4,2,0.64,J003354.3+322825,J003354+322825
9.3231812,40.6508,0.2787,False,False,True,False,False,False,False,False,False,25.06,102.7,,,,,,,,,,,,,,,938,52708,506,51.0,6.0,4,2.31,J003717.5+403902,J003717+403902
9.3419312,40.31282,0.2948,False,False,True,False,False,False,False,False,False,25.03,52.36,,,,,,,,,,,,,,,938,52708,516,42.0,,2,,,J003722+401846
9.4003255,40.58253,0.1602,False,True,False,False,False,False,True,False,False,25.29,49.5,,,,,,,,,,,,,,,938,52708,589,287.0,,2,,,J003736+403457
9.8114044,42.30366,0.4404,False,True,False,False,False,False,True,False,False,25.72,56.76,,,,,,,,,,,,,,,941,52709,87,83.0,,2,,,J003914+421813
10.367968,44.86226,0.083,False,False,True,False,False,False,False,False,False,24.76,31.03,11.42,7.382061297114678,1.06,1.98,3.13,8.88546,8.51,-0.402,0.266,0.301,1.461,1.253,6.15,0.0,944,52614,43,349.3,,2,,,J004128+445144
10.308746,46.15461,0.1654,False,False,True,False,False,False,False,False,False,24.47,161.77,,,,,,,,,,,,,,,944,52614,486,41.0,,4,,,J004114+460916
10.019807,55.13937,0.2145,False,False,True,False,False,False,True,False,False,25.11,45.21,,,,,,,,,,,,,,,945,52652,488,101.2,,2,,,J004004+550821
10.549694,56.74816,0.0448,False,True,False,False,False,False,False,False,False,24.0,201.83,,,,,,,,,,,,,,,947,52411,113,213.4,23.3,4,0.74,J004211.9+564453,J004211+564453
10.686985,56.80872,0.1854,False,True,False,False,False,False,False,False,False,24.59,34.78,,,,,,,,,,,,,,,948,52428,136,42.0,9.9,2,1.1,J004244.8+564831,J004244+564831
10.648994,57.87988,0.1008,False,False,True,False,False,False,False,False,False,24.77,91.16,,,,,,,,,,,,,,,948,52428,432,233.0,2.2,4,0.25,J004235.7+575247,J004235+575247
11.09007,59.72832,0.3595,False,True,False,False,False,False,False,False,False,25.51,23.57,,,,,,,,,,,,,,,950,52378,448,81.0,,2,,,J004421+594341
11.460426,58.84987,0.4099,False,True,False,False,False,False,True,False,False,25.77,44.44,,,,,,,,,,,,,,,951,52398,71,109.2,7.8,2,0.11,J004550.5+585059,J004550+585059
12.041144,58.69257,0.1268,False,False,True,False,False,False,True,False,False,24.75,131.6,,,,,,,,,,,,,,,954,52405,241,139.0,1.0,4,0.23,J004809.8+584133,J004809+584133
12.429055,59.69191,0.2183,False,False,True,False,False,False,False,False,False,24.82,52.51,,,,,,,,,,,,,,,956,52401,317,49.7,2.6,2,0.38,J004942.9+594130,J004942+594130
13.130949,60.50902,0.3802,False,False,True,False,False,False,False,False,False,25.74,19.42,,,,,,,,,,,,,,,958,52410,416,120.1,,2,,,J005231+603032
13.583526,58.71822,0.1517,False,False,True,False,False,False,False,False,False,25.29,31.53,,,,,,,,,,,,,,,959,52411,38,324.2,,2,,,J005420+584305
13.350839,58.54889,0.0528,False,True,False,False,False,False,True,False,False,23.68,74.17,,,,,,,,,,,,,,,959,52411,269,74.0,5.4,4,0.76,J005324.2+583256,J005324+583256
13.385415,59.06361,0.1523,False,True,False,False,False,False,True,False,False,24.57,38.39,,,,,,,,,,,,,,,959,52411,393,61.4,14.4,2,2.84,J005332.4+590348,J005332+590348
13.547408,57.66157,0.301,False,False,True,False,False,False,False,False,False,25.79,13.36,,,,,,,,,,,,,,,960,52425,247,228.0,,2,,,J005411+573941
13.548021,57.6219,0.2218,False,True,False,False,False,False,False,False,False,24.87,32.74,,,,,,,,,,,,,,,960,52425,248,54.0,,2,,,J005411+573718
10.658922,46.20149,0.1861,False,False,False,False,False,False,True,False,False,25.18,123.88,,,,,,,,,,,,,,,962,52620,124,163.0,35.7,4,0.17,J004238.1+461205,J004238+461205
10.750762,47.29978,0.1449,False,False,True,False,False,False,False,False,False,24.62,21.69,,,,,,,,,,,,,,,962,52620,581,76.2,,2,,,J004300+471759
10.881417,48.44344,0.4743,False,False,True,False,False,False,False,False,False,26.05,9.99,,,,,,,,,,,,,,,963,52643,505,148.8,,2,,,J004331+482636
11.256433,49.94469,0.3115,False,True,False,False,False,False,True,False,False,25.8,34.46,,,,,,,,,,,,,,,965,52438,362,217.0,,2,,,J004501+495640
11.607321,50.22327,0.0539,False,True,False,False,False,False,True,False,False,23.45,61.15,10.83,3.3860863001735617,1.06,1.91,3.19,8.97242,7.88,-0.794,-2.942,0.0,-0.82,-0.262,5.49,0.0,966,52642,604,41.0,,2,,,J004625+501323
11.566454,49.06205,0.0316,False,True,False,True,False,False,False,False,False,24.22,126.8,,,,,,,,,,,,,,,967,52636,312,732.0,166.7,4,1.2,J004615.9+490343,J004615+490343
12.074566,50.17194,0.2087,False,False,True,False,False,False,False,False,False,24.9,104.62,,,,,,,,,,,,,,,969,52442,491,66.0,,4,,,J004817+501018
12.122532,51.02097,0.1848,False,False,True,False,False,False,False,False,False,24.79,10.82,,,,,,,,,,,,,,,969,52442,530,68.0,,2,,,J004829+510115
12.197521,48.81978,0.2943,False,False,True,False,False,False,False,False,False,25.5,24.53,,,,,,,,,,,,,,,970,52413,287,123.0,,2,,,J004847+484911
12.313856,50.43824,0.1992,False,False,True,False,False,False,False,False,False,25.82,196.39,,,,,,,,,,,,,,,970,52413,543,610.0,4.2,2,0.48,J004915.3+502617,J004915+502617
12.464676,49.67656,0.2649,False,False,True,False,False,False,True,False,False,24.93,68.58,,,,,,,,,,,,,,,971,52644,150,42.0,3.6,4,0.48,J004951.5+494035,J004951+494035
12.427837,49.07704,0.2619,False,True,False,False,False,False,True,False,False,24.9,61.54,,,,,,,,,,,,,,,971,52644,205,40.2,2.2,2,0.34,J004942.6+490437,J004942+490437
17.051246,32.47985,0.3086,False,True,False,False,False,False,False,False,False,25.29,25.18,,,,,,,,,,,,,,,973,52426,110,69.0,,2,,,J010812+322847
17.003119,32.58744,0.102,False,True,False,False,False,False,False,False,False,24.68,48.97,,,,,,,,,,,,,,,973,52426,181,185.0,,4,,,J010800+323514
16.975588,33.41166,0.1789,False,False,True,False,False,False,False,False,False,24.96,51.84,,,,,,,,,,,,,,,973,52426,394,108.0,,4,,,J010754+332441
21.339669,-0.35224,0.2103,False,False,True,False,False,False,False,False,False,24.73,17.63,,,,,,,,,,,,,,,987,52523,169,44.0,,2,,,J012521-002108
21.429543,0.9311,0.135,False,True,False,True,False,False,False,False,False,25.43,153.89,,,,,,,,,,,,,,,987,52523,636,580.0,,4,,,J012543+005551
21.409713,-0.53477,0.2354,False,False,True,False,False,False,False,False,False,25.07,36.19,,,,,,,,,,,,,,,988,52520,319,75.4,2.1,2,1.15,J012538.3-003205,J012538-003205
9.4136251,6.04524,0.2306,False,True,False,False,False,False,True,False,False,25.11,74.05,,,,,,,,,,,,,,,991,52707,577,86.9,3.0,4,0.52,J003739.2+060242,J003739+060242
9.5521678,5.24404,0.4213,False,True,False,True,False,False,False,False,False,25.61,30.4,,,,,,,,,,,,,,,992,52644,144,71.0,4.8,2,1.39,J003812.5+051438,J003812+051438
9.4625895,4.93744,0.341,False,False,True,False,False,False,False,False,False,25.37,13.94,,,,,,,,,,,,,,,992,52644,281,66.2,,2,,,J003751+045614
9.6411997,5.70416,0.3546,False,False,True,False,False,False,False,False,False,25.28,34.07,,,,,,,,,,,,,,,993,52710,318,48.6,,2,,,J003833+054214
9.7327555,6.01222,0.4093,False,False,True,False,False,False,False,False,False,25.41,49.75,,,,,,,,,,,,,,,993,52710,560,47.8,,2,,,J003855+060043
10.027944,6.81839,0.2266,False,False,True,False,False,False,False,False,False,25.19,21.0,,,,,,,,,,,,,,,995,52731,526,108.5,,2,,,J004006+064906
10.234557,6.24344,0.1066,False,False,True,False,False,False,False,False,False,24.39,14.15,,,,,,,,,,,,,,,996,52641,34,86.9,,2,,,J004056+061436
10.221252,6.75535,0.1239,False,False,True,False,False,False,False,False,False,25.07,17.22,,,,,,,,,,,,,,,996,52641,627,302.2,,2,,,J004053+064519
10.467451,6.6088,0.3303,False,False,True,False,False,False,False,False,False,25.3,16.55,,,,,,,,,,,,,,,998,52750,634,60.2,,2,,,J004152+063631
10.741748,5.74516,0.2453,False,False,True,False,False,False,False,False,False,24.85,18.9,,,,,,,,,,,,,,,1000,52643,18,41.9,,2,,,J004258+054442
10.910988,6.10852,0.1355,False,False,True,False,False,False,False,False,False,24.44,40.89,,,,,,,,,,,,,,,1001,52670,3,58.7,,2,,,J004338+060630
10.914476,7.66845,0.1097,False,True,False,False,False,False,True,False,False,24.57,144.67,,,,,,,,,,,,,,,1001,52670,613,123.0,2.8,4,1.6,J004339.4+074006,J004339+074006
10.91815,5.91489,0.1729,False,False,True,False,False,False,False,False,False,25.11,74.25,,,,,,,,,,,,,,,1002,52646,296,161.0,1.3,4,0.78,J004340.3+055453,J004340+055453
11.181396,7.23389,0.2205,False,False,True,False,False,False,True,False,False,24.87,11.71,,,,,,,,,,,,,,,1004,52723,175,54.9,,2,,,J004443+071402
11.092237,7.62528,0.1547,False,True,False,True,False,False,False,False,False,24.43,117.45,,,,,,,,,,,,,,,1004,52723,353,42.7,3.7,4,0.48,J004422.1+073731,J004422+073731
10.243387,49.75906,0.2091,False,True,False,False,False,False,False,False,False,25.68,119.41,,,,,,,,,,,,,,,1007,52706,88,395.0,,4,,,J004058+494532
10.24002,50.30557,0.3817,False,True,False,False,False,False,False,False,False,25.43,36.57,,,,,,,,,,,,,,,1007,52706,158,59.0,,2,,,J004057+501820
10.134482,50.44522,0.1342,False,True,False,False,False,False,False,False,False,24.39,38.41,,,,,,,,,,,,,,,1007,52706,431,53.7,22.3,2,1.12,J004032.2+502642,J004032+502642
10.354512,49.84458,0.4334,False,True,False,False,False,False,False,False,False,25.47,27.93,,,,,,,,,,,,,,,1008,52707,248,48.0,11.9,2,0.96,J004125.0+495040,J004125+495040
10.528754,52.42644,0.1665,False,False,True,False,False,False,False,False,False,25.77,42.96,,,,,,,,,,,,,,,1009,52644,427,798.0,83.7,2,0.56,J004206.9+522535,J004206+522535
10.737868,52.68209,0.1868,False,False,True,False,False,False,True,False,False,24.72,47.67,,,,,,,,,,,,,,,1010,52649,199,55.7,2.4,2,0.72,J004257.0+524055,J004257+524055
11.214872,53.83028,0.2156,False,False,True,False,False,False,False,False,False,25.12,12.02,,,,,,,,,,,,,,,1012,52649,197,102.0,,2,,,J004451+534949
11.357347,53.7491,0.1038,False,False,True,False,False,False,False,False,False,24.34,103.19,,,,,,,,,,,,,,,1013,52707,165,83.0,7.6,4,0.52,J004525.7+534456,J004525+534456
11.672284,53.84145,0.148,False,True,False,False,False,False,False,False,False,24.85,75.33,,,,,,,,,,,,,,,1014,52707,5,126.0,19.2,4,0.67,J004641.3+535029,J004641+535029
11.495049,54.42469,0.2312,False,True,False,False,False,False,True,False,False,25.08,37.82,,,,,,,,,,,,,,,1014,52707,221,81.0,,2,,,J004558+542528
11.612079,54.91301,0.0554,False,False,True,False,False,False,False,False,False,23.48,9.89,,,,,,,,,,,,,,,1015,52734,478,41.8,,2,,,J004626+545446
11.751812,53.648,0.069,False,False,True,False,False,False,True,False,False,24.16,97.53,11.46,7.042592181163107,1.01,2.0,3.22,8.96636,8.69,0.323,-0.433,0.477,1.753,0.133,6.11,0.0,1016,52759,293,127.0,2.3,4,0.39,J004700.4+533852,J004700+533852
11.857131,54.83526,0.1433,False,True,False,False,False,False,True,False,False,24.48,57.9,,,,,,,,,,,,,,,1017,52706,182,57.0,6.7,2,0.99,J004725.7+545006,J004725+545006
11.836466,53.72242,0.0603,False,False,True,False,False,False,False,False,False,23.8,31.28,11.25,7.932067487378698,1.07,2.07,2.68,8.65305,8.38,0.51,0.874,0.602,2.709,0.724,5.97,0.0,1017,52706,284,74.3,13.1,2,2.43,J004720.7+534320,J004720+534320
13.462323,52.62281,0.3319,False,True,False,False,False,False,True,False,False,25.33,30.61,,,,,,,,,,,,,,,1041,52724,87,64.4,15.6,2,1.34,J005350.9+523722,J005350+523722
13.693014,53.74548,0.1409,False,False,True,False,False,False,False,False,False,25.76,79.28,,,,,,,,,,,,,,,1042,52725,519,1118.0,455.2,4,2.74,J005446.3+534443,J005446+534443
13.765988,54.05462,0.1625,False,False,True,False,False,False,False,False,False,25.36,287.95,,,,,,,,,,,,,,,1042,52725,594,330.0,9.3,4,0.15,J005503.8+540316,J005503+540316
13.896487,51.95954,0.132,False,False,True,False,False,False,False,False,False,24.6,8.03,,,,,,,,,,,,,,,1043,52465,100,90.4,,2,,,J005535+515734
14.045546,51.06276,0.263,False,True,False,False,False,False,True,False,False,25.13,47.75,,,,,,,,,,,,,,,1044,52468,220,68.0,,2,,,J005610+510345
14.13624,52.68005,0.08287,True,False,False,False,False,False,False,False,False,,,11.63,12.157525089968583,1.06,1.94,2.58,8.66213,8.44,0.286,-0.288,0.301,1.804,0.255,6.2,0.0,1044,52468,504,181.0,184.2,1,0.46,J005632.6+524048,J005632+524048
14.197066,52.8167,0.07649,True,False,False,False,False,False,False,False,False,,,11.43,6.333490139000715,0.94,1.7,3.42,9.02853,8.61,0.466,-0.805,0.903,1.673,-0.226,6.37,0.0,1044,52468,602,816.6,321.6,1,0.82,J005647.2+524900,J005647+524900
14.445571,49.54376,0.1911,False,False,True,False,False,False,False,False,False,24.74,19.82,,,,,,,,,,,,,,,1046,52460,233,55.8,,2,,,J005746+493237
14.589354,50.85637,0.09969,True,False,False,False,False,False,False,False,False,,,11.22,6.657947017515797,1.08,1.64,3.09,8.77514,7.98,-1.512,-0.763,0.301,-0.231,1.727,6.41,0.0,1046,52460,612,146.7,141.0,1,0.12,J005821.4+505122,J005821+505122
14.973558,48.71022,0.2044,False,True,False,False,False,False,False,False,False,24.94,29.16,,,,,,,,,,,,,,,1048,52736,588,76.0,,2,,,J005953+484236
15.093904,47.10485,0.2665,False,True,False,False,False,False,True,False,False,25.1,76.09,,,,,,,,,,,,,,,1049,52751,61,61.0,5.1,4,0.28,J010022.5+470617,J010022+470617
14.934692,47.45345,0.0872,False,False,True,False,False,False,False,False,False,24.59,13.16,,,,,,,,,,,,,,,1049,52751,381,211.4,,2,,,J005944+472712
15.346968,46.02542,0.2699,False,False,True,False,False,False,False,False,False,25.16,22.33,,,,,,,,,,,,,,,1051,52468,367,68.3,11.4,2,1.01,J010123.2+460131,J010123+460131
15.678445,42.36008,0.1422,False,True,False,False,False,False,True,False,False,24.46,27.42,,,,,,,,,,,,,,,1052,52466,46,55.3,13.9,2,0.51,J010242.8+422136,J010242+422136
15.684709,43.45077,0.2673,False,True,False,False,False,False,True,False,False,25.37,82.24,,,,,,,,,,,,,,,1052,52466,634,114.4,,4,,,J010244+432702
16.089845,38.50087,0.2868,False,False,True,False,False,False,False,False,False,25.04,25.33,,,,,,,,,,,,,,,1055,52761,510,45.0,,2,,,J010421+383003
16.466122,33.76314,0.1634,False,True,False,False,False,False,True,False,False,24.6,55.98,,,,,,,,,,,,,,,1058,52520,500,57.0,,2,,,J010551+334547
23.999668,0.70176,0.0817,False,True,False,False,False,False,True,False,False,24.67,154.62,,,,,,,,,,,,,,,1091,52902,487,289.0,9.0,4,0.68,J013559.9+004206,J013559+004206
14.478715,55.34578,0.2907,False,True,False,False,False,False,True,False,False,25.0,67.72,,,,,,,,,,,,,,,1161,52703,145,40.0,4.2,4,1.69,J005754.8+552044,J005754+552044
14.591239,55.13113,0.1399,False,False,False,False,False,False,False,False,False,25.37,60.35,,,,,,,,,,,,,,,1162,52668,166,472.0,,4,,,J005821+550752
14.833386,54.08448,0.1414,False,False,True,False,False,False,True,False,False,24.74,22.61,,,,,,,,,,,,,,,1163,52669,170,107.7,,2,,,J005920+540504
15.041403,52.73391,0.1331,False,True,False,False,False,False,False,False,False,24.91,64.2,,,,,,,,,,,,,,,1164,52674,103,181.0,45.7,2,0.15,J010009.9+524402,J010009+524402
15.163924,52.29443,0.2661,False,True,False,False,False,False,False,False,False,25.06,57.4,,,,,,,,,,,,,,,1165,52703,468,56.0,,2,,,J010039+521739
15.18668,52.78129,0.3001,False,True,False,False,False,False,True,False,False,25.03,24.47,,,,,,,,,,,,,,,1165,52703,524,40.0,8.7,2,1.46,J010044.8+524652,J010044+524652
15.538598,49.63229,0.2084,False,False,True,False,False,False,False,False,False,24.91,16.71,,,,,,,,,,,,,,,1166,52751,77,67.5,,2,,,J010209+493756
15.69124,49.1493,0.4011,False,False,True,False,False,False,False,False,False,25.73,102.55,,,,,,,,,,,,,,,1167,52738,611,105.0,,4,,,J010245+490857
15.998331,44.70899,0.04173,True,False,False,False,False,False,False,False,False,,,11.04,3.5420282483657264,1.07,1.89,3.26,9.14332,7.96,-0.447,-1.296,0.477,0.493,0.372,6.23,0.0,1169,52753,172,59.5,58.8,1,0.36,J010359.5+444232,J010359+444232
16.134591,43.16347,0.0849,False,True,False,False,False,False,True,False,False,24.06,28.75,11.49,7.614438339577206,1.04,2.03,2.97,8.92854,8.41,0.418,1.1,0.477,2.753,0.948,6.15,0.0,1170,52756,473,66.0,28.3,2,1.21,J010432.3+430948,J010432+430948
16.857601,33.1424,0.4425,False,False,True,False,False,False,True,False,False,25.43,50.1,,,,,,,,,,,,,,,1175,52791,129,42.0,4.8,2,0.14,J010725.8+330832,J010725+330832
16.936992,30.70609,0.2544,False,False,True,False,False,False,True,False,False,25.1,10.24,,,,,,,,,,,,,,,1176,52791,205,68.8,,2,,,J010744+304221
16.983614,32.49423,0.0627,False,True,False,False,False,False,True,False,False,24.1,51.65,11.22,4.421480623330434,1.04,2.0,3.24,9.13068,8.53,0.715,-1.119,0.845,1.729,-0.655,6.33,0.0,1176,52791,637,134.0,12.3,4,0.29,J010756.0+322939,J010756+322939
21.706002,-6.73145,0.1949,False,False,True,False,False,False,True,False,False,25.49,21.43,,,,,,,,,,,,,,,1177,52824,524,303.1,,2,,,J012649-064353
21.800356,-8.42431,0.1346,False,False,False,False,False,False,False,False,False,24.61,48.19,,,,,,,,,,,,,,,1178,52825,17,88.0,8.9,4,1.9,J012712.0-082527,J012712-082527
8.3138189,4.10876,0.09462,True,False,False,False,False,False,False,False,False,,,11.21,5.020881196861208,1.01,1.85,3.18,9.01026,8.4,0.265,-2.108,0.477,0.706,-0.801,6.17,0.0,1184,52641,415,61.5,21.2,1,0.45,J003315.3+040631,J003315+040631
8.4356979,3.98433,0.2013,False,True,False,False,False,False,True,False,False,24.81,40.44,,,,,,,,,,,,,,,1185,52642,119,58.7,3.1,2,0.09,J003344.5+035903,J003344+035903
8.4001409,3.29705,0.2146,False,True,False,False,False,False,True,False,False,25.17,22.08,,,,,,,,,,,,,,,1185,52642,122,115.7,,2,,,J003336+031749
8.3798986,4.29722,0.0954,False,False,True,False,False,False,False,False,False,24.47,80.1,,,,,,,,,,,,,,,1185,52642,423,132.0,2.4,4,0.73,J003331.1+041749,J003331+041749
8.6155192,5.54502,0.0993,False,False,True,False,False,False,True,False,False,24.13,155.19,11.3,8.74012309873618,0.99,1.64,2.42,8.61879,7.66,-1.358,-1.156,0.301,-0.313,1.344,7.23,1.0,1186,52646,613,55.0,16.5,4,1.55,J003427.7+053242,J003427+053242
8.6840525,4.79193,0.2025,False,False,True,False,False,False,False,False,False,25.2,12.63,,,,,,,,,,,,,,,1187,52708,96,142.0,,2,,,J003444+044730
8.6448354,4.73584,0.4554,False,False,True,False,False,False,False,False,False,25.49,33.03,,,,,,,,,,,,,,,1187,52708,202,45.2,7.7,2,2.48,J003434.7+044409,J003434+044409
9.0497803,6.32909,0.0771,False,False,True,False,False,False,True,False,False,23.92,33.27,11.31,6.553269282442643,1.01,2.03,3.07,8.8789,8.37,-0.621,-1.512,0.301,0.195,0.415,5.99,0.0,1192,52649,448,58.0,9.9,2,1.89,J003611.9+061944,J003611+061944
9.1956482,6.16932,0.1756,False,False,True,False,False,False,False,False,False,24.66,72.6,,,,,,,,,,,,,,,1194,52703,242,56.0,1.1,4,2.31,J003646.9+061009,J003646+061009
9.3036997,7.15335,0.4288,False,True,False,False,False,False,True,False,False,25.54,66.8,,,,,,,,,,,,,,,1195,52724,304,58.0,1.4,4,1.39,J003712.8+070912,J003712+070912
9.4085653,7.9489,0.1043,False,False,True,False,False,False,True,False,False,24.17,24.33,,,,,,,,,,,,,,,1195,52724,405,55.0,,2,,,J003738+075656
8.5420003,35.28709,0.2688,False,False,True,False,False,False,False,False,False,25.25,37.85,,,,,,,,,,,,,,,1197,52668,499,85.6,6.0,2,0.48,J003410.0+351713,J003410+351713
9.021818,40.11377,0.0962,False,True,False,False,False,False,True,False,False,24.06,55.17,11.12,5.717688221175205,1.01,1.91,3.58,8.80738,8.27,-0.176,-1.066,0.699,0.893,0.245,6.15,0.0,1198,52669,611,51.0,11.8,2,1.33,J003605.2+400649,J003605+400649
9.1627513,41.95585,0.14,False,False,True,False,False,False,False,False,False,25.13,11.19,,,,,,,,,,,,,,,1200,52668,457,265.7,,2,,,J003639+415721
9.2660868,41.48435,0.151,False,False,True,False,False,False,False,False,False,24.84,15.63,,,,,,,,,,,,,,,1201,52674,135,117.2,,2,,,J003703+412903
9.2459829,41.62067,0.1404,False,False,True,False,False,False,False,False,False,25.36,73.24,,,,,,,,,,,,,,,1201,52674,213,449.0,4.2,4,0.33,J003659.0+413714,J003659+413714
9.5426493,44.98385,0.3654,False,False,True,False,False,False,True,False,False,25.43,6.61,,,,,,,,,,,,,,,1202,52672,307,64.3,36.2,2,2.88,J003810.2+445901,J003810+445901
9.5638428,45.33273,0.1339,False,True,False,False,False,False,False,False,False,25.14,83.24,,,,,,,,,,,,,,,1202,52672,397,300.0,,2,,,J003815+451957
9.6429687,45.33995,0.4501,False,False,True,False,False,False,True,False,False,26.21,38.17,,,,,,,,,,,,,,,1202,52672,463,244.7,,2,,,J003834+452023
7.896548,23.03191,0.5016,False,True,False,False,False,False,False,False,False,25.63,35.76,,,,,,,,,,,,,,,1204,52669,51,50.1,3.4,2,1.08,J003135.1+230154,J003135+230154
8.0920359,25.80345,0.137,False,False,True,False,False,False,True,False,False,24.52,332.14,,,,,,,,,,,,,,,1205,52670,491,69.2,4.3,4,1.02,J003222.0+254812,J003222+254812
8.228776,26.91986,0.3251,False,False,True,False,False,False,False,False,False,25.36,24.09,,,,,,,,,,,,,,,1206,52670,53,71.6,22.0,2,2.46,J003254.9+265511,J003254+265511
8.6457255,32.88662,0.2128,False,False,True,False,False,False,True,False,False,25.15,50.13,,,,,,,,,,,,,,,1209,52674,339,114.0,11.4,2,1.08,J003434.9+325311,J003434+325311
8.9841064,34.46597,0.2437,False,False,True,False,False,False,False,False,False,25.11,14.03,,,,,,,,,,,,,,,1211,52964,169,76.8,,2,,,J003556+342757
9.2521342,36.37565,0.1912,False,True,False,False,False,False,True,False,False,24.78,32.28,,,,,,,,,,,,,,,1213,52972,246,60.8,22.8,2,0.16,J003700.5+362232,J003700+362232
9.1982249,37.40372,0.1043,False,False,True,False,False,False,False,False,False,25.21,30.64,,,,,,,,,,,,,,,1213,52972,357,596.4,226.9,2,1.04,J003647.5+372413,J003647+372413
9.2799316,38.30163,0.0711,False,False,False,False,False,False,False,False,False,24.56,27.13,,,,,,,,,,,,,,,1213,52972,363,299.2,104.4,2,2.38,J003707.1+381805,J003707+381805
9.6900055,39.74496,0.1075,False,False,True,False,False,False,False,False,False,25.72,74.85,,,,,,,,,,,,,,,1215,52725,533,1811.0,,4,,,J003845+394441
10.322182,42.45968,0.3608,False,True,False,False,False,False,False,False,False,25.41,49.75,,,,,,,,,,,,,,,1218,52709,68,63.0,,2,,,J004117+422734
11.104728,8.97591,0.085,False,True,False,False,False,False,True,False,False,23.88,223.25,11.35,7.8314674939300195,1.04,2.04,3.15,8.76413,8.51,-1.339,-0.684,0.477,-0.015,1.605,6.21,0.0,1220,52723,37,43.0,9.4,4,1.92,J004425.1+085833,J004425+085833
11.288224,9.95881,0.07891,True,False,False,False,False,False,False,False,False,,,11.07,3.951510409427304,1.02,1.92,3.22,9.07829,8.51,-0.794,-0.945,0.477,0.362,0.919,6.19,0.0,1222,52763,423,56.2,42.2,1,0.54,J004509.1+095731,J004509+095731
11.417261,9.16757,0.2639,False,False,False,False,False,False,False,False,False,25.3,52.93,,,,,,,,,,,,,,,1223,52781,311,99.0,3.1,2,0.82,J004540.1+091003,J004540+091003
11.773244,10.08272,0.201,False,True,False,False,False,False,False,False,False,24.99,46.68,,,,,,,,,,,,,,,1225,52760,593,89.1,5.8,2,0.48,J004705.5+100457,J004705+100457
11.899688,9.65829,0.1028,False,False,True,False,False,False,False,False,False,25.24,217.09,,,,,,,,,,,,,,,1227,52733,184,672.0,2.5,4,0.22,J004735.9+093929,J004735+093929
12.455089,8.84355,0.0885,False,False,True,False,False,False,False,False,False,23.93,23.91,,,,,,,,,,,,,,,1231,52725,47,44.8,,2,,,J004949+085036
9.8040771,7.71444,0.163,False,False,True,False,False,False,True,False,False,25.12,18.39,,,,,,,,,,,,,,,1234,52724,13,188.8,,2,,,J003912+074251
10.085581,9.20928,0.1436,False,True,False,False,False,False,False,False,False,24.67,54.35,,,,,,,,,,,,,,,1236,52751,416,88.6,3.3,2,1.37,J004020.5+091233,J004020+091233
10.107801,8.83625,0.3782,False,True,False,True,False,False,False,False,False,25.28,27.74,,,,,,,,,,,,,,,1236,52751,507,42.0,10.2,2,2.93,J004025.8+085010,J004025+085010
10.174705,7.67263,0.2153,False,True,False,False,False,False,False,False,False,24.78,56.77,,,,,,,,,,,,,,,1237,52762,247,47.0,,2,,,J004041+074021
10.201777,8.69253,0.0984,False,True,False,False,False,False,False,False,False,24.7,91.6,11.32,8.256705713959798,1.04,2.02,3.24,8.68821,8.41,0.621,-0.564,0.602,1.967,-0.235,6.38,0.0,1237,52762,433,210.0,34.3,4,0.3,J004048.4+084133,J004048+084133
10.268324,9.50343,0.2023,False,True,False,False,False,False,True,False,False,24.95,39.29,,,,,,,,,,,,,,,1237,52762,562,79.0,,2,,,J004104+093012
10.363995,8.14276,0.1033,False,True,False,False,False,False,False,False,False,25.19,44.56,,,,,,,,,,,,,,,1238,52761,170,585.7,11.5,2,1.35,J004127.3+080833,J004127+080833
10.320063,8.07998,0.0865,False,True,False,False,False,False,True,False,False,23.87,145.42,11.32,8.556836199078703,1.04,2.06,3.21,8.65719,8.19,-1.12,-1.674,0.477,-0.387,0.805,6.15,0.0,1238,52761,296,40.3,5.3,4,0.89,J004116.8+080447,J004116+080447
10.389618,8.86699,0.0626,False,True,False,False,False,False,False,False,False,24.23,146.62,11.22,3.725199991952207,1.03,2.05,3.56,9.27952,8.6,-1.143,-0.692,0.477,0.172,1.408,6.09,0.0,1238,52761,550,184.0,11.9,4,0.58,J004133.5+085201,J004133+085201
10.52451,8.72337,0.141,False,False,True,False,False,False,False,False,False,25.25,51.59,,,,,,,,,,,,,,,1239,52760,73,347.7,,2,,,J004205+084324
10.723388,8.5514,0.2849,False,True,False,False,False,False,False,False,False,25.33,122.48,,,,,,,,,,,,,,,1240,52734,28,91.0,,4,,,J004253+083305
10.600241,10.12441,0.3256,False,False,True,False,False,False,True,False,False,25.17,9.48,,,,,,,,,,,,,,,1240,52734,372,46.0,,2,,,J004224+100727
7.7818314,19.57046,0.385,False,False,True,False,False,False,False,False,False,25.51,14.52,,,,,,,,,,,,,,,1263,52708,69,69.3,,2,,,J003107+193413
8.0930567,24.16399,0.0597,False,False,True,False,False,False,False,False,False,25.6,188.84,10.99,3.275810232369545,0.96,1.68,3.26,9.16118,8.17,-0.065,-3.1,0.699,-0.202,-1.067,7.79,1.0,1265,52705,158,4781.0,,4,,,J003222+240950
8.2121582,25.04646,0.241,False,True,False,False,False,False,True,False,False,24.91,35.96,,,,,,,,,,,,,,,1266,52709,270,49.4,13.9,2,0.73,J003250.9+250247,J003250+250247
8.3145681,26.39835,0.2641,False,False,True,False,False,False,True,False,False,25.65,24.65,,,,,,,,,,,,,,,1266,52709,495,225.0,32.2,2,1.12,J003315.4+262354,J003315+262354
8.6673238,29.8174,0.0648,False,False,True,False,False,False,True,False,False,24.76,43.53,11.24,9.289970370322068,0.95,1.42,2.51,8.50579,8.26,-1.381,0.538,0.0,0.667,2.368,7.78,1.0,1269,52937,228,584.0,75.0,2,2.41,J003440.1+294902,J003440+294902
8.6543966,28.84411,0.079,False,True,False,False,False,False,False,False,False,25.14,299.85,,,,,,,,,,,,,,,1269,52937,243,926.0,124.7,2,0.39,J003437.0+285038,J003437+285038
8.7997355,31.78564,0.0673,False,True,False,False,False,False,True,False,False,25.25,265.9,,,,,,,,,,,,,,,1270,52991,414,1647.0,22.0,4,0.43,J003511.9+314708,J003511+314708
9.1263631,32.95634,0.04906,True,False,False,False,False,False,False,False,False,,,11.04,6.967687861757304,1.12,1.49,2.41,8.55564,7.74,-0.486,-1.767,0.0,0.176,0.133,5.71,0.0,1272,52989,114,46.9,42.9,1,1.11,J003630.3+325722,J003630+325722
8.9974813,32.13011,0.269,False,True,False,False,False,False,False,False,False,25.02,53.46,,,,,,,,,,,,,,,1272,52989,282,50.0,,2,,,J003559+320748
9.4275167,36.45155,0.1121,False,True,False,False,False,False,False,False,False,25.3,168.26,,,,,,,,,,,,,,,1274,52995,534,642.0,5.8,4,0.26,J003742.6+362705,J003742+362705
9.8496389,37.96635,0.04053,True,False,False,False,False,False,False,False,False,,,10.81,5.905424510886938,1.11,1.53,2.77,8.46932,7.65,-0.867,-1.925,0.0,-0.288,0.41,6.71,1.0,1277,52765,259,66.6,68.3,1,0.56,J003923.9+375758,J003923+375758
12.702052,50.36295,0.1479,False,True,False,True,False,False,False,False,False,24.76,94.15,,,,,,,,,,,,,,,1278,52735,558,102.0,36.0,4,1.09,J005048.4+502146,J005048+502146
12.820335,50.01214,0.3496,False,True,False,False,False,False,False,False,False,25.42,36.15,,,,,,,,,,,,,,,1279,52736,476,70.0,,2,,,J005116+500043
12.821858,50.08041,0.2493,False,True,False,True,False,False,False,False,False,25.56,84.32,,,,,,,,,,,,,,,1279,52736,479,207.9,22.4,4,2.51,J005117.2+500449,J005117+500449
13.191469,48.74604,0.2403,False,False,False,False,False,False,True,False,False,25.0,71.48,,,,,,,,,,,,,,,1281,52753,169,61.3,4.9,4,0.23,J005245.9+484445,J005245+484445
13.471081,48.30185,0.3276,False,False,True,False,False,False,False,False,False,25.32,11.0,,,,,,,,,,,,,,,1282,52759,19,65.0,,2,,,J005353+481806
13.338987,48.90252,0.2323,False,True,False,False,False,False,True,False,False,25.0,18.02,,,,,,,,,,,,,,,1282,52759,237,65.6,,2,,,J005321+485409
13.624782,48.30572,0.1192,False,False,True,False,False,False,False,False,False,24.39,40.66,,,,,,,,,,,,,,,1283,52762,116,69.0,,2,,,J005429+481820
13.592906,48.12759,0.3022,False,False,True,False,False,False,False,False,False,25.1,26.94,,,,,,,,,,,,,,,1283,52762,178,46.5,,2,,,J005422+480739
13.701941,47.43139,0.1721,False,False,True,False,False,False,True,False,False,24.72,53.07,,,,,,,,,,,,,,,1284,52736,268,67.1,2.9,2,0.86,J005448.4+472553,J005448+472553
14.366258,44.99731,0.2817,False,False,True,False,False,False,True,False,False,25.21,20.81,,,,,,,,,,,,,,,1287,52728,121,69.5,,2,,,J005727+445950
14.628102,45.39283,0.248,False,False,True,False,False,False,False,False,False,25.23,10.62,,,,,,,,,,,,,,,1288,52731,587,96.2,,2,,,J005830+452334
14.808984,44.38231,0.2775,False,False,True,False,False,False,False,False,False,25.52,21.27,,,,,,,,,,,,,,,1289,52734,587,146.8,,2,,,J005914+442256
14.844387,44.30816,0.2862,False,True,False,False,False,False,False,False,False,25.85,110.11,,,,,,,,,,,,,,,1289,52734,626,292.0,2.5,4,0.39,J005922.6+441829,J005922+441829
15.009339,42.33832,0.4429,False,True,False,False,False,False,False,False,False,25.94,114.18,,,,,,,,,,,,,,,1290,52734,69,134.0,12.7,4,0.3,J010002.2+422017,J010002+422017
14.994459,41.29955,0.1768,False,False,True,False,False,False,False,False,False,25.07,18.15,,,,,,,,,,,,,,,1291,52735,302,142.8,,2,,,J005958+411758
15.658888,38.16371,0.06488,True,False,False,False,False,False,False,False,False,,,11.45,6.7907679452392,1.02,2.03,3.22,8.98798,8.53,-0.129,-1.489,0.301,0.688,-0.051,6.15,0.0,1294,52753,546,46.1,32.3,1,0.8,J010238.1+380949,J010238+380949
8.346224,6.62611,0.245,False,False,True,False,False,False,False,False,False,24.89,10.02,,,,,,,,,,,,,,,1296,52962,472,46.0,,2,,,J003323+063733
8.8505371,8.01405,0.3189,False,True,False,False,False,False,True,False,False,25.24,52.3,,,,,,,,,,,,,,,1299,52972,309,57.3,12.2,2,1.28,J003524.1+080050,J003524+080050
9.6121226,8.83086,0.1371,False,True,False,False,False,False,True,False,False,24.96,29.29,,,,,,,,,,,,,,,1303,53050,21,190.0,,2,,,J003826+084951
9.7936025,9.128,0.2923,False,False,True,False,False,False,True,False,False,25.08,85.71,,,,,,,,,,,,,,,1305,52757,106,48.0,4.4,4,1.68,J003910.4+090740,J003910+090740
9.9557505,9.88122,0.2804,False,False,True,False,False,False,True,False,False,25.34,14.33,,,,,,,,,,,,,,,1306,52996,36,95.9,,2,,,J003949+095252
9.7840922,9.72784,0.1869,False,False,True,False,False,False,True,False,False,25.19,44.34,,,,,,,,,,,,,,,1306,52996,320,163.2,,2,,,J003908+094340
9.8507222,10.3704,0.2281,False,True,False,False,False,False,False,False,False,24.87,52.19,,,,,,,,,,,,,,,1306,52996,424,51.0,,2,,,J003924+102213
10.082412,9.78537,0.1615,False,True,False,False,False,False,False,False,False,24.67,180.11,,,,,,,,,,,,,,,1307,52999,67,68.0,6.4,4,2.82,J004019.7+094707,J004019+094707
10.056148,10.28089,0.1619,False,True,False,False,False,False,True,False,False,24.64,24.05,,,,,,,,,,,,,,,1307,52999,119,64.0,20.6,2,1.6,J004013.4+101651,J004013+101651
11.539653,55.97182,0.0501,False,True,False,False,False,False,False,False,False,23.43,42.73,10.54,4.527958137779565,1.06,1.92,3.41,8.43002,7.49,1.076,1.935,0.0,3.889,0.8,5.19,0.0,1310,53033,203,46.0,10.8,2,2.0,J004609.5+555818,J004609+555818
11.476111,56.14444,0.2265,False,True,False,False,False,False,True,False,False,24.91,15.06,,,,,,,,,,,,,,,1310,53033,282,57.0,34.6,2,2.64,J004554.2+560839,J004554+560839
11.984909,58.34322,0.0537,False,True,False,False,False,False,False,False,False,24.34,272.15,,,,,,,,,,,,,,,1313,52790,441,327.0,2.1,4,0.22,J004756.3+582035,J004756+582035
12.156717,56.33466,0.4098,False,False,True,False,False,False,False,False,False,25.47,13.35,,,,,,,,,,,,,,,1314,53050,84,54.9,,2,,,J004837+562004
12.410522,56.39445,0.2047,False,True,False,False,False,False,False,False,False,25.02,52.27,,,,,,,,,,,,,,,1315,52791,1,91.0,15.4,2,1.42,J004938.5+562340,J004938+562340
12.369247,58.23932,0.09995,True,False,False,False,False,False,False,False,False,,,10.96,4.295311539447788,1.01,1.68,3.41,8.89583,8.54,-0.444,-0.712,-99.0,0.84,0.716,7.04,0.0,1316,52790,333,51.9,47.5,1,0.37,J004928.6+581421,J004928+581421
12.573433,57.89088,0.1529,False,True,False,False,False,False,False,False,False,24.62,59.3,,,,,,,,,,,,,,,1316,52790,551,69.0,3.4,2,0.27,J005017.6+575327,J005017+575327
12.63943,58.36771,0.2361,False,True,False,False,False,False,False,False,False,25.32,101.75,,,,,,,,,,,,,,,1316,52790,601,132.7,4.3,4,0.82,J005033.4+582203,J005033+582203
13.128806,56.85091,0.25,False,True,False,False,False,False,False,False,False,25.35,84.49,,,,,,,,,,,,,,,1318,52781,80,126.0,,2,,,J005230+565103
13.887606,55.11342,0.1434,False,True,False,False,False,False,False,False,False,24.47,29.55,,,,,,,,,,,,,,,1322,52791,27,56.0,,2,,,J005533+550648
14.122691,55.08464,0.3274,False,False,True,False,False,False,True,False,False,25.23,24.03,,,,,,,,,,,,,,,1325,52762,337,52.0,,2,,,J005629+550504
14.526944,52.45693,0.292,False,True,False,False,False,False,False,False,False,25.31,67.26,,,,,,,,,,,,,,,1327,52781,358,82.0,42.3,2,0.52,J005806.4+522724,J005806+522724
14.89801,50.0684,0.3883,False,False,True,False,False,False,False,False,False,26.46,71.8,,,,,,,,,,,,,,,1328,52786,6,598.0,,4,,,J005935+500406
14.870962,50.37363,0.0943,True,False,False,False,False,False,False,False,False,,,11.55,9.276307449364152,1.04,1.99,3.14,8.81707,8.49,0.266,0.766,0.301,2.407,0.898,6.33,0.0,1328,52786,97,133.8,19.5,1,1.45,J005929.0+502225,J005929+502225
14.705332,50.73278,0.1736,False,True,False,False,False,False,False,False,False,25.15,51.63,,,,,,,,,,,,,,,1328,52786,309,175.0,,2,,,J005849+504358
15.347846,48.66073,0.0738,False,True,False,False,False,False,True,False,False,24.02,10.65,,,,,,,,,,,,,,,1330,52822,31,80.0,,2,,,J010123+483938
15.345844,48.65637,0.07802,True,False,False,False,False,False,False,False,False,,,11.09,2.65639675996022,1.06,2.12,3.04,9.44323,8.57,0.839,-1.346,0.0,1.716,-0.91,6.16,0.0,1330,52822,36,80.6,56.4,1,1.19,J010123.0+483922,J010123+483922
15.357499,48.66205,0.07416,True,False,False,False,False,False,False,False,False,,,11.14,3.578514383723561,1.08,2.1,3.14,9.23441,8.56,0.71,1.033,0.301,2.998,0.623,6.01,0.0,1330,52822,37,63.3,12.6,1,0.88,J010125.7+483943,J010125+483943
15.41376,48.60823,0.2597,False,False,True,False,False,False,True,False,False,24.9,9.42,,,,,,,,,,,,,,,1331,52766,532,41.0,,2,,,J010139+483629
15.486235,45.63821,0.3124,False,False,True,False,False,False,False,False,False,25.95,9.85,,,,,,,,,,,,,,,1332,52781,278,305.0,,2,,,J010156+453817
15.950049,41.51975,0.0847,False,False,True,False,False,False,False,False,False,24.39,66.27,10.35,2.592428611262664,0.95,1.76,3.22,8.72441,7.49,-1.541,-1.024,-99.0,-0.413,1.6,6.08,0.0,1335,52824,343,140.0,,2,,,J010348+413111
16.239977,38.40092,0.1858,False,False,True,False,False,False,False,False,False,24.88,10.0,,,,,,,,,,,,,,,1336,52759,230,81.4,,2,,,J010457+382403
16.639589,32.85327,0.1589,False,True,False,False,False,False,False,False,False,24.73,69.89,,,,,,,,,,,,,,,1340,52781,515,82.0,7.8,4,0.39,J010633.5+325111,J010633+325111
16.68164,32.79124,0.1361,False,True,False,True,False,False,False,False,False,24.37,68.54,,,,,,,,,,,,,,,1340,52781,585,50.0,,2,,,J010643+324728
13.780898,41.86519,0.2396,False,True,False,False,False,False,False,False,False,25.47,62.4,,,,,,,,,,,,,,,1345,52814,122,182.0,7.4,2,0.63,J005507.4+415154,J005507+415154
14.238556,40.87375,0.3768,False,False,True,False,False,False,True,False,False,25.25,12.62,,,,,,,,,,,,,,,1347,52823,57,40.0,,2,,,J005657+405225
14.207031,41.87192,0.2512,False,False,True,False,False,False,False,False,False,25.08,26.6,,,,,,,,,,,,,,,1347,52823,515,67.5,,2,,,J005649+415218
14.31275,40.53528,0.2749,False,False,True,False,False,False,False,False,False,24.94,22.27,,,,,,,,,,,,,,,1348,53084,273,40.0,13.3,2,2.52,J005715.0+403207,J005715+403207
14.621905,40.71635,0.4007,False,False,True,False,False,False,False,False,False,25.46,16.95,,,,,,,,,,,,,,,1349,52797,608,56.0,,2,,,J005829+404258
15.190532,36.56001,0.1638,False,True,False,False,False,False,True,False,False,24.94,51.04,,,,,,,,,,,,,,,1352,52819,24,124.0,,2,,,J010045+363336
15.177098,36.82495,0.1643,False,True,False,False,False,False,False,False,False,24.63,24.77,,,,,,,,,,,,,,,1352,52819,37,60.0,1.5,2,0.4,J010042.5+364929,J010042+364929
15.01147,36.36324,0.2552,False,True,False,False,False,False,False,False,False,25.25,32.2,,,,,,,,,,,,,,,1352,52819,261,95.2,12.7,2,1.9,J010002.7+362147,J010002+362147
15.009602,36.81255,0.0661,True,False,False,False,False,False,False,False,False,,,10.95,4.2337296245654015,1.0,1.59,2.8,8.89837,7.66,-0.946,-3.335,0.0,-1.2,-0.346,6.11,0.0,1352,52819,280,57.5,57.0,1,0.23,J010002.3+364845,J010002+364845
15.099218,37.03531,0.386,False,False,True,False,False,False,True,False,False,26.09,23.26,,,,,,,,,,,,,,,1352,52819,491,261.0,106.1,2,1.22,J010023.8+370207,J010023+370207
15.154068,35.594,0.3949,False,False,True,False,False,False,False,False,False,26.29,24.08,,,,,,,,,,,,,,,1353,53083,279,397.4,,2,,,J010036+353538
10.210156,40.51865,0.1527,False,False,True,False,False,False,True,False,False,24.61,121.24,,,,,,,,,,,,,,,1357,53034,228,67.0,,4,,,J004050+403107
10.26618,40.7798,0.1279,False,False,True,False,False,False,False,False,False,25.62,127.61,,,,,,,,,,,,,,,1357,53034,481,1009.0,,4,,,J004103+404647
10.514883,41.22112,0.09212,True,False,False,False,False,False,False,False,False,,,11.56,10.301230120523796,1.1,1.94,2.92,8.73604,8.22,0.696,-0.067,0.903,2.333,-0.014,6.4,0.0,1360,53033,175,50.9,43.3,1,0.28,J004203.5+411316,J004203+411316
10.640838,41.81469,0.1246,False,True,False,False,False,False,False,False,False,24.23,54.53,,,,,,,,,,,,,,,1361,53047,228,43.0,,2,,,J004233+414852
10.883327,43.04861,0.1479,False,True,False,False,False,False,False,False,False,24.47,95.79,,,,,,,,,,,,,,,1362,53050,477,52.0,4.2,4,0.42,J004331.9+430254,J004331+430254
11.384354,43.79869,0.1941,False,True,False,False,False,False,True,False,False,24.91,42.46,,,,,,,,,,,,,,,1365,53062,131,80.2,14.5,2,1.48,J004532.2+434755,J004532+434755
11.773056,44.41641,0.1445,False,True,False,False,False,False,True,False,False,24.54,22.44,,,,,,,,,,,,,,,1367,53083,58,65.1,17.9,2,0.78,J004705.5+442459,J004705+442459
11.734411,44.0061,0.2991,False,False,True,False,False,False,False,False,False,25.12,45.54,,,,,,,,,,,,,,,1367,53083,100,49.6,6.4,2,0.43,J004656.2+440021,J004656+440021
11.676224,44.0967,0.3837,False,True,False,False,False,False,False,False,False,25.68,74.49,,,,,,,,,,,,,,,1367,53083,201,102.0,1.8,4,0.6,J004642.2+440548,J004642+440548
11.647066,45.00482,0.3401,False,False,True,False,False,False,False,False,False,25.23,16.43,,,,,,,,,,,,,,,1367,53083,404,48.0,,2,,,J004635+450017
11.85261,43.98852,0.0707,False,True,False,False,False,False,False,False,False,23.95,32.98,11.29,4.260076375169843,1.0,1.92,3.17,9.23299,8.27,0.638,-1.457,0.903,1.455,-0.78,6.15,0.0,1368,53084,165,75.0,23.4,2,0.35,J004724.6+435918,J004724+435918
11.830031,43.9035,0.0709,False,True,False,False,False,False,False,False,False,23.84,76.86,10.97,3.934762119148973,1.06,1.96,3.37,8.98198,8.37,0.482,0.45,0.602,2.431,0.5,6.0,0.0,1368,53084,280,58.0,2.2,2,0.76,J004719.2+435412,J004719+435412
11.905756,45.39153,0.1915,False,False,True,False,False,False,False,False,False,25.97,64.0,,,,,,,,,,,,,,,1368,53084,529,946.0,,4,,,J004737+452329
12.137151,44.06194,0.3405,False,True,False,False,False,False,False,False,False,25.46,58.44,,,,,,,,,,,,,,,1369,53089,31,81.0,1.4,2,1.29,J004832.9+440342,J004832+440342
12.082953,45.99361,0.213,False,True,False,False,False,False,False,False,False,25.08,72.27,,,,,,,,,,,,,,,1369,53089,588,96.0,,2,,,J004819+455936
12.129727,45.23366,0.428,False,False,True,False,False,False,False,False,False,26.16,49.59,,,,,,,,,,,,,,,1370,53090,340,244.0,,2,,,J004831+451401
12.884216,45.01246,0.0777,False,True,False,False,False,False,False,False,False,24.84,391.87,11.53,9.117675202814384,1.03,1.97,2.9,8.81205,8.54,0.96,0.642,0.954,3.01,0.148,6.13,0.0,1373,53063,554,472.0,10.1,4,0.1,J005132.2+450044,J005132+450044
13.284983,43.95366,0.0517,False,False,True,False,False,False,False,False,False,23.44,19.94,,,,,,,,,,,,,,,1375,53084,112,43.7,,2,,,J005308+435713
13.125638,44.05706,0.2025,False,False,True,False,False,False,False,False,False,24.99,107.51,,,,,,,,,,,,,,,1375,53084,313,87.0,,4,,,J005230+440325
13.183937,44.99904,0.2325,False,True,False,False,False,False,False,False,False,24.93,84.58,,,,,,,,,,,,,,,1375,53084,418,56.5,5.0,2,0.37,J005244.1+445956,J005244+445956
13.354949,42.58757,0.0794,False,False,True,False,False,False,False,False,False,25.48,162.77,10.97,6.7015902832346725,0.91,1.46,2.54,8.51946,7.91,0.366,-0.579,0.0,1.709,0.004,7.02,1.0,1376,53089,137,1985.0,,4,,,J005325+423515
13.744871,40.46729,0.0754,False,True,False,False,False,False,False,False,False,24.1,17.81,,,,,,,,,,,,,,,1377,53050,479,93.0,,2,,,J005458+402802
13.792544,41.05571,0.2869,False,True,False,True,False,False,True,False,False,25.43,36.22,,,,,,,,,,,,,,,1377,53050,505,111.0,,2,,,J005510+410320
14.101119,40.69411,0.2109,False,True,False,True,False,False,True,False,False,25.5,35.03,,,,,,,,,,,,,,,1379,53084,449,261.0,,2,,,J005624+404138
14.907607,35.44087,0.07776,True,False,False,False,False,False,False,False,False,,,11.12,2.8542911113820377,1.01,1.96,3.26,9.41082,8.65,-0.735,-2.334,0.0,-0.403,0.04,6.08,0.0,1383,53116,26,84.9,9.3,1,0.55,J005937.8+352627,J005937+352627
15.008745,36.48051,0.0926,False,False,True,False,False,False,True,False,False,24.1,50.35,11.41,5.318938981515579,1.07,1.92,3.1,9.16017,8.59,-0.596,-1.14,0.602,0.44,0.611,6.46,0.0,1384,53121,451,59.7,2.6,2,0.22,J010002.0+362849,J010002+362849
15.166597,33.46281,0.1102,False,True,False,False,False,True,False,False,False,24.3,29.03,,,,,,,,,,,,,,,1385,53108,93,66.0,14.9,2,2.24,J010039.9+332746,J010039+332746
15.165938,33.45417,0.1172,False,True,False,True,False,False,False,False,False,24.36,49.11,,,,,,,,,,,,,,,1386,53116,352,66.0,9.0,2,2.24,J010039.8+332715,J010039+332715
15.265244,34.72954,0.1109,False,True,False,False,False,False,True,False,False,24.19,90.24,,,,,,,,,,,,,,,1386,53116,445,51.0,6.4,4,0.31,J010103.6+344346,J010103+344346
15.4169,33.39996,0.08156,True,False,False,False,False,False,False,False,False,,,11.31,5.838472867590896,1.01,1.84,3.21,8.97922,8.47,-0.135,-1.389,0.0,0.741,0.014,6.35,0.0,1387,53118,538,75.5,64.7,1,0.38,J010140.0+332359,J010140+332359
15.496001,30.7099,0.1138,False,True,False,True,False,False,False,False,False,24.45,36.6,,,,,,,,,,,,,,,1388,53119,257,88.0,30.0,4,0.78,J010159.0+304235,J010159+304235
15.422871,31.67698,0.07881,True,False,False,False,False,False,False,False,False,,,11.21,3.783104945310081,1.0,2.01,3.35,9.25612,8.52,0.139,-1.472,0.0,0.959,-0.302,6.2,0.0,1388,53119,354,51.4,21.7,1,0.56,J010141.4+314037,J010141+314037
15.741813,29.90037,0.3516,False,True,False,False,False,False,True,False,False,25.45,47.41,,,,,,,,,,,,,,,1389,53135,3,74.7,1.5,2,2.65,J010258.0+295401,J010258+295401
16.029046,27.30264,0.1674,False,False,True,False,False,False,True,False,False,24.47,8.03,,,,,,,,,,,,,,,1391,52817,33,40.2,,2,,,J010406+271809
15.961134,28.88027,0.0773,False,True,False,False,False,False,False,False,False,23.97,123.88,11.34,4.405148165080657,1.06,2.02,3.26,9.2539,8.55,0.712,-1.186,1.041,1.687,-0.692,5.85,0.0,1391,52817,528,65.1,24.5,4,0.74,J010350.6+285248,J010350+285248
16.216254,26.02638,0.2182,False,True,False,False,False,False,True,False,False,24.83,79.35,,,,,,,,,,,,,,,1393,52824,79,51.0,2.1,4,1.62,J010451.9+260134,J010451+260134
14.355083,43.18621,0.1791,False,True,False,False,False,False,False,False,False,25.12,54.44,,,,,,,,,,,,,,,1395,52825,341,154.0,42.6,2,2.48,J005725.2+431110,J005725+431110
14.73535,41.79732,0.188,False,False,True,False,False,False,False,False,False,25.49,63.42,,,,,,,,,,,,,,,1396,53112,73,325.0,,2,,,J005856+414750
14.582382,41.15427,0.4475,False,False,True,False,False,False,False,False,False,26.04,12.82,,,,,,,,,,,,,,,1396,53112,202,165.2,,2,,,J005819+410915
14.816907,40.01232,0.1854,False,True,False,False,False,False,False,False,False,25.65,188.05,,,,,,,,,,,,,,,1397,53119,218,480.0,,4,,,J005916+400044
14.890437,41.11983,0.1986,False,False,True,False,False,False,False,False,False,24.64,24.65,,,,,,,,,,,,,,,1397,53119,553,40.3,5.0,2,1.33,J005933.7+410711,J005933+410711
15.489582,36.36175,0.09893,True,False,False,False,False,False,False,False,False,,,11.39,5.48016157648275,1.1,1.78,2.97,9.11423,8.3,-1.386,-0.788,0.301,-0.122,1.589,7.67,1.0,1400,53470,15,51.0,52.8,1,0.35,J010157.4+362142,J010157+362142
15.446932,37.34276,0.3967,False,False,False,False,False,False,True,False,False,25.34,26.04,,,,,,,,,,,,,,,1400,53470,589,44.0,6.2,2,1.02,J010147.2+372033,J010147+372033
15.650461,35.51279,0.07784,True,False,False,False,False,False,False,False,False,,,11.02,3.0336927883823908,1.07,1.99,3.13,9.25788,8.31,-0.508,-1.592,0.0,0.257,0.258,6.48,0.0,1401,53144,29,96.4,89.1,1,0.22,J010236.1+353046,J010236+353046
15.569407,34.89395,0.1586,False,True,False,False,False,False,True,False,False,25.02,17.63,,,,,,,,,,,,,,,1401,53144,129,159.0,,2,,,J010216+345338
15.7383,34.69627,0.0717,False,True,False,False,False,False,False,False,False,24.37,72.96,11.46,4.916859088657714,1.0,1.94,3.4,9.27844,8.88,0.828,0.213,0.903,2.629,0.023,6.25,0.0,1402,52872,67,191.0,,4,,,J010257+344146
16.016715,32.87393,0.2226,False,False,True,False,False,False,False,False,False,25.14,10.21,,,,,,,,,,,,,,,1404,52825,594,100.5,,2,,,J010404+325226
16.194513,31.05033,0.0951,False,False,True,False,False,False,False,False,False,24.52,16.22,,,,,,,,,,,,,,,1405,52826,626,149.7,,2,,,J010446+310301
16.42136,26.87621,0.4238,False,False,True,False,False,False,False,False,False,25.96,39.22,,,,,,,,,,,,,,,1408,52822,284,156.0,,2,,,J010541+265234
16.965256,23.37167,0.4841,False,False,True,False,False,False,True,False,False,25.76,24.37,,,,,,,,,,,,,,,1415,52885,572,73.5,19.0,2,0.44,J010751.6+232218,J010751+232218
15.813708,36.17649,0.2334,False,True,False,False,False,False,False,False,False,25.16,51.02,,,,,,,,,,,,,,,1416,52875,62,94.0,29.7,2,1.0,J010315.2+361035,J010315+361035
15.878642,34.62325,0.08746,True,False,False,False,False,False,False,False,False,,,10.64,2.4868393089083174,1.04,1.97,2.92,9.05053,7.99,-0.908,-1.183,0.0,0.11,0.889,6.05,0.0,1417,53141,252,44.8,7.2,1,2.38,J010330.8+343723,J010330+343723
15.785894,35.64616,0.0794,False,True,False,False,False,False,False,False,False,24.51,268.07,11.71,7.093836991152465,1.05,2.06,3.01,9.21006,9.13,-0.142,-0.76,0.477,1.106,0.393,6.17,0.0,1417,53141,344,213.9,18.4,4,0.27,J010308.6+353846,J010308+353846
16.138182,31.84614,0.2847,False,False,False,False,False,False,True,False,False,25.21,19.08,,,,,,,,,,,,,,,1419,53144,289,68.0,,2,,,J010433+315046
16.136356,32.90519,0.3038,False,True,False,False,False,False,False,False,False,25.38,116.27,,,,,,,,,,,,,,,1419,53144,481,87.0,3.9,4,0.45,J010432.7+325418,J010432+325418
16.308052,29.98322,0.1338,False,True,False,False,False,False,False,False,False,24.77,165.31,,,,,,,,,,,,,,,1420,53146,259,128.0,3.6,4,0.77,J010513.9+295859,J010513+295859
10.377058,38.57916,0.0518,False,True,False,False,False,False,True,False,False,23.87,121.43,,,,,,,,,,,,,,,1427,52996,586,117.4,18.3,4,0.32,J004130.4+383444,J004130+383444
10.451066,38.33697,0.123,False,True,False,False,False,False,False,False,False,24.19,161.16,,,,,,,,,,,,,,,1428,52998,146,41.0,15.5,4,0.53,J004148.2+382013,J004148+382013
10.3318,39.50635,0.1121,False,False,True,False,False,False,False,False,False,24.21,104.92,,,,,,,,,,,,,,,1428,52998,346,52.0,,4,,,J004119+393022
10.584061,42.9301,0.136,False,True,False,False,False,False,False,False,False,24.68,84.05,,,,,,,,,,,,,,,1429,52990,14,100.0,3.7,4,0.23,J004220.1+425548,J004220+425548
10.610068,38.58561,0.1449,False,True,False,False,False,False,False,False,False,24.95,171.17,,,,,,,,,,,,,,,1430,53002,5,164.0,20.6,4,1.09,J004226.4+383508,J004226+383508
10.726676,39.56981,0.2942,False,True,False,False,False,False,True,False,False,25.03,43.87,,,,,,,,,,,,,,,1432,53003,110,42.0,4.9,2,1.06,J004254.4+393411,J004254+393411
10.847911,40.01411,0.1295,False,False,True,False,False,False,False,False,False,24.8,162.12,,,,,,,,,,,,,,,1433,53035,599,147.0,4.1,4,0.54,J004323.4+400050,J004323+400050
10.795231,43.78131,0.0858,False,True,False,False,False,False,False,False,False,24.27,112.61,11.44,8.991465143987135,0.99,2.01,2.97,8.73416,8.37,0.021,0.991,0.301,2.301,1.27,6.13,0.0,1434,53053,209,104.0,13.3,4,1.08,J004310.8+434652,J004310+434652
10.83205,46.31988,0.3508,False,True,False,False,False,False,False,False,False,25.59,78.24,,,,,,,,,,,,,,,1434,53053,446,102.0,,4,,,J004319+461911
10.92916,45.40042,0.0636,False,True,False,False,False,False,False,False,False,24.11,96.4,11.29,4.563010749648954,0.95,2.02,3.34,9.17332,8.24,-0.75,-1.058,0.0,0.338,0.809,6.31,0.0,1434,53053,630,133.5,34.9,4,0.69,J004342.9+452401,J004342+452401
10.981433,40.29904,0.468,False,False,True,False,False,False,True,False,False,25.68,25.94,,,,,,,,,,,,,,,1435,52996,97,65.6,,2,,,J004355+401756
10.896926,40.3961,0.1282,False,True,False,False,False,False,False,False,False,24.62,209.65,,,,,,,,,,,,,,,1435,52996,216,100.1,40.2,4,1.4,J004335.2+402345,J004335+402345
11.098282,39.78248,0.09914,True,False,False,False,False,False,False,False,False,,,11.02,4.264305098397463,1.05,1.82,3.3,8.96212,8.15,-1.124,0.715,0.301,1.023,2.223,6.67,0.0,1437,53046,97,43.4,39.9,1,2.18,J004423.5+394656,J004423+394656
11.092199,41.09727,0.1521,False,True,False,False,False,False,False,False,False,24.64,69.99,,,,,,,,,,,,,,,1439,53003,348,72.0,,2,,,J004422+410550
11.221643,41.40814,0.0946,False,True,False,False,False,False,True,False,False,24.4,143.76,11.45,9.338659447799058,1.02,1.94,2.99,8.71125,8.14,0.386,-0.204,0.301,1.95,0.207,6.17,0.0,1439,53003,515,115.2,2.0,4,0.19,J004453.1+412429,J004453+412429
11.426665,41.43564,0.1928,False,False,True,False,False,False,True,False,False,24.92,8.36,,,,,,,,,,,,,,,1440,53084,77,83.4,,2,,,J004542+412608
11.55251,46.6465,0.2642,False,False,True,False,False,False,True,False,False,25.04,29.18,,,,,,,,,,,,,,,1442,53050,141,55.0,,2,,,J004612+463847
11.727666,46.35569,0.116,False,False,True,False,False,False,False,False,False,25.46,7.93,,,,,,,,,,,,,,,1444,53054,96,863.4,,2,,,J004654+462120
11.88557,46.04567,0.3627,False,True,False,False,False,False,False,False,False,25.3,55.96,,,,,,,,,,,,,,,1446,53080,209,49.0,,2,,,J004732+460244
11.9455,41.25793,0.1627,False,False,True,False,False,False,True,False,False,24.48,14.55,,,,,,,,,,,,,,,1447,53120,81,43.1,,2,,,J004746+411528
11.849993,42.27002,0.2432,False,False,False,False,False,False,False,False,False,25.25,29.56,,,,,,,,,,,,,,,1447,53120,235,105.8,,2,,,J004723+421612
11.897079,42.84531,0.3275,False,False,True,False,False,False,True,False,False,25.48,5.94,,,,,,,,,,,,,,,1447,53120,468,92.6,,2,,,J004735+425043
12.148778,46.68716,0.101,False,True,False,False,False,False,True,False,False,24.65,202.19,,,,,,,,,,,,,,,1449,53116,53,176.3,63.8,4,0.09,J004835.7+464113,J004835+464113
12.081949,48.54913,0.0656,False,True,False,False,False,False,False,False,False,24.43,57.47,11.0,2.958890917183005,1.02,1.9,3.2,9.25956,8.4,0.627,-0.803,0.845,1.831,-0.382,5.85,0.0,1449,53116,419,266.0,,2,,,J004819+483256
12.135292,42.07037,0.5342,False,False,True,False,False,False,True,False,False,25.64,6.5,,,,,,,,,,,,,,,1450,53120,291,43.6,24.0,2,2.07,J004832.4+420413,J004832+420413
12.106441,42.5798,0.0833,False,True,False,False,False,False,True,False,False,23.84,110.47,11.01,4.14838981180526,1.0,1.86,3.28,8.97606,8.15,-0.201,-2.945,0.301,-0.244,-0.842,5.99,0.0,1450,53120,337,41.0,,3,,,J004825+423447
12.672776,46.94344,0.1415,False,False,True,False,False,False,False,False,False,24.84,43.04,,,,,,,,,,,,,,,1455,53089,236,135.5,157.9,2,2.4,J005041.4+465636,J005041+465636
12.91466,47.80466,0.3132,False,False,True,False,False,False,True,False,False,25.54,44.72,,,,,,,,,,,,,,,1457,53116,442,118.5,,2,,,J005139+474816
12.969283,42.18588,0.2486,False,False,True,False,False,False,False,False,False,25.77,172.07,,,,,,,,,,,,,,,1458,53119,404,338.0,,4,,,J005152+421109
13.112693,46.55854,0.2184,False,False,True,False,False,False,False,False,False,25.38,8.26,,,,,,,,,,,,,,,1459,53117,173,184.0,87.0,2,2.1,J005227.0+463330,J005227+463330
13.294222,41.26267,0.06611,True,False,False,False,False,False,False,False,False,,,11.55,5.502079726977276,1.23,2.03,3.03,9.27077,8.51,-0.384,-1.235,0.699,0.59,0.348,6.19,0.0,1460,53138,42,266.2,248.9,1,0.38,J005310.6+411545,J005310+411545
13.195302,40.98327,0.1103,False,False,True,False,False,False,False,False,False,25.28,329.1,,,,,,,,,,,,,,,1460,53138,225,632.7,,4,,,J005246+405859
13.276922,40.589,0.3161,False,False,True,False,False,False,True,False,False,25.16,12.69,,,,,,,,,,,,,,,1462,53112,284,48.6,,2,,,J005306+403520
13.625173,46.3552,0.3155,False,False,True,False,False,False,False,False,False,25.56,19.93,,,,,,,,,,,,,,,1463,53063,634,120.8,,2,,,J005430+462118
13.638873,46.98872,0.36,False,False,False,False,False,False,True,False,False,25.42,19.15,,,,,,,,,,,,,,,1465,53082,370,65.0,18.1,2,0.39,J005433.3+465919,J005433+465919
13.716769,46.45554,0.2248,False,True,False,False,False,False,False,False,False,24.97,110.23,,,,,,,,,,,,,,,1465,53082,522,66.0,3.8,4,0.06,J005452.0+462719,J005452+462719
13.949982,45.91793,0.2427,False,True,False,False,False,False,True,False,False,25.16,28.53,,,,,,,,,,,,,,,1466,53083,507,87.0,,2,,,J005547+455504
22.21957,-0.64569,0.1821,False,False,True,False,False,False,False,False,False,24.99,12.11,,,,,,,,,,,,,,,1476,52964,189,110.4,,2,,,J012852-003844
2.588564,-0.21392,0.4626,False,True,False,False,False,False,True,False,False,25.46,41.77,,,,,,,,,,,,,,,1510,52992,268,41.0,,2,,,J001021-001250
16.639846,22.66104,0.1757,False,False,True,False,False,False,False,False,False,24.95,93.03,,,,,,,,,,,,,,,1570,53149,321,108.0,4.4,4,1.44,J010633.5+223939,J010633+223939
16.615045,22.84468,0.08696,True,False,False,False,False,False,False,False,False,,,11.2,5.745698479642448,1.04,1.89,3.32,8.88313,8.14,-0.595,-0.267,0.0,0.957,1.126,6.27,0.0,1571,53174,487,49.6,43.2,1,0.94,J010627.6+225040,J010627+225040
16.473491,23.01892,0.2079,False,False,True,False,False,False,False,False,False,25.25,58.6,,,,,,,,,,,,,,,1572,53177,251,149.0,,4,,,J010553+230108
16.421427,23.99871,0.0638,False,True,False,False,False,False,True,False,False,23.83,121.71,10.97,4.99482671390962,1.03,1.99,3.23,8.77478,8.22,0.236,-0.454,0.301,1.656,0.206,5.76,0.0,1573,53226,164,69.6,1.6,4,0.39,J010541.1+235955,J010541+235955
16.310035,27.1282,0.1521,False,True,False,False,False,False,True,False,False,24.45,31.12,,,,,,,,,,,,,,,1576,53496,452,47.0,11.9,2,1.26,J010514.4+270741,J010514+270741
16.374682,26.7828,0.2206,False,True,False,False,False,False,False,False,False,24.83,74.14,,,,,,,,,,,,,,,1576,53496,554,50.0,,2,,,J010529+264658
16.258712,27.44926,0.0646,False,False,True,False,False,False,True,False,False,24.29,18.14,,,,,,,,,,,,,,,1577,53495,71,199.0,,2,,,J010502+272657
16.204895,28.42957,0.05314,True,False,False,False,False,False,False,False,False,,,11.36,6.042189034627096,1.16,1.91,3.17,8.99943,8.15,-0.503,-1.335,0.301,0.415,0.404,6.25,0.0,1577,53495,494,76.9,80.9,1,0.09,J010449.1+282546,J010449+282546
16.139207,28.47868,0.0502,False,True,False,False,False,False,False,False,False,24.11,190.05,11.2,4.793917283213731,1.05,1.86,3.11,9.04044,8.26,0.213,0.523,0.477,2.212,0.806,6.29,0.0,1578,53496,12,219.0,78.2,4,0.31,J010433.4+282843,J010433+282843
16.069695,30.10722,0.1736,False,False,True,False,False,False,False,False,False,24.81,10.07,,,,,,,,,,,,,,,1578,53496,530,81.4,,2,,,J010416+300625
16.015691,30.022,0.3737,False,False,True,False,False,False,False,False,False,25.36,81.74,,,,,,,,,,,,,,,1579,53473,39,52.0,1.2,4,0.68,J010403.7+300119,J010403+300119
8.3029516,23.53637,0.2445,False,True,False,True,False,False,False,False,False,24.89,36.81,,,,,,,,,,,,,,,1585,52962,57,46.0,,2,,,J003312+233210
8.3029099,23.72237,0.1615,False,False,False,False,False,False,True,False,False,24.55,10.47,,,,,,,,,,,,,,,1585,52962,59,52.2,,2,,,J003312+234320
8.3559082,25.31751,0.2676,False,True,False,False,False,False,False,False,False,25.42,38.05,,,,,,,,,,,,,,,1585,52962,534,127.9,,2,,,J003325+251903
8.7237915,29.12796,0.2016,False,False,True,False,False,False,True,False,False,25.25,62.58,,,,,,,,,,,,,,,1588,52965,406,162.0,,4,,,J003453+290740
8.7756836,29.59872,0.0701,False,False,True,False,False,False,False,False,False,23.97,31.29,11.52,12.354260700755791,1.03,2.05,2.57,8.53819,7.95,1.041,-0.523,0.845,2.4,-0.621,5.74,0.0,1588,52965,507,79.6,14.1,2,0.99,J003506.1+293555,J003506+293555
9.0199392,29.7272,0.2198,False,False,False,False,False,False,True,False,False,25.8,120.66,,,,,,,,,,,,,,,1590,52974,78,475.0,15.5,4,0.34,J003604.7+294337,J003604+294337
9.4367635,32.78923,0.1395,False,True,False,False,False,False,True,False,False,25.19,115.58,,,,,,,,,,,,,,,1593,52991,242,307.8,,4,,,J003744+324721
10.272279,10.2162,0.4181,False,False,True,False,False,False,False,False,False,25.95,153.55,,,,,,,,,,,,,,,1597,52999,150,158.0,,4,,,J004105+101258
10.237766,10.85159,0.3878,False,False,True,False,False,False,False,False,False,26.59,27.36,,,,,,,,,,,,,,,1597,52999,476,820.5,,2,,,J004057+105105
10.812066,11.13399,0.157,False,False,True,False,False,False,True,False,False,25.19,275.02,,,,,,,,,,,,,,,1601,53115,143,238.4,3.2,4,0.18,J004314.8+110802,J004314+110802
10.861286,10.99635,0.2126,False,False,True,False,False,False,True,False,False,24.96,31.4,,,,,,,,,,,,,,,1602,53117,266,72.9,,2,,,J004326+105946
11.0489,11.25012,0.4747,False,False,False,False,False,False,True,False,False,25.56,20.97,,,,,,,,,,,,,,,1603,53119,165,48.3,12.3,2,0.4,J004411.7+111500,J004411+111500
11.353308,11.76381,0.2193,False,False,True,False,False,False,False,False,False,24.73,50.73,,,,,,,,,,,,,,,1605,53062,149,40.3,,2,,,J004524+114549
11.530893,11.2623,0.1685,False,True,False,False,False,False,False,False,False,24.65,33.97,,,,,,,,,,,,,,,1606,53055,54,59.0,41.7,2,2.8,J004607.4+111544,J004607+111544
11.674372,12.05231,0.0812,False,False,True,False,False,False,True,False,False,25.41,78.21,11.47,7.1732416471428735,1.04,1.94,3.28,8.96039,8.6,-0.329,-0.986,0.301,0.791,0.442,6.68,0.0,1607,53083,105,1625.0,30.3,4,0.36,J004641.8+120308,J004641+120308
11.545008,12.21997,0.1735,False,True,False,False,False,False,False,False,False,24.58,33.04,,,,,,,,,,,,,,,1607,53083,313,48.0,,2,,,J004610+121311
11.715082,11.0258,0.1537,False,True,False,False,False,True,False,False,False,25.0,65.46,,,,,,,,,,,,,,,1608,53138,209,164.5,37.3,4,1.57,J004651.6+110132,J004651+110132
11.902895,12.41937,0.08108,True,False,False,False,False,False,False,False,False,,,11.19,4.584858472935574,1.03,1.7,2.85,9.06917,8.43,0.074,-1.289,0.477,1.005,-0.131,6.89,0.0,1609,53142,591,52.0,58.2,1,0.29,J004736.6+122509,J004736+122509
12.055738,13.32539,0.05837,True,False,False,False,False,False,False,False,False,,,10.77,2.519384965354249,0.99,1.85,2.95,9.16923,7.97,-0.529,-1.401,0.0,0.351,0.39,6.74,0.0,1611,53147,451,103.4,110.3,1,0.12,J004813.3+131931,J004813+131931
12.169998,11.35077,0.1963,False,True,False,False,False,False,False,False,False,25.14,38.31,,,,,,,,,,,,,,,1612,53149,181,131.0,,2,,,J004840+112102
12.218523,13.72161,0.1744,False,False,False,False,False,False,True,False,False,25.19,29.74,,,,,,,,,,,,,,,1612,53149,586,193.8,,2,,,J004852+134317
12.3156,12.44528,0.09317,True,False,False,False,False,False,False,False,False,,,11.4,7.254918403392033,1.01,1.75,3.08,8.88055,8.54,-0.308,0.769,0.0,1.849,1.46,6.34,0.0,1613,53115,167,47.2,39.1,1,0.34,J004915.7+122643,J004915+122643
12.49787,11.67745,0.0828,False,True,False,True,False,False,False,False,False,25.39,69.12,11.87,8.985631973614913,1.09,2.08,3.11,9.16472,8.88,1.408,1.286,1.176,3.828,0.093,6.2,0.0,1615,53166,170,1480.0,,4,,,J004959+114038
11.319761,8.26107,0.0756,False,True,False,False,False,False,False,False,False,24.04,57.94,11.33,6.63646417167226,1.03,2.05,3.16,8.88795,8.57,-0.501,-0.342,0.477,1.005,0.99,6.1,0.0,1617,53112,450,80.0,13.9,4,0.89,J004516.7+081539,J004516+081539
11.498482,6.88675,0.1162,False,True,False,False,False,False,True,False,False,24.19,120.67,,,,,,,,,,,,,,,1618,53116,159,46.0,,4,,,J004559+065312
11.5267,7.88211,0.1806,False,False,True,False,False,False,False,False,False,24.74,40.31,,,,,,,,,,,,,,,1618,53116,616,63.8,14.1,2,1.21,J004606.4+075255,J004606+075255
11.590258,6.91149,0.1585,False,False,True,False,False,False,False,False,False,25.21,25.61,,,,,,,,,,,,,,,1619,53084,233,245.9,,2,,,J004621+065441
11.69055,8.03792,0.2282,False,True,False,False,False,False,False,False,False,25.26,84.83,,,,,,,,,,,,,,,1620,53137,384,126.0,11.6,4,0.76,J004645.7+080216,J004645+080216
11.774638,6.88485,0.233,False,False,True,False,False,False,False,False,False,24.87,11.08,,,,,,,,,,,,,,,1621,53383,146,48.3,,2,,,J004705+065305
11.727734,7.49989,0.0964,False,True,False,False,False,False,True,False,False,24.51,112.7,11.25,5.677390360495966,1.01,1.97,3.33,8.94352,8.36,1.528,-0.296,1.23,3.01,-0.961,6.17,0.0,1621,53383,398,143.0,,4,,,J004654+072959
11.853872,6.68333,0.08067,True,False,False,False,False,False,False,False,False,,,11.39,9.143106595498804,1.05,2.01,2.74,8.66963,8.48,0.553,0.897,0.0,2.765,0.695,5.87,0.0,1622,53385,299,100.5,99.8,1,0.42,J004724.9+064059,J004724+064059
11.897809,8.13632,0.2906,False,False,True,False,False,False,False,False,False,25.09,73.58,,,,,,,,,,,,,,,1622,53385,484,50.0,,4,,,J004735+080810
12.021721,6.31648,0.135,False,True,False,False,False,False,True,False,False,24.35,52.11,,,,,,,,,,,,,,,1623,53089,250,48.1,,2,,,J004805+061859
12.195324,8.01896,0.2481,False,True,False,False,False,False,False,False,False,25.17,33.63,,,,,,,,,,,,,,,1624,53386,390,85.0,,2,,,J004846+080108
12.293453,7.84835,0.4318,False,False,False,False,False,False,True,False,False,25.44,15.66,,,,,,,,,,,,,,,1624,53386,625,45.0,,2,,,J004910+075054
12.352188,7.89181,0.1327,False,False,True,False,False,False,True,False,False,24.44,115.27,,,,,,,,,,,,,,,1626,53472,397,62.0,3.2,4,0.27,J004924.5+075330,J004924+075330
12.590159,6.6244,0.08289,True,False,False,False,False,False,False,False,False,,,11.4,7.436409919378615,0.98,1.99,3.32,8.85909,8.63,0.609,-0.919,0.699,1.744,-0.433,6.31,0.0,1627,53473,3,163.2,153.8,1,0.2,J005021.6+063727,J005021+063727
14.384269,35.37938,0.1886,False,False,True,False,False,False,True,False,False,25.09,87.72,,,,,,,,,,,,,,,1644,53144,170,128.0,8.8,4,0.14,J005732.2+352245,J005732+352245
14.647057,34.26502,0.3407,False,False,True,False,False,False,False,False,False,26.1,10.29,,,,,,,,,,,,,,,1645,53172,18,354.8,,2,,,J005835+341554
14.679146,35.23405,0.158,False,False,True,False,False,False,False,False,False,24.59,11.47,,,,,,,,,,,,,,,1645,53172,628,59.1,,2,,,J005842+351402
14.830251,33.85745,0.088,False,False,True,False,False,False,True,False,False,24.34,61.0,11.03,4.752526290309608,1.0,1.83,3.55,8.87797,8.32,0.831,-1.412,0.602,1.67,-0.941,6.08,0.0,1646,53498,79,116.0,,4,,,J005919+335126
14.932857,32.62572,0.0842,False,False,True,False,False,False,False,False,False,24.22,24.53,,,,,,,,,,,,,,,1647,53531,96,96.2,,2,,,J005943+323732
14.884129,33.14512,0.2481,False,False,True,False,False,False,False,True,False,25.89,303.03,,,,,,,,,,,,,,,1647,53531,162,445.0,1.8,4,0.07,J005932.1+330842,J005932+330842
14.792014,33.10174,0.0875,False,False,False,False,False,False,True,False,False,24.13,8.32,,,,,,,,,,,,,,,1647,53531,311,73.0,,2,,,J005910+330606
15.074277,33.26301,0.3672,False,False,True,False,False,False,True,False,False,25.24,107.46,,,,,,,,,,,,,,,1648,53171,524,41.0,10.7,4,0.64,J010017.8+331546,J010017+331546
15.295824,31.0044,0.1359,False,True,False,False,False,False,False,False,False,24.36,48.58,,,,,,,,,,,,,,,1649,53149,120,49.0,8.6,2,0.62,J010110.9+310015,J010110+310015
15.201548,30.83986,0.0896,False,False,True,False,False,False,True,False,False,24.32,232.17,11.77,9.08142408294285,1.14,1.9,2.79,9.05551,8.5,-0.321,-0.992,0.477,0.795,0.431,6.22,0.0,1649,53149,228,106.0,5.4,4,0.18,J010048.3+305023,J010048+305023
15.143686,31.43862,0.4883,False,False,True,False,False,False,True,False,False,25.62,70.12,,,,,,,,,,,,,,,1649,53149,345,51.6,,4,,,J010034+312619
15.418258,29.67012,0.1114,False,False,True,False,False,False,True,False,False,24.41,118.12,,,,,,,,,,,,,,,1650,53174,96,83.0,4.7,4,0.31,J010140.3+294012,J010140+294012
15.376122,31.15296,0.2379,False,True,False,False,False,False,False,False,False,24.88,25.94,,,,,,,,,,,,,,,1650,53174,453,48.0,,2,,,J010130+310910
15.502854,29.00839,0.0842,False,False,True,False,False,False,True,False,False,24.64,192.47,,,,,,,,,,,,,,,1652,53555,187,253.5,4.0,4,0.35,J010200.6+290030,J010200+290030
15.533953,30.2747,0.06533,True,False,False,False,False,False,False,False,False,,,11.07,3.0596985424341194,0.84,1.41,3.48,9.30046,7.95,0.311,-0.847,0.301,1.497,-0.1,6.01,0.0,1652,53555,447,52.5,61.2,1,0.14,J010208.1+301628,J010208+301628
15.579421,29.33697,0.1997,False,True,False,False,False,False,False,False,False,24.95,98.11,,,,,,,,,,,,,,,1652,53555,550,82.0,6.3,2,3.5,J010219.0+292013,J010219+292013
15.737083,28.64542,0.3551,False,True,False,False,False,False,True,False,False,25.39,24.64,,,,,,,,,,,,,,,1653,53534,617,63.0,,2,,,J010256+283843
15.855257,27.35829,0.2475,False,True,False,False,False,False,False,False,False,24.97,54.29,,,,,,,,,,,,,,,1654,53498,432,54.0,4.8,2,1.25,J010325.2+272129,J010325+272129
15.88665,27.55573,0.1474,False,True,False,False,False,False,False,False,False,24.81,35.2,,,,,,,,,,,,,,,1654,53498,616,115.0,10.3,2,0.34,J010332.7+273320,J010332+273320
15.99767,25.94064,0.04466,True,False,False,False,False,False,False,False,False,,,11.1,3.653823626065911,1.08,1.89,3.18,9.17633,8.53,-0.822,-1.78,0.0,-0.159,0.452,5.72,0.0,1655,53523,119,144.7,29.2,1,0.4,J010359.4+255626,J010359+255626
15.981295,26.4386,0.0873,False,False,True,False,False,False,True,False,False,23.98,154.79,11.7,9.183432591404934,1.05,1.98,2.98,8.97581,8.73,0.653,-1.054,0.477,1.708,-0.556,6.11,0.0,1655,53523,469,52.0,3.2,4,0.18,J010355.5+262618,J010355+262618
13.727181,49.77399,0.2709,False,False,False,False,False,False,False,False,False,25.29,31.14,,,,,,,,,,,,,,,1669,53433,134,91.3,,2,,,J005454+494626
14.212179,49.86848,0.0774,False,True,False,False,False,False,False,False,False,24.16,38.67,11.52,5.930694774175922,1.03,2.04,3.23,9.17561,8.85,1.096,-2.187,0.699,1.47,-1.658,6.14,0.0,1671,53446,603,101.4,42.7,2,1.74,J005650.9+495206,J005650+495206
14.224834,48.74031,0.1835,False,True,False,True,False,False,False,False,False,24.75,35.34,,,,,,,,,,,,,,,1672,53460,394,63.0,,2,,,J005653+484425
14.783459,46.04544,0.1278,False,True,False,False,False,False,False,False,False,24.85,109.9,,,,,,,,,,,,,,,1675,53466,161,172.0,,4,,,J005908+460243
14.889406,46.91169,0.1311,False,False,True,False,False,False,False,False,False,24.77,10.05,,,,,,,,,,,,,,,1675,53466,619,135.3,,2,,,J005933+465442
15.157712,44.75211,0.4886,False,False,True,False,False,False,False,False,False,26.34,23.06,,,,,,,,,,,,,,,1677,53148,407,272.0,,2,,,J010037+444507
15.248356,42.01315,0.1349,False,False,True,False,False,False,True,False,False,24.92,68.81,,,,,,,,,,,,,,,1678,53433,310,177.0,5.5,4,0.5,J010059.6+420047,J010059+420047
15.533595,40.8951,0.2721,False,True,False,False,False,False,False,False,False,25.34,51.38,,,,,,,,,,,,,,,1679,53149,187,102.0,16.9,2,0.26,J010208.0+405342,J010208+405342
15.91028,37.73501,0.3956,False,False,True,False,False,False,True,False,False,25.65,19.16,,,,,,,,,,,,,,,1681,53172,200,90.3,17.8,2,0.47,J010338.4+374406,J010338+374406
16.156446,35.37791,0.0691,False,True,False,False,False,False,False,False,False,24.8,84.59,11.34,6.088747171094202,1.07,2.07,3.26,8.97276,8.5,-0.214,0.336,0.477,1.686,1.112,5.96,0.0,1682,53173,12,552.8,,4,,,J010437+352240
15.961777,35.50827,0.1589,False,True,False,False,False,False,True,False,False,25.33,25.21,,,,,,,,,,,,,,,1682,53173,304,327.0,,2,,,J010350+353029
16.388557,33.50518,0.3609,False,False,True,False,False,False,False,False,False,25.32,15.59,,,,,,,,,,,,,,,1684,53239,596,51.5,,2,,,J010533+333018
16.490204,31.63897,0.1971,False,False,False,False,False,False,True,False,False,24.76,81.46,,,,,,,,,,,,,,,1685,53463,404,55.0,3.6,4,0.32,J010557.6+313820,J010557+313820
17.052018,24.62987,0.5177,False,False,True,False,False,False,False,False,False,26.52,22.93,,,,,,,,,,,,,,,1687,53260,500,358.7,,2,,,J010812+243747
17.091482,22.26877,0.0496,False,True,False,False,False,False,False,False,False,24.39,83.95,,,,,,,,,,,,,,,1688,53462,203,424.0,62.4,4,0.24,J010821.9+221607,J010821+221607
16.823339,26.58405,0.0545,False,True,False,False,False,False,True,False,False,24.01,68.49,11.39,5.883007033982317,1.14,1.92,2.76,9.05262,8.32,0.671,0.494,0.477,2.641,0.343,5.94,0.0,1690,53475,90,146.0,8.6,2,0.61,J010717.6+263502,J010717+263502
16.757688,27.33496,0.1018,False,True,False,False,False,False,True,False,False,24.46,92.43,,,,,,,,,,,,,,,1690,53475,164,114.0,,4,,,J010701+272005
16.845806,26.33219,0.1185,False,False,False,False,False,False,True,False,False,24.17,73.9,,,,,,,,,,,,,,,1691,53260,217,42.0,,3,,,J010722+261955
16.815934,26.07809,0.1373,False,False,True,False,False,False,False,False,False,24.82,20.84,,,,,,,,,,,,,,,1692,53473,314,137.7,,2,,,J010715+260441
16.963408,27.42257,0.1658,False,True,False,False,False,False,False,False,False,24.83,105.56,,,,,,,,,,,,,,,1692,53473,570,93.8,7.8,4,0.77,J010751.2+272521,J010751+272521
12.956078,12.47239,0.2076,False,False,True,False,False,False,False,False,False,25.76,63.89,,,,,,,,,,,,,,,1695,53473,492,482.0,55.6,4,2.91,J005149.4+122820,J005149+122820
13.105346,11.22771,0.0857,False,True,False,False,False,False,False,False,False,24.76,39.54,11.49,8.54731265252623,0.95,1.72,3.04,8.82816,8.64,-0.181,-1.076,0.477,0.882,0.245,6.32,0.0,1696,53116,88,321.0,117.9,2,0.37,J005225.2+111339,J005225+111339
13.702723,10.70723,0.2131,False,True,False,False,False,False,True,False,False,24.89,80.07,,,,,,,,,,,,,,,1700,53502,16,62.6,1.4,4,0.46,J005448.6+104226,J005448+104226
13.891661,11.64166,0.3522,False,True,False,False,False,False,False,False,False,25.37,147.66,,,,,,,,,,,,,,,1702,53144,400,60.9,26.6,4,1.74,J005533.9+113829,J005533+113829
13.934607,12.13298,0.3492,False,True,False,False,False,False,False,False,False,25.34,37.35,,,,,,,,,,,,,,,1702,53144,484,58.0,,2,,,J005544+120758
14.095316,13.96988,0.2976,False,False,True,False,False,False,False,False,False,25.18,8.38,,,,,,,,,,,,,,,1704,53178,463,57.2,,2,,,J005622+135811
14.208824,14.01141,0.1398,False,False,True,False,False,False,True,False,False,24.37,39.17,,,,,,,,,,,,,,,1706,53442,363,46.9,1.7,2,0.51,J005650.1+140041,J005650+140041
14.303741,9.87736,0.3441,False,True,False,False,False,False,True,False,False,26.05,118.8,,,,,,,,,,,,,,,1707,53885,313,307.0,143.4,4,2.4,J005712.8+095238,J005712+095238
14.469542,12.61994,0.07917,True,False,False,False,False,False,False,False,False,,,11.41,5.877780556567609,1.04,1.92,3.35,9.07339,8.56,-0.234,-1.838,0.778,0.379,-0.155,6.24,0.0,1708,53503,107,45.7,48.2,1,0.43,J005752.6+123711,J005752+123711
14.757606,9.53842,0.0945,False,False,True,False,False,False,True,False,False,24.44,284.31,11.1,3.506463636675192,1.0,1.91,3.05,9.21208,8.2,-0.949,-1.775,0.0,-0.28,0.579,6.24,0.0,1711,53535,13,125.6,6.4,4,0.41,J005901.8+093218,J005901+093218
14.711592,9.32935,0.17,False,False,True,False,False,False,True,False,False,24.57,33.31,,,,,,,,,,,,,,,1711,53535,100,49.0,4.3,2,1.8,J005850.7+091945,J005850+091945
14.635441,9.43657,0.3312,False,True,False,False,False,False,False,False,False,25.25,29.49,,,,,,,,,,,,,,,1711,53535,297,54.0,,2,,,J005832+092611
14.67244,11.41864,0.3109,False,True,False,False,False,False,False,False,False,25.57,38.11,,,,,,,,,,,,,,,1712,53531,297,130.0,4.9,2,1.14,J005841.3+112507,J005841+112507
14.847055,10.11364,0.05453,True,False,False,False,False,False,False,False,False,,,10.44,0.9540011406457812,1.12,1.91,2.11,9.68272,8.26,-0.166,-1.803,-99.0,0.467,-0.201,6.32,0.0,1713,53827,517,54.0,47.6,1,0.21,J005923.2+100649,J005923+100649
14.826165,11.29771,0.1949,False,True,False,False,False,False,False,False,False,24.97,71.59,,,,,,,,,,,,,,,1714,53521,219,91.0,7.9,4,0.11,J005918.2+111751,J005918+111751
15.020617,9.99025,0.3384,False,True,False,False,False,False,False,False,False,25.21,46.22,,,,,,,,,,,,,,,1715,54212,594,46.0,,2,,,J010004+095924
14.964658,11.30264,0.1225,False,False,True,False,False,False,False,False,False,24.6,42.94,,,,,,,,,,,,,,,1716,53827,258,105.2,2.0,2,1.24,J005951.5+111809,J005951+111809
14.932019,11.86153,0.0317,False,True,False,False,False,False,False,False,False,23.94,320.14,,,,,,,,,,,,,,,1716,53827,371,382.0,,4,,,J005943+115141
14.995083,11.70303,0.2484,False,False,True,False,False,False,False,False,False,24.85,9.49,,,,,,,,,,,,,,,1716,53827,446,40.4,,2,,,J005958+114210
15.122745,10.31249,0.07799,True,False,False,False,False,False,False,False,False,,,11.43,3.688144629037053,0.96,1.64,2.9,9.4982,8.15,0.29,-2.929,0.0,0.245,-1.311,6.59,0.0,1717,53883,572,403.4,407.8,1,0.21,J010029.4+101844,J010029+101844
15.18677,10.02232,0.4161,False,False,True,False,False,False,True,False,False,25.44,41.29,,,,,,,,,,,,,,,1718,53850,66,49.0,,2,,,J010044+100120
15.247044,10.28423,0.0572,False,True,False,False,False,False,False,False,False,24.61,89.94,11.42,6.112193786820419,1.03,1.99,3.3,9.04943,8.68,-0.677,-0.929,0.0,0.485,0.814,5.91,0.0,1719,53876,446,525.0,51.6,4,1.09,J010059.2+101703,J010059+101703
15.535941,8.43224,0.1273,False,False,True,False,False,False,True,False,False,24.23,9.61,,,,,,,,,,,,,,,1723,53905,472,41.0,,2,,,J010208+082556
15.605868,8.68672,0.1263,False,True,False,False,False,False,False,False,False,24.44,92.82,,,,,,,,,,,,,,,1723,53905,612,68.1,4.5,2,0.48,J010225.4+084112,J010225+084112
15.637108,7.95388,0.3566,False,False,False,False,False,False,True,False,False,25.32,29.53,,,,,,,,,,,,,,,1724,53859,275,53.5,19.0,2,1.01,J010232.9+075713,J010232+075713
15.776606,8.74018,0.1849,False,True,False,False,False,False,True,False,False,24.58,48.41,,,,,,,,,,,,,,,1724,53859,612,41.0,,2,,,J010306+084424
15.81653,8.90991,0.0683,False,True,False,False,False,False,False,False,False,24.63,107.95,11.37,5.053563471657644,1.03,1.87,3.19,9.16462,8.74,0.906,-0.46,0.0,2.306,-0.451,6.13,0.0,1726,53137,237,388.2,40.7,4,0.5,J010315.9+085435,J010315+085435
15.835997,8.14411,0.232,False,False,True,False,False,False,False,False,False,25.03,29.19,,,,,,,,,,,,,,,1726,53137,254,71.0,4.7,2,1.04,J010320.6+080838,J010320+080838
15.822621,9.88549,0.2009,False,False,True,False,False,False,False,False,False,25.37,123.69,,,,,,,,,,,,,,,1726,53137,370,215.0,2.9,4,0.37,J010317.4+095307,J010317+095307
15.84325,7.51846,0.3544,False,True,False,False,False,False,True,False,False,25.36,56.77,,,,,,,,,,,,,,,1727,53859,478,59.0,,2,,,J010322+073106
16.007717,8.62862,0.2269,False,False,True,False,False,False,False,False,False,26.13,167.65,,,,,,,,,,,,,,,1728,53228,451,943.0,,4,,,J010401+083743
16.024933,8.6474,0.1876,False,True,False,False,False,False,False,False,False,24.85,20.49,,,,,,,,,,,,,,,1728,53228,470,75.0,,2,,,J010405+083850
16.128509,7.48162,0.2242,False,False,True,False,False,False,False,False,False,25.31,67.62,,,,,,,,,,,,,,,1730,53498,221,146.0,1.8,4,1.83,J010430.8+072853,J010430+072853
16.231652,8.05986,0.3083,False,False,True,False,False,False,False,False,False,25.55,8.85,,,,,,,,,,,,,,,1730,53498,541,125.1,,2,,,J010455+080335
16.287076,6.62482,0.1537,False,True,False,False,False,False,False,False,False,25.55,91.92,,,,,,,,,,,,,,,1731,53884,541,573.0,,4,,,J010508+063729
16.319579,6.70647,0.2099,False,False,False,False,False,False,True,False,False,25.15,77.15,,,,,,,,,,,,,,,1732,53501,130,117.7,,4,,,J010516+064223
7.5502075,39.41843,0.1681,False,False,True,False,False,False,False,False,False,24.89,7.48,,,,,,,,,,,,,,,1733,53047,623,104.3,,2,,,J003012+392506
7.6470871,41.98543,0.1795,False,True,False,True,False,False,False,False,False,24.87,54.8,,,,,,,,,,,,,,,1735,53035,109,86.0,,2,,,J003035+415907
7.5847941,41.97432,0.08732,True,False,False,False,False,False,False,False,False,,,10.57,1.388667761426611,1.0,1.95,2.29,9.48662,8.56,-0.289,1.84,0.477,2.502,2.074,6.15,0.0,1735,53035,224,67.6,31.6,1,0.73,J003020.3+415827,J003020+415827
7.6161387,43.4839,0.2731,False,True,False,False,False,False,False,False,False,25.25,57.94,,,,,,,,,,,,,,,1736,53052,285,82.0,4.4,2,0.86,J003027.8+432902,J003027+432902
7.8789439,45.94927,0.0517,False,True,False,False,False,False,True,False,False,24.56,116.54,11.26,4.334720490364236,1.01,1.6,3.3,9.1879,8.22,0.141,-2.265,0.0,0.493,-0.773,7.13,1.0,1737,53055,119,576.0,50.1,4,0.37,J003130.9+455657,J003130+455657
7.8052414,45.74614,0.185,False,True,False,False,False,False,False,False,False,25.11,228.03,,,,,,,,,,,,,,,1737,53055,197,141.0,2.7,4,0.38,J003113.2+454446,J003113+454446
9.0388702,9.83501,0.2938,False,True,False,False,False,False,False,False,False,25.04,57.11,,,,,,,,,,,,,,,1738,53051,519,42.9,2.5,2,1.37,J003609.3+095006,J003609+095006
9.2090139,9.61346,0.2353,False,False,True,False,False,False,False,False,False,25.31,10.16,,,,,,,,,,,,,,,1739,53050,51,130.2,,2,,,J003650+093648
9.3863932,10.51184,0.5195,False,False,True,False,False,False,False,False,False,25.67,9.85,,,,,,,,,,,,,,,1740,53050,145,50.0,,2,,,J003732+103042
9.4417521,10.98684,0.2472,False,True,False,True,False,False,True,False,False,25.48,43.32,,,,,,,,,,,,,,,1740,53050,551,176.0,,2,,,J003746+105912
9.6116669,11.23084,0.1195,False,False,True,False,False,False,True,False,False,24.24,51.06,,,,,,,,,,,,,,,1741,53052,120,48.3,6.3,2,1.24,J003826.8+111351,J003826+111351
9.6902791,12.57718,0.1756,False,False,True,False,False,False,False,False,False,24.68,82.63,,,,,,,,,,,,,,,1742,53053,366,58.4,6.2,4,1.36,J003845.6+123437,J003845+123437
9.7207184,12.15951,0.2429,False,False,True,False,False,False,True,False,False,24.85,109.3,,,,,,,,,,,,,,,1742,53053,498,42.0,4.3,4,0.83,J003852.9+120934,J003852+120934
10.044035,12.01815,0.2633,False,False,True,False,False,False,False,False,False,25.4,16.53,,,,,,,,,,,,,,,1744,53055,184,127.1,,2,,,J004010+120105
10.12035,12.78699,0.2481,False,False,True,False,False,False,True,False,False,25.05,16.75,,,,,,,,,,,,,,,1744,53055,590,64.2,,2,,,J004028+124713
10.137331,12.2072,0.1635,False,False,True,False,False,False,True,False,False,24.58,46.78,,,,,,,,,,,,,,,1745,53061,305,54.4,1.5,2,0.07,J004032.9+121225,J004032+121225
10.379172,12.91034,0.4042,False,False,False,False,False,False,True,False,False,25.57,9.03,,,,,,,,,,,,,,,1746,53062,154,71.3,,2,,,J004131+125437
10.325649,14.05052,0.1456,False,True,False,False,False,False,True,False,False,25.14,34.52,,,,,,,,,,,,,,,1746,53062,406,253.0,,2,,,J004118+140301
10.610599,14.0241,0.2007,False,True,False,False,False,False,False,False,False,24.86,20.15,,,,,,,,,,,,,,,1748,53112,469,66.0,,2,,,J004226+140126
10.665356,14.31518,0.3806,False,False,True,False,False,False,True,False,False,25.75,33.76,,,,,,,,,,,,,,,1748,53112,527,122.0,,2,,,J004239+141854
10.750411,12.96745,0.3056,False,True,False,True,False,False,False,False,False,25.15,28.41,,,,,,,,,,,,,,,1749,53357,253,51.0,,2,,,J004300+125802
10.742955,14.70113,0.1547,False,False,True,False,False,False,True,False,False,25.33,86.58,,,,,,,,,,,,,,,1749,53357,420,343.0,22.1,4,2.32,J004258.3+144204,J004258+144204
10.944122,14.32514,0.08127,True,False,False,False,False,False,False,False,False,,,10.76,5.3449864135261125,0.83,1.26,2.78,8.50593,8.17,-0.606,-0.611,-99.0,0.743,0.934,7.4,0.0,1750,53358,514,169.1,173.4,1,0.63,J004346.5+141930,J004346+141930
11.048319,12.98446,0.1405,False,False,True,False,False,False,True,False,False,24.62,165.99,,,,,,,,,,,,,,,1751,53377,281,82.0,5.4,4,0.66,J004411.5+125904,J004411+125904
11.11421,14.20346,0.0451,False,True,False,False,False,False,False,False,False,23.87,199.52,,,,,,,,,,,,,,,1751,53377,498,157.2,63.0,4,0.34,J004427.4+141212,J004427+141212
11.348208,14.31379,0.3416,False,False,True,False,False,False,True,False,False,25.55,54.89,,,,,,,,,,,,,,,1753,53383,224,99.3,,4,,,J004523+141849
11.532251,15.891,0.1854,False,False,False,False,False,False,True,False,False,24.92,170.83,,,,,,,,,,,,,,,1754,53385,526,89.4,13.9,4,0.37,J004607.7+155327,J004607+155327
11.550403,14.53447,0.08522,True,False,False,False,False,False,False,False,False,,,10.93,3.692251723717187,1.0,1.88,3.34,8.99724,8.26,1.471,-1.004,0.699,2.535,-1.324,6.06,0.0,1755,53386,276,157.3,22.2,1,0.45,J004612.0+143204,J004612+143204
8.6051839,9.15577,0.2242,False,False,True,False,False,False,False,False,False,25.1,26.89,,,,,,,,,,,,,,,1759,53081,339,90.5,17.7,2,0.92,J003425.2+090920,J003425+090920
8.8545115,8.45644,0.0635,False,True,False,False,False,False,False,False,False,24.18,77.89,11.27,5.182392756875619,1.06,1.97,3.16,9.04276,8.57,-0.279,0.899,0.477,1.954,1.508,6.11,0.0,1760,53086,2,159.0,,4,,,J003525+082723
8.8514648,8.85187,0.1271,False,True,False,False,False,False,False,False,False,24.28,86.31,,,,,,,,,,,,,,,1760,53086,102,47.0,10.7,4,0.79,J003524.3+085106,J003524+085106
11.756163,15.49535,0.0682,False,False,True,False,False,False,True,False,False,24.56,19.1,,,,,,,,,,,,,,,1761,53376,485,327.2,,2,,,J004701+152943
11.81963,15.32353,0.1155,False,True,False,False,False,False,True,False,False,24.47,172.04,,,,,,,,,,,,,,,1761,53376,582,89.0,13.6,4,1.25,J004716.7+151924,J004716+151924
12.053381,14.86486,0.2006,False,True,False,False,False,False,True,False,False,24.91,19.6,,,,,,,,,,,,,,,1763,53463,31,74.2,19.1,2,1.17,J004812.8+145153,J004812+145153
12.123677,14.35712,0.2319,False,True,False,False,False,False,False,False,False,25.05,24.64,,,,,,,,,,,,,,,1764,53467,106,74.4,37.8,2,1.8,J004829.6+142125,J004829+142125
12.189202,14.24424,0.0637,False,True,False,False,False,False,False,False,False,23.78,34.4,11.37,6.07826337741089,1.08,2.03,3.13,9.00426,8.4,-0.881,-0.891,0.301,0.309,1.036,6.16,0.0,1765,53466,137,62.0,29.7,2,0.11,J004845.4+141439,J004845+141439
12.136928,14.8235,0.3174,False,False,True,False,False,False,True,False,False,25.3,7.71,,,,,,,,,,,,,,,1765,53466,394,66.0,,2,,,J004832+144924
12.184474,15.78204,0.2683,False,False,True,False,False,False,True,False,False,24.95,58.12,,,,,,,,,,,,,,,1765,53466,451,43.1,3.6,2,0.49,J004844.2+154655,J004844+154655
12.272211,15.90493,0.09303,True,False,False,False,False,False,False,False,False,,,11.37,7.902246450054374,0.97,1.81,3.11,8.77632,8.21,0.012,-0.883,0.0,1.185,0.17,6.11,0.0,1766,53468,406,77.2,68.0,1,1.2,J004905.3+155417,J004905+155417
12.40372,16.1002,0.2338,False,True,False,False,False,False,True,False,False,25.13,71.64,,,,,,,,,,,,,,,1767,53436,454,87.0,4.2,4,0.56,J004936.8+160600,J004936+160600
12.736422,14.4825,0.272,False,False,True,False,False,False,False,False,False,25.24,8.8,,,,,,,,,,,,,,,1769,53502,27,81.8,,2,,,J005056+142857
12.697272,16.00544,0.2437,False,False,True,False,False,False,True,False,False,24.93,23.44,,,,,,,,,,,,,,,1769,53502,529,50.3,,2,,,J005047+160019
13.772353,13.08381,0.08107,True,False,False,False,False,False,False,False,False,,,11.4,5.974934451156699,1.05,1.91,3.1,9.04915,8.3,-0.966,-2.442,0.602,-0.691,0.201,6.76,0.0,1776,53858,1,47.7,48.6,1,0.36,J005505.3+130501,J005505+130501
8.239358,52.4028,0.2467,False,True,False,False,False,False,False,False,False,24.93,96.29,,,,,,,,,,,,,,,1781,53297,144,49.2,2.6,4,0.71,J003257.4+522410,J003257+522410
8.2287832,52.96061,0.1381,False,False,True,False,False,False,False,False,False,24.98,28.95,,,,,,,,,,,,,,,1781,53297,515,194.6,66.4,2,2.45,J003254.9+525738,J003254+525738
8.3878428,53.95321,0.1689,False,True,False,False,False,True,False,False,False,24.82,45.86,,,,,,,,,,,,,,,1782,53299,213,87.0,7.6,2,1.25,J003333.0+535711,J003333+535711
8.3010747,54.61903,0.1174,False,True,False,False,False,False,False,False,False,25.24,128.06,,,,,,,,,,,,,,,1782,53299,395,507.0,12.6,4,1.16,J003312.2+543708,J003312+543708
8.569751,58.05595,0.09336,True,False,False,False,False,False,False,False,False,,,11.58,11.396594942241212,1.12,2.11,2.54,8.66827,8.37,-0.015,0.088,0.699,1.733,0.771,6.08,0.0,1784,54425,382,57.3,53.0,1,0.04,J003416.7+580321,J003416+580321
8.8009288,58.1634,0.2216,False,False,True,False,False,False,False,False,False,24.88,19.87,,,,,,,,,,,,,,,1784,54425,584,55.2,6.2,2,0.6,J003512.2+580948,J003512+580948
8.9633341,59.49031,0.2021,False,True,False,False,False,False,False,False,False,25.2,39.22,,,,,,,,,,,,,,,1785,54439,120,141.0,,2,,,J003551+592925
8.7542664,59.4798,0.2716,False,True,False,False,False,False,True,False,False,24.96,59.82,,,,,,,,,,,,,,,1785,54439,303,42.8,4.4,4,0.77,J003501.0+592847,J003501+592847
9.709255,63.40165,0.3582,False,False,True,False,False,False,True,False,False,25.46,19.38,,,,,,,,,,,,,,,1788,54468,91,73.2,27.3,2,1.4,J003850.2+632405,J003850+632405
9.7440379,64.19578,0.135,False,False,True,False,False,False,False,False,False,24.72,63.72,,,,,,,,,,,,,,,1788,54468,160,112.0,,4,,,J003858+641144
12.823813,9.53583,0.228,False,True,False,False,False,False,True,False,False,24.9,36.56,,,,,,,,,,,,,,,1789,54259,21,55.0,,2,,,J005117+093208
12.703496,9.49077,0.08233,True,False,False,False,False,False,False,False,False,,,11.15,8.351834938376927,0.98,1.97,3.23,8.50826,8.31,-0.225,-0.637,0.778,1.099,0.547,5.83,0.0,1789,54259,269,44.4,18.7,1,0.57,J005048.8+092926,J005048+092926
12.702575,9.47939,0.08328,True,False,False,False,False,False,False,False,False,,,11.29,4.27408624700645,1.03,1.98,2.98,9.23013,8.36,-0.282,-0.547,0.778,1.096,0.655,6.38,0.0,1789,54259,279,102.3,101.1,1,0.36,J005048.6+092845,J005048+092845
12.714178,11.01775,0.5032,False,False,True,False,False,False,False,False,False,26.22,9.98,,,,,,,,,,,,,,,1789,54259,402,191.8,,2,,,J005051+110103
12.946962,9.50179,0.3016,False,False,True,False,False,False,True,False,False,25.39,13.29,,,,,,,,,,,,,,,1791,54266,79,90.4,,2,,,J005147+093006
12.95672,6.52082,0.175,False,False,True,False,False,False,False,False,False,24.9,75.93,,,,,,,,,,,,,,,1794,54504,282,97.0,,4,,,J005149+063114
13.127929,6.21172,0.1391,False,False,True,False,False,False,False,False,False,24.42,20.46,,,,,,,,,,,,,,,1795,54507,254,52.4,8.5,2,1.12,J005230.7+061242,J005230+061242
13.270431,9.54353,0.0937,False,True,False,False,False,False,False,False,False,23.96,81.02,11.36,6.247041588449042,1.0,1.95,3.43,8.97047,8.8,0.541,-0.389,0.0,1.992,-0.053,6.21,0.0,1796,53884,37,42.0,15.8,2,0.25,J005304.9+093236,J005304+093236
13.151241,10.49314,0.0866,False,True,False,True,False,False,False,False,False,24.98,132.11,11.51,7.784594584140223,1.04,2.02,3.36,8.92935,9.1,0.792,0.666,0.699,2.861,0.326,6.15,0.0,1796,53884,493,526.0,,4,,,J005236+102935
13.249844,6.27201,0.2621,False,False,True,False,False,False,False,False,False,25.0,31.29,,,,,,,,,,,,,,,1797,54507,241,50.6,13.0,2,0.91,J005259.9+061619,J005259+061619
13.252736,8.68148,0.0926,False,False,True,False,False,False,False,False,False,25.26,216.51,10.88,4.563313460466405,0.94,1.82,3.28,8.76326,8.29,-0.144,-1.547,0.602,0.639,-0.071,6.8,1.0,1798,53851,296,869.0,,4,,,J005300+084053
13.390554,8.412,0.2335,False,True,False,False,False,False,True,False,False,25.29,23.3,,,,,,,,,,,,,,,1799,53556,365,126.9,35.9,2,1.31,J005333.7+082443,J005333+082443
13.421949,8.13237,0.1477,False,True,False,False,False,False,True,False,False,24.79,81.83,,,,,,,,,,,,,,,1799,53556,450,108.0,,4,,,J005341+080756
13.440215,7.77428,0.2289,False,True,False,False,False,False,True,False,False,25.18,90.59,,,,,,,,,,,,,,,1799,53556,541,103.6,18.0,4,0.52,J005345.6+074627,J005345+074627
13.436368,9.55052,0.2483,False,False,True,False,False,False,True,False,False,25.28,13.94,,,,,,,,,,,,,,,1800,53884,175,108.7,,2,,,J005344+093301
13.750841,9.79,0.1303,False,False,True,False,False,False,False,False,False,24.5,89.12,,,,,,,,,,,,,,,1804,53886,467,73.0,1.4,4,0.63,J005500.2+094724,J005500+094724
13.853005,7.47946,0.1501,False,False,True,False,False,False,False,False,False,25.23,75.75,,,,,,,,,,,,,,,1805,53875,413,290.0,4.0,4,0.21,J005524.7+072846,J005524+072846
13.94725,7.15899,0.2139,False,True,False,False,False,False,True,False,False,24.81,22.06,,,,,,,,,,,,,,,1805,53875,586,51.4,38.3,2,2.18,J005547.3+070932,J005547+070932
13.856822,8.87123,0.1362,False,True,False,False,False,False,True,False,False,24.62,88.41,,,,,,,,,,,,,,,1806,53559,221,88.0,,4,,,J005525+085216
13.874555,9.59334,0.1473,False,True,False,False,False,False,True,False,False,25.13,238.87,,,,,,,,,,,,,,,1806,53559,498,239.0,39.9,4,0.12,J005529.8+093536,J005529+093536
14.108796,9.60578,0.1463,False,True,False,False,False,False,False,False,False,24.41,37.98,,,,,,,,,,,,,,,1809,53792,483,46.6,8.6,2,0.54,J005626.1+093620,J005626+093620
14.233394,9.25071,0.1597,False,False,True,False,False,False,False,False,False,25.81,32.8,,,,,,,,,,,,,,,1810,53794,468,968.9,,2,,,J005656+091502
14.329971,8.23984,0.3218,False,False,True,False,False,False,False,False,False,25.93,127.93,,,,,,,,,,,,,,,1811,53533,188,274.0,,4,,,J005719+081423
14.29202,8.2084,0.0568,False,True,False,False,False,False,False,False,False,24.4,184.78,11.25,5.473488182049655,1.0,2.04,3.28,8.97529,8.43,1.113,-0.365,0.699,2.564,-0.597,6.0,0.0,1811,53533,280,328.0,,4,,,J005710+081230
14.612177,8.12455,0.0505,False,True,False,False,False,False,True,False,False,24.05,205.73,11.2,7.146978142120512,1.1,1.88,2.4,8.69358,8.28,0.05,-2.33,0.0,0.365,-0.723,6.71,1.0,1812,53795,37,187.4,2.7,4,0.2,J005826.9+080728,J005826+080728
14.736072,8.23262,0.3442,False,False,True,False,False,False,True,False,False,25.16,36.87,,,,,,,,,,,,,,,1813,53903,68,40.1,,2,,,J005856+081357
15.19205,7.25197,0.0448,False,True,False,False,False,False,False,False,False,23.97,482.93,,,,,,,,,,,,,,,1816,53919,70,199.0,83.0,2,0.11,J010046.0+071507,J010046+071507
15.065753,8.32707,0.0918,False,True,False,False,False,False,False,False,False,24.39,59.64,10.87,2.493462887656185,0.97,1.97,2.94,9.27821,8.11,0.929,0.577,0.699,2.941,0.14,6.05,0.0,1816,53919,329,120.3,3.0,2,0.42,J010015.7+081937,J010015+081937
15.183341,7.86395,0.4594,False,False,True,False,False,False,False,False,False,27.4,129.67,,,,,,,,,,,,,,,1817,53851,379,3629.0,,4,,,J010044+075150
15.396703,5.57882,0.1761,False,False,True,False,False,False,False,False,False,25.07,87.31,,,,,,,,,,,,,,,1819,54540,284,143.0,,4,,,J010135+053443
15.448729,7.48642,0.1897,False,True,False,False,False,False,False,False,False,24.63,38.11,,,,,,,,,,,,,,,1819,54540,376,44.0,,2,,,J010147+072911
15.895645,4.70947,0.4721,False,False,True,False,False,False,False,False,False,25.87,51.66,,,,,,,,,,,,,,,1822,53172,264,98.9,0.9,4,0.15,J010334.9+044234,J010334+044234
15.864683,5.53322,0.2504,False,True,False,False,False,False,True,False,False,25.15,18.05,,,,,,,,,,,,,,,1822,53172,312,80.0,,2,,,J010327+053159
16.182532,3.36744,0.1193,False,False,True,False,False,False,True,False,False,24.59,27.59,,,,,,,,,,,,,,,1823,53886,46,109.1,34.6,2,1.53,J010443.8+032202,J010443+032202
16.213182,5.33301,0.1469,False,True,False,False,False,False,False,False,False,24.7,58.51,,,,,,,,,,,,,,,1823,53886,551,89.5,16.9,2,1.26,J010451.1+051958,J010451+051958
14.053692,6.16896,0.08283,True,False,False,False,False,False,False,False,False,,,11.42,4.471401004997588,1.0,1.87,3.23,9.32093,9.06,0.255,-0.195,0.477,1.828,0.341,6.53,0.0,1824,53491,314,256.6,125.0,1,0.93,J005612.8+061008,J005612+061008
14.288596,6.13675,0.1097,False,True,False,False,False,False,True,False,False,24.73,105.77,,,,,,,,,,,,,,,1826,53499,276,178.0,,4,,,J005709+060812
14.344685,6.84987,0.2375,False,True,False,False,False,False,False,False,False,25.87,101.42,,,,,,,,,,,,,,,1826,53499,495,463.0,31.0,4,0.42,J005722.7+065059,J005722+065059
14.498716,7.25357,0.0551,False,True,False,False,False,False,False,False,False,25.18,683.38,,,,,,,,,,,,,,,1827,53531,523,2137.0,45.8,4,0.14,J005759.6+071512,J005759+071512
14.671662,5.94279,0.06111,True,False,False,False,False,False,False,False,False,,,11.28,4.90480841691546,0.97,1.72,3.36,9.10058,8.57,0.622,-1.391,1.041,1.478,-0.725,6.83,0.0,1828,53504,68,169.0,134.0,1,0.36,J005841.1+055634,J005841+055634
14.773939,6.56642,0.0625,False,True,False,False,False,False,False,False,False,23.77,51.49,10.86,4.781863537558275,1.02,1.95,2.93,8.70263,7.83,-1.024,-1.176,0.0,0.001,1.006,5.62,0.0,1829,53494,513,64.1,,2,,,J005905+063359
14.824073,6.84352,0.14,False,True,False,False,False,False,False,False,False,24.57,139.98,,,,,,,,,,,,,,,1829,53494,615,74.1,12.8,4,0.28,J005917.7+065036,J005917+065036
14.909785,5.61323,0.0814,False,True,False,False,False,False,False,False,False,23.85,51.38,11.21,6.641020629234803,1.01,1.89,3.24,8.76735,8.23,0.108,0.134,0.301,1.88,0.678,5.98,0.0,1830,54560,165,44.0,2.5,2,0.72,J005938.3+053647,J005938+053647
14.852469,4.95039,0.3061,False,False,True,False,False,False,True,False,False,25.39,41.23,,,,,,,,,,,,,,,1830,54560,243,87.2,,2,,,J005924+045701
15.283124,5.29764,0.0512,False,True,False,False,False,False,True,False,False,24.49,186.2,10.9,2.895223378721795,1.02,1.65,2.95,9.17846,8.2,0.419,-2.925,0.602,0.372,-1.435,7.19,1.0,1833,54561,571,501.0,5.8,4,0.13,J010107.9+051751,J010107+051751
15.312701,6.23225,0.1021,False,True,False,False,False,True,False,False,False,25.1,35.38,,,,,,,,,,,,,,,1833,54561,586,487.0,210.9,4,1.69,J010115.0+061356,J010115+061356
15.356262,4.34172,0.0522,False,True,False,False,False,False,False,False,False,24.46,220.27,,,,,,,,,,,,,,,1834,54562,83,452.0,155.4,4,0.52,J010125.5+042030,J010125+042030
15.29101,6.32574,0.1779,False,False,True,False,False,False,False,False,False,24.61,13.16,,,,,,,,,,,,,,,1834,54562,326,48.3,,2,,,J010109+061932
13.923945,35.42892,0.1079,False,True,False,False,False,False,False,False,False,24.19,42.15,,,,,,,,,,,,,,,1838,53467,345,53.0,31.8,2,2.88,J005541.7+352544,J005541+352544
14.30073,33.21323,0.4009,False,False,True,False,False,False,False,False,False,25.32,29.85,,,,,,,,,,,,,,,1840,53472,311,41.0,,2,,,J005712+331247
14.51763,33.76156,0.2384,False,False,True,False,False,False,True,False,False,24.81,191.87,,,,,,,,,,,,,,,1841,53491,418,40.8,3.6,4,0.52,J005804.2+334541,J005804+334541
15.215802,30.30453,0.1102,False,True,False,False,False,False,True,False,False,24.47,161.73,,,,,,,,,,,,,,,1845,54144,525,97.0,6.6,4,1.65,J010051.7+301816,J010051+301816
15.234493,30.14647,0.0932,False,False,True,False,False,False,False,False,False,24.23,16.81,,,,,,,,,,,,,,,1845,54144,579,79.0,,2,,,J010056+300847
15.390809,28.62571,0.0824,False,True,False,False,False,False,False,False,False,25.08,288.08,11.47,6.5926037522730425,1.03,1.93,3.16,9.03371,8.4,1.126,-1.342,0.477,1.998,-1.187,6.33,0.0,1846,54173,501,733.0,65.4,4,0.99,J010133.7+283732,J010133+283732
15.393542,28.64309,0.08405,True,False,False,False,False,False,False,False,False,,,11.46,7.530032865550915,1.01,1.81,3.11,8.90823,8.39,0.96,-0.223,0.477,2.499,-0.364,6.02,0.0,1846,54173,505,58.5,20.3,1,1.03,J010134.4+283835,J010134+283835
15.545762,28.06314,0.07299,True,False,False,False,False,False,False,False,False,,,10.71,2.138270245477756,1.0,1.97,2.99,9.25169,8.12,1.251,-1.664,0.602,1.929,-1.499,5.81,0.0,1848,54180,608,327.6,136.4,1,2.87,J010210.9+280347,J010210+280347
16.066891,23.66566,0.3347,False,True,False,False,False,False,True,False,False,25.2,39.16,,,,,,,,,,,,,,,1851,53524,105,47.0,1.8,2,1.22,J010416.0+233956,J010416+233956
16.152009,22.63074,0.2659,False,False,True,False,False,False,False,False,False,25.41,11.99,,,,,,,,,,,,,,,1852,53534,511,127.5,,2,,,J010436+223750
16.323698,20.43057,0.2297,False,True,False,False,False,False,False,False,False,25.12,103.76,,,,,,,,,,,,,,,1853,53566,85,90.0,3.3,4,0.23,J010517.6+202550,J010517+202550
7.5356455,43.9715,0.3636,False,True,False,False,False,False,True,False,False,25.24,32.75,,,,,,,,,,,,,,,1865,53312,594,42.0,,2,,,J003008+435817
7.5140742,44.93359,0.072,False,True,False,False,False,False,True,False,False,23.94,36.31,11.27,4.224404647858698,1.07,2.0,3.15,9.22029,8.48,-0.06,-0.691,0.699,1.227,0.354,6.08,0.0,1866,53314,166,70.2,26.7,2,1.36,J003003.3+445600,J003003+445600
7.4616455,44.56713,0.2788,False,False,True,False,False,False,False,False,False,25.2,11.26,,,,,,,,,,,,,,,1866,53314,287,70.4,,2,,,J002950+443401
7.9413325,50.28786,0.1336,False,False,True,False,False,False,True,False,False,24.88,74.77,,,,,,,,,,,,,,,1869,53327,61,165.0,9.6,4,0.15,J003145.9+501716,J003145+501716
7.9249858,52.08072,0.1399,False,False,True,False,False,False,False,False,False,24.7,23.82,,,,,,,,,,,,,,,1869,53327,550,99.4,,2,,,J003141+520450
8.0631327,53.80242,0.1398,False,False,True,False,False,False,False,False,False,24.66,8.89,,,,,,,,,,,,,,,1870,53383,569,90.3,45.3,2,2.4,J003215.1+534808,J003215+534808
8.2127614,57.79751,0.272,False,False,True,False,False,False,True,False,False,25.01,18.08,,,,,,,,,,,,,,,1872,53386,410,48.1,5.7,2,0.46,J003251.0+574751,J003251+574751
8.894575,61.55059,0.1677,False,True,False,False,False,False,True,False,False,24.59,92.61,,,,,,,,,,,,,,,1875,54453,61,52.3,1.6,4,1.24,J003534.6+613302,J003534+613302
7.7856542,17.29073,0.1876,False,True,False,False,False,False,False,False,False,25.01,107.21,,,,,,,,,,,,,,,1921,53317,354,108.0,44.8,4,2.63,J003108.5+171726,J003108+171726
8.1004211,19.10409,0.0979,False,True,False,False,False,False,True,False,False,24.58,38.08,11.4,4.776906154127631,1.02,1.61,3.04,9.24353,8.18,-1.767,0.224,0.0,0.105,2.559,7.37,1.0,1922,53315,10,163.0,113.3,2,1.03,J003224.1+190614,J003224+190614
8.0186666,17.9805,0.14,False,False,True,False,False,False,False,False,False,25.63,49.21,,,,,,,,,,,,,,,1923,53319,184,847.0,,4,,,J003204+175849
8.3152461,20.10583,0.0755,False,True,False,False,False,False,False,False,False,24.22,33.11,11.22,3.006415138250229,0.98,1.88,2.72,9.46572,8.15,-0.679,-1.855,0.0,-0.064,0.269,5.87,0.0,1925,53327,24,122.1,,2,,,J003315+200620
8.3150258,22.79579,0.0958,False,True,False,False,False,False,True,False,False,24.8,34.36,11.29,4.012831632561001,1.07,1.89,3.27,9.28492,8.53,0.61,-0.049,0.301,2.26,0.081,6.5,0.0,1926,53317,156,282.6,187.0,2,1.4,J003315.6+224744,J003315+224744
8.4426478,21.73036,0.2614,False,True,False,False,False,False,False,False,False,24.89,54.02,,,,,,,,,,,,,,,1927,53321,550,40.0,,2,,,J003346+214349
8.5680105,25.14459,0.2597,False,False,False,False,False,False,True,False,False,25.22,23.27,,,,,,,,,,,,,,,1928,53327,570,85.3,19.3,2,2.37,J003416.3+250840,J003416+250840
8.5274546,22.57306,0.0869,False,True,False,False,False,False,False,False,False,24.53,133.07,11.37,5.155470907110869,1.02,1.89,3.32,9.14728,8.85,-0.735,-0.821,0.477,0.492,0.935,6.28,0.0,1929,53349,184,185.3,92.8,4,0.52,J003406.5+223423,J003406+223423
8.5299555,22.65163,0.0864,False,True,False,False,False,False,False,False,False,24.21,123.31,11.52,6.378585242752295,1.04,1.97,3.27,9.11237,8.84,-0.569,-0.665,0.477,0.746,0.866,6.26,0.0,1929,53349,189,90.0,16.1,4,2.48,J003407.1+223905,J003407+223905
8.490686,22.74342,0.08729,True,False,False,False,False,False,False,False,False,,,11.29,5.307973739231332,1.01,2.0,3.19,9.04196,8.32,-0.284,-1.071,0.477,0.784,0.347,5.99,0.0,1929,53349,355,148.8,102.7,1,1.95,J003357.7+224436,J003357+224436
8.6475433,25.45397,0.4298,False,False,True,False,False,False,False,False,False,26.74,14.44,,,,,,,,,,,,,,,1930,53347,176,903.8,,2,,,J003435+252714
8.7683482,25.91487,0.2371,False,False,True,False,False,False,True,False,False,25.13,14.94,,,,,,,,,,,,,,,1932,53350,254,85.3,,2,,,J003504+255453
8.8691732,24.84644,0.2585,False,True,False,True,False,False,False,False,False,24.94,23.4,,,,,,,,,,,,,,,1933,53381,292,46.0,,2,,,J003528+245047
9.0618673,26.83891,0.08431,True,False,False,False,False,False,False,False,False,,,11.02,6.648670452494747,0.95,1.84,3.07,8.57635,7.92,-0.198,-0.564,0.602,1.168,0.564,6.8,0.0,1935,53387,221,80.8,80.0,1,0.07,J003614.8+265020,J003614+265020
9.0440491,26.73348,0.2269,False,True,False,False,False,False,True,False,False,24.91,24.38,,,,,,,,,,,,,,,1935,53387,270,56.9,,2,,,J003610+264400
9.4782064,28.00496,0.4978,False,False,True,False,False,False,False,False,False,26.02,11.74,,,,,,,,,,,,,,,1939,53389,85,123.5,,2,,,J003754+280017
9.4431875,29.57282,0.289,False,True,False,False,False,False,False,False,False,25.33,113.31,,,,,,,,,,,,,,,1939,53389,466,86.9,,4,,,J003746+293422
9.443515,26.46746,0.4161,False,False,True,False,False,False,False,False,False,25.42,8.68,,,,,,,,,,,,,,,1940,53383,131,47.6,,2,,,J003746+262802
9.6026052,33.21901,0.07615,True,False,False,False,False,False,False,False,False,,,11.39,5.614903696755391,1.08,1.92,3.29,9.09314,8.42,-1.369,-0.741,0.0,-0.078,1.601,6.82,0.0,1943,53386,399,58.0,55.1,1,0.21,J003824.6+331308,J003824+331308
9.9671326,28.85985,0.1336,False,True,False,False,False,False,False,False,False,24.51,38.43,,,,,,,,,,,,,,,1950,53436,268,71.0,,2,,,J003952+285135
9.9476624,28.52766,0.5307,False,False,True,False,False,False,False,False,False,25.88,10.38,,,,,,,,,,,,,,,1950,53436,310,77.8,,2,,,J003947+283139
10.100483,34.90292,0.0994,False,False,True,False,False,False,False,False,False,26.07,2390.99,11.54,9.93914224560632,1.0,1.66,2.84,8.74712,8.84,-1.016,-2.521,-99.0,-0.786,0.203,7.3,0.0,1951,53389,227,4847.0,3399.4,4,0.08,J004024.1+345410,J004024+345410
10.09993,35.73466,0.3971,False,True,False,False,False,False,False,False,False,25.45,46.52,,,,,,,,,,,,,,,1951,53389,422,56.0,,2,,,J004023+354404
10.115822,35.52158,0.2148,False,True,False,False,False,False,True,False,False,24.9,261.07,,,,,,,,,,,,,,,1951,53389,482,62.2,,4,,,J004027+353117
10.184816,34.24664,0.09292,True,False,False,False,False,False,False,False,False,,,10.41,2.52189855778518,1.0,1.85,2.68,8.80836,7.08,-0.221,-2.681,-99.0,-0.107,-0.666,5.78,0.0,1952,53378,551,76.6,72.1,1,3.24,J004044.3+341447,J004044+341447
10.204374,29.81742,0.4205,False,False,True,False,False,False,False,False,False,25.49,9.33,,,,,,,,,,,,,,,1953,53358,29,54.4,,2,,,J004049+294902
10.237996,34.44022,0.157,False,True,False,False,False,False,False,False,False,24.41,73.76,,,,,,,,,,,,,,,1955,53442,343,40.2,5.8,4,2.76,J004057.1+342624,J004057+342624
10.426008,35.96189,0.1191,False,True,False,False,False,False,False,False,False,24.27,34.39,,,,,,,,,,,,,,,1957,53415,123,52.0,,2,,,J004142+355742
10.381776,35.78081,0.09025,True,False,False,False,False,False,False,False,False,,,10.63,2.5747147820701746,0.98,1.81,3.06,9.01036,8.25,0.142,-0.413,0.301,1.59,0.321,6.3,0.0,1957,53415,165,52.6,48.7,1,0.89,J004131.6+354650,J004131+354650
10.378501,33.42904,0.2024,False,True,False,False,False,False,True,False,False,24.67,19.15,,,,,,,,,,,,,,,1958,53385,250,42.0,,2,,,J004130+332544
10.537743,31.8766,0.3342,False,True,False,True,False,False,False,False,False,25.36,18.55,,,,,,,,,,,,,,,1959,53440,564,67.0,,2,,,J004209+315235
10.674986,29.96604,0.09094,True,False,False,False,False,False,False,False,False,,,11.12,5.066085438287138,0.75,1.36,3.1,8.91247,8.38,-1.067,-1.966,0.0,-0.508,0.581,7.0,0.0,1969,53383,164,393.0,388.4,1,0.31,J004241.9+295757,J004241+295757
10.727837,30.8829,0.4356,False,False,True,False,False,False,False,False,False,25.94,20.41,,,,,,,,,,,,,,,1969,53383,575,141.6,,2,,,J004254+305258
12.545765,33.45404,0.4025,False,False,True,False,False,False,False,False,False,25.52,29.33,,,,,,,,,,,,,,,1971,53472,446,63.3,,2,,,J005010+332714
12.613959,33.25517,0.4242,False,True,False,False,False,False,True,False,False,25.5,47.32,,,,,,,,,,,,,,,1971,53472,607,54.1,,2,0.45,,J005027+331518
11.603624,40.04327,0.2904,False,False,True,False,False,False,False,False,False,25.47,10.0,,,,,,,,,,,,,,,1972,53466,460,118.2,,2,,,J004624+400235
10.510044,35.91662,0.1235,False,True,False,False,False,False,False,False,False,24.28,37.24,,,,,,,,,,,,,,,1973,53432,249,50.0,14.6,2,0.42,J004202.4+355459,J004202+355459
12.741264,33.26284,0.0843,True,False,False,False,False,False,False,False,False,,,10.8,3.387294141543712,0.96,1.77,3.22,8.94211,7.79,-1.353,-2.743,0.0,-1.247,0.4,5.96,0.0,1975,53734,405,97.3,81.5,1,1.03,J005057.9+331546,J005057+331546
12.766472,32.74284,0.2309,False,True,False,False,False,False,True,False,False,25.07,16.7,,,,,,,,,,,,,,,1975,53734,533,78.0,,2,,,J005103+324434
13.420382,39.93147,0.07555,True,False,False,False,False,False,False,False,False,,,11.39,7.007440774097449,1.07,1.94,3.28,8.9007,8.38,0.183,-0.863,0.0,1.363,0.015,6.6,0.0,1977,53475,570,57.7,56.3,1,0.41,J005340.8+395553,J005340+395553
13.480127,27.8744,0.0911,False,False,True,False,False,False,False,True,False,24.62,130.56,10.76,3.44629090603429,0.88,1.42,3.37,8.88712,7.91,-0.85,-2.987,0.0,-0.9,-0.235,7.7,1.0,1978,53473,203,207.0,3.1,4,0.56,J005355.2+275227,J005355+275227
11.309393,31.25475,0.2181,False,True,False,False,False,False,False,False,False,25.6,81.13,,,,,,,,,,,,,,,1979,53431,219,306.0,,4,,,J004514+311517
10.835119,30.67933,0.2551,False,True,False,False,False,False,False,False,False,25.06,22.18,,,,,,,,,,,,,,,1981,53463,496,62.0,,2,,,J004320+304045
12.575069,41.15965,0.1909,False,False,True,False,False,False,False,False,False,25.81,84.95,,,,,,,,,,,,,,,1984,53433,442,660.0,,4,,,J005018+410934
12.713268,40.69564,0.452,False,False,True,False,False,False,True,False,False,25.44,16.02,,,,,,,,,,,,,,,1985,53431,389,41.0,,2,,,J005051+404144
12.830848,33.38903,0.4627,False,False,True,False,False,False,False,False,False,26.95,75.88,,,,,,,,,,,,,,,1987,53765,169,1247.0,,4,,,J005119+332320
12.761656,33.40794,0.1323,False,True,False,False,False,False,False,False,False,25.07,64.8,,,,,,,,,,,,,,,1987,53765,264,263.0,6.8,4,1.34,J005102.7+332428,J005102+332428
10.979512,39.31166,0.1023,False,True,False,False,False,False,True,False,False,24.08,13.14,,,,,,,,,,,,,,,1988,53469,362,46.0,,2,,,J004355+391841
11.185995,39.59778,0.0784,False,False,False,False,False,False,True,False,False,23.78,6.38,,,,,,,,,,,,,,,1988,53469,629,40.4,,2,,,J004444+393552
12.744382,37.98573,0.1676,False,True,False,False,False,False,True,False,False,24.51,128.85,,,,,,,,,,,,,,,1989,53772,302,44.1,5.8,4,0.64,J005058.6+375908,J005058+375908
11.145124,30.39921,0.4811,False,False,True,False,False,False,False,False,False,25.52,9.29,,,,,,,,,,,,,,,1990,53472,18,42.2,,2,,,J004434+302357
11.08967,30.16154,0.0717,False,True,False,False,False,False,False,False,False,24.63,137.1,,,,,,,,,,,,,,,1990,53472,48,348.0,11.7,4,0.56,J004421.5+300941,J004421+300941
10.955677,30.20844,0.2453,False,True,False,False,False,False,False,False,False,25.07,40.02,,,,,,,,,,,,,,,1990,53472,249,69.0,30.0,2,1.11,J004349.3+301230,J004349+301230
11.91531,32.58852,0.2148,False,False,True,False,False,False,True,False,False,25.19,6.8,,,,,,,,,,,,,,,1991,53446,505,121.2,,2,,,J004739+323518
13.606626,34.37242,0.2815,False,False,True,False,False,False,False,False,False,25.18,31.47,,,,,,,,,,,,,,,1993,53762,64,66.1,10.7,2,1.4,J005425.5+342220,J005425+342220
11.539675,39.59054,0.1828,False,True,False,False,False,False,False,False,False,24.57,157.67,,,,,,,,,,,,,,,1996,53436,32,42.0,13.1,4,0.75,J004609.5+393525,J004609+393525
11.481241,39.82657,0.2004,False,False,True,False,False,False,True,False,False,24.68,106.52,,,,,,,,,,,,,,,1996,53436,544,44.0,1.2,2,0.08,J004555.4+394935,J004555+394935
11.649364,37.47694,0.1601,False,False,True,False,False,False,True,False,False,24.44,10.01,,,,,,,,,,,,,,,1997,53442,296,41.1,,2,,,J004635+372836
11.738344,38.08,0.1741,False,False,True,False,False,False,True,False,False,24.63,77.78,,,,,,,,,,,,,,,1997,53442,485,53.0,4.4,4,0.71,J004657.2+380448,J004657+380448
12.665128,37.73205,0.1929,False,True,False,False,False,False,True,False,False,24.84,22.41,,,,,,,,,,,,,,,2000,53495,183,68.9,,2,,,J005039+374355
13.317822,29.64301,0.0728,False,True,False,False,False,False,True,False,False,25.27,126.72,11.2,7.779776512908331,0.99,1.87,3.17,8.61989,8.15,-0.788,-1.866,0.301,-0.177,0.368,6.14,0.0,2002,53471,462,1467.0,34.7,4,0.59,J005316.2+293834,J005316+293834
13.406612,30.17471,0.3201,False,False,True,False,False,False,False,False,False,25.41,35.3,,,,,,,,,,,,,,,2002,53471,605,83.5,,2,,,J005337+301028
12.423473,37.62189,0.1853,False,True,False,True,False,False,False,False,False,25.31,67.5,,,,,,,,,,,,,,,2003,53442,530,221.0,,4,,,J004941+373718
13.713354,38.20624,0.172,False,False,True,False,False,False,False,False,False,24.62,109.67,,,,,,,,,,,,,,,2005,53472,13,53.0,1.0,4,0.42,J005451.2+381222,J005451+381222
13.573676,38.29985,0.0625,False,False,True,False,False,False,True,False,False,24.28,42.6,10.68,2.997433069511263,0.98,1.92,3.14,8.92832,7.45,0.389,-1.267,0.699,1.325,-0.425,6.45,1.0,2005,53472,215,207.0,116.4,4,2.12,J005417.6+381759,J005417+381759
13.510664,38.26938,0.1098,False,True,False,False,False,False,False,False,False,24.67,97.55,,,,,,,,,,,,,,,2005,53472,293,157.0,12.6,4,2.49,J005402.5+381609,J005402+381609
11.660148,36.12983,0.3601,False,False,True,False,False,False,False,False,False,25.23,23.99,,,,,,,,,,,,,,,2012,53493,469,42.6,,2,,,J004638+360747
11.740888,37.1422,0.1148,False,False,True,False,False,False,False,False,False,25.82,269.44,,,,,,,,,,,,,,,2012,53493,629,2012.0,4.7,4,0.5,J004657.8+370831,J004657+370831
12.347905,31.55235,0.1041,False,False,False,False,False,False,True,False,False,24.21,24.01,,,,,,,,,,,,,,,2013,53818,218,60.3,,2,,,J004923+313308
12.363792,32.29705,0.1723,False,False,False,False,False,False,False,False,False,24.57,66.94,,,,,,,,,,,,,,,2013,53818,462,47.0,,4,,,J004927+321749
13.830658,38.57897,0.1852,False,False,False,False,False,False,True,False,False,24.81,11.61,,,,,,,,,,,,,,,2014,53460,470,70.4,,2,,,J005519+383444
12.368912,34.18253,0.2389,False,True,False,False,False,False,True,False,False,24.83,16.87,,,,,,,,,,,,,,,2015,53819,357,42.2,15.4,2,0.59,J004928.5+341057,J004928+341057
13.097736,36.38132,0.3145,False,False,True,False,False,False,False,False,False,25.75,25.97,,,,,,,,,,,,,,,2016,53799,417,188.4,,2,,,J005223+362252
13.151358,36.61588,0.357,False,True,False,False,False,False,True,False,False,25.7,40.8,,,,,,,,,,,,,,,2016,53799,563,127.0,7.8,2,1.82,J005236.3+363657,J005236+363657
13.678068,28.86876,0.248,False,False,True,False,False,False,False,False,False,25.02,9.51,,,,,,,,,,,,,,,2017,53474,430,59.5,,2,,,J005442+285207
13.06231,37.93742,0.4707,False,False,True,False,False,False,False,False,False,26.6,26.68,,,,,,,,,,,,,,,2018,53800,154,536.0,,2,,,J005214+375614
10.721842,31.51838,0.03562,True,False,False,False,False,False,False,False,False,,,10.64,2.853543791505581,1.01,1.91,3.0,8.93105,8.12,-0.268,1.426,0.477,2.277,1.809,5.47,0.0,2019,53430,106,684.8,401.7,1,2.36,J004253.2+313106,J004253+313106
10.779408,31.7408,0.1139,False,True,False,False,False,False,False,False,False,24.62,79.21,,,,,,,,,,,,,,,2019,53430,599,130.0,30.3,4,1.16,J004307.0+314426,J004307+314426
12.706653,36.83409,0.3886,False,False,True,False,False,False,False,False,False,25.44,22.53,,,,,,,,,,,,,,,2022,53827,375,57.6,10.1,2,1.41,J005049.5+365002,J005049+365002
13.761572,31.4018,0.2224,False,True,False,False,False,False,False,False,False,25.01,30.18,,,,,,,,,,,,,,,2024,53503,280,74.0,,2,,,J005502+312406
11.8278,38.19516,0.1254,False,True,False,False,False,False,True,False,False,24.51,66.8,,,,,,,,,,,,,,,2027,53433,355,81.1,,4,,,J004718+381142
11.898011,38.19682,0.1981,False,False,True,False,False,False,False,False,False,26.0,70.84,,,,,,,,,,,,,,,2027,53433,431,949.0,23.2,4,0.13,J004735.5+381148,J004735+381148
11.201404,37.59185,0.2137,False,True,False,False,False,False,False,False,False,24.87,58.32,,,,,,,,,,,,,,,2030,53499,463,59.0,9.5,2,0.73,J004448.3+373530,J004448+373530
12.926962,34.94598,0.183,False,True,False,False,False,False,False,False,False,24.71,20.42,,,,,,,,,,,,,,,2031,53848,208,57.0,,2,,,J005142+345645
12.903371,36.51673,0.219,False,False,True,False,False,False,True,False,False,24.98,45.37,,,,,,,,,,,,,,,2031,53848,438,71.5,,2,,,J005136+363100
13.880752,36.27729,0.1513,False,True,False,False,False,False,True,False,False,24.55,39.43,,,,,,,,,,,,,,,2033,53476,118,59.0,17.4,2,2.25,J005531.3+361638,J005531+361638
13.77121,36.15,0.2673,False,False,False,False,False,False,True,False,False,25.2,17.89,,,,,,,,,,,,,,,2033,53476,316,76.3,14.1,2,1.25,J005505.0+360900,J005505+360900
11.225602,35.98452,0.0785,False,True,False,False,False,False,False,False,False,23.78,87.72,11.25,5.449045010300158,1.05,2.07,3.34,8.97918,8.5,0.985,1.412,0.954,3.491,0.579,6.16,0.0,2034,53466,604,41.0,7.5,4,0.34,J004454.1+355904,J004454+355904
11.789483,35.01877,0.0629,False,True,False,False,False,False,True,False,False,24.78,40.15,11.37,5.085025780894005,0.98,1.57,3.56,9.15923,8.58,-0.688,0.966,0.477,1.596,1.946,7.6,1.0,2035,53436,285,637.3,615.1,2,0.27,J004709.4+350107,J004709+350107
11.345288,36.47363,0.2903,False,False,False,False,False,False,True,False,False,25.0,7.14,,,,,,,,,,,,,,,2037,53446,214,40.8,,2,,,J004522+362825
11.431468,38.36716,0.06178,True,False,False,False,False,False,False,False,False,,,10.79,2.167578822522926,1.01,1.89,3.05,9.31987,8.37,-1.627,-1.737,0.0,-0.918,1.262,6.41,0.0,2037,53446,609,56.2,29.0,1,0.46,J004543.5+382201,J004543+382201
8.0742172,16.55813,0.182,False,False,True,False,False,False,False,False,False,24.56,106.75,,,,,,,,,,,,,,,2081,53357,41,41.0,,4,,,J003217+163329
8.0889501,16.79535,0.1056,False,False,True,False,False,False,True,False,False,24.39,16.01,,,,,,,,,,,,,,,2081,53357,53,89.5,,2,,,J003221+164743
8.4089269,20.45728,0.1086,False,True,False,False,False,False,True,False,False,24.13,23.29,,,,,,,,,,,,,,,2083,53359,387,46.0,,2,,,J003338+202726
8.8345835,23.21414,0.3557,False,True,False,False,False,False,True,False,False,25.26,28.99,,,,,,,,,,,,,,,2085,53379,197,47.0,,2,,,J003520+231250
9.0763967,25.00482,0.2434,False,False,True,False,False,False,True,False,False,25.23,48.06,,,,,,,,,,,,,,,2086,53401,483,102.0,8.7,2,1.19,J003618.3+250017,J003618+250017
9.3283936,26.15666,0.215,False,False,True,False,False,False,False,False,False,25.4,212.48,,,,,,,,,,,,,,,2087,53415,557,195.0,5.9,4,0.17,J003718.8+260923,J003718+260923
12.125813,33.87782,0.0791,False,False,True,False,False,False,False,False,False,24.86,45.64,11.24,5.826189273129724,0.8,1.34,2.75,8.91105,8.06,-1.149,-3.381,0.0,-1.425,-0.176,7.93,1.0,2089,53498,176,480.7,88.9,2,2.68,J004830.1+335240,J004830+335240
10.750449,35.4812,0.1594,False,False,False,False,False,False,True,False,False,24.48,83.72,,,,,,,,,,,,,,,2090,53463,281,45.9,,4,,,J004300+352852
11.309323,31.25322,0.2198,False,True,False,True,False,False,False,False,False,25.61,60.0,,,,,,,,,,,,,,,2092,53460,633,306.2,,4,,,J004514+311511
13.244399,33.50156,0.3007,False,False,True,False,False,False,False,False,False,25.42,19.53,,,,,,,,,,,,,,,2093,53818,470,98.8,,2,,,J005258+333005
13.628431,29.70645,0.1155,False,True,False,False,False,False,True,False,False,24.86,286.3,,,,,,,,,,,,,,,2094,53851,254,219.0,3.0,4,0.54,J005430.8+294223,J005430+294223
13.714355,31.18129,0.2846,False,False,True,False,False,False,False,False,False,25.48,80.34,,,,,,,,,,,,,,,2094,53851,565,126.0,17.9,4,0.16,J005451.4+311052,J005451+311052
12.113236,31.87541,0.2497,False,True,False,False,False,False,True,False,False,25.46,109.74,,,,,,,,,,,,,,,2095,53474,61,162.0,5.3,4,0.98,J004827.1+315231,J004827+315231
12.087362,32.07143,0.1662,False,True,False,False,False,False,False,False,False,25.08,168.13,,,,,,,,,,,,,,,2095,53474,118,165.0,,4,,,J004820+320417
12.061275,31.98592,0.2048,False,True,False,False,False,False,True,False,False,24.9,50.65,,,,,,,,,,,,,,,2095,53474,180,70.0,,2,,,J004814+315909
10.551354,34.5257,0.2719,False,False,True,False,False,False,True,False,False,25.57,5.95,,,,,,,,,,,,,,,2096,53446,246,172.3,81.5,2,2.92,J004212.3+343132,J004212+343132
10.60178,36.11632,0.1225,False,True,False,False,False,False,True,False,False,25.0,32.5,,,,,,,,,,,,,,,2096,53446,478,264.0,,2,,,J004224+360658
11.552614,33.72012,0.2225,False,False,True,False,False,False,False,False,False,26.07,15.62,,,,,,,,,,,,,,,2098,53460,391,853.0,,2,,,J004612+334312
13.765387,36.83717,0.2543,False,True,False,False,False,False,False,False,False,25.39,33.56,,,,,,,,,,,,,,,2101,53858,640,133.0,,2,,,J005503+365013
13.434,36.79981,0.0544,False,False,True,False,False,False,True,False,False,24.82,28.03,11.2,6.789987731384455,1.15,1.98,3.03,8.73808,8.02,-0.462,-0.423,0.301,0.995,0.904,6.12,0.0,2102,54115,196,957.0,,2,,,J005344+364759
13.232673,32.11264,0.1868,False,True,False,False,False,False,False,False,False,24.6,19.97,,,,,,,,,,,,,,,2104,53852,325,42.0,,2,,,J005255+320645
11.027804,33.28906,0.2033,False,True,False,False,False,False,False,False,False,24.77,130.83,,,,,,,,,,,,,,,2106,53714,339,52.0,6.0,4,0.44,J004406.6+331720,J004406+331720
12.109042,37.67356,0.3437,False,False,True,False,False,False,False,False,False,25.44,26.44,,,,,,,,,,,,,,,2108,53473,121,76.0,,2,,,J004826+374024
13.5589,30.12907,0.2843,False,False,True,False,False,False,False,False,False,25.54,101.51,,,,,,,,,,,,,,,2110,53467,18,147.0,,4,,,J005414+300744
11.512207,34.91322,0.2047,False,True,False,False,False,False,False,False,False,24.68,33.1,,,,,,,,,,,,,,,2113,53468,110,41.7,4.1,2,2.12,J004602.9+345447,J004602+345447
13.837107,28.27916,0.0721,False,False,True,False,False,False,False,False,False,24.41,34.99,11.24,6.285744297255572,1.01,1.99,3.03,8.84511,8.23,0.751,-0.172,0.301,2.325,-0.129,5.91,0.0,2114,53848,544,208.3,,2,,,J005520+281644
13.909157,28.24339,0.0645,False,True,False,False,False,False,False,False,False,23.92,82.21,11.15,5.565973706556774,1.05,2.06,3.28,8.86074,8.3,0.843,1.672,0.0,3.506,0.872,5.88,0.0,2114,53848,625,84.0,15.0,4,2.93,J005538.1+281436,J005538+281436
13.804693,26.05082,0.1781,False,False,True,False,False,False,True,False,False,24.69,11.54,,,,,,,,,,,,,,,2115,53535,410,58.0,,2,,,J005513+260302
13.948704,30.94203,0.2306,False,True,False,False,False,False,False,False,False,24.84,50.94,,,,,,,,,,,,,,,2116,53854,564,46.3,3.2,4,1.33,J005547.6+305631,J005547+305631
13.939104,31.44092,0.1505,False,True,False,False,False,False,False,False,False,24.79,81.07,,,,,,,,,,,,,,,2117,54115,116,106.0,18.6,4,0.55,J005545.3+312627,J005545+312627
13.883902,33.09126,0.061,False,True,False,False,False,False,False,False,False,23.85,123.73,11.23,5.730639012008545,1.0,1.93,3.24,8.91541,8.2,0.112,-1.331,0.903,1.016,-0.193,5.8,0.0,2117,54115,369,80.0,31.1,4,0.67,J005532.1+330528,J005532+330528
13.913897,33.40975,0.1703,False,True,False,False,False,False,False,False,False,24.67,74.4,,,,,,,,,,,,,,,2117,54115,501,61.0,3.5,2,0.84,J005539.3+332435,J005539+332435
13.931565,26.37165,0.1407,False,True,False,False,False,False,False,False,False,24.55,47.35,,,,,,,,,,,,,,,2118,53820,124,69.8,14.6,2,0.89,J005543.5+262217,J005543+262217
14.119395,26.31343,0.0749,False,True,False,False,False,False,False,False,False,24.27,128.68,11.38,4.916176112416251,1.07,2.08,3.33,9.19857,8.71,0.051,-1.509,0.477,0.852,-0.238,6.15,0.0,2120,53852,28,138.1,58.1,4,0.3,J005628.6+261848,J005628+261848
14.104973,27.93695,0.3858,False,True,False,False,False,False,False,False,False,25.65,115.99,,,,,,,,,,,,,,,2120,53852,576,94.0,6.8,4,2.06,J005625.1+275613,J005625+275613
14.069993,32.10265,0.2638,False,False,True,False,False,False,False,False,False,24.96,24.49,,,,,,,,,,,,,,,2121,54180,157,45.6,,2,,,J005616+320609
14.214256,28.52347,0.2618,False,True,False,False,False,False,True,False,False,24.97,29.55,,,,,,,,,,,,,,,2126,53794,197,47.1,8.8,2,0.33,J005651.4+283124,J005651+283124
14.253101,27.10711,0.1635,False,True,False,False,False,False,False,False,False,24.91,83.65,,,,,,,,,,,,,,,2127,53859,532,117.0,,4,,,J005700+270625
14.344958,25.00972,0.3625,False,True,False,True,False,False,False,False,False,25.62,56.31,,,,,,,,,,,,,,,2128,53800,633,103.0,,2,,,J005722+250034
14.404218,25.0733,0.0987,False,False,False,False,False,False,True,False,False,24.52,261.48,,,,,,,,,,,,,,,2131,53819,216,139.4,15.2,4,0.36,J005737.0+250423,J005737+250423
14.34499,25.14561,0.0773,False,True,False,False,False,False,True,False,False,24.21,35.15,11.2,4.989370059603967,1.04,2.02,3.2,9.00573,8.49,0.327,1.59,0.477,2.954,1.326,6.07,0.0,2131,53819,285,112.8,,2,,,J005722+250844
14.411259,26.62514,0.0371,False,True,False,False,False,False,True,False,False,24.36,89.11,,,,,,,,,,,,,,,2131,53819,533,717.0,11.9,4,0.12,J005738.7+263730,J005738+263730
14.444712,24.14624,0.1445,False,True,False,False,False,False,False,False,False,24.54,35.58,,,,,,,,,,,,,,,2132,53493,483,64.0,,2,,,J005746+240846
14.448292,24.45386,0.4565,False,False,True,False,False,False,False,False,False,25.53,9.6,,,,,,,,,,,,,,,2132,53493,502,49.6,,2,,,J005747+242713
14.502926,30.7412,0.1292,False,False,True,False,False,False,True,False,False,24.32,63.39,,,,,,,,,,,,,,,2133,53917,517,49.4,2.2,2,0.74,J005800.7+304428,J005800+304428
14.590621,27.89322,0.176,False,True,False,False,False,False,False,False,False,24.97,89.32,,,,,,,,,,,,,,,2134,53876,40,113.0,3.3,4,0.62,J005821.7+275335,J005821+275335
14.621339,24.86923,0.0896,False,True,False,False,False,False,False,False,False,24.59,86.79,11.11,3.4773118721447407,1.0,1.99,3.27,9.22933,8.69,1.387,-0.922,1.114,2.502,-1.194,5.98,0.0,2135,53827,73,199.5,25.8,4,0.1,J005829.1+245209,J005829+245209
14.571722,24.41231,0.08497,True,False,False,False,False,False,False,False,False,,,11.35,5.5476765108195565,1.03,1.93,3.1,9.0636,8.59,0.369,-2.66,0.301,0.481,-1.229,6.62,0.0,2135,53827,85,45.3,43.3,1,0.11,J005817.2+242444,J005817+242444
14.535461,26.01026,0.0949,False,True,False,False,False,False,False,False,False,24.16,91.62,11.5,6.42531068460195,1.06,1.97,3.28,9.08603,8.84,0.51,-0.925,0.301,1.645,-0.341,6.05,0.0,2135,53827,535,65.9,,4,,,J005808+260036
14.546952,27.09849,0.1501,False,False,True,False,False,False,True,False,False,24.42,54.06,,,,,,,,,,,,,,,2137,54206,305,45.1,5.4,2,1.15,J005811.2+270554,J005811+270554
14.708294,29.7636,0.2153,False,True,False,True,False,False,False,False,False,25.05,33.11,,,,,,,,,,,,,,,2138,53757,111,87.0,,2,,,J005849+294548
14.620836,24.75895,0.0862,False,True,False,False,False,False,False,False,False,24.44,151.3,11.0,4.974900748182932,1.03,1.94,3.35,8.80825,8.21,0.931,-0.615,0.0,2.238,-0.567,6.15,0.0,2139,53878,237,151.6,7.1,4,1.08,J005829.0+244532,J005829+244532
14.806847,28.11917,0.3771,False,False,False,False,False,False,True,False,False,25.29,30.06,,,,,,,,,,,,,,,2141,53764,82,43.3,,2,,,J005913+280709
14.822673,25.55664,0.3741,False,True,False,False,False,False,True,False,False,25.32,22.29,,,,,,,,,,,,,,,2142,54208,1,47.4,18.2,2,0.24,J005917.4+253323,J005917+253323
14.96495,28.53854,0.144,False,False,True,False,False,False,False,False,False,25.7,205.89,,,,,,,,,,,,,,,2146,54230,495,930.0,1.0,4,0.37,J005951.5+283218,J005951+283218
10.790002,9.05549,0.3382,False,False,False,False,False,False,True,False,False,25.19,13.45,,,,,,,,,,,,,,,2147,53491,71,44.0,,2,,,J004309+090319
14.954093,23.49511,0.3285,False,True,False,False,False,False,False,False,False,25.16,36.44,,,,,,,,,,,,,,,2149,54509,244,44.0,20.5,2,1.62,J005948.9+232942,J005948+232942
15.029603,24.65447,0.1203,False,False,True,False,False,False,True,False,False,24.6,32.83,,,,,,,,,,,,,,,2149,54509,560,108.3,,2,,,J010007+243916
15.024516,21.57329,0.2581,False,False,False,False,False,False,True,False,False,25.59,33.41,,,,,,,,,,,,,,,2150,54510,159,205.0,,2,,,J010005+213423
15.033983,22.8938,0.0809,False,False,True,False,False,False,False,False,False,23.92,104.12,11.32,7.279385251634994,0.99,1.94,3.16,8.79763,8.27,-0.384,-0.933,0.477,0.768,0.526,5.94,0.0,2150,54510,456,52.0,,4,,,J010008+225337
15.006328,22.00761,0.2141,False,False,True,False,False,False,False,False,False,24.8,12.15,,,,,,,,,,,,,,,2150,54510,492,49.7,,2,,,J010001+220027
15.082534,26.01624,0.054,False,False,True,False,False,False,True,False,False,25.74,223.35,11.28,9.586197867967662,1.08,1.96,2.5,8.51853,8.17,-0.067,1.595,0.602,2.573,1.713,6.33,0.0,2151,54523,113,7980.0,69.0,4,0.26,J010019.8+260058,J010019+260058
15.041734,23.13359,0.1802,False,True,False,False,False,False,False,False,False,24.69,42.4,,,,,,,,,,,,,,,2152,53874,281,57.0,7.1,2,0.88,J010010.0+230800,J010010+230800
14.991543,24.30255,0.1632,False,False,True,False,False,False,False,False,False,24.67,13.4,,,,,,,,,,,,,,,2152,53874,305,66.9,,2,,,J005957+241809
15.151147,21.40422,0.3113,False,False,True,False,False,False,True,False,False,25.59,26.03,,,,,,,,,,,,,,,2153,54212,78,133.0,,2,,,J010036+212415
15.231657,24.20895,0.07,False,False,False,False,False,False,False,False,False,24.64,390.55,,,,,,,,,,,,,,,2155,53820,511,377.0,7.5,4,0.19,J010055.5+241232,J010055+241232
15.245531,22.62365,0.3843,False,True,False,False,False,False,False,False,False,25.76,58.81,,,,,,,,,,,,,,,2158,54209,277,123.0,,2,,,J010058+223725
15.237413,23.45233,0.0876,False,False,True,False,False,False,False,False,False,24.64,31.73,11.35,5.880153971333016,1.07,2.06,3.27,9.01304,8.44,-0.103,1.42,0.301,2.434,1.645,5.92,0.0,2158,54209,357,232.7,,2,,,J010056+232708
15.379337,19.70567,0.1094,False,False,True,False,False,False,False,False,False,24.41,25.44,,,,,,,,,,,,,,,2159,54328,161,86.7,,2,,,J010131+194220
15.415252,22.44346,0.3747,False,True,False,False,False,False,False,False,False,25.47,50.21,,,,,,,,,,,,,,,2161,53878,436,67.0,,2,,,J010139+222636
15.502214,23.27112,0.0899,False,False,True,False,False,False,False,False,False,24.67,100.56,11.58,5.69942248235815,1.1,2.09,3.0,9.27016,8.76,-0.334,-1.197,0.602,0.661,0.321,6.28,0.0,2161,53878,617,236.0,2.1,4,0.24,J010200.5+231616,J010200+231616
15.868521,22.79431,0.116,False,True,False,False,False,False,True,False,False,25.25,698.49,,,,,,,,,,,,,,,2169,53556,29,533.0,8.9,4,0.35,J010328.4+224739,J010328+224739
15.724606,22.87576,0.22,False,False,True,False,False,False,False,False,False,25.45,12.01,,,,,,,,,,,,,,,2169,53556,274,211.5,,2,,,J010253+225232
15.872879,22.55332,0.06831,True,False,False,False,False,False,False,False,False,,,11.4,7.290459398234167,1.05,2.04,3.44,8.87631,8.63,0.335,-0.657,0.845,1.633,-0.011,6.07,0.0,2171,53557,389,44.8,7.2,1,0.15,J010329.4+223311,J010329+223311
15.885319,19.90568,0.2103,False,False,True,False,False,False,False,False,False,24.93,11.0,,,,,,,,,,,,,,,2172,54230,454,69.3,,2,,,J010332+195420
15.9834,22.28389,0.3121,False,True,False,False,False,False,True,False,False,25.19,126.53,,,,,,,,,,,,,,,2173,53874,325,52.7,14.2,4,0.76,J010356.0+221702,J010356+221702
15.995543,21.11371,0.3749,False,False,True,False,False,False,False,False,False,25.47,20.85,,,,,,,,,,,,,,,2173,53874,382,66.7,,2,,,J010358+210649
16.010819,20.98105,0.1739,False,True,False,False,False,False,False,False,False,25.6,53.88,,,,,,,,,,,,,,,2173,53874,431,496.0,,2,,,J010402+205851
16.194122,15.54861,0.3459,False,True,False,False,False,False,False,False,False,25.26,113.72,,,,,,,,,,,,,,,2198,53918,377,50.0,3.4,4,0.47,J010446.5+153254,J010446+153254
16.058913,17.19869,0.034,False,True,False,False,False,False,False,False,False,24.24,292.49,,,,,,,,,,,,,,,2199,53556,93,662.0,294.6,4,1.72,J010414.1+171155,J010414+171155
16.104453,18.24995,0.0369,False,True,False,False,False,False,False,False,False,24.09,382.59,,,,,,,,,,,,,,,2199,53556,594,396.0,244.0,4,0.12,J010425.0+181459,J010425+181459
16.152622,16.43053,0.1434,False,False,True,False,False,False,True,False,False,24.67,27.07,,,,,,,,,,,,,,,2200,53875,167,88.7,,2,,,J010436+162549
16.074031,17.742,0.04089,True,False,False,False,False,False,False,False,False,,,10.85,1.1393065480930031,1.1,1.89,2.32,9.93854,8.34,1.73,-2.402,0.0,1.96,-2.403,6.45,0.0,2200,53875,346,96.0,71.8,1,0.01,J010417.7+174431,J010417+174431
16.24707,17.48726,0.1931,False,False,True,False,False,False,False,False,False,26.0,83.38,,,,,,,,,,,,,,,2201,53904,402,1002.0,,4,,,J010459+172914
16.385913,14.36374,0.3154,False,True,False,False,False,False,False,False,False,25.27,53.29,,,,,,,,,,,,,,,2202,53566,174,62.0,,2,,,J010532+142149
16.504601,14.58639,0.279,False,False,True,False,False,False,True,False,False,26.05,106.72,,,,,,,,,,,,,,,2203,53915,518,496.0,41.1,4,0.38,J010601.1+143511,J010601+143511
16.488518,13.64001,0.1179,False,True,False,False,False,False,False,False,False,24.4,34.76,,,,,,,,,,,,,,,2204,53877,349,72.0,18.5,2,1.53,J010557.2+133824,J010557+133824
16.232098,20.15645,0.1704,False,False,True,False,False,False,True,False,False,24.97,23.64,,,,,,,,,,,,,,,2205,53793,38,121.5,40.2,2,1.19,J010455.7+200923,J010455+200923
16.211709,20.7914,0.14,False,False,False,False,False,False,True,False,False,24.49,14.7,,,,,,,,,,,,,,,2205,53793,600,61.0,,2,,,J010450+204729
16.511984,16.65301,0.0896,False,True,False,False,False,False,False,False,False,24.01,41.07,11.3,5.582084176753662,1.03,2.03,3.39,9.00823,8.32,-1.23,-1.338,0.301,-0.296,1.112,5.87,0.0,2207,53558,236,52.0,24.5,2,0.26,J010602.8+163910,J010602+163910
16.722107,13.35008,0.1832,False,True,False,False,False,False,True,False,False,24.63,26.93,,,,,,,,,,,,,,,2210,53535,498,47.9,,2,,,J010653+132100
16.725513,13.33405,0.1887,False,False,True,False,False,False,False,False,False,24.69,25.48,,,,,,,,,,,,,,,2210,53535,536,51.0,,2,,,J010654+132002
11.037689,29.12368,0.1059,False,False,True,False,False,False,True,False,False,24.61,32.26,,,,,,,,,,,,,,,2211,53786,387,145.6,24.5,2,0.44,J004409.0+290725,J004409+290725
11.113646,29.89809,0.4648,False,True,False,False,False,False,False,False,False,25.92,48.73,,,,,,,,,,,,,,,2211,53786,561,115.0,,2,,,J004427+295353
11.139725,29.241,0.2126,False,True,False,False,False,False,True,False,False,25.14,123.73,,,,,,,,,,,,,,,2211,53786,616,112.1,14.4,4,0.63,J004433.5+291427,J004433+291427
11.10281,25.19901,0.1726,False,False,True,False,False,False,False,False,False,24.86,14.56,,,,,,,,,,,,,,,2212,53789,123,91.2,,2,,,J004424+251156
11.25235,28.56292,0.4287,False,False,True,False,False,False,True,False,False,25.48,27.86,,,,,,,,,,,,,,,2213,53792,71,50.5,,2,,,J004500+283346
11.287331,25.52926,0.3248,False,False,True,False,False,False,False,False,False,25.36,16.32,,,,,,,,,,,,,,,2214,53794,52,71.3,,2,,,J004508+253145
11.424187,27.24828,0.1702,False,False,True,False,False,False,False,False,False,24.84,42.95,,,,,,,,,,,,,,,2216,53795,551,89.8,,2,,,J004541+271453
11.486709,27.55389,0.0732,False,True,False,False,False,False,False,False,False,23.93,129.77,11.57,5.822091471475066,1.01,2.03,3.27,9.24166,9.1,-0.974,-1.87,0.0,-0.36,0.547,6.35,0.0,2218,53816,458,66.0,10.3,2,0.14,J004556.8+273314,J004556+273314
11.803011,28.57912,0.1845,False,True,False,False,False,False,True,False,False,24.77,15.11,,,,,,,,,,,,,,,2222,53799,86,64.0,,2,,,J004712+283444
11.946282,30.1906,0.1976,False,True,False,False,False,False,False,False,False,24.8,34.65,,,,,,,,,,,,,,,2224,53815,491,59.6,,2,,,J004747+301126
11.970268,30.10722,0.1389,False,False,True,False,False,False,False,False,False,24.72,20.61,,,,,,,,,,,,,,,2224,53815,519,106.7,,2,,,J004752+300625
12.04123,27.13175,0.2708,False,False,True,False,False,False,False,False,False,25.04,20.16,,,,,,,,,,,,,,,2226,53819,114,51.8,,2,,,J004809+270754
11.972262,26.35337,0.112,False,False,True,False,False,False,False,True,False,25.55,235.79,,,,,,,,,,,,,,,2226,53819,217,1142.0,,4,,,J004753+262112
11.948521,26.54229,0.1562,False,True,False,False,False,False,True,False,False,25.04,271.62,,,,,,,,,,,,,,,2226,53819,247,171.2,116.6,4,0.1,J004747.6+263232,J004747+263232
12.060184,27.94421,0.1401,False,True,False,False,False,False,True,False,False,25.0,159.43,,,,,,,,,,,,,,,2226,53819,515,197.0,,4,,,J004814+275639
12.113877,27.493,0.4437,False,False,True,False,False,False,True,False,False,25.68,24.53,,,,,,,,,,,,,,,2227,53820,161,74.0,,2,,,J004827+272934
12.050457,28.59614,0.134,False,False,True,False,False,False,True,False,False,24.5,9.29,,,,,,,,,,,,,,,2227,53820,370,68.3,,2,,,J004812+283546
12.47286,26.72893,0.1957,False,True,False,False,False,False,False,False,False,24.62,33.51,,,,,,,,,,,,,,,2235,53847,296,40.4,4.5,2,1.24,J004953.4+264344,J004953+264344
12.677104,26.91503,0.2692,False,False,False,False,False,False,False,False,False,24.93,41.78,,,,,,,,,,,,,,,2236,53729,147,41.0,5.2,2,1.69,J005042.5+265454,J005042+265454
12.685739,27.57973,0.1985,False,True,False,False,False,False,False,False,False,25.22,38.96,,,,,,,,,,,,,,,2236,53729,506,154.0,,2,,,J005044+273447
12.687384,27.34302,0.46,False,False,False,False,False,False,True,False,False,26.12,7.79,,,,,,,,,,,,,,,2238,54205,357,187.5,89.4,2,2.71,J005044.9+272034,J005044+272034
12.722144,30.2419,0.3648,False,False,True,False,False,False,True,False,False,25.46,10.28,,,,,,,,,,,,,,,2239,53726,343,69.7,,2,,,J005053+301430
12.86585,30.15728,0.2235,False,True,False,False,False,False,True,False,False,25.01,11.94,,,,,,,,,,,,,,,2239,53726,557,73.2,,2,,,J005127+300926
13.090902,26.75199,0.3321,False,True,False,False,False,False,False,False,False,25.39,19.79,,,,,,,,,,,,,,,2242,54153,180,74.0,,2,,,J005221+264507
13.064819,27.79088,0.3625,False,False,True,False,False,False,False,False,False,25.55,35.47,,,,,,,,,,,,,,,2242,54153,418,86.3,,2,,,J005215+274727
13.501854,27.0646,0.277,False,True,False,False,False,False,False,False,False,25.06,75.75,,,,,,,,,,,,,,,2245,54208,379,51.0,,2,,,J005400+270352
7.9921102,12.47086,0.377,False,False,True,False,False,False,True,False,False,25.28,9.45,,,,,,,,,,,,,,,2265,53674,176,43.0,,2,,,J003158+122815
8.017042,13.83116,0.1087,False,True,False,False,False,False,False,False,False,25.03,103.53,,,,,,,,,,,,,,,2266,53679,124,361.0,7.4,4,1.15,J003204.0+134952,J003204+134952
8.067922,15.55962,0.2682,False,False,True,False,False,False,False,False,False,25.23,49.15,,,,,,,,,,,,,,,2266,53679,612,82.4,,2,,,J003216+153334
8.2175858,13.4352,0.188,False,True,False,False,False,False,False,False,False,24.82,45.47,,,,,,,,,,,,,,,2270,53714,314,70.0,,2,,,J003252+132606
8.4092631,14.61805,0.2824,False,True,False,False,False,False,True,False,False,25.13,54.85,,,,,,,,,,,,,,,2272,53713,13,58.3,3.8,2,0.98,J003338.2+143704,J003338+143704
8.4000778,15.57964,0.093,False,True,False,False,False,False,False,False,False,24.7,57.51,11.41,5.7235089167789885,1.03,2.01,3.84,9.0965,8.97,0.846,2.066,0.954,3.742,1.102,6.17,0.0,2272,53713,551,239.0,42.2,4,0.61,J003336.0+153446,J003336+153446
8.4846741,17.9044,0.0895,False,True,False,False,False,False,True,False,False,24.81,179.9,11.21,6.37854689346748,0.82,1.39,3.35,8.80238,8.1,0.273,-0.253,0.477,1.811,0.288,6.43,0.0,2273,53709,88,328.8,231.8,4,0.66,J003356.3+175415,J003356+175415
8.4322627,17.86099,0.0905,False,True,False,False,False,False,False,False,False,24.83,151.78,11.64,7.0172115293341735,1.04,1.96,2.98,9.14949,8.69,0.551,-0.79,0.699,1.765,-0.3,6.18,0.0,2273,53709,201,339.0,46.1,4,0.75,J003343.7+175139,J003343+175139
8.5402303,18.8154,0.1138,False,True,False,False,False,False,False,False,False,24.54,93.7,,,,,,,,,,,,,,,2273,53709,610,106.0,,4,,,J003409+184855
8.4593414,16.01493,0.091,False,True,False,False,False,False,False,False,False,24.03,121.95,11.39,5.425101592187816,0.99,1.96,3.2,9.123,8.52,-0.308,-1.622,0.477,0.435,0.044,6.22,0.0,2274,53726,488,53.0,18.5,2,0.59,J003350.2+160053,J003350+160053
8.6142212,18.71675,0.1665,False,True,False,False,False,False,True,False,False,24.5,35.02,,,,,,,,,,,,,,,2275,53709,72,43.4,6.5,2,0.7,J003427.4+184300,J003427+184300
8.8385813,16.83986,0.3138,False,False,True,False,False,False,False,False,False,25.51,10.52,,,,,,,,,,,,,,,2279,53708,53,110.3,,2,,,J003521+165023
8.774881,16.42308,0.3496,False,False,True,False,False,False,True,False,False,25.71,7.67,,,,,,,,,,,,,,,2279,53708,243,135.3,,2,,,J003505+162523
8.7459605,21.49241,0.272,False,True,False,False,False,False,False,False,False,25.39,42.73,,,,,,,,,,,,,,,2280,53680,340,114.7,,2,,,J003459+212932
8.8788951,18.19674,0.1893,False,False,True,False,False,False,False,False,False,24.62,15.22,,,,,,,,,,,,,,,2281,53711,187,43.0,,2,,,J003530+181148
9.0231435,19.2381,0.2765,False,False,True,False,False,False,False,False,False,25.87,153.44,,,,,,,,,,,,,,,2283,53729,541,336.0,,4,,,J003605+191417
9.0351298,20.51047,0.08146,True,False,False,False,False,False,False,False,False,,,11.32,4.604226134055655,1.03,2.01,3.36,9.19551,8.51,0.949,-0.741,0.845,2.182,-0.66,6.13,0.0,2285,53700,369,66.4,64.9,1,0.39,J003608.4+203037,J003608+203037
9.0430288,20.73831,0.0834,False,True,False,False,False,False,False,False,False,24.3,40.38,11.34,6.601860830475848,1.08,2.0,3.29,8.90249,8.43,1.216,1.025,0.699,3.487,0.126,6.04,0.0,2285,53700,407,118.6,11.3,2,0.66,J003610.3+204417,J003610+204417
9.0788198,19.93552,0.0837,False,False,True,False,False,False,False,False,False,24.49,16.9,,,,,,,,,,,,,,,2286,53700,354,183.6,,2,,,J003618+195607
9.179068,23.52773,0.2684,False,True,False,False,False,False,True,False,False,25.59,33.12,,,,,,,,,,,,,,,2287,53705,488,189.0,,2,,,J003642+233139
9.2375671,21.27771,0.2737,False,False,True,False,False,False,False,False,False,25.06,30.08,,,,,,,,,,,,,,,2288,53699,362,52.5,,2,,,J003657+211639
9.6902974,21.35043,0.2259,False,True,False,False,False,False,True,False,False,25.48,100.75,,,,,,,,,,,,,,,2292,53713,117,211.0,,4,,,J003845+212101
9.6516123,22.61575,0.08842,True,False,False,False,False,False,False,False,False,,,11.19,5.039175759294883,0.97,1.89,3.26,8.9871,8.5,-0.255,-0.548,0.0,1.122,0.629,5.96,0.0,2292,53713,450,45.3,15.7,1,0.42,J003836.3+223656,J003836+223656
9.6759298,22.0006,0.3851,False,False,True,False,False,False,False,False,False,25.6,17.09,,,,,,,,,,,,,,,2292,53713,520,86.0,,2,,,J003842+220002
9.4633036,23.23491,0.2553,False,False,True,False,False,False,False,False,False,25.28,120.07,,,,,,,,,,,,,,,2293,53730,261,102.0,2.7,4,2.69,J003751.1+231405,J003751+231405
9.5810832,25.95352,0.1221,False,False,False,False,False,False,True,False,False,24.25,81.71,,,,,,,,,,,,,,,2294,53733,502,47.4,,3,,,J003819+255712
9.6018443,25.90534,0.1653,False,False,True,False,False,False,True,False,False,25.1,7.09,,,,,,,,,,,,,,,2294,53733,548,174.6,94.2,2,2.78,J003824.4+255419,J003824+255419
9.8976034,22.25892,0.2642,False,False,False,False,False,False,False,False,False,25.21,35.09,,,,,,,,,,,,,,,2295,53734,32,80.0,18.7,2,1.36,J003935.4+221532,J003935+221532
9.7540497,24.39825,0.08743,True,False,False,False,False,False,False,False,False,,,11.33,9.404554286260352,1.0,1.96,3.08,8.58514,8.08,-0.354,1.976,0.477,2.519,2.218,6.1,0.0,2341,53738,318,52.2,19.4,1,0.29,J003900.9+242353,J003900+242353
9.9053324,27.26666,0.4712,False,False,True,False,False,False,False,False,False,26.0,230.89,,,,,,,,,,,,,,,2342,53742,514,135.0,8.3,4,0.37,J003937.2+271559,J003937+271559
10.097542,24.31984,0.1843,False,False,True,False,False,False,False,False,False,25.18,13.65,,,,,,,,,,,,,,,2343,53735,402,167.0,,2,,,J004023+241911
9.9605194,26.17368,0.1972,False,True,False,False,False,False,False,False,False,24.71,40.33,,,,,,,,,,,,,,,2344,53740,361,48.4,11.4,2,0.97,J003950.5+261025,J003950+261025
9.9776072,26.69457,0.4843,False,True,False,False,False,False,True,False,False,25.78,63.19,,,,,,,,,,,,,,,2345,53757,284,77.0,1.6,4,0.61,J003954.6+264140,J003954+264140
9.982784,28.31866,0.2445,False,False,True,False,False,False,False,False,False,24.93,9.6,,,,,,,,,,,,,,,2345,53757,440,50.8,,2,,,J003955+281907
10.157136,28.29997,0.4593,False,True,False,False,False,False,False,False,False,25.51,38.12,,,,,,,,,,,,,,,2348,53757,181,46.0,,2,,,J004037+281759
10.495825,25.38633,0.2368,False,True,False,True,False,False,False,False,False,25.57,45.31,,,,,,,,,,,,,,,2349,53734,579,237.0,7.6,4,1.57,J004158.9+252310,J004158+252310
10.492724,29.91729,0.4615,False,False,False,False,False,False,False,False,False,26.25,58.05,,,,,,,,,,,,,,,2354,53799,429,250.0,1.7,2,0.19,J004158.2+295502,J004158+295502
10.715008,28.43307,0.055,False,False,True,False,False,False,False,False,False,23.46,22.14,,,,,,,,,,,,,,,2356,53786,614,40.4,,2,,,J004251+282559
11.009747,25.65308,0.1446,False,False,True,False,False,False,False,False,False,25.12,56.36,,,,,,,,,,,,,,,2357,53793,76,242.0,,2,,,J004402+253911
10.985596,26.57084,0.1752,False,False,True,False,False,False,False,False,False,24.65,13.7,,,,,,,,,,,,,,,2357,53793,561,55.1,,2,,,J004356+263415
11.002072,26.50082,0.398,False,False,True,False,False,False,True,False,False,25.36,8.16,,,,,,,,,,,,,,,2357,53793,616,45.8,23.3,2,2.96,J004400.4+263002,J004400+263002
9.4334778,19.05206,0.3307,False,False,True,False,False,False,True,False,False,25.39,14.43,,,,,,,,,,,,,,,2360,53728,483,73.5,,2,,,J003744+190307
9.6477356,19.54688,0.285,False,True,False,False,False,False,True,False,False,25.16,15.11,,,,,,,,,,,,,,,2361,53762,157,61.0,,2,,,J003835+193248
10.431367,21.89925,0.2337,False,False,True,False,False,False,True,False,False,24.89,7.05,,,,,,,,,,,,,,,2366,53741,141,50.5,,2,,,J004143+215357
10.530189,22.87543,0.3158,False,False,True,False,False,False,False,False,False,25.24,31.41,,,,,,,,,,,,,,,2367,53763,461,58.6,,2,,,J004207+225231
10.530165,22.8309,0.1121,False,True,False,False,False,False,True,False,False,24.72,218.6,,,,,,,,,,,,,,,2367,53763,464,168.0,1.4,4,0.15,J004207.2+224951,J004207+224951
10.575732,23.66537,0.0636,False,False,False,False,False,False,True,False,False,24.0,93.43,,,,,,,,,,,,,,,2367,53763,566,103.9,2.6,4,0.86,J004218.1+233955,J004218+233955
10.593196,23.64715,0.09557,True,False,False,False,False,False,False,False,False,,,10.8,4.162525826616104,1.02,1.8,3.38,8.76311,7.9,-1.099,-1.942,0.301,-0.525,0.626,6.15,0.0,2367,53763,569,128.9,94.4,1,8.18,J004222.3+233849,J004222+233849
9.5439718,16.19923,0.191,False,False,True,False,False,False,False,False,False,25.83,242.71,,,,,,,,,,,,,,,2368,53758,58,687.0,1.2,4,0.6,J003810.5+161157,J003810+161157
9.5126119,16.99145,0.1772,False,True,False,False,False,False,False,False,False,24.75,26.0,,,,,,,,,,,,,,,2368,53758,143,67.0,,2,,,J003803+165929
9.4364644,17.06609,0.1161,False,False,True,False,False,False,True,False,False,24.74,36.46,,,,,,,,,,,,,,,2368,53758,222,163.3,78.6,2,2.79,J003744.7+170357,J003744+170357
9.437558,16.85353,0.212,False,True,False,False,False,False,False,False,False,24.95,23.87,,,,,,,,,,,,,,,2368,53758,235,71.8,20.7,2,0.54,J003745.0+165112,J003745+165112
9.4583659,18.41876,0.2965,False,False,False,False,False,False,False,False,False,25.07,29.58,,,,,,,,,,,,,,,2368,53758,402,45.0,,2,,,J003750+182507
9.5377543,18.07221,0.1474,False,False,True,False,False,False,False,False,False,24.51,138.72,,,,,,,,,,,,,,,2368,53758,561,57.0,4.6,4,0.43,J003809.0+180419,J003809+180419
9.665329,16.78497,0.0486,False,False,False,False,False,False,True,False,False,23.43,82.51,,,,,,,,,,,,,,,2369,53733,46,48.5,3.1,4,0.76,J003839.6+164705,J003839+164705
9.8215576,18.13968,0.328,False,False,True,False,False,False,True,False,False,25.32,40.23,,,,,,,,,,,,,,,2370,53764,194,64.9,,2,,,J003917+180822
9.9449198,18.59654,0.1658,False,True,False,False,False,False,False,False,False,24.66,49.58,,,,,,,,,,,,,,,2371,53762,228,63.0,1.8,2,1.25,J003946.7+183547,J003946+183547
9.9545583,19.11424,0.0904,False,True,False,False,False,False,False,False,False,24.7,131.03,11.17,7.532661673541122,1.04,1.91,3.19,8.61792,8.22,0.517,-0.91,0.301,1.66,-0.339,6.27,0.0,2371,53762,434,251.0,7.6,4,0.14,J003949.0+190651,J003949+190651
10.049183,19.86467,0.1675,False,False,False,False,False,False,False,False,False,25.9,32.31,,,,,,,,,,,,,,,2372,53768,337,1063.8,,2,,,J004011+195152
10.403445,21.0895,0.2172,False,True,False,False,False,False,False,False,False,24.86,25.37,,,,,,,,,,,,,,,2375,53770,362,55.0,28.4,2,0.13,J004136.8+210522,J004136+210522
7.9739558,10.33851,0.3682,False,False,False,False,False,False,False,False,False,25.92,27.4,,,,,,,,,,,,,,,2418,53794,284,198.0,,2,,,J003153+102018
8.0604665,10.84514,0.1423,False,True,False,False,False,False,False,False,False,24.79,82.92,,,,,,,,,,,,,,,2419,54139,419,117.0,,4,,,J003214+105042
8.2455251,12.97148,0.1761,False,False,False,False,False,False,True,False,False,26.1,35.6,,,,,,,,,,,,,,,2420,54086,522,1522.0,530.6,4,2.09,J003258.9+125817,J003258+125817
8.1948975,10.48668,0.277,False,True,False,False,False,False,False,False,False,25.22,64.25,,,,,,,,,,,,,,,2421,54153,472,75.0,,2,,,J003246+102912
8.4179606,12.73467,0.3216,False,False,True,False,False,False,False,False,False,26.08,111.43,,,,,,,,,,,,,,,2422,54096,67,388.0,,4,,,J003340+124404
8.7462901,11.9154,0.2445,False,True,False,False,False,False,False,False,False,25.4,127.55,,,,,,,,,,,,,,,2428,53801,139,147.9,59.0,4,0.35,J003459.1+115455,J003459+115455
8.8784831,15.73515,0.09988,True,False,False,False,False,False,False,False,False,,,11.35,6.411315767891134,1.03,2.01,3.52,8.93793,8.62,0.873,-0.072,1.079,2.503,-0.189,6.09,0.0,2432,54052,283,65.6,26.9,1,0.25,J003530.8+154406,J003530+154406
8.9658508,17.07981,0.3228,False,True,False,True,False,False,False,False,False,25.36,44.82,,,,,,,,,,,,,,,2432,54052,379,73.0,,2,,,J003551+170447
8.8864573,13.31016,0.1259,False,True,False,False,False,False,False,False,False,24.21,42.73,,,,,,,,,,,,,,,2433,53820,299,40.0,13.1,2,1.04,J003532.7+131836,J003532+131836
9.0085724,13.75239,0.1922,False,False,True,False,False,False,True,False,False,24.61,13.59,,,,,,,,,,,,,,,2433,53820,538,40.7,,2,,,J003602+134508
9.0780691,14.91928,0.07665,True,False,False,False,False,False,False,False,False,,,10.57,4.545017732954663,1.0,1.45,2.47,8.45675,0.0,-0.117,-2.95,-99.0,-0.165,-0.927,5.6,0.0,2434,53826,588,200.6,31.9,1,1.83,J003618.7+145509,J003618+145509
9.0605682,17.72886,0.2193,False,False,True,False,False,False,False,False,False,25.28,13.24,,,,,,,,,,,,,,,2435,53828,361,143.2,,2,,,J003614+174343
9.2389008,17.43635,0.3284,False,False,True,False,False,False,True,False,False,25.37,22.34,,,,,,,,,,,,,,,2439,53795,308,72.0,,2,,,J003657+172610
9.3979869,14.28294,0.1414,False,False,True,False,False,False,False,False,False,24.65,17.69,,,,,,,,,,,,,,,2440,53818,155,87.1,,2,,,J003735+141658
10.770524,18.29395,0.3034,False,False,True,False,False,False,False,False,False,25.45,18.35,,,,,,,,,,,,,,,2479,54174,518,102.7,,2,,,J004304+181738
10.90034,22.26113,0.2603,False,False,True,False,False,False,False,False,False,25.18,11.05,,,,,,,,,,,,,,,2481,54086,65,78.3,,2,,,J004336+221540
10.825472,23.45658,0.06309,True,False,False,False,False,False,False,False,False,,,11.09,3.169253226217433,0.98,1.97,3.2,9.28991,8.09,0.82,-1.801,0.954,1.429,-1.16,6.08,0.0,2481,54086,476,119.1,105.5,1,0.37,J004318.1+232723,J004318+232723
10.891844,19.93602,0.3293,False,True,False,False,False,False,True,False,False,25.43,26.73,,,,,,,,,,,,,,,2482,54175,449,81.0,,2,,,J004334+195609
10.890907,20.97665,0.05264,True,False,False,False,False,False,False,False,False,,,11.0,3.178974197781858,1.24,1.94,3.2,9.19725,8.04,-0.6,2.027,0.0,2.309,2.488,5.87,0.0,2484,54144,491,83.4,84.3,1,0.43,J004333.8+205835,J004333+205835
11.072035,19.6912,0.1079,False,True,False,False,False,False,False,False,False,24.55,75.44,,,,,,,,,,,,,,,2485,54176,628,122.0,,4,,,J004417+194128
10.944983,24.71348,0.2552,False,False,True,False,False,False,False,False,False,25.05,8.39,,,,,,,,,,,,,,,2486,53876,386,60.2,38.1,2,2.92,J004346.7+244248,J004346+244248
11.037267,24.49854,0.1443,False,False,True,False,False,False,False,False,False,24.76,42.37,,,,,,,,,,,,,,,2486,53876,555,108.0,48.7,2,2.15,J004408.9+242954,J004408+242954
10.940215,16.74149,0.0946,False,True,False,False,False,False,False,False,False,24.5,100.12,11.39,5.158401067908958,1.06,1.98,3.02,9.16679,8.7,-0.115,-1.38,0.301,0.767,-0.001,6.44,0.0,2487,53852,354,143.6,26.4,4,0.44,J004345.6+164429,J004345+164429
11.031082,16.67742,0.0691,False,False,True,False,False,False,False,False,False,24.9,190.38,11.0,2.73253881443885,1.04,1.93,3.23,9.32869,8.34,1.068,-1.361,0.699,1.931,-1.142,6.76,0.0,2487,53852,502,699.0,7.3,4,0.07,J004407.4+164038,J004407+164038
11.15613,23.91861,0.1869,False,True,False,False,False,False,False,False,False,25.07,57.38,,,,,,,,,,,,,,,2489,53857,159,125.0,18.6,2,1.25,J004437.4+235506,J004437+235506
11.192388,16.43873,0.2165,False,True,False,False,False,False,False,False,False,24.89,93.36,,,,,,,,,,,,,,,2491,53855,133,60.0,10.2,4,0.33,J004446.1+162619,J004446+162619
11.265755,17.60058,0.3126,False,False,True,False,False,False,False,False,False,25.08,31.61,,,,,,,,,,,,,,,2491,53855,637,41.1,6.4,2,2.52,J004503.7+173602,J004503+173602
11.168038,21.42241,0.4365,False,False,False,False,False,False,True,False,False,25.47,24.94,,,,,,,,,,,,,,,2492,54178,275,47.0,,2,,,J004440+212520
11.26866,24.93912,0.2529,False,False,True,False,False,False,False,False,False,24.97,30.09,,,,,,,,,,,,,,,2493,54115,456,50.9,,2,,,J004504+245620
11.378346,21.55833,0.1912,False,False,True,False,False,False,False,False,False,24.82,9.78,,,,,,,,,,,,,,,2496,54178,155,67.5,,2,,,J004530+213329
11.490038,21.02052,0.1076,False,True,False,False,False,False,True,False,False,24.84,82.14,,,,,,,,,,,,,,,2500,54178,94,243.0,37.0,4,1.4,J004557.6+210113,J004557+210113
11.540602,23.75376,0.1501,False,True,False,False,False,False,True,False,False,24.69,31.74,,,,,,,,,,,,,,,2501,54084,93,83.0,25.3,2,2.67,J004609.7+234513,J004609+234513
11.469398,25.32075,0.4866,False,False,True,False,False,False,True,False,False,26.3,8.51,,,,,,,,,,,,,,,2501,54084,333,247.3,,2,,,J004552+251914
11.513565,25.4099,0.1446,False,True,False,True,False,False,False,False,False,24.61,45.12,,,,,,,,,,,,,,,2501,54084,414,76.0,,2,,,J004603+252435
11.547259,24.81592,0.3012,False,True,False,False,False,False,True,False,False,25.19,31.13,,,,,,,,,,,,,,,2501,54084,511,57.0,11.3,2,0.14,J004611.3+244857,J004611+244857
11.501734,19.74556,0.3174,False,False,True,False,False,False,False,False,False,25.49,19.78,,,,,,,,,,,,,,,2502,54180,397,103.0,,2,,,J004600+194444
11.524755,16.39344,0.1724,False,True,False,False,False,True,False,False,False,24.74,26.07,,,,,,,,,,,,,,,2503,53856,283,69.0,4.1,2,0.6,J004605.9+162336,J004605+162336
11.661129,24.40166,0.184,False,False,True,False,False,False,False,False,False,24.75,148.74,,,,,,,,,,,,,,,2505,53856,152,62.0,0.9,4,0.38,J004638.6+242405,J004638+242405
11.740292,25.23547,0.1776,False,True,False,False,False,False,False,False,False,24.78,89.84,,,,,,,,,,,,,,,2505,53856,607,71.6,3.2,4,2.05,J004657.6+251407,J004657+251407
11.647291,20.65511,0.1806,False,True,False,False,False,False,False,False,False,24.83,26.43,,,,,,,,,,,,,,,2506,54179,373,77.0,24.4,2,0.47,J004635.3+203918,J004635+203918
11.700713,21.7532,0.1299,False,False,True,False,False,False,False,False,False,24.56,16.0,,,,,,,,,,,,,,,2507,53876,157,83.8,,2,,,J004648+214511
11.729007,22.48523,0.1808,False,False,True,False,False,False,True,False,False,24.65,137.16,,,,,,,,,,,,,,,2507,53876,542,51.1,1.5,4,0.63,J004654.9+222906,J004654+222906
11.675986,16.66134,0.2031,False,False,True,False,False,False,True,False,False,25.52,8.67,,,,,,,,,,,,,,,2508,53875,236,293.6,,2,,,J004642+163940
11.779626,23.46968,0.177,False,True,False,False,False,False,True,False,False,25.01,19.76,,,,,,,,,,,,,,,2510,53877,224,122.0,,2,,,J004707+232810
11.834364,25.65719,0.1561,False,True,False,False,False,False,True,False,False,24.88,128.69,,,,,,,,,,,,,,,2510,53877,594,119.5,38.0,4,0.1,J004720.2+253925,J004720+253925
11.793572,20.86201,0.1313,False,False,True,False,False,False,True,False,False,24.63,87.61,,,,,,,,,,,,,,,2511,53882,189,96.5,,4,,,J004710+205143
11.917068,16.56087,0.2946,False,False,True,False,False,False,False,False,False,25.06,20.87,,,,,,,,,,,,,,,2512,53877,100,44.6,,2,,,J004740+163339
11.858624,16.52398,0.1192,False,True,False,False,False,False,False,False,False,24.24,72.15,,,,,,,,,,,,,,,2512,53877,257,49.1,4.2,4,0.69,J004726.0+163126,J004726+163126
11.868792,21.39184,0.1721,False,False,False,False,False,False,False,False,False,25.21,95.21,,,,,,,,,,,,,,,2513,54141,245,206.0,,4,,,J004728+212330
11.802958,21.88669,0.1743,False,True,False,False,False,False,False,False,False,24.78,62.18,,,,,,,,,,,,,,,2513,54141,307,74.0,15.6,2,1.03,J004712.7+215312,J004712+215312
11.887996,23.51162,0.258,False,False,True,False,False,False,True,False,False,25.42,48.23,,,,,,,,,,,,,,,2513,54141,364,139.0,,2,,,J004733+233041
15.791554,14.94916,0.085,False,True,False,False,False,False,False,False,False,24.51,68.48,11.3,4.337950833010075,1.03,1.85,3.15,9.22725,8.16,-0.752,-0.939,0.301,0.407,0.882,6.25,0.0,2518,54243,135,183.0,9.6,2,0.76,J010309.9+145656,J010309+145656
15.843011,12.01135,0.304,False,True,False,False,False,False,False,False,False,25.15,36.78,,,,,,,,,,,,,,,2519,54570,122,51.0,25.0,2,0.65,J010322.3+120040,J010322+120040
15.861195,10.59685,0.3662,False,False,True,False,False,False,False,False,False,26.32,143.91,,,,,,,,,,,,,,,2520,54584,127,495.0,4.3,4,0.21,J010326.6+103548,J010326+103548
15.895981,15.50378,0.1309,False,True,False,True,False,False,False,False,False,24.7,64.3,,,,,,,,,,,,,,,2521,54538,345,114.0,12.6,2,0.71,J010335.0+153013,J010335+153013
15.963783,16.31019,0.037,False,True,False,False,False,False,False,False,False,23.55,27.7,,,,,,,,,,,,,,,2521,54538,566,113.4,34.6,2,0.43,J010351.3+161836,J010351+161836
16.009752,13.18721,0.1405,False,False,True,False,False,False,False,False,False,25.06,10.81,,,,,,,,,,,,,,,2522,54570,558,225.7,,2,,,J010402+131113
15.946349,10.63271,0.2021,False,False,True,False,False,False,True,False,False,25.64,43.49,,,,,,,,,,,,,,,2523,54572,277,389.7,39.8,2,0.91,J010347.1+103757,J010347+103757
16.223956,12.17892,0.234,False,False,True,False,False,False,False,False,False,24.83,11.5,,,,,,,,,,,,,,,2528,54571,374,43.9,,2,,,J010453+121044
16.269578,9.11538,0.1721,False,True,False,False,False,False,False,False,False,25.07,50.46,,,,,,,,,,,,,,,2529,54585,210,149.0,,2,,,J010504+090655
16.236363,8.96043,0.2279,False,True,False,False,False,True,False,False,False,24.95,77.36,,,,,,,,,,,,,,,2529,54585,289,61.0,27.2,4,0.96,J010456.7+085737,J010456+085737
16.281438,9.44325,0.2025,False,True,False,False,False,False,True,False,False,25.36,59.55,,,,,,,,,,,,,,,2529,54585,443,203.0,,2,,,J010507+092635
16.300993,12.19239,0.3934,False,False,False,False,False,False,True,False,False,25.63,74.16,,,,,,,,,,,,,,,2530,53881,305,86.1,4.2,4,1.04,J010512.2+121132,J010512+121132
16.39572,11.18694,0.1971,False,True,False,False,False,False,False,False,False,24.68,88.85,,,,,,,,,,,,,,,2531,54572,370,45.7,4.2,4,2.27,J010534.9+111112,J010534+111112
16.410104,11.17282,0.1973,False,False,True,False,False,False,False,False,False,24.89,81.24,,,,,,,,,,,,,,,2531,54572,415,74.0,,4,,,J010538+111022
16.530839,8.88542,0.3271,False,True,False,False,False,False,False,False,False,25.72,54.19,,,,,,,,,,,,,,,2532,54589,16,163.0,,2,,,J010607+085307
8.2746913,8.9635,0.2554,False,False,True,False,False,False,False,False,False,25.4,17.74,,,,,,,,,,,,,,,2571,54055,216,134.6,,2,,,J003305+085748
8.4524241,9.3843,0.3721,False,False,True,False,False,False,False,False,False,25.67,18.0,,,,,,,,,,,,,,,2572,54056,202,107.8,,2,,,J003348+092303
8.7560059,11.43182,0.06624,True,False,False,False,False,False,False,False,False,,,11.46,6.909104004641489,1.15,1.86,3.01,8.98298,8.44,-0.405,-1.894,0.301,0.18,-0.022,6.15,0.0,2574,54084,331,175.4,168.8,1,1.95,J003501.4+112554,J003501+112554
9.0352498,11.00898,0.3496,False,True,False,False,False,False,False,False,False,25.18,48.53,,,,,,,,,,,,,,,2575,54085,102,40.0,,2,,,J003608+110032
9.1929891,12.92726,0.0495,False,False,True,False,False,False,True,False,False,24.35,42.11,11.02,5.354193994729265,1.08,1.97,3.22,8.76443,7.94,-1.15,-1.018,0.0,-0.028,1.222,6.0,0.0,2576,54086,525,394.6,,2,,,J003646+125538
9.3504079,11.49595,0.1601,False,True,False,False,False,False,False,False,False,24.56,234.65,,,,,,,,,,,,,,,2577,54086,54,53.5,14.9,4,0.84,J003724.0+112945,J003724+112945
9.3527079,12.9899,0.1825,False,True,False,True,False,False,False,False,False,24.79,90.38,,,,,,,,,,,,,,,2577,54086,552,69.0,18.5,4,0.99,J003724.6+125923,J003724+125923
9.401888,13.21664,0.0801,False,True,False,False,False,False,False,False,False,24.07,57.09,10.29,5.230191132375075,0.97,2.02,3.34,8.05478,7.06,1.737,2.364,-99.0,4.786,0.41,5.4,0.0,2578,54093,398,76.0,,2,,,J003736+131259
9.5314697,12.86127,0.2725,False,False,True,False,False,False,False,False,False,25.27,61.83,,,,,,,,,,,,,,,2578,54093,632,87.0,,4,,,J003807+125140
9.5766154,14.34491,0.3347,False,False,True,False,False,False,False,False,False,25.66,31.54,,,,,,,,,,,,,,,2579,54068,6,135.0,,2,,,J003818+142041
9.9297496,14.93005,0.3406,False,True,False,False,False,False,False,False,False,25.32,110.07,,,,,,,,,,,,,,,2584,54153,469,59.0,3.0,4,2.2,J003943.1+145548,J003943+145548
10.027852,13.98585,0.3874,False,False,True,False,False,False,True,False,False,25.53,35.21,,,,,,,,,,,,,,,2586,54169,318,72.0,1.7,2,0.68,J004006.6+135909,J004006+135909
10.159918,18.43376,0.1165,False,True,False,True,False,False,False,False,False,24.69,76.29,,,,,,,,,,,,,,,2587,54138,377,144.5,58.7,4,0.3,J004038.3+182601,J004038+182601
10.281123,17.16678,0.3738,False,False,True,False,False,False,False,False,False,25.45,37.25,,,,,,,,,,,,,,,2587,54138,636,64.9,,2,,,J004107+171000
10.202003,16.32386,0.2592,False,False,False,False,False,False,True,False,False,25.01,202.4,,,,,,,,,,,,,,,2588,54174,389,53.0,35.6,4,0.36,J004048.4+161925,J004048+161925
10.29239,16.28513,0.2041,False,False,True,False,False,False,True,False,False,24.73,60.96,,,,,,,,,,,,,,,2588,54174,591,47.0,1.8,4,0.44,J004110.1+161706,J004110+161706
10.353222,18.63639,0.1196,False,True,False,False,False,False,False,False,False,24.46,176.33,,,,,,,,,,,,,,,2589,54174,524,81.0,,4,,,J004124+183811
10.365743,14.7254,0.1111,False,False,True,False,False,False,False,False,False,25.1,115.64,,,,,,,,,,,,,,,2590,54175,234,412.0,,4,,,J004127+144331
10.630262,15.68984,0.1957,False,False,True,False,False,False,False,False,False,25.18,55.79,,,,,,,,,,,,,,,2594,54177,178,146.6,,2,,,J004231+154123
12.100986,16.44304,0.3036,False,True,False,False,False,False,False,False,False,25.41,73.76,,,,,,,,,,,,,,,2595,54207,45,94.0,,2,,,J004824+162634
12.394092,16.744,0.1151,False,True,False,False,False,False,True,False,False,24.16,183.63,,,,,,,,,,,,,,,2597,54231,57,43.2,9.1,4,0.59,J004934.5+164438,J004934+164438
12.262174,17.15491,0.09517,True,False,False,False,False,False,False,False,False,,,11.85,10.499761434438469,1.03,1.99,2.86,9.00946,8.91,-0.198,-1.433,0.477,0.654,0.049,6.37,0.0,2597,54231,314,460.0,117.2,1,2.92,J004902.9+170917,J004902+170917
12.412985,18.42559,0.169,False,True,False,False,False,False,True,False,False,24.64,14.13,,,,,,,,,,,,,,,2598,54232,336,58.0,,2,,,J004939+182532
12.651426,17.74933,0.06543,True,False,False,False,False,False,False,False,False,,,11.36,6.517307926508957,0.98,1.9,3.24,8.93368,8.39,1.123,0.076,0.602,2.834,-0.345,5.93,0.0,2599,54234,551,87.4,70.9,1,1.25,J005036.3+174457,J005036+174457
12.693318,16.3427,0.0702,False,True,False,False,False,False,False,False,False,24.29,110.34,11.32,3.9526814574840943,1.04,1.95,3.31,9.32804,8.87,0.189,0.415,0.301,2.124,0.765,6.38,0.0,2600,54243,121,165.0,46.8,4,0.42,J005046.3+162033,J005046+162033
12.656071,17.1993,0.0702,False,True,False,False,False,False,False,False,False,24.12,63.35,11.42,8.282698529275374,1.04,2.0,3.19,8.78548,8.6,0.952,-0.502,0.845,2.325,-0.521,5.95,0.0,2600,54243,196,113.0,31.9,2,0.9,J005037.4+171157,J005037+171157
12.902779,18.09464,0.4196,False,False,True,False,False,False,False,False,False,25.99,10.15,,,,,,,,,,,,,,,2601,54144,602,170.9,,2,,,J005136+180540
13.156998,16.46285,0.1817,False,False,True,False,False,False,False,False,False,25.35,11.43,,,,,,,,,,,,,,,2603,54479,5,251.1,,2,,,J005237+162746
13.043675,16.4671,0.4956,False,False,True,False,False,False,False,False,False,25.97,8.27,,,,,,,,,,,,,,,2603,54479,299,111.1,,2,,,J005210+162801
13.316267,16.31616,0.0851,False,True,False,False,False,False,False,False,False,24.46,60.62,11.33,5.665257315700396,1.02,2.02,3.34,9.02538,8.55,0.102,0.118,0.477,1.864,0.675,5.9,0.0,2604,54484,13,165.0,22.0,2,0.52,J005315.9+161858,J005315+161858
13.305528,17.18456,0.2087,False,False,True,False,False,False,False,False,False,25.13,16.4,,,,,,,,,,,,,,,2604,54484,591,114.2,,2,,,J005313+171104
13.44703,16.83001,0.0799,False,True,False,False,False,False,True,False,False,23.8,26.06,11.3,5.159782902403386,1.0,1.99,3.26,9.07656,8.59,-0.602,-2.249,0.301,-0.223,-0.04,6.02,0.0,2605,54484,32,41.0,,2,,,J005347+164948
13.51829,16.51105,0.3914,False,True,False,False,False,False,False,False,False,25.44,38.15,,,,,,,,,,,,,,,2606,54154,176,56.4,,2,,,J005404+163039
13.651152,16.3478,0.2277,False,True,False,False,False,False,True,False,False,24.94,53.71,,,,,,,,,,,,,,,2607,54184,195,60.2,4.0,2,0.29,J005436.2+162052,J005436+162052
12.258991,18.71372,0.1798,False,True,False,False,False,False,True,False,False,24.96,25.44,,,,,,,,,,,,,,,2610,54476,205,106.0,,2,,,J004902+184249
12.368594,20.99347,0.1085,False,True,False,False,False,False,False,False,False,24.54,48.29,,,,,,,,,,,,,,,2611,54477,411,118.0,8.1,2,0.31,J004928.4+205936,J004928+205936
12.554646,19.48066,0.2282,False,True,False,False,False,False,False,False,False,25.15,49.17,,,,,,,,,,,,,,,2612,54480,64,98.0,,2,,,J005013+192850
12.743248,19.65002,0.2221,False,False,True,False,False,False,True,False,False,24.81,43.78,,,,,,,,,,,,,,,2614,54481,189,47.0,7.2,2,0.32,J005058.3+193900,J005058+193900
13.001942,19.96468,0.08528,True,False,False,False,False,False,False,False,False,,,11.4,7.8530011878430654,1.0,2.01,3.04,8.81175,8.48,0.205,-0.747,0.602,1.453,0.062,5.89,0.0,2615,54483,628,77.8,77.6,1,1.48,J005200.4+195752,J005200+195752
13.062321,20.35927,0.225,False,False,True,False,False,False,False,False,False,25.41,90.67,,,,,,,,,,,,,,,2616,54499,571,182.0,,4,,,J005214+202133
13.072856,20.26566,0.1921,False,True,False,False,False,False,False,False,False,24.78,29.8,,,,,,,,,,,,,,,2617,54502,345,60.0,12.6,2,0.34,J005217.4+201556,J005217+201556
13.163762,19.64671,0.144,False,True,False,False,False,False,True,False,False,24.83,127.09,,,,,,,,,,,,,,,2617,54502,518,126.4,5.9,4,0.84,J005239.3+193848,J005239+193848
13.294311,19.17244,0.2685,False,True,False,False,False,False,False,False,False,25.46,63.42,,,,,,,,,,,,,,,2618,54506,53,137.0,,4,,,J005310+191020
13.208326,19.84138,0.372,False,False,True,False,False,False,False,False,False,25.28,30.5,,,,,,,,,,,,,,,2618,54506,446,43.8,,2,,,J005249+195028
13.437134,19.40661,0.1763,False,False,True,False,False,False,True,False,False,24.85,50.97,,,,,,,,,,,,,,,2619,54506,557,85.4,,2,,,J005344+192423
13.464698,20.15372,0.2883,False,False,True,False,False,False,False,False,False,25.18,9.75,,,,,,,,,,,,,,,2619,54506,607,62.5,,2,,,J005351+200913
2.3424952,0.4676,0.2721,False,False,True,False,False,False,False,False,False,25.38,14.68,,,,,,,,,,,,,,,2636,54082,407,111.1,,2,,,J000922+002803
13.589834,17.83714,0.205,False,False,True,False,False,False,False,False,False,25.22,65.25,,,,,,,,,,,,,,,2641,54230,50,146.0,2.5,4,1.23,J005421.5+175013,J005421+175013
13.563779,18.41068,0.3308,False,False,True,False,False,False,False,False,False,25.72,8.04,,,,,,,,,,,,,,,2641,54230,149,159.9,,2,,,J005415+182438
13.540214,18.35016,0.5049,False,False,False,False,False,False,True,False,False,25.56,34.63,,,,,,,,,,,,,,,2641,54230,213,42.1,,2,,,J005409+182100
13.478769,18.68034,0.1783,False,False,True,False,False,False,True,False,False,24.7,32.11,,,,,,,,,,,,,,,2641,54230,313,58.9,8.6,2,0.69,J005354.9+184049,J005354+184049
13.631054,18.6412,0.1099,False,True,False,False,False,False,False,False,False,24.57,77.6,,,,,,,,,,,,,,,2642,54232,275,125.0,20.3,4,0.45,J005431.4+183828,J005431+183828
13.667204,19.56306,0.4676,False,True,False,False,False,False,True,False,False,25.54,33.18,,,,,,,,,,,,,,,2642,54232,412,48.0,,2,,,J005440+193347
12.028251,22.94623,0.2595,False,False,True,False,False,False,False,False,False,25.17,95.46,,,,,,,,,,,,,,,2643,54208,481,77.0,3.6,4,0.14,J004806.7+225646,J004806+225646
12.109263,22.26045,0.0651,False,False,True,False,False,False,True,False,False,24.94,27.88,11.59,8.532023611981414,0.98,1.22,2.93,8.92972,8.34,0.02,-1.381,0.602,0.897,-0.132,5.82,0.0,2644,54210,279,873.0,,4,,,J004826+221537
12.329443,22.91956,0.257,False,True,False,False,False,False,False,False,False,25.05,90.09,,,,,,,,,,,,,,,2646,54479,342,59.0,7.8,4,0.48,J004919.0+225510,J004919+225510
12.480456,21.9467,0.1804,False,False,True,False,False,False,True,False,False,24.78,26.31,,,,,,,,,,,,,,,2647,54495,311,69.1,7.2,2,0.47,J004955.3+215648,J004955+215648
12.780988,23.06163,0.2427,False,False,True,False,False,False,False,False,False,25.0,18.22,,,,,,,,,,,,,,,2648,54485,588,60.2,,2,,,J005107+230341
13.013638,22.26319,0.2229,False,True,False,False,False,False,False,False,False,24.76,42.66,,,,,,,,,,,,,,,2649,54212,38,42.0,,2,,,J005203+221547
13.067898,20.87658,0.2795,False,False,True,False,False,False,True,False,False,25.02,79.48,,,,,,,,,,,,,,,2650,54505,243,46.0,3.7,4,1.1,J005216.2+205235,J005216+205235
13.20871,21.26207,0.1709,False,False,True,False,False,False,True,False,False,25.58,134.91,,,,,,,,,,,,,,,2651,54507,247,495.0,12.2,4,0.12,J005250.0+211543,J005250+211543
13.191224,22.05675,0.1698,False,False,False,False,False,False,True,False,False,24.67,79.07,,,,,,,,,,,,,,,2651,54507,392,61.0,7.9,4,1.05,J005245.8+220324,J005245+220324
13.417346,22.80066,0.1431,False,False,True,False,False,False,False,False,False,24.4,17.09,,,,,,,,,,,,,,,2652,54508,523,47.4,,2,,,J005340+224802
13.513316,22.0015,0.1893,False,False,True,False,False,False,False,False,False,24.68,10.37,,,,,,,,,,,,,,,2653,54230,429,49.6,,2,,,J005403+220005
13.608942,21.33247,0.1889,False,True,False,False,False,False,False,False,False,24.6,53.05,,,,,,,,,,,,,,,2654,54231,346,41.0,,2,,,J005426+211956
12.444506,25.64878,0.1344,False,False,True,False,False,False,False,False,False,24.31,35.97,,,,,,,,,,,,,,,2658,54502,546,44.3,,2,,,J004946+253855
12.495841,26.17918,0.3856,False,True,False,False,False,False,False,False,False,25.57,60.84,,,,,,,,,,,,,,,2659,54498,378,79.8,,4,,,J004959+261045
12.818069,23.91992,0.281,False,False,True,False,False,False,False,False,False,25.0,28.03,,,,,,,,,,,,,,,2661,54505,302,43.0,,2,,,J005116+235511
13.03146,25.73747,0.3104,False,False,True,False,False,False,False,False,False,25.34,22.54,,,,,,,,,,,,,,,2662,54505,410,76.8,8.4,2,0.45,J005207.5+254414,J005207+254414
13.176863,24.31251,0.2819,False,True,False,False,False,False,False,False,False,25.18,36.85,,,,,,,,,,,,,,,2663,54234,221,65.0,8.7,2,1.26,J005242.4+241845,J005242+241845
13.139465,23.52111,0.1358,False,True,False,False,False,False,False,False,False,24.44,42.9,,,,,,,,,,,,,,,2663,54234,290,58.0,21.3,2,1.06,J005233.4+233115,J005233+233115
13.330605,25.53025,0.1356,False,True,False,False,False,False,True,False,False,24.29,33.21,,,,,,,,,,,,,,,2664,54524,324,41.2,8.6,2,0.34,J005319.3+253148,J005319+253148
13.333389,25.54553,0.1347,False,True,False,False,False,False,False,False,False,25.14,50.44,,,,,,,,,,,,,,,2664,54524,369,295.0,,2,,,J005320+253243
13.688849,23.83662,0.4207,False,False,True,False,False,False,False,False,False,26.12,18.31,,,,,,,,,,,,,,,2666,54230,440,230.6,,2,,,J005445+235011
13.982025,14.97748,0.366,False,False,True,False,False,False,False,False,False,25.65,54.69,,,,,,,,,,,,,,,2743,54259,11,107.4,2.2,2,1.07,J005555.6+145838,J005555+145838
14.067486,15.72468,0.1809,False,False,True,False,False,False,False,False,False,25.19,19.07,,,,,,,,,,,,,,,2744,54272,119,178.9,,2,,,J005616+154328
14.064822,15.33086,0.09815,True,False,False,False,False,False,False,False,False,,,11.28,4.570983619670691,1.03,1.96,3.34,9.1618,8.53,0.518,0.037,0.602,2.221,0.221,6.21,0.0,2744,54272,148,43.9,22.5,1,0.64,J005615.5+151951,J005615+151951
14.216048,14.73423,0.1414,False,True,False,False,False,False,False,False,False,24.46,32.12,,,,,,,,,,,,,,,2745,54231,83,56.0,,2,,,J005651+144403
14.50676,14.59089,0.3891,False,True,False,False,False,False,False,False,False,25.44,42.0,,,,,,,,,,,,,,,2747,54233,183,57.0,,2,,,J005801+143527
14.585375,14.72531,0.1594,False,False,True,False,False,False,True,False,False,24.54,55.44,,,,,,,,,,,,,,,2748,54234,396,52.0,,4,,,J005820+144331
14.83375,14.79665,0.2995,False,True,False,False,False,False,False,False,False,25.35,48.19,,,,,,,,,,,,,,,2749,54241,606,84.0,1.1,2,1.67,J005920.1+144747,J005920+144747
14.800723,14.78097,0.2089,False,True,False,True,False,False,False,False,False,25.71,100.37,,,,,,,,,,,,,,,2750,54242,325,433.0,,4,,,J005912+144651
15.001102,13.46266,0.1116,False,True,False,False,False,False,False,False,False,24.47,114.75,,,,,,,,,,,,,,,2751,54243,479,94.0,5.0,4,0.45,J010000.2+132745,J010000+132745
15.082364,14.57986,0.2818,False,False,True,False,False,False,False,False,False,25.36,41.9,,,,,,,,,,,,,,,2751,54243,606,99.6,6.0,2,0.53,J010019.7+143447,J010019+143447
15.232427,12.65235,0.2947,False,False,True,False,False,False,True,False,False,25.04,107.95,,,,,,,,,,,,,,,2752,54533,64,43.0,,4,,,J010055+123908
15.391041,11.50673,0.203,False,False,False,False,False,False,True,False,False,25.63,32.01,,,,,,,,,,,,,,,2753,54234,84,379.0,191.6,2,2.16,J010133.8+113024,J010133+113024
13.812787,18.4221,0.1198,False,True,False,False,False,False,False,False,False,24.18,35.54,,,,,,,,,,,,,,,2755,54507,117,42.3,14.6,2,2.98,J005515.0+182519,J005515+182519
13.818356,18.97464,0.1881,False,False,True,False,False,False,False,False,False,25.24,30.64,,,,,,,,,,,,,,,2755,54507,503,183.0,,2,,,J005516+185828
14.007334,17.85925,0.05056,True,False,False,False,False,False,False,False,False,,,11.25,4.4331361801535625,1.08,1.9,3.37,9.1584,8.18,-0.633,-2.025,0.0,-0.12,0.123,6.36,0.0,2756,54508,15,83.2,97.3,1,0.2,J005601.7+175133,J005601+175133
13.996829,19.31414,0.3309,False,False,True,False,False,False,False,False,False,26.06,58.82,,,,,,,,,,,,,,,2757,54509,326,343.0,34.1,4,0.38,J005559.2+191850,J005559+191850
13.972847,18.3,0.1616,False,True,False,False,False,False,False,False,False,24.48,48.72,,,,,,,,,,,,,,,2757,54509,394,44.0,6.5,2,1.1,J005553.4+181800,J005553+181800
14.392859,16.4778,0.236,False,False,True,False,False,False,True,False,False,24.99,7.9,,,,,,,,,,,,,,,2759,54534,44,61.8,,2,,,J005734+162840
14.24886,17.77205,0.3374,False,True,False,True,False,False,False,False,False,25.42,33.92,,,,,,,,,,,,,,,2759,54534,358,75.0,,2,,,J005659+174619
14.691532,16.52946,0.1683,False,False,True,False,False,False,True,False,False,24.68,10.53,,,,,,,,,,,,,,,2762,54533,152,64.7,,2,,,J005845+163146
14.906513,16.35529,0.0453,False,False,True,False,False,False,True,False,False,24.85,331.84,,,,,,,,,,,,,,,2764,54535,461,1489.0,3.5,4,0.11,J005937.5+162119,J005937+162119
15.204307,15.24848,0.1865,False,True,False,False,False,False,False,False,False,24.91,26.03,,,,,,,,,,,,,,,2766,54242,391,87.0,,2,,,J010049+151454
15.613179,13.5744,0.4812,False,False,True,False,False,False,False,False,False,25.87,14.58,,,,,,,,,,,,,,,2768,54265,103,95.8,,2,,,J010227+133427
14.030766,20.16919,0.2081,False,True,False,False,False,False,False,False,False,24.99,52.6,,,,,,,,,,,,,,,2770,54510,26,82.0,30.9,2,0.63,J005607.3+201009,J005607+201009
14.143232,19.72366,0.0872,False,False,True,False,False,False,True,False,False,24.18,187.79,11.23,6.870915932130076,1.02,2.0,3.22,8.75779,8.47,-0.825,0.291,0.0,1.063,1.681,6.05,0.0,2771,54527,46,81.0,3.4,4,1.3,J005634.3+194325,J005634+194325
14.236489,20.01795,0.2502,False,False,True,False,False,False,False,False,False,25.23,12.15,,,,,,,,,,,,,,,2772,54529,145,95.8,,2,,,J005656+200104
14.276912,20.89282,0.2474,False,False,True,False,False,False,False,False,False,25.03,46.7,,,,,,,,,,,,,,,2772,54529,606,61.8,,4,,,J005706+205334
14.302554,19.32355,0.2015,False,True,False,False,False,False,False,False,False,24.95,28.5,,,,,,,,,,,,,,,2773,54533,237,81.0,57.7,4,1.35,J005712.6+191924,J005712+191924
14.530318,19.38338,0.2136,False,True,False,False,False,False,False,False,False,24.74,41.57,,,,,,,,,,,,,,,2774,54534,112,44.0,4.3,2,0.3,J005807.2+192300,J005807+192300
14.684693,18.85433,0.1071,False,True,False,False,False,False,False,False,False,24.31,111.7,,,,,,,,,,,,,,,2775,54535,80,72.0,1.0,4,0.32,J005844.3+185115,J005844+185115
14.564863,18.75582,0.0759,False,True,False,False,False,False,False,False,False,24.02,95.25,11.22,4.948068956195352,1.0,2.02,3.13,9.03295,8.4,0.636,-1.617,0.778,1.358,-0.873,6.01,0.0,2775,54535,277,75.0,14.9,4,0.26,J005815.5+184520,J005815+184520
14.81146,17.41024,0.2523,False,False,True,False,False,False,False,False,False,25.11,31.68,,,,,,,,,,,,,,,2777,54554,256,70.3,,2,,,J005914+172436
14.766052,17.64129,0.06533,True,False,False,False,False,False,False,False,False,,,11.13,3.711765444920079,1.0,1.85,3.47,9.19266,8.18,-0.791,-1.858,0.0,-0.176,0.376,6.02,0.0,2777,54554,303,818.0,164.8,1,1.81,J005903.8+173828,J005903+173828
14.934909,16.44858,0.2871,False,False,True,False,False,False,False,False,False,26.43,109.25,,,,,,,,,,,,,,,2778,54539,124,1104.0,,4,,,J005944+162654
15.010637,18.2501,0.1552,False,True,False,False,False,False,True,False,False,24.48,55.53,,,,,,,,,,,,,,,2778,54539,633,48.0,8.3,4,0.24,J010002.5+181500,J010002+181500
15.185774,18.03145,0.1158,False,True,False,False,False,False,False,False,False,25.09,77.81,,,,,,,,,,,,,,,2780,54557,339,369.0,,2,,,J010044+180153
15.35799,15.1969,0.3592,False,True,False,False,False,False,False,False,False,25.48,55.3,,,,,,,,,,,,,,,2781,54266,291,76.0,,2,,,J010125+151148
15.405418,16.45347,0.1525,False,True,False,False,False,False,False,False,False,24.94,43.05,,,,,,,,,,,,,,,2781,54266,487,145.0,,2,,,J010137+162712
15.438456,16.99882,0.1857,False,False,True,False,False,False,False,False,False,25.06,46.54,,,,,,,,,,,,,,,2781,54266,534,125.1,,2,,,J010145+165955
13.97798,23.76151,0.3248,False,False,True,False,False,False,False,False,False,25.2,13.06,,,,,,,,,,,,,,,2784,54529,381,49.6,,2,,,J005554+234541
14.008114,22.92397,0.2149,False,True,False,False,False,False,True,False,False,24.71,20.44,,,,,,,,,,,,,,,2784,54529,478,40.0,,2,,,J005601+225526
14.037563,23.30103,0.1613,False,True,False,False,False,False,False,False,False,24.46,65.8,,,,,,,,,,,,,,,2784,54529,524,42.0,9.3,2,0.18,J005609.0+231803,J005609+231803
14.220026,22.46985,0.1561,False,True,False,False,False,False,False,False,False,25.29,223.88,,,,,,,,,,,,,,,2785,54537,541,308.0,4.4,4,0.31,J005652.8+222811,J005652+222811
14.248532,22.63325,0.1546,False,False,True,False,False,False,False,False,False,24.89,61.35,,,,,,,,,,,,,,,2786,54540,386,126.0,,4,,,J005659+223759
14.265739,23.12486,0.4665,False,False,True,False,False,False,False,False,False,26.15,34.0,,,,,,,,,,,,,,,2786,54540,419,193.8,13.5,2,0.14,J005703.7+230729,J005703+230729
14.439727,21.97765,0.1965,False,True,False,False,False,False,True,False,False,24.91,41.49,,,,,,,,,,,,,,,2787,54552,500,77.0,12.0,2,2.43,J005745.5+215839,J005745+215839
14.738316,20.6409,0.3928,False,False,True,False,False,False,True,False,False,25.72,8.29,,,,,,,,,,,,,,,2789,54555,151,107.9,,2,,,J005857+203827
14.638706,20.31553,0.4529,False,True,False,False,False,False,False,False,False,25.54,27.66,,,,,,,,,,,,,,,2789,54555,317,51.0,,2,,,J005833+201855
14.60975,20.63193,0.3221,False,False,True,False,False,False,False,False,False,25.18,11.8,,,,,,,,,,,,,,,2789,54555,320,48.4,,2,,,J005826+203754
14.665196,21.84869,0.212,False,False,True,False,False,False,False,False,False,25.82,10.05,,,,,,,,,,,,,,,2789,54555,373,528.9,,2,,,J005839+215055
14.956155,19.63365,0.3735,False,True,False,False,False,False,True,False,False,25.43,74.75,,,,,,,,,,,,,,,2791,54556,185,61.6,4.8,2,2.01,J005949.4+193801,J005949+193801
14.93671,20.01137,0.2171,False,False,True,False,False,False,False,False,False,24.8,15.49,,,,,,,,,,,,,,,2791,54556,467,48.7,,2,,,J005944+200040
15.097921,20.64834,0.0754,True,False,False,False,False,False,False,False,False,,,11.24,3.947935411330794,1.1,2.02,3.17,9.24908,8.64,0.931,1.377,0.778,3.417,0.612,6.0,0.0,2792,54556,445,44.9,43.3,1,0.88,J010023.5+203854,J010023+203854
15.27445,18.11015,0.3378,False,True,False,False,False,False,False,False,False,25.26,56.78,,,,,,,,,,,,,,,2793,54271,146,52.0,11.1,4,0.31,J010105.8+180636,J010105+180636
15.203396,17.55257,0.1037,False,True,False,False,False,False,True,False,False,24.05,23.58,,,,,,,,,,,,,,,2793,54271,282,42.0,,2,,,J010048+173309
12.474716,4.74945,0.3876,False,False,True,False,False,False,False,False,False,25.31,53.38,,,,,,,,,,,,,,,2880,54509,31,42.7,,2,,,J004953+044458
16.402059,51.04428,0.2666,False,False,True,False,False,False,False,False,False,25.16,24.42,,,,,,,,,,,,,,,2884,54526,611,70.6,,2,,,J010536+510239
10.852537,10.64095,0.1313,False,False,False,False,False,False,True,False,False,25.11,21.56,,,,,,,,,,,,,,,2885,54497,410,293.0,,2,,,J004324+103827
10.83282,9.52176,0.08628,True,False,False,False,False,False,False,False,False,,,11.1,6.141702605727778,1.0,1.98,3.09,8.72524,8.16,0.215,-0.239,0.301,1.763,0.353,6.33,0.0,2885,54497,437,75.9,75.8,1,0.41,J004319.8+093118,J004319+093118
10.965293,8.63448,0.2196,False,True,False,False,False,False,False,False,False,25.07,37.58,,,,,,,,,,,,,,,2886,54498,15,87.0,,2,,,J004351+083804
16.601172,27.30808,0.1343,False,False,True,False,False,False,False,False,False,25.22,81.3,,,,,,,,,,,,,,,2948,54553,163,363.0,,4,,,J010624+271829
15.375188,1.53174,0.2127,False,False,True,False,False,False,True,False,False,24.99,24.68,,,,,,,,,,,,,,,2952,54559,66,78.5,34.6,2,2.32,J010130.0+013154,J010130+013154
15.357742,1.95595,0.2435,False,False,True,False,False,False,False,False,False,25.61,23.94,,,,,,,,,,,,,,,2953,54560,432,241.3,,2,,,J010125+015721
15.698658,1.4215,0.0848,False,True,False,False,False,False,False,False,False,24.29,52.43,11.33,6.524293054988381,1.03,1.96,3.25,8.90275,8.69,-0.7,-0.269,0.699,0.854,1.227,6.29,0.0,2955,54562,167,113.0,15.7,2,1.47,J010247.6+012517,J010247+012517
17.309106,32.81704,0.3631,False,False,True,False,False,False,False,False,False,25.61,81.48,,,,,,,,,,,,,,,2973,54591,155,99.0,,4,,,J010914+324901
17.373238,32.02453,0.227,False,True,False,False,False,False,False,False,False,25.24,26.34,,,,,,,,,,,,,,,2974,54592,595,120.0,65.6,2,0.51,J010929.5+320128,J010929+320128
